ticker,interval_minutes,date,time,timestamp_utc,open,high,low,close,volume,price_range,return_pct,sma_5,sma_10,sma_20,ema_10,volatility_10,rsi_14,target_up_next_bar,split
AMZN,60,2017-03-13,16:30:00,2017-03-13T16:30:00+00:00,854.470000,855.320000,854.440000,854.790000,1306,0.880000,,,,,854.790000,,,0,train
AMZN,60,2017-03-13,17:30:00,2017-03-13T17:30:00+00:00,854.770000,855.040000,854.000000,854.400000,1380,1.040000,-0.045625,,,,854.719091,,,0,train
AMZN,60,2017-03-13,18:30:00,2017-03-13T18:30:00+00:00,854.380000,854.610000,854.000000,854.380000,1717,0.610000,-0.002341,,,,854.657438,0.030607,,0,train
AMZN,60,2017-03-13,19:30:00,2017-03-13T19:30:00+00:00,854.480000,854.730000,851.990000,854.000000,1458,2.740000,-0.044477,,,,854.537904,0.024665,,1,train
AMZN,60,2017-03-13,20:30:00,2017-03-13T20:30:00+00:00,854.000000,854.260000,854.000000,854.260000,4,0.260000,0.030445,854.366000,,,854.487376,0.036657,,0,train
AMZN,60,2017-03-14,12:30:00,2017-03-14T12:30:00+00:00,852.000000,852.740000,851.970000,852.020000,45,0.770000,-0.262215,853.812000,,,854.038762,0.114811,,0,train
AMZN,60,2017-03-14,13:30:00,2017-03-14T13:30:00+00:00,852.020000,853.500000,847.730000,847.760000,2799,5.770000,-0.499988,852.484000,,,852.897169,0.205192,,1,train
AMZN,60,2017-03-14,14:30:00,2017-03-14T14:30:00+00:00,847.740000,850.260000,847.540000,849.680000,2198,2.720000,0.226479,851.544000,,,852.312229,0.232376,,0,train
AMZN,60,2017-03-14,15:30:00,2017-03-14T15:30:00+00:00,849.670000,850.540000,848.640000,849.310000,1423,1.900000,-0.043546,850.606000,,,851.766369,0.215646,,1,train
AMZN,60,2017-03-14,16:30:00,2017-03-14T16:30:00+00:00,849.310000,850.300000,848.930000,850.000000,1400,1.370000,0.081242,849.754000,852.060000,,851.445211,0.208770,,1,train
AMZN,60,2017-03-14,17:30:00,2017-03-14T17:30:00+00:00,849.970000,850.500000,849.180000,850.120000,1229,1.320000,0.014118,849.374000,851.593000,,851.204264,0.198305,,1,train
AMZN,60,2017-03-14,18:30:00,2017-03-14T18:30:00+00:00,850.130000,850.860000,849.830000,850.750000,1240,1.030000,0.074107,849.972000,851.228000,,851.121670,0.202477,,1,train
AMZN,60,2017-03-14,19:30:00,2017-03-14T19:30:00+00:00,850.730000,852.400000,849.470000,851.750000,1476,2.930000,0.117543,850.386000,850.965000,,851.235912,0.208584,,0,train
AMZN,60,2017-03-14,20:30:00,2017-03-14T20:30:00+00:00,851.750000,851.890000,851.730000,851.740000,5,0.160000,-0.001174,850.872000,850.739000,,851.327564,0.208714,,1,train
AMZN,60,2017-03-15,12:30:00,2017-03-15T12:30:00+00:00,853.600000,854.000000,851.860000,852.530000,103,2.140000,0.092751,851.378000,850.566000,,851.546189,0.211508,41.360856,0,train
AMZN,60,2017-03-15,13:30:00,2017-03-15T13:30:00+00:00,853.250000,854.220000,847.640000,849.350000,2731,6.580000,-0.373007,851.224000,850.299000,,851.146882,0.227870,34.089477,0,train
AMZN,60,2017-03-15,14:30:00,2017-03-15T14:30:00+00:00,849.380000,849.740000,846.980000,848.780000,2022,2.760000,-0.067110,850.830000,850.401000,,850.716540,0.159884,32.947625,1,train
AMZN,60,2017-03-15,15:30:00,2017-03-15T15:30:00+00:00,848.780000,850.210000,848.540000,849.960000,1431,1.670000,0.139023,850.472000,850.429000,,850.578987,0.148869,38.269454,1,train
AMZN,60,2017-03-15,16:30:00,2017-03-15T16:30:00+00:00,849.970000,850.840000,849.740000,850.570000,1779,1.100000,0.071768,850.238000,850.555000,,850.577353,0.149295,39.499146,1,train
AMZN,60,2017-03-15,17:30:00,2017-03-15T17:30:00+00:00,850.580000,853.930000,850.420000,852.020000,2005,3.510000,0.170474,850.136000,850.757000,851.408500,850.839653,0.156206,50.000000,1,train
AMZN,60,2017-03-15,18:30:00,2017-03-15T18:30:00+00:00,852.000000,854.050000,851.170000,852.400000,2479,2.880000,0.044600,850.746000,850.985000,851.289000,851.123352,0.156292,67.984496,0,train
AMZN,60,2017-03-15,19:30:00,2017-03-15T19:30:00+00:00,852.400000,853.740000,849.970000,851.990000,1734,3.770000,-0.048099,851.388000,851.109000,851.168500,851.280924,0.156967,60.140474,1,train
AMZN,60,2017-03-15,20:30:00,2017-03-15T20:30:00+00:00,852.000000,852.030000,852.000000,852.030000,2,0.030000,0.004695,851.802000,851.137000,851.051000,851.417120,0.152749,62.296564,1,train
AMZN,60,2017-03-16,12:30:00,2017-03-16T12:30:00+00:00,855.390000,856.000000,852.970000,854.250000,125,3.030000,0.260554,852.538000,851.388000,851.063500,851.932189,0.172965,66.878475,0,train
AMZN,60,2017-03-16,13:30:00,2017-03-16T13:30:00+00:00,854.990000,855.300000,852.150000,853.810000,2447,3.150000,-0.051507,852.896000,851.516000,851.041000,852.273609,0.173126,64.291247,0,train
AMZN,60,2017-03-16,14:30:00,2017-03-16T14:30:00+00:00,853.810000,854.050000,851.490000,851.520000,1841,2.560000,-0.268210,852.720000,851.733000,851.016000,852.136589,0.148430,52.642416,1,train
AMZN,60,2017-03-16,15:30:00,2017-03-16T15:30:00+00:00,851.520000,852.490000,850.480000,852.330000,1551,2.010000,0.095124,852.788000,852.088000,851.244500,852.171755,0.146015,52.016690,0,train
AMZN,60,2017-03-16,16:30:00,2017-03-16T16:30:00+00:00,852.350000,853.420000,852.120000,852.200000,1456,1.300000,-0.015252,852.822000,852.312000,851.370500,852.176890,0.142719,51.586207,1,train
AMZN,60,2017-03-16,17:30:00,2017-03-16T17:30:00+00:00,852.200000,853.920000,852.030000,853.790000,1302,1.890000,0.186576,852.730000,852.634000,851.594500,852.470183,0.151142,54.117647,0,train
AMZN,60,2017-03-16,18:30:00,2017-03-16T18:30:00+00:00,853.790000,853.950000,852.520000,853.320000,2398,1.430000,-0.055049,852.632000,852.764000,851.760500,852.624695,0.145896,65.766481,0,train
AMZN,60,2017-03-16,19:30:00,2017-03-16T19:30:00+00:00,853.320000,853.810000,851.520000,852.510000,1731,2.290000,-0.094923,852.830000,852.775000,851.880000,852.603842,0.149416,64.536243,0,train
AMZN,60,2017-03-16,20:30:00,2017-03-16T20:30:00+00:00,853.020000,853.020000,852.000000,852.200000,6,1.020000,-0.036363,852.804000,852.796000,851.952500,852.530416,0.149030,59.364548,0,train
AMZN,60,2017-03-17,12:30:00,2017-03-17T12:30:00+00:00,850.010000,852.200000,848.210000,851.470000,279,3.990000,-0.085661,852.658000,852.740000,851.938500,852.337613,0.151603,53.725166,1,train
AMZN,60,2017-03-17,13:30:00,2017-03-17T13:30:00+00:00,853.410000,853.410000,850.740000,851.650000,2391,2.670000,0.021140,852.230000,852.480000,851.934000,852.212592,0.120453,48.288622,0,train
AMZN,60,2017-03-17,14:30:00,2017-03-17T14:30:00+00:00,851.640000,851.960000,850.580000,851.550000,1687,1.380000,-0.011742,851.876000,852.254000,851.885000,852.092121,0.120335,45.963913,1,train
AMZN,60,2017-03-17,15:30:00,2017-03-17T15:30:00+00:00,851.570000,852.400000,850.990000,852.300000,1598,1.410000,0.088075,851.834000,852.332000,852.032500,852.129917,0.089622,51.425943,1,train
AMZN,60,2017-03-17,16:30:00,2017-03-17T16:30:00+00:00,852.270000,853.760000,852.270000,853.630000,1605,1.490000,0.156048,852.120000,852.462000,852.275000,852.402660,0.097810,56.578947,0,train
AMZN,60,2017-03-17,17:30:00,2017-03-17T17:30:00+00:00,853.630000,853.740000,852.600000,853.340000,1329,1.140000,-0.033973,852.494000,852.576000,852.444000,852.573085,0.098635,45.552297,0,train
AMZN,60,2017-03-17,18:30:00,2017-03-17T18:30:00+00:00,853.340000,853.450000,852.060000,852.710000,1794,1.390000,-0.073828,852.706000,852.468000,852.551000,852.597979,0.080556,44.721689,0,train
AMZN,60,2017-03-17,19:30:00,2017-03-17T19:30:00+00:00,852.710000,853.290000,852.240000,852.380000,1784,1.050000,-0.038700,852.872000,852.374000,852.569000,852.558346,0.079762,55.082742,0,train
AMZN,60,2017-03-20,12:30:00,2017-03-20T12:30:00+00:00,851.500000,852.570000,850.970000,850.980000,72,1.600000,-0.164246,852.608000,852.221000,852.498000,852.271374,0.090197,42.541436,1,train
AMZN,60,2017-03-20,13:30:00,2017-03-20T13:30:00+00:00,851.000000,857.630000,850.970000,857.090000,2845,6.660000,0.717996,853.300000,852.710000,852.753000,853.147488,0.248898,66.267465,0,train
AMZN,60,2017-03-20,14:30:00,2017-03-20T14:30:00+00:00,856.910000,857.040000,854.470000,856.000000,1728,2.570000,-0.127175,853.832000,853.163000,852.951500,853.666127,0.251880,57.604955,0,train
AMZN,60,2017-03-20,15:30:00,2017-03-20T15:30:00+00:00,856.010000,856.110000,854.870000,855.900000,1271,1.240000,-0.011682,854.470000,853.588000,853.034000,854.072285,0.252559,59.110169,1,train
AMZN,60,2017-03-20,16:30:00,2017-03-20T16:30:00+00:00,855.960000,856.910000,855.660000,856.250000,1239,1.250000,0.040893,855.244000,854.058000,853.156000,854.468233,0.251675,63.649635,1,train
AMZN,60,2017-03-20,17:30:00,2017-03-20T17:30:00+00:00,856.240000,856.480000,855.020000,856.260000,1355,1.460000,0.001168,856.300000,854.454000,853.393000,854.794009,0.251919,65.149254,1,train
AMZN,60,2017-03-20,18:30:00,2017-03-20T18:30:00+00:00,856.260000,856.560000,854.680000,856.320000,1839,1.880000,0.007007,856.146000,854.723000,853.592500,855.071462,0.249121,69.049489,1,train
AMZN,60,2017-03-20,19:30:00,2017-03-20T19:30:00+00:00,856.320000,857.000000,855.810000,856.650000,1406,1.190000,0.038537,856.276000,855.054000,853.815000,855.358469,0.248049,69.409938,0,train
AMZN,60,2017-03-20,20:30:00,2017-03-20T20:30:00+00:00,856.650000,856.650000,856.000000,856.080000,13,0.650000,-0.066538,856.312000,855.391000,853.929500,855.489656,0.247691,66.966292,1,train
AMZN,60,2017-03-21,12:30:00,2017-03-21T12:30:00+00:00,858.900000,859.940000,858.700000,859.000000,132,1.240000,0.341090,856.862000,856.053000,854.213500,856.127901,0.262975,71.585052,0,train
AMZN,60,2017-03-21,13:30:00,2017-03-21T13:30:00+00:00,858.680000,862.540000,856.430000,856.800000,3487,6.110000,-0.256112,856.970000,856.635000,854.428000,856.250101,0.273750,59.670531,0,train
AMZN,60,2017-03-21,14:30:00,2017-03-21T14:30:00+00:00,856.790000,857.810000,848.990000,849.610000,4127,8.820000,-0.839169,855.628000,855.887000,854.298500,855.042810,0.304421,41.992271,1,train
AMZN,60,2017-03-21,15:30:00,2017-03-21T15:30:00+00:00,849.620000,852.230000,847.280000,849.740000,3989,4.950000,0.015301,854.246000,855.261000,854.212000,854.078662,0.305674,43.483984,0,train
AMZN,60,2017-03-21,16:30:00,2017-03-21T16:30:00+00:00,849.840000,850.260000,845.880000,847.290000,3526,4.380000,-0.288323,852.488000,854.400000,853.994000,852.844360,0.311966,39.783220,0,train
AMZN,60,2017-03-21,17:30:00,2017-03-21T17:30:00+00:00,847.300000,847.670000,841.210000,844.590000,3112,6.460000,-0.318663,849.606000,853.234000,853.646000,851.343567,0.314554,37.809996,1,train
AMZN,60,2017-03-21,18:30:00,2017-03-21T18:30:00+00:00,844.580000,846.470000,844.180000,845.920000,3211,2.290000,0.157473,847.430000,852.200000,853.327000,850.357464,0.325840,23.938404,0,train
AMZN,60,2017-03-21,19:30:00,2017-03-21T19:30:00+00:00,845.880000,845.880000,841.970000,841.980000,2800,3.910000,-0.465765,845.904000,850.766000,852.744500,848.834289,0.339236,21.128501,0,train
AMZN,60,2017-03-21,20:30:00,2017-03-21T20:30:00+00:00,841.980000,842.200000,841.470000,841.550000,60,0.730000,-0.051070,844.266000,849.256000,852.155000,847.509873,0.334315,20.845185,0,train
AMZN,60,2017-03-22,12:30:00,2017-03-22T12:30:00+00:00,840.200000,841.010000,840.170000,840.620000,152,0.840000,-0.110510,842.932000,847.710000,851.550500,846.257169,0.332985,18.975784,1,train
AMZN,60,2017-03-22,13:30:00,2017-03-22T13:30:00+00:00,840.610000,847.020000,838.990000,841.880000,3628,8.030000,0.149889,842.390000,845.998000,851.025500,845.461320,0.303854,22.806354,1,train
AMZN,60,2017-03-22,14:30:00,2017-03-22T14:30:00+00:00,841.880000,848.020000,840.980000,847.400000,2844,7.040000,0.655675,842.686000,845.058000,850.846500,845.813807,0.405258,36.018809,0,train
AMZN,60,2017-03-22,15:30:00,2017-03-22T15:30:00+00:00,847.400000,849.070000,846.060000,846.740000,2076,3.010000,-0.077885,843.638000,844.771000,850.329000,845.982206,0.314247,34.626125,0,train
AMZN,60,2017-03-22,16:30:00,2017-03-22T16:30:00+00:00,846.760000,847.090000,844.500000,845.960000,1985,2.590000,-0.092118,844.520000,844.393000,849.827000,845.978168,0.314234,34.401973,1,train
AMZN,60,2017-03-22,17:30:00,2017-03-22T17:30:00+00:00,845.960000,848.150000,845.930000,846.660000,1719,2.220000,0.082746,845.728000,844.330000,849.365000,846.102138,0.303934,29.583058,1,train
AMZN,60,2017-03-22,18:30:00,2017-03-22T18:30:00+00:00,846.650000,849.270000,846.640000,848.300000,2054,2.630000,0.193702,847.012000,844.701000,848.967500,846.501749,0.288348,35.670937,0,train
AMZN,60,2017-03-22,19:30:00,2017-03-22T19:30:00+00:00,848.300000,848.470000,846.530000,847.500000,1634,1.940000,-0.094306,847.032000,844.859000,848.529500,846.683249,0.288352,45.466266,0,train
AMZN,60,2017-03-22,20:30:00,2017-03-22T20:30:00+00:00,847.490000,847.490000,847.490000,847.490000,1,0.000000,-0.001180,847.182000,845.410000,848.088000,846.829931,0.233837,45.140389,1,train
AMZN,60,2017-03-23,12:30:00,2017-03-23T12:30:00+00:00,849.420000,849.800000,846.690000,848.000000,89,3.110000,0.060178,847.590000,846.055000,847.655500,847.042671,0.230295,51.673739,0,train
AMZN,60,2017-03-23,13:30:00,2017-03-23T13:30:00+00:00,848.150000,848.150000,844.770000,846.160000,3110,3.380000,-0.216981,847.490000,846.609000,847.159500,846.882185,0.242068,53.857494,1,train
AMZN,60,2017-03-23,14:30:00,2017-03-23T14:30:00+00:00,846.130000,850.830000,845.980000,849.640000,2703,4.850000,0.411270,847.758000,847.385000,846.691500,847.383606,0.265147,58.266667,0,train
AMZN,60,2017-03-23,15:30:00,2017-03-23T15:30:00+00:00,849.630000,850.310000,848.490000,849.550000,1711,1.820000,-0.010593,848.168000,847.600000,846.329000,847.777496,0.176785,70.294906,0,train
AMZN,60,2017-03-23,16:30:00,2017-03-23T16:30:00+00:00,849.480000,850.350000,846.990000,847.010000,2112,3.360000,-0.298982,848.072000,847.627000,846.199000,847.637951,0.203028,63.150289,1,train
AMZN,60,2017-03-23,17:30:00,2017-03-23T17:30:00+00:00,846.990000,849.040000,846.990000,848.020000,1491,2.050000,0.119243,848.076000,847.833000,846.113000,847.707415,0.202984,67.754319,0,train
AMZN,60,2017-03-23,18:30:00,2017-03-23T18:30:00+00:00,848.010000,849.360000,846.220000,846.230000,1860,3.140000,-0.211080,848.090000,847.790000,846.060000,847.438794,0.214554,60.177819,1,train
AMZN,60,2017-03-23,19:30:00,2017-03-23T19:30:00+00:00,846.250000,847.710000,845.100000,846.700000,2349,2.610000,0.055540,847.502000,847.630000,846.165500,847.304468,0.204561,47.855392,0,train
AMZN,60,2017-03-23,20:30:00,2017-03-23T20:30:00+00:00,846.680000,846.700000,846.660000,846.670000,10,0.040000,-0.003543,846.926000,847.547000,846.203000,847.189110,0.202840,49.776928,1,train
AMZN,60,2017-03-24,12:30:00,2017-03-24T12:30:00+00:00,850.000000,851.660000,849.970000,851.630000,70,1.690000,0.585824,847.850000,847.961000,846.685500,847.996544,0.276950,64.267740,0,train
AMZN,60,2017-03-24,13:30:00,2017-03-24T13:30:00+00:00,851.640000,851.710000,847.730000,848.890000,2402,3.980000,-0.321736,848.024000,848.050000,847.052500,848.158991,0.300576,55.089000,1,train
AMZN,60,2017-03-24,14:30:00,2017-03-24T14:30:00+00:00,848.850000,849.800000,848.220000,849.410000,2051,1.580000,0.061256,848.660000,848.375000,847.492000,848.386447,0.289824,52.669553,1,train
AMZN,60,2017-03-24,15:30:00,2017-03-24T15:30:00+00:00,849.440000,850.600000,848.470000,849.450000,1848,2.130000,0.004709,849.210000,848.356000,847.870500,848.579820,0.258589,54.867698,1,train
AMZN,60,2017-03-24,16:30:00,2017-03-24T16:30:00+00:00,849.460000,850.770000,849.200000,849.920000,1939,1.570000,0.055330,849.860000,848.393000,847.996500,848.823489,0.259183,55.929722,0,train
AMZN,60,2017-03-24,17:30:00,2017-03-24T17:30:00+00:00,849.910000,850.020000,848.220000,848.820000,1589,1.800000,-0.129424,849.298000,848.574000,848.100500,848.822855,0.242095,51.944972,0,train
AMZN,60,2017-03-24,18:30:00,2017-03-24T18:30:00+00:00,848.810000,849.520000,843.470000,844.800000,2929,6.050000,-0.473599,848.480000,848.252000,848.042500,848.091427,0.284419,47.076526,1,train
AMZN,60,2017-03-24,19:30:00,2017-03-24T19:30:00+00:00,844.780000,847.370000,844.000000,845.640000,2550,3.370000,0.099432,847.726000,848.193000,847.991500,847.645713,0.280304,40.300679,0,train
AMZN,60,2017-03-27,12:30:00,2017-03-27T12:30:00+00:00,838.960000,839.100000,837.970000,837.970000,154,1.130000,-0.907005,845.430000,847.320000,847.475000,845.886492,0.397396,29.468085,1,train
AMZN,60,2017-03-27,13:30:00,2017-03-27T13:30:00+00:00,838.000000,841.340000,833.390000,840.900000,4159,7.950000,0.349655,843.626000,846.743000,847.145000,844.979857,0.422131,39.314446,1,train
AMZN,60,2017-03-27,14:30:00,2017-03-27T14:30:00+00:00,840.900000,843.470000,840.070000,843.320000,2613,3.400000,0.287787,842.526000,845.912000,846.936500,844.678065,0.379214,42.166667,1,train
AMZN,60,2017-03-27,15:30:00,2017-03-27T15:30:00+00:00,843.340000,844.590000,842.970000,843.560000,2178,1.620000,0.028459,842.278000,845.379000,846.714500,844.474781,0.372298,45.307557,1,train
AMZN,60,2017-03-27,16:30:00,2017-03-27T16:30:00+00:00,843.570000,850.140000,843.250000,848.600000,2225,6.890000,0.597468,842.870000,845.298000,846.836500,845.224820,0.426715,52.877044,0,train
AMZN,60,2017-03-27,17:30:00,2017-03-27T17:30:00+00:00,848.580000,848.620000,845.470000,846.450000,2066,3.150000,-0.253358,844.566000,844.998000,846.677000,845.447580,0.433562,49.686966,1,train
AMZN,60,2017-03-27,18:30:00,2017-03-27T18:30:00+00:00,846.440000,849.120000,845.650000,847.520000,2062,3.470000,0.126410,845.890000,844.758000,846.575500,845.824384,0.435775,43.424000,0,train
AMZN,60,2017-03-27,19:30:00,2017-03-27T19:30:00+00:00,847.560000,848.900000,845.980000,846.900000,1839,2.920000,-0.073155,846.606000,844.566000,846.570000,846.019950,0.434674,46.584277,0,train
AMZN,60,2017-03-27,20:30:00,2017-03-27T20:30:00+00:00,846.900000,846.900000,845.980000,846.000000,12,0.920000,-0.106270,847.094000,844.686000,846.469000,846.016323,0.406883,44.222298,1,train
AMZN,60,2017-03-28,12:30:00,2017-03-28T12:30:00+00:00,847.990000,851.820000,847.000000,851.520000,261,4.820000,0.652482,847.678000,845.274000,846.733500,847.016992,0.454449,52.957988,1,train
AMZN,60,2017-03-28,13:30:00,2017-03-28T13:30:00+00:00,851.000000,854.920000,849.990000,851.670000,3438,4.930000,0.017616,848.722000,846.644000,846.982000,847.862993,0.302025,52.523796,1,train
AMZN,60,2017-03-28,14:30:00,2017-03-28T14:30:00+00:00,851.680000,854.850000,851.420000,853.910000,2826,3.430000,0.263013,850.000000,847.945000,847.344000,848.962449,0.297272,57.106953,1,train
AMZN,60,2017-03-28,15:30:00,2017-03-28T15:30:00+00:00,853.890000,856.710000,853.620000,855.180000,2385,3.090000,0.148728,851.656000,849.131000,847.521500,850.092913,0.293549,65.698730,1,train
AMZN,60,2017-03-28,16:30:00,2017-03-28T16:30:00+00:00,855.180000,856.620000,854.120000,856.200000,1832,2.500000,0.119273,853.696000,850.395000,847.887000,851.203292,0.291105,65.884477,1,train
AMZN,60,2017-03-28,17:30:00,2017-03-28T17:30:00+00:00,856.200000,858.260000,856.070000,857.770000,2151,2.190000,0.183368,854.946000,851.312000,848.305000,852.397239,0.246255,86.477524,0,train
AMZN,60,2017-03-28,18:30:00,2017-03-28T18:30:00+00:00,857.790000,858.360000,855.850000,856.310000,2304,2.510000,-0.170209,855.874000,852.298000,848.648000,853.108650,0.233793,80.015582,1,train
AMZN,60,2017-03-28,19:30:00,2017-03-28T19:30:00+00:00,856.290000,858.340000,855.230000,857.800000,1978,3.110000,0.174002,856.652000,853.326000,849.042000,853.961623,0.234509,79.264349,0,train
AMZN,60,2017-03-28,20:30:00,2017-03-28T20:30:00+00:00,857.970000,858.000000,857.080000,857.770000,20,0.920000,-0.003497,857.170000,854.413000,849.489500,854.654055,0.229077,78.964533,1,train
AMZN,60,2017-03-29,12:30:00,2017-03-29T12:30:00+00:00,859.250000,860.500000,858.970000,859.880000,157,1.530000,0.245987,857.906000,855.801000,850.243500,855.604227,0.215772,76.111111,1,train
AMZN,60,2017-03-29,13:30:00,2017-03-29T13:30:00+00:00,859.900000,867.970000,859.070000,866.770000,4285,8.900000,0.801275,859.706000,857.326000,851.300000,857.634367,0.254861,88.572513,1,train
AMZN,60,2017-03-29,14:30:00,2017-03-29T14:30:00+00:00,866.760000,869.310000,866.380000,868.740000,2811,2.930000,0.227281,862.192000,859.033000,852.838500,859.653573,0.248755,88.950073,1,train
AMZN,60,2017-03-29,15:30:00,2017-03-29T15:30:00+00:00,868.740000,870.870000,868.010000,870.680000,2391,2.860000,0.223312,864.768000,860.710000,854.327500,861.658378,0.247934,91.631653,0,train
AMZN,60,2017-03-29,16:30:00,2017-03-29T16:30:00+00:00,870.730000,870.910000,868.480000,870.090000,2174,2.430000,-0.067763,867.232000,862.201000,855.666000,863.191400,0.261500,92.637168,1,train
AMZN,60,2017-03-29,17:30:00,2017-03-29T17:30:00+00:00,870.100000,874.840000,869.970000,874.810000,2741,4.870000,0.542473,870.218000,864.062000,857.228500,865.303873,0.284975,92.422587,1,train
AMZN,60,2017-03-29,18:30:00,2017-03-29T18:30:00+00:00,874.800000,876.320000,873.560000,876.020000,3354,2.760000,0.138316,872.068000,865.887000,858.599500,867.252260,0.285896,92.704314,0,train
AMZN,60,2017-03-29,19:30:00,2017-03-29T19:30:00+00:00,876.020000,876.420000,873.970000,875.030000,2300,2.450000,-0.113011,873.326000,867.759000,860.028500,868.666394,0.277879,88.738078,0,train
AMZN,60,2017-03-29,20:30:00,2017-03-29T20:30:00+00:00,875.020000,875.100000,874.290000,874.800000,24,0.810000,-0.026285,874.150000,869.459000,861.392500,869.781595,0.288331,87.414188,0,train
AMZN,60,2017-03-30,12:30:00,2017-03-30T12:30:00+00:00,874.560000,876.100000,873.980000,873.980000,251,2.120000,-0.093736,874.928000,871.080000,862.746500,870.544942,0.296590,84.166026,0,train
AMZN,60,2017-03-30,13:30:00,2017-03-30T13:30:00+00:00,872.970000,876.950000,872.100000,872.980000,4389,4.850000,-0.114419,874.562000,872.390000,864.095500,870.987680,0.310312,79.882122,1,train
AMZN,60,2017-03-30,14:30:00,2017-03-30T14:30:00+00:00,872.970000,874.690000,872.160000,873.420000,2937,2.530000,0.050402,874.042000,873.055000,865.190500,871.429920,0.210460,85.018420,1,train
AMZN,60,2017-03-30,15:30:00,2017-03-30T15:30:00+00:00,873.400000,874.480000,871.630000,874.290000,2676,2.850000,0.099608,873.894000,873.610000,866.321500,871.949934,0.204084,84.628307,1,train
AMZN,60,2017-03-30,16:30:00,2017-03-30T16:30:00+00:00,874.300000,876.000000,872.860000,875.550000,2347,3.140000,0.144117,874.044000,874.097000,867.403500,872.604492,0.198675,85.503195,0,train
AMZN,60,2017-03-30,17:30:00,2017-03-30T17:30:00+00:00,875.550000,875.800000,873.830000,874.780000,2001,1.970000,-0.087945,874.204000,874.566000,868.383500,873.000039,0.200168,81.434599,1,train
AMZN,60,2017-03-30,18:30:00,2017-03-30T18:30:00+00:00,874.800000,876.230000,874.040000,875.520000,2126,2.190000,0.084593,874.712000,874.637000,869.349500,873.458213,0.106420,74.928775,0,train
AMZN,60,2017-03-30,19:30:00,2017-03-30T19:30:00+00:00,875.520000,876.970000,873.990000,875.000000,1868,2.980000,-0.059393,875.028000,874.535000,870.211000,873.738538,0.097549,69.440994,0,train
AMZN,60,2017-03-30,20:30:00,2017-03-30T20:30:00+00:00,874.970000,876.730000,874.970000,874.990000,15,1.760000,-0.001143,875.168000,874.531000,871.145000,873.966077,0.090810,65.208186,1,train
AMZN,60,2017-03-31,12:30:00,2017-03-31T12:30:00+00:00,876.500000,878.030000,875.990000,876.510000,217,2.040000,0.173716,875.360000,874.702000,872.080500,874.428608,0.105342,71.258278,1,train
AMZN,60,2017-03-31,13:30:00,2017-03-31T13:30:00+00:00,876.510000,886.640000,876.510000,885.680000,3889,10.130000,1.046195,877.540000,875.872000,873.476000,876.474316,0.335166,77.800512,1,train
AMZN,60,2017-03-31,14:30:00,2017-03-31T14:30:00+00:00,885.680000,890.170000,885.110000,889.670000,3300,5.060000,0.450501,880.370000,877.541000,874.965500,878.873531,0.336329,80.564263,0,train
AMZN,60,2017-03-31,15:30:00,2017-03-31T15:30:00+00:00,889.650000,889.780000,887.250000,888.750000,2268,2.530000,-0.103409,883.120000,879.074000,876.064500,880.669253,0.346781,80.817610,1,train
AMZN,60,2017-03-31,16:30:00,2017-03-31T16:30:00+00:00,888.760000,890.140000,888.380000,889.710000,1961,1.760000,0.108017,886.064000,880.616000,877.113000,882.313025,0.346588,82.427142,0,train
AMZN,60,2017-03-31,17:30:00,2017-03-31T17:30:00+00:00,889.690000,889.910000,886.990000,887.990000,2246,2.920000,-0.193321,888.360000,881.860000,877.978500,883.345202,0.365876,79.321892,1,train
AMZN,60,2017-03-31,18:30:00,2017-03-31T18:30:00+00:00,888.000000,888.960000,886.810000,888.290000,2065,2.150000,0.033784,888.882000,883.211000,878.888500,884.244256,0.359350,83.009918,0,train
AMZN,60,2017-03-31,19:30:00,2017-03-31T19:30:00+00:00,888.300000,889.300000,886.540000,886.540000,2099,2.760000,-0.197008,888.256000,884.313000,879.475000,884.661664,0.376036,76.775510,1,train
AMZN,60,2017-04-03,12:30:00,2017-04-03T12:30:00+00:00,888.000000,889.080000,887.880000,888.300000,265,1.200000,0.198525,888.166000,885.643000,880.089000,885.323180,0.370731,77.589602,1,train
AMZN,60,2017-04-03,13:30:00,2017-04-03T13:30:00+00:00,887.880000,892.640000,885.530000,892.560000,3957,7.110000,0.479568,888.736000,887.400000,880.965500,886.638965,0.379782,79.957732,0,train
AMZN,60,2017-04-03,14:30:00,2017-04-03T14:30:00+00:00,892.160000,892.350000,885.500000,889.040000,3675,6.850000,-0.394371,888.946000,888.653000,881.677500,887.075517,0.424006,72.896596,0,train
AMZN,60,2017-04-03,15:30:00,2017-04-03T15:30:00+00:00,889.040000,889.660000,885.670000,887.780000,3252,3.990000,-0.141726,888.844000,888.863000,882.367500,887.203605,0.287105,69.361971,1,train
AMZN,60,2017-04-03,16:30:00,2017-04-03T16:30:00+00:00,887.780000,890.030000,887.410000,889.000000,2262,2.620000,0.137421,889.336000,888.796000,883.168500,887.530222,0.250124,71.631644,1,train
AMZN,60,2017-04-03,17:30:00,2017-04-03T17:30:00+00:00,888.970000,889.590000,887.980000,889.220000,1974,1.610000,0.024747,889.520000,888.843000,883.958500,887.837455,0.247923,71.845256,1,train
AMZN,60,2017-04-03,18:30:00,2017-04-03T18:30:00+00:00,889.230000,892.150000,889.140000,892.150000,2844,3.010000,0.329502,889.438000,889.087000,884.851500,888.621554,0.267234,73.013537,0,train
AMZN,60,2017-04-03,19:30:00,2017-04-03T19:30:00+00:00,892.100000,893.420000,891.370000,891.550000,2019,2.050000,-0.067253,889.940000,889.443000,885.651500,889.153998,0.258479,61.550571,0,train
AMZN,60,2017-04-03,20:30:00,2017-04-03T20:30:00+00:00,891.440000,891.440000,891.410000,891.430000,7,0.030000,-0.013460,890.670000,889.757000,886.484000,889.567817,0.259043,54.085422,1,train
AMZN,60,2017-04-04,12:30:00,2017-04-04T12:30:00+00:00,889.780000,891.500000,889.300000,891.500000,166,2.200000,0.007853,891.170000,890.253000,887.283000,889.919123,0.246395,56.645723,1,train
AMZN,60,2017-04-04,13:30:00,2017-04-04T13:30:00+00:00,890.980000,899.330000,890.330000,897.020000,4034,9.000000,0.619181,892.730000,891.125000,888.384000,891.210192,0.302856,64.475248,1,train
AMZN,60,2017-04-04,14:30:00,2017-04-04T14:30:00+00:00,896.990000,900.970000,896.470000,899.860000,2901,4.500000,0.316604,894.272000,891.855000,889.627500,892.782884,0.283839,72.506636,1,train
AMZN,60,2017-04-04,15:30:00,2017-04-04T15:30:00+00:00,899.880000,902.840000,899.480000,902.420000,2847,3.360000,0.284489,896.446000,893.193000,890.923000,894.535087,0.234111,74.676912,1,train
AMZN,60,2017-04-04,16:30:00,2017-04-04T16:30:00+00:00,902.480000,908.460000,902.430000,906.880000,3474,6.030000,0.494227,899.536000,895.103000,891.983000,896.779617,0.232511,82.450542,0,train
AMZN,60,2017-04-04,17:30:00,2017-04-04T17:30:00+00:00,906.880000,907.200000,902.750000,903.500000,3078,4.450000,-0.372706,901.936000,896.553000,892.674500,898.001504,0.297808,73.058252,1,train
AMZN,60,2017-04-04,18:30:00,2017-04-04T18:30:00+00:00,903.500000,906.200000,903.360000,904.490000,2977,2.840000,0.109574,903.430000,898.080000,893.461500,899.181231,0.294645,70.090940,1,train
AMZN,60,2017-04-04,19:30:00,2017-04-04T19:30:00+00:00,904.480000,907.290000,904.480000,906.710000,2275,2.810000,0.245442,904.800000,899.536000,894.311500,900.550098,0.290788,81.120113,1,train
AMZN,60,2017-04-04,20:30:00,2017-04-04T20:30:00+00:00,906.710000,906.980000,906.680000,906.730000,28,0.300000,0.002206,905.662000,901.054000,895.248500,901.673717,0.285474,84.898711,1,train
AMZN,60,2017-04-05,12:30:00,2017-04-05T12:30:00+00:00,910.500000,912.100000,909.980000,910.290000,533,2.120000,0.392620,906.344000,902.940000,896.348500,903.240314,0.285464,86.096982,1,train
AMZN,60,2017-04-05,13:30:00,2017-04-05T13:30:00+00:00,910.290000,919.790000,907.980000,914.200000,5507,11.810000,0.429533,908.484000,905.210000,897.731500,905.232984,0.283431,87.643159,1,train
AMZN,60,2017-04-05,14:30:00,2017-04-05T14:30:00+00:00,914.080000,920.010000,913.120000,917.300000,3824,6.890000,0.339094,911.046000,907.238000,899.181500,907.426987,0.255600,87.706147,1,train
AMZN,60,2017-04-05,15:30:00,2017-04-05T15:30:00+00:00,917.300000,923.720000,917.120000,921.910000,3245,6.600000,0.502562,914.086000,909.443000,900.649000,910.060262,0.269466,90.631692,1,train
AMZN,60,2017-04-05,16:30:00,2017-04-05T16:30:00+00:00,921.910000,922.610000,921.000000,922.520000,2232,1.610000,0.066167,917.244000,911.453000,902.323000,912.325669,0.274502,91.070013,0,train
AMZN,60,2017-04-05,17:30:00,2017-04-05T17:30:00+00:00,922.500000,922.630000,918.860000,919.790000,2976,3.770000,-0.295929,919.144000,912.744000,903.923500,913.682820,0.299645,84.917304,0,train
AMZN,60,2017-04-05,18:30:00,2017-04-05T18:30:00+00:00,919.820000,920.040000,908.270000,909.370000,4359,11.770000,-1.132867,918.178000,913.331000,904.942000,912.898671,0.484246,63.598326,0,train
AMZN,60,2017-04-05,19:30:00,2017-04-05T19:30:00+00:00,909.330000,913.160000,905.820000,908.100000,3442,7.340000,-0.139657,916.338000,913.692000,905.886000,912.026185,0.488143,59.397810,0,train
AMZN,60,2017-04-05,20:30:00,2017-04-05T20:30:00+00:00,908.010000,908.500000,907.730000,907.730000,45,0.770000,-0.040744,913.502000,913.794000,906.665000,911.245061,0.483184,56.374550,1,train
AMZN,60,2017-04-06,12:30:00,2017-04-06T12:30:00+00:00,912.520000,915.720000,912.370000,913.800000,543,3.350000,0.668701,911.758000,914.501000,907.777500,911.709595,0.525731,57.998151,0,train
AMZN,60,2017-04-06,13:30:00,2017-04-06T13:30:00+00:00,913.800000,916.990000,902.560000,907.360000,5619,14.430000,-0.704749,909.272000,914.208000,908.574000,910.918760,0.565971,54.166667,0,train
AMZN,60,2017-04-06,14:30:00,2017-04-06T14:30:00+00:00,907.360000,907.800000,901.570000,902.890000,3233,6.230000,-0.492638,907.976000,913.077000,909.143500,909.458985,0.557701,48.393574,0,train
AMZN,60,2017-04-06,15:30:00,2017-04-06T15:30:00+00:00,902.880000,903.750000,897.550000,899.930000,3198,6.200000,-0.327836,906.342000,911.340000,909.289000,907.726442,0.535746,43.292442,0,train
AMZN,60,2017-04-06,16:30:00,2017-04-06T16:30:00+00:00,899.940000,900.200000,895.240000,898.630000,2933,4.960000,-0.144456,904.522000,909.012000,909.227500,906.072544,0.478908,42.184485,0,train
AMZN,60,2017-04-06,17:30:00,2017-04-06T17:30:00+00:00,898.610000,900.840000,896.850000,896.850000,2555,3.990000,-0.198079,901.132000,906.445000,908.949000,904.395718,0.466381,36.570743,0,train
AMZN,60,2017-04-06,18:30:00,2017-04-06T18:30:00+00:00,896.860000,898.780000,894.480000,895.010000,2928,4.300000,-0.205163,898.662000,903.967000,908.355500,902.689224,0.466937,29.997915,1,train
AMZN,60,2017-04-06,19:30:00,2017-04-06T19:30:00+00:00,895.010000,898.770000,894.480000,897.510000,2362,4.290000,0.279326,897.586000,902.781000,908.056000,901.747547,0.383696,29.111252,1,train
AMZN,60,2017-04-06,20:30:00,2017-04-06T20:30:00+00:00,897.510000,899.750000,897.480000,899.750000,35,2.270000,0.249579,897.550000,901.946000,907.819000,901.384356,0.401975,25.377778,0,train
AMZN,60,2017-04-07,12:30:00,2017-04-07T12:30:00+00:00,897.230000,901.000000,895.970000,899.500000,446,5.030000,-0.027785,897.724000,901.123000,907.458500,901.041746,0.402178,24.215950,0,train
AMZN,60,2017-04-07,13:30:00,2017-04-07T13:30:00+00:00,899.500000,899.600000,889.260000,893.610000,3890,10.340000,-0.654808,897.076000,899.104000,906.802500,899.690519,0.337164,22.615063,0,train
AMZN,60,2017-04-07,14:30:00,2017-04-07T14:30:00+00:00,893.610000,896.440000,891.690000,892.530000,2627,4.750000,-0.120858,896.580000,897.621000,905.914500,898.388607,0.291924,28.107124,1,train
AMZN,60,2017-04-07,15:30:00,2017-04-07T15:30:00+00:00,892.560000,896.360000,891.730000,895.860000,2309,4.630000,0.373097,896.250000,896.918000,904.997500,897.928860,0.311442,34.896347,1,train
AMZN,60,2017-04-07,16:30:00,2017-04-07T16:30:00+00:00,895.900000,899.510000,895.650000,899.380000,2272,3.860000,0.392919,896.176000,896.863000,904.101500,898.192704,0.329971,40.439661,0,train
AMZN,60,2017-04-07,17:30:00,2017-04-07T17:30:00+00:00,899.440000,899.980000,895.970000,897.540000,2026,4.010000,-0.204585,895.784000,896.754000,902.883000,898.074030,0.333313,29.386410,0,train
AMZN,60,2017-04-07,18:30:00,2017-04-07T18:30:00+00:00,897.550000,897.780000,894.750000,894.800000,1970,3.030000,-0.305279,896.022000,896.549000,901.497000,897.478752,0.341597,32.428651,1,train
AMZN,60,2017-04-07,19:30:00,2017-04-07T19:30:00+00:00,894.790000,896.110000,894.500000,894.870000,1617,1.610000,0.007823,896.490000,896.535000,900.251000,897.004434,0.335518,37.204850,1,train
AMZN,60,2017-04-10,12:30:00,2017-04-10T12:30:00+00:00,898.120000,899.770000,897.230000,899.490000,282,2.540000,0.516276,897.216000,896.733000,899.757000,897.456355,0.364624,49.333333,1,train
AMZN,60,2017-04-10,13:30:00,2017-04-10T13:30:00+00:00,899.500000,908.250000,899.000000,906.550000,3539,9.250000,0.784889,898.650000,897.413000,899.679500,899.109745,0.434284,60.216718,1,train
AMZN,60,2017-04-10,14:30:00,2017-04-10T14:30:00+00:00,906.550000,908.420000,905.520000,906.980000,2753,2.900000,0.047433,900.538000,898.161000,899.642000,900.540700,0.432933,63.539161,0,train
AMZN,60,2017-04-10,15:30:00,2017-04-10T15:30:00+00:00,906.970000,907.120000,902.870000,903.790000,3025,4.250000,-0.351717,902.336000,899.179000,899.141500,901.131482,0.383245,61.326109,1,train
AMZN,60,2017-04-10,16:30:00,2017-04-10T16:30:00+00:00,903.800000,906.480000,903.330000,906.140000,2385,3.150000,0.260016,904.590000,900.540000,899.080500,902.042122,0.376172,61.175861,0,train
AMZN,60,2017-04-10,17:30:00,2017-04-10T17:30:00+00:00,906.130000,906.550000,904.670000,905.050000,2395,1.880000,-0.120290,905.702000,901.459000,899.188500,902.589009,0.376320,57.074212,1,train
AMZN,60,2017-04-10,18:30:00,2017-04-10T18:30:00+00:00,905.070000,907.620000,904.290000,906.200000,2497,3.330000,0.127065,905.632000,902.141000,899.502000,903.245553,0.362687,58.733055,1,train
AMZN,60,2017-04-10,19:30:00,2017-04-10T19:30:00+00:00,906.200000,907.110000,905.550000,906.470000,2000,1.560000,0.029795,905.530000,903.034000,899.894000,903.831816,0.349875,69.639585,1,train
AMZN,60,2017-04-10,20:30:00,2017-04-10T20:30:00+00:00,906.470000,907.200000,906.470000,907.180000,7,0.730000,0.078326,906.208000,904.272000,900.410500,904.440576,0.320333,72.628977,0,train
AMZN,60,2017-04-11,12:30:00,2017-04-11T12:30:00+00:00,907.370000,909.760000,905.990000,906.090000,261,3.770000,-0.120153,906.198000,905.394000,900.964500,904.740472,0.328561,66.976435,0,train
AMZN,60,2017-04-11,13:30:00,2017-04-11T13:30:00+00:00,907.020000,910.820000,900.300000,902.200000,4351,10.520000,-0.429317,905.628000,905.665000,901.199000,904.278568,0.339384,54.622951,0,train
AMZN,60,2017-04-11,14:30:00,2017-04-11T14:30:00+00:00,902.220000,902.320000,897.270000,898.100000,3722,5.050000,-0.454445,904.008000,904.820000,901.116500,903.155192,0.247065,50.854701,1,train
AMZN,60,2017-04-11,15:30:00,2017-04-11T15:30:00+00:00,898.130000,903.300000,898.100000,902.980000,2422,5.200000,0.543369,903.310000,904.420000,901.290500,903.123339,0.318040,61.719198,0,train
AMZN,60,2017-04-11,16:30:00,2017-04-11T16:30:00+00:00,903.000000,903.900000,901.590000,902.860000,1960,2.310000,-0.013289,902.446000,904.327000,901.753000,903.075459,0.299066,61.430615,0,train
AMZN,60,2017-04-11,17:30:00,2017-04-11T17:30:00+00:00,902.840000,903.400000,900.640000,901.560000,1939,2.760000,-0.143987,901.540000,903.869000,902.204500,902.799921,0.285535,53.272210,0,train
AMZN,60,2017-04-11,18:30:00,2017-04-11T18:30:00+00:00,901.560000,901.990000,899.210000,900.610000,2209,2.780000,-0.105373,901.222000,903.425000,902.442000,902.401754,0.285168,38.362069,1,train
AMZN,60,2017-04-11,19:30:00,2017-04-11T19:30:00+00:00,900.540000,902.990000,900.060000,902.540000,1767,2.930000,0.214299,902.110000,903.059000,902.600000,902.426889,0.292388,41.783864,0,train
AMZN,60,2017-04-11,20:30:00,2017-04-11T20:30:00+00:00,902.550000,902.740000,902.080000,902.100000,12,0.660000,-0.048751,901.934000,902.622000,902.828000,902.367455,0.291356,46.518335,0,train
AMZN,60,2017-04-12,12:30:00,2017-04-12T12:30:00+00:00,901.360000,903.570000,900.970000,901.990000,165,2.600000,-0.012194,901.760000,902.103000,903.187500,902.298827,0.288388,40.581026,1,train
AMZN,60,2017-04-12,13:30:00,2017-04-12T13:30:00+00:00,903.000000,904.000000,900.500000,902.410000,3172,3.500000,0.046564,901.930000,901.735000,903.564500,902.319040,0.289149,43.820225,0,train
AMZN,60,2017-04-12,14:30:00,2017-04-12T14:30:00+00:00,902.400000,903.660000,901.310000,902.050000,2914,2.350000,-0.039893,902.218000,901.720000,903.692500,902.270124,0.255163,39.912494,0,train
AMZN,60,2017-04-12,15:30:00,2017-04-12T15:30:00+00:00,902.030000,902.060000,898.740000,899.560000,2324,3.320000,-0.276038,901.622000,901.866000,903.343000,901.777374,0.224340,34.839842,0,train
AMZN,60,2017-04-12,16:30:00,2017-04-12T16:30:00+00:00,899.580000,900.330000,898.740000,899.150000,2096,1.590000,-0.045578,901.032000,901.483000,902.951500,901.299670,0.126710,32.147621,1,train
AMZN,60,2017-04-12,17:30:00,2017-04-12T17:30:00+00:00,899.160000,900.520000,898.670000,900.100000,2186,1.850000,0.105655,900.654000,901.207000,902.767000,901.081548,0.135056,36.599553,0,train
AMZN,60,2017-04-12,18:30:00,2017-04-12T18:30:00+00:00,900.000000,900.170000,895.280000,896.360000,2808,4.890000,-0.415509,899.444000,900.687000,902.278000,900.223085,0.180162,36.846847,0,train
AMZN,60,2017-04-12,19:30:00,2017-04-12T19:30:00+00:00,896.330000,897.230000,895.250000,895.980000,2122,1.980000,-0.042394,898.230000,900.224000,901.824500,899.451615,0.179409,44.264069,1,train
AMZN,60,2017-04-12,20:30:00,2017-04-12T20:30:00+00:00,896.100000,896.420000,895.980000,895.990000,22,0.440000,0.001116,897.516000,899.569000,901.314000,898.822230,0.155389,24.320353,0,train
AMZN,60,2017-04-13,12:30:00,2017-04-13T12:30:00+00:00,893.990000,894.000000,890.990000,891.530000,373,3.010000,-0.497773,895.992000,898.512000,900.567000,897.496370,0.204739,18.440111,1,train
AMZN,60,2017-04-13,13:30:00,2017-04-13T13:30:00+00:00,891.100000,894.760000,888.650000,893.080000,3627,6.110000,0.173858,894.588000,897.621000,899.862000,896.693394,0.223020,26.703297,0,train
AMZN,60,2017-04-13,14:30:00,2017-04-13T14:30:00+00:00,893.050000,893.380000,891.500000,892.690000,2866,1.880000,-0.043669,893.854000,896.649000,899.192000,895.965504,0.218250,27.551020,0,train
AMZN,60,2017-04-13,15:30:00,2017-04-13T15:30:00+00:00,892.690000,893.080000,889.750000,890.260000,2506,3.330000,-0.272211,892.710000,895.470000,898.595000,894.928140,0.222515,16.152150,0,train
AMZN,60,2017-04-13,16:30:00,2017-04-13T16:30:00+00:00,890.290000,890.480000,886.000000,887.720000,2715,4.480000,-0.285310,891.056000,894.286000,898.076000,893.617569,0.223204,14.476285,0,train
AMZN,60,2017-04-13,17:30:00,2017-04-13T17:30:00+00:00,887.710000,887.800000,885.380000,887.240000,2504,2.420000,-0.054071,890.198000,893.095000,897.289000,892.458011,0.222854,14.216400,0,train
AMZN,60,2017-04-13,18:30:00,2017-04-13T18:30:00+00:00,887.240000,888.070000,885.890000,885.890000,2571,2.180000,-0.152157,888.760000,891.674000,896.440500,891.263827,0.206484,11.652739,0,train
AMZN,60,2017-04-13,19:30:00,2017-04-13T19:30:00+00:00,885.990000,886.470000,883.850000,884.840000,2527,2.620000,-0.118525,887.190000,890.522000,895.604500,890.095858,0.185781,11.291048,0,train
AMZN,60,2017-04-13,20:30:00,2017-04-13T20:30:00+00:00,884.860000,885.000000,884.570000,884.600000,48,0.430000,-0.027124,886.058000,889.384000,894.804000,889.096611,0.186634,12.562563,1,train
AMZN,60,2017-04-17,12:30:00,2017-04-17T12:30:00+00:00,888.000000,888.750000,886.970000,887.320000,147,1.780000,0.307484,885.978000,888.517000,894.043000,888.773591,0.230175,23.463437,1,train
AMZN,60,2017-04-17,13:30:00,2017-04-17T13:30:00+00:00,887.290000,894.850000,887.290000,893.520000,3869,7.560000,0.698733,887.234000,888.716000,893.614000,889.636575,0.299280,38.053740,1,train
AMZN,60,2017-04-17,14:30:00,2017-04-17T14:30:00+00:00,893.490000,896.020000,892.520000,895.680000,2261,3.500000,0.241741,889.192000,888.976000,893.298500,890.735379,0.303824,48.690293,1,train
AMZN,60,2017-04-17,15:30:00,2017-04-17T15:30:00+00:00,895.710000,896.800000,894.770000,896.210000,1917,2.030000,0.059173,891.466000,889.328000,892.988500,891.730765,0.302812,50.440444,1,train
AMZN,60,2017-04-17,16:30:00,2017-04-17T16:30:00+00:00,896.240000,898.750000,895.980000,898.260000,1709,2.770000,0.228741,894.198000,890.128000,892.799000,892.917899,0.286460,54.031972,0,train
AMZN,60,2017-04-17,17:30:00,2017-04-17T17:30:00+00:00,898.280000,899.300000,897.280000,898.100000,1920,2.020000,-0.017812,896.354000,891.166000,892.726000,893.860099,0.258675,63.773585,1,train
AMZN,60,2017-04-17,18:30:00,2017-04-17T18:30:00+00:00,898.090000,901.650000,897.870000,901.220000,2221,3.780000,0.347400,897.894000,892.564000,892.829500,895.198263,0.260389,66.011015,0,train
AMZN,60,2017-04-17,19:30:00,2017-04-17T19:30:00+00:00,901.220000,902.290000,899.980000,900.980000,1858,2.310000,-0.026631,898.954000,894.073000,892.873500,896.249488,0.246497,66.402849,1,train
AMZN,60,2017-04-17,20:30:00,2017-04-17T20:30:00+00:00,901.000000,902.750000,900.970000,902.720000,28,1.780000,0.193123,900.256000,895.861000,893.191500,897.425944,0.224808,75.345810,0,train
AMZN,60,2017-04-18,12:30:00,2017-04-18T12:30:00+00:00,899.000000,900.760000,898.970000,900.760000,133,1.790000,-0.217122,900.756000,897.477000,893.430500,898.032136,0.252505,77.166667,1,train
AMZN,60,2017-04-18,13:30:00,2017-04-18T13:30:00+00:00,900.900000,909.370000,900.760000,903.320000,3875,8.610000,0.284204,901.800000,899.077000,893.797000,898.993566,0.251318,80.828221,1,train
AMZN,60,2017-04-18,14:30:00,2017-04-18T14:30:00+00:00,903.290000,907.010000,902.750000,906.150000,2451,4.260000,0.313289,902.786000,900.340000,894.528000,900.294736,0.183067,86.756168,0,train
AMZN,60,2017-04-18,15:30:00,2017-04-18T15:30:00+00:00,906.150000,906.150000,900.970000,903.750000,2195,5.180000,-0.264857,903.340000,901.147000,895.061500,900.922966,0.218616,82.704946,0,train
AMZN,60,2017-04-18,16:30:00,2017-04-18T16:30:00+00:00,903.750000,903.770000,901.560000,902.790000,1520,2.210000,-0.106224,903.354000,901.805000,895.566500,901.262427,0.227288,80.695241,1,train
AMZN,60,2017-04-18,17:30:00,2017-04-18T17:30:00+00:00,902.780000,905.320000,902.480000,904.820000,2439,2.840000,0.224858,904.166000,902.461000,896.294500,901.909258,0.226996,80.234969,0,train
AMZN,60,2017-04-18,18:30:00,2017-04-18T18:30:00+00:00,904.820000,905.700000,902.770000,904.010000,2357,2.930000,-0.089521,904.304000,903.052000,897.109000,902.291211,0.231276,72.271762,0,train
AMZN,60,2017-04-18,19:30:00,2017-04-18T19:30:00+00:00,904.030000,904.750000,901.320000,902.670000,1563,3.430000,-0.148228,903.608000,903.197000,897.880500,902.360082,0.216896,65.376155,0,train
AMZN,60,2017-04-18,20:30:00,2017-04-18T20:30:00+00:00,902.340000,902.340000,901.910000,901.990000,10,0.430000,-0.075332,903.256000,903.298000,898.685500,902.292794,0.218508,62.631119,1,train
AMZN,60,2017-04-19,12:30:00,2017-04-19T12:30:00+00:00,908.270000,909.180000,905.970000,907.510000,143,3.210000,0.611980,904.200000,903.777000,899.819000,903.241377,0.286710,67.552182,0,train
AMZN,60,2017-04-19,13:30:00,2017-04-19T13:30:00+00:00,905.970000,910.230000,903.890000,904.370000,3228,6.340000,-0.346002,904.110000,904.138000,900.807500,903.446581,0.302669,60.688715,1,train
AMZN,60,2017-04-19,14:30:00,2017-04-19T14:30:00+00:00,904.350000,908.490000,904.350000,908.320000,2422,4.140000,0.436768,904.972000,904.638000,901.857500,904.332657,0.319690,61.770557,0,train
AMZN,60,2017-04-19,15:30:00,2017-04-19T15:30:00+00:00,908.350000,908.370000,904.310000,904.630000,2102,4.060000,-0.406244,905.364000,904.486000,902.413000,904.386720,0.335831,55.429932,0,train
AMZN,60,2017-04-19,16:30:00,2017-04-19T16:30:00+00:00,904.660000,905.450000,902.470000,903.350000,1937,2.980000,-0.141494,905.636000,904.446000,902.796500,904.198225,0.327856,50.950226,0,train
AMZN,60,2017-04-19,17:30:00,2017-04-19T17:30:00+00:00,903.370000,903.780000,899.980000,901.640000,2490,3.800000,-0.189295,904.462000,904.331000,903.068000,903.733093,0.331765,51.337386,0,train
AMZN,60,2017-04-19,18:30:00,2017-04-19T18:30:00+00:00,901.540000,901.780000,897.570000,897.660000,2214,4.210000,-0.441418,903.120000,903.615000,903.038000,902.628895,0.345476,41.754079,1,train
AMZN,60,2017-04-19,19:30:00,2017-04-19T19:30:00+00:00,897.660000,899.510000,897.300000,898.800000,1915,2.210000,0.126997,901.216000,903.094000,903.073000,901.932732,0.351468,38.737358,1,train
AMZN,60,2017-04-19,20:30:00,2017-04-19T20:30:00+00:00,898.780000,899.200000,898.770000,899.200000,15,0.430000,0.044504,900.130000,902.747000,902.972000,901.435872,0.351207,42.572641,0,train
AMZN,60,2017-04-20,12:30:00,2017-04-20T12:30:00+00:00,902.510000,903.010000,895.000000,897.610000,444,8.010000,-0.176824,898.982000,902.309000,902.803500,900.740259,0.353864,41.714651,1,train
AMZN,60,2017-04-20,13:30:00,2017-04-20T13:30:00+00:00,897.620000,902.950000,896.170000,900.220000,3696,6.780000,0.290772,898.698000,901.580000,902.678500,900.645666,0.297356,42.776382,1,train
AMZN,60,2017-04-20,14:30:00,2017-04-20T14:30:00+00:00,900.250000,902.290000,898.180000,901.850000,2732,4.110000,0.181067,899.536000,901.328000,902.733000,900.864636,0.291670,46.693203,1,train
AMZN,60,2017-04-20,15:30:00,2017-04-20T15:30:00+00:00,901.850000,903.230000,899.500000,903.230000,2389,3.730000,0.153019,900.422000,900.819000,902.728500,901.294702,0.252680,50.856269,1,train
AMZN,60,2017-04-20,16:30:00,2017-04-20T16:30:00+00:00,903.200000,905.210000,903.080000,903.620000,2120,2.130000,0.043178,901.306000,900.718000,902.602000,901.717484,0.221483,52.514656,0,train
AMZN,60,2017-04-20,17:30:00,2017-04-20T17:30:00+00:00,903.620000,904.790000,903.270000,903.380000,1770,1.520000,-0.026560,902.460000,900.721000,902.583500,902.019759,0.216890,42.388500,0,train
AMZN,60,2017-04-20,18:30:00,2017-04-20T18:30:00+00:00,903.390000,904.270000,902.210000,902.530000,1646,2.060000,-0.094091,902.922000,900.810000,902.570500,902.112530,0.209598,46.296296,0,train
AMZN,60,2017-04-20,19:30:00,2017-04-20T19:30:00+00:00,902.670000,903.480000,900.970000,901.410000,1720,2.510000,-0.124096,902.834000,901.185000,902.400000,901.984798,0.148876,34.302590,1,train
AMZN,60,2017-04-20,20:30:00,2017-04-20T20:30:00+00:00,901.410000,901.740000,901.400000,901.530000,9,0.340000,0.013312,902.494000,901.458000,902.276000,901.902107,0.145959,41.594360,1,train
AMZN,60,2017-04-21,12:30:00,2017-04-21T12:30:00+00:00,903.490000,904.590000,902.030000,902.060000,121,2.560000,0.058789,902.182000,901.744000,902.245500,901.930815,0.146182,46.353872,0,train
AMZN,60,2017-04-21,13:30:00,2017-04-21T13:30:00+00:00,902.650000,903.210000,898.080000,899.700000,3781,5.130000,-0.261623,901.446000,901.953000,902.131000,901.525212,0.161309,44.711014,0,train
AMZN,60,2017-04-21,14:30:00,2017-04-21T14:30:00+00:00,899.700000,899.720000,897.870000,899.160000,2473,1.850000,-0.060020,900.772000,901.847000,901.713500,901.095174,0.132219,55.033557,1,train
AMZN,60,2017-04-21,15:30:00,2017-04-21T15:30:00+00:00,899.150000,900.010000,898.390000,899.770000,2359,1.620000,0.067841,900.444000,901.639000,901.483500,900.854233,0.117955,53.375087,0,train
AMZN,60,2017-04-21,16:30:00,2017-04-21T16:30:00+00:00,899.760000,900.500000,896.870000,897.590000,2215,3.630000,-0.242284,899.656000,901.075000,900.947000,900.260736,0.118639,45.015480,1,train
AMZN,60,2017-04-21,17:30:00,2017-04-21T17:30:00+00:00,897.640000,898.910000,896.730000,898.500000,2500,2.180000,0.101383,898.944000,900.563000,900.640500,899.940602,0.125625,52.876535,0,train
AMZN,60,2017-04-21,18:30:00,2017-04-21T18:30:00+00:00,898.490000,898.540000,897.220000,897.410000,2151,1.320000,-0.121313,898.486000,899.966000,900.343500,899.480493,0.126665,39.928315,1,train
AMZN,60,2017-04-21,19:30:00,2017-04-21T19:30:00+00:00,897.420000,898.820000,897.370000,898.380000,1854,1.450000,0.108089,898.330000,899.551000,900.180500,899.280403,0.137401,36.945071,1,train
AMZN,60,2017-04-24,12:30:00,2017-04-24T12:30:00+00:00,909.500000,909.550000,906.310000,908.170000,277,3.240000,1.089739,900.010000,900.227000,900.706000,900.896693,0.380987,61.382488,0,train
AMZN,60,2017-04-24,13:30:00,2017-04-24T13:30:00+00:00,908.180000,909.430000,905.400000,907.140000,3848,4.030000,-0.113415,901.920000,900.788000,901.123000,902.031840,0.385364,57.878245,1,train
AMZN,60,2017-04-24,14:30:00,2017-04-24T14:30:00+00:00,907.140000,908.100000,906.020000,907.260000,2666,2.080000,0.013228,903.672000,901.308000,901.526000,902.982415,0.385684,58.730873,1,train
AMZN,60,2017-04-24,15:30:00,2017-04-24T15:30:00+00:00,907.270000,909.580000,906.720000,908.670000,2056,2.860000,0.155413,905.924000,902.205000,902.079000,904.016521,0.369470,63.476734,0,train
AMZN,60,2017-04-24,16:30:00,2017-04-24T16:30:00+00:00,908.670000,909.450000,906.980000,907.280000,1753,2.470000,-0.152971,907.704000,903.017000,902.432000,904.609881,0.375067,62.733189,0,train
AMZN,60,2017-04-24,17:30:00,2017-04-24T17:30:00+00:00,907.340000,907.370000,903.830000,905.840000,1958,3.540000,-0.158716,907.238000,903.624000,902.631500,904.833539,0.383343,58.842840,1,train
AMZN,60,2017-04-24,18:30:00,2017-04-24T18:30:00+00:00,905.860000,907.690000,905.160000,907.690000,2260,2.530000,0.204230,907.348000,904.634000,902.854500,905.352895,0.368931,60.957571,0,train
AMZN,60,2017-04-24,19:30:00,2017-04-24T19:30:00+00:00,907.700000,908.380000,906.540000,906.900000,1959,1.840000,-0.087034,907.276000,905.474000,903.018500,905.634187,0.374337,64.925373,1,train
AMZN,60,2017-04-24,20:30:00,2017-04-24T20:30:00+00:00,906.910000,906.910000,906.890000,906.910000,5,0.020000,0.001103,906.924000,906.424000,903.195000,905.866153,0.368479,66.426452,1,train
AMZN,60,2017-04-25,12:30:00,2017-04-25T12:30:00+00:00,905.490000,907.010000,903.970000,907.010000,278,3.040000,0.011026,906.870000,907.287000,903.419000,906.074125,0.369694,65.684575,1,train
AMZN,60,2017-04-25,13:30:00,2017-04-25T13:30:00+00:00,907.020000,909.340000,902.970000,908.900000,3690,6.370000,0.208377,907.482000,907.360000,903.793500,906.587921,0.140614,74.813515,0,train
AMZN,60,2017-04-25,14:30:00,2017-04-25T14:30:00+00:00,908.910000,909.240000,906.130000,906.890000,2362,3.110000,-0.221146,907.322000,907.335000,904.061500,906.642844,0.154410,67.559648,1,train
AMZN,60,2017-04-25,15:30:00,2017-04-25T15:30:00+00:00,906.880000,909.350000,906.170000,908.160000,1920,3.180000,0.140039,907.574000,907.425000,904.366500,906.918691,0.160929,72.330702,0,train
AMZN,60,2017-04-25,16:30:00,2017-04-25T16:30:00+00:00,908.170000,908.790000,907.620000,907.680000,1656,1.170000,-0.052854,907.728000,907.326000,904.765500,907.057111,0.153321,69.720102,0,train
AMZN,60,2017-04-25,17:30:00,2017-04-25T17:30:00+00:00,907.700000,907.870000,906.050000,907.100000,1666,1.820000,-0.063899,907.746000,907.308000,905.162500,907.064909,0.146582,46.276966,1,train
AMZN,60,2017-04-25,18:30:00,2017-04-25T18:30:00+00:00,907.010000,908.320000,906.600000,907.190000,2298,1.720000,0.009922,907.404000,907.443000,905.533500,907.087653,0.135842,50.186150,0,train
AMZN,60,2017-04-25,19:30:00,2017-04-25T19:30:00+00:00,907.190000,907.760000,906.650000,907.090000,1853,1.110000,-0.011023,907.444000,907.383000,906.008500,907.088079,0.118464,49.366145,0,train
AMZN,60,2017-04-25,20:30:00,2017-04-25T20:30:00+00:00,907.120000,907.500000,906.990000,906.990000,21,0.510000,-0.011024,907.210000,907.392000,906.433000,907.070247,0.115117,43.057851,1,train
AMZN,60,2017-04-26,12:30:00,2017-04-26T12:30:00+00:00,908.600000,911.290000,907.970000,909.150000,334,3.320000,0.238150,907.504000,907.616000,907.020000,907.448384,0.137382,57.264957,1,train
AMZN,60,2017-04-26,13:30:00,2017-04-26T13:30:00+00:00,910.000000,915.500000,908.230000,910.060000,3264,7.270000,0.100093,908.096000,907.921000,907.604000,907.923223,0.139267,67.098865,1,train
AMZN,60,2017-04-26,14:30:00,2017-04-26T14:30:00+00:00,910.050000,911.130000,908.220000,910.090000,2399,2.910000,0.003296,908.676000,908.040000,907.700000,908.317182,0.125055,61.406844,0,train
AMZN,60,2017-04-26,15:30:00,2017-04-26T15:30:00+00:00,910.090000,910.630000,907.520000,908.780000,2509,3.110000,-0.143942,909.014000,908.229000,907.782000,908.401331,0.110522,58.514493,1,train
AMZN,60,2017-04-26,16:30:00,2017-04-26T16:30:00+00:00,908.800000,913.870000,908.630000,912.260000,1993,5.240000,0.382931,910.068000,908.639000,908.032000,909.102907,0.156674,68.435562,0,train
AMZN,60,2017-04-26,17:30:00,2017-04-26T17:30:00+00:00,912.250000,913.210000,909.980000,911.380000,2095,3.230000,-0.096464,910.514000,909.009000,908.167500,909.516924,0.160271,64.290386,0,train
AMZN,60,2017-04-26,18:30:00,2017-04-26T18:30:00+00:00,911.360000,912.380000,911.070000,911.220000,1527,1.310000,-0.017556,910.746000,909.421000,908.364500,909.826574,0.157554,58.554572,0,train
AMZN,60,2017-04-26,19:30:00,2017-04-26T19:30:00+00:00,911.220000,911.350000,908.320000,908.340000,2048,3.030000,-0.316060,910.396000,909.536000,908.489500,909.556288,0.194993,55.024255,1,train
AMZN,60,2017-04-26,20:30:00,2017-04-26T20:30:00+00:00,908.330000,909.290000,908.330000,909.010000,22,0.960000,0.073761,910.442000,909.728000,908.555500,909.456963,0.195683,53.073030,1,train
AMZN,60,2017-04-27,12:30:00,2017-04-27T12:30:00+00:00,911.110000,914.190000,909.970000,914.160000,267,4.220000,0.566550,910.822000,910.445000,908.918500,910.312061,0.259807,67.513514,1,train
AMZN,60,2017-04-27,13:30:00,2017-04-27T13:30:00+00:00,914.190000,917.060000,912.170000,916.030000,3217,4.890000,0.204559,911.752000,911.133000,909.374500,911.351686,0.257731,72.561900,1,train
AMZN,60,2017-04-27,14:30:00,2017-04-27T14:30:00+00:00,916.030000,919.870000,916.010000,919.500000,2781,3.860000,0.378809,913.408000,912.077000,909.999000,912.833198,0.275142,76.564523,1,train
AMZN,60,2017-04-27,15:30:00,2017-04-27T15:30:00+00:00,919.500000,921.290000,919.280000,920.040000,2819,2.010000,0.058728,915.748000,913.072000,910.556000,914.143525,0.273450,77.424820,1,train
AMZN,60,2017-04-27,16:30:00,2017-04-27T16:30:00+00:00,920.060000,921.680000,919.840000,921.570000,1845,1.840000,0.166297,918.260000,914.351000,911.290000,915.493793,0.258752,79.113419,0,train
AMZN,60,2017-04-27,17:30:00,2017-04-27T17:30:00+00:00,921.570000,921.610000,917.510000,917.570000,2443,4.100000,-0.434042,918.942000,914.882000,911.760500,915.871286,0.299368,65.662202,1,train
AMZN,60,2017-04-27,18:30:00,2017-04-27T18:30:00+00:00,917.570000,920.440000,917.550000,918.860000,2982,2.890000,0.140589,919.508000,915.630000,912.319500,916.414688,0.295092,66.140866,1,train
AMZN,60,2017-04-27,19:30:00,2017-04-27T19:30:00+00:00,918.890000,964.430000,908.970000,957.700000,4688,55.460000,4.226977,927.148000,920.278000,914.849500,923.921108,1.339637,86.029968,0,train
AMZN,60,2017-04-27,20:30:00,2017-04-27T20:30:00+00:00,957.670000,962.950000,947.980000,951.510000,1010,14.970000,-0.646340,933.442000,924.595000,917.065500,928.937271,1.365986,80.112755,0,train
AMZN,60,2017-04-28,12:30:00,2017-04-28T12:30:00+00:00,948.770000,949.600000,943.470000,947.840000,1202,6.130000,-0.385703,938.696000,928.478000,919.103000,932.374130,1.388471,75.007028,0,train
AMZN,60,2017-04-28,13:30:00,2017-04-28T13:30:00+00:00,948.030000,949.050000,935.730000,938.300000,6052,13.320000,-1.006499,942.842000,930.892000,920.668500,933.451561,1.458335,66.867168,0,train
AMZN,60,2017-04-28,14:30:00,2017-04-28T14:30:00+00:00,938.300000,941.490000,934.090000,935.780000,3927,7.400000,-0.268571,946.226000,932.867000,922.000000,933.874914,1.468347,64.946446,0,train
AMZN,60,2017-04-28,15:30:00,2017-04-28T15:30:00+00:00,935.750000,936.130000,931.550000,932.770000,3076,4.580000,-0.321657,941.240000,934.194000,923.135500,933.674020,1.476773,64.843845,0,train
AMZN,60,2017-04-28,16:30:00,2017-04-28T16:30:00+00:00,932.780000,935.190000,931.520000,931.650000,2616,3.670000,-0.120072,937.268000,935.355000,924.213500,933.306017,1.479122,63.681412,0,train
AMZN,60,2017-04-28,17:30:00,2017-04-28T17:30:00+00:00,931.690000,931.690000,924.970000,927.980000,3319,6.720000,-0.393925,933.296000,935.996000,925.173500,932.337650,1.488389,58.503569,0,train
AMZN,60,2017-04-28,18:30:00,2017-04-28T18:30:00+00:00,928.010000,928.790000,924.470000,925.320000,2623,4.320000,-0.286644,930.700000,936.771000,925.826500,931.061714,1.483464,55.661182,0,train
AMZN,60,2017-04-28,19:30:00,2017-04-28T19:30:00+00:00,925.320000,926.300000,924.350000,925.030000,2386,1.950000,-0.031341,928.550000,937.388000,926.509000,929.965038,1.483858,53.505769,1,train
AMZN,60,2017-05-01,12:30:00,2017-05-01T12:30:00+00:00,928.490000,931.720000,927.770000,930.430000,352,3.950000,0.583765,928.082000,934.661000,927.469500,930.049577,0.411092,56.204467,1,train
AMZN,60,2017-05-01,13:30:00,2017-05-01T13:30:00+00:00,930.440000,943.220000,929.030000,942.900000,4474,14.190000,1.340241,930.332000,933.800000,929.197500,932.386017,0.636648,61.265448,1,train
AMZN,60,2017-05-01,14:30:00,2017-05-01T14:30:00+00:00,942.880000,947.620000,941.480000,946.250000,3139,6.140000,0.355287,933.986000,933.641000,931.059500,934.906742,0.641387,65.252074,1,train
AMZN,60,2017-05-01,15:30:00,2017-05-01T15:30:00+00:00,946.320000,949.420000,946.290000,948.560000,2697,3.130000,0.244122,938.634000,934.667000,932.779500,937.389152,0.540568,65.625000,0,train
AMZN,60,2017-05-01,16:30:00,2017-05-01T16:30:00+00:00,948.580000,949.030000,946.470000,948.510000,2082,2.560000,-0.005271,943.330000,935.940000,934.403500,939.411125,0.526297,41.831111,1,train
AMZN,60,2017-05-01,17:30:00,2017-05-01T17:30:00+00:00,948.510000,954.190000,948.390000,953.400000,3043,5.800000,0.515545,947.924000,938.003000,936.098500,941.954556,0.511713,51.719745,0,train
AMZN,60,2017-05-01,18:30:00,2017-05-01T18:30:00+00:00,953.400000,954.170000,951.470000,951.630000,3091,2.700000,-0.185651,949.670000,940.001000,937.678000,943.713728,0.516952,53.572102,0,train
AMZN,60,2017-05-01,19:30:00,2017-05-01T19:30:00+00:00,951.600000,952.390000,948.020000,948.950000,2615,4.370000,-0.281622,950.210000,942.098000,939.047000,944.665777,0.503327,61.528469,1,train
AMZN,60,2017-05-01,20:30:00,2017-05-01T20:30:00+00:00,948.950000,949.650000,948.920000,949.260000,17,0.730000,0.032668,950.350000,944.492000,940.631500,945.501091,0.476697,65.325148,0,train
AMZN,60,2017-05-02,12:30:00,2017-05-02T12:30:00+00:00,950.230000,951.000000,946.530000,946.560000,276,4.470000,-0.284432,949.960000,946.645000,942.016500,945.693620,0.499850,65.788871,0,train
AMZN,60,2017-05-02,13:30:00,2017-05-02T13:30:00+00:00,946.530000,950.000000,941.360000,944.400000,4495,8.640000,-0.228195,948.160000,948.042000,941.351500,945.458416,0.502206,64.258555,0,train
AMZN,60,2017-05-02,14:30:00,2017-05-02T14:30:00+00:00,944.290000,944.590000,941.530000,944.000000,2960,3.060000,-0.042355,946.634000,948.152000,940.976000,945.193249,0.278849,69.329151,1,train
AMZN,60,2017-05-02,15:30:00,2017-05-02T15:30:00+00:00,944.000000,944.890000,942.800000,944.570000,2004,2.090000,0.060381,945.758000,947.984000,940.812500,945.079931,0.252897,74.459975,0,train
AMZN,60,2017-05-02,16:30:00,2017-05-02T16:30:00+00:00,944.590000,946.740000,944.260000,944.370000,1809,2.480000,-0.021174,944.780000,947.565000,941.116000,944.950853,0.235738,74.630667,0,train
AMZN,60,2017-05-02,17:30:00,2017-05-02T17:30:00+00:00,944.390000,944.700000,942.150000,943.300000,1850,2.550000,-0.113303,944.128000,947.044000,941.492000,944.650698,0.236241,68.422559,0,train
AMZN,60,2017-05-02,18:30:00,2017-05-02T18:30:00+00:00,943.300000,943.830000,941.560000,942.630000,2197,2.270000,-0.071027,943.774000,945.967000,941.985000,944.283298,0.125977,49.416342,1,train
AMZN,60,2017-05-02,19:30:00,2017-05-02T19:30:00+00:00,942.620000,946.860000,942.590000,945.400000,1816,4.270000,0.293859,944.054000,945.344000,942.672500,944.486335,0.176556,48.115299,0,train
AMZN,60,2017-05-02,20:30:00,2017-05-02T20:30:00+00:00,945.400000,945.400000,942.590000,944.020000,40,2.810000,-0.145970,943.944000,944.851000,943.474500,944.401547,0.162781,39.500463,1,train
AMZN,60,2017-05-03,12:30:00,2017-05-03T12:30:00+00:00,944.470000,945.500000,944.470000,945.450000,53,1.030000,0.151480,944.160000,944.470000,944.481000,944.592175,0.173619,43.347826,0,train
AMZN,60,2017-05-03,13:30:00,2017-05-03T13:30:00+00:00,945.440000,945.930000,937.630000,939.530000,3572,8.300000,-0.626157,943.406000,943.767000,945.206000,943.671779,0.245718,21.140241,0,train
AMZN,60,2017-05-03,14:30:00,2017-05-03T14:30:00+00:00,939.520000,940.550000,935.830000,938.480000,2979,4.720000,-0.111758,942.576000,943.175000,945.608500,942.727819,0.240312,21.793222,1,train
AMZN,60,2017-05-03,15:30:00,2017-05-03T15:30:00+00:00,938.330000,939.950000,935.890000,939.740000,2784,4.060000,0.134260,941.444000,942.749000,945.450500,942.184579,0.248322,28.962997,1,train
AMZN,60,2017-05-03,16:30:00,2017-05-03T16:30:00+00:00,939.770000,941.400000,939.410000,940.380000,2184,1.990000,0.068104,940.716000,942.330000,945.157000,941.856474,0.248698,30.018002,0,train
AMZN,60,2017-05-03,17:30:00,2017-05-03T17:30:00+00:00,940.360000,942.070000,939.490000,940.230000,2552,2.580000,-0.015951,939.672000,941.916000,944.740500,941.560752,0.248757,33.909507,0,train
AMZN,60,2017-05-03,18:30:00,2017-05-03T18:30:00+00:00,940.250000,940.750000,939.420000,939.930000,2306,1.330000,-0.031907,939.752000,941.579000,944.311500,941.264251,0.247553,37.450870,1,train
AMZN,60,2017-05-03,19:30:00,2017-05-03T19:30:00+00:00,939.930000,941.850000,936.870000,940.250000,2349,4.980000,0.034045,940.106000,941.341000,943.654000,941.079842,0.248107,39.424704,0,train
AMZN,60,2017-05-03,20:30:00,2017-05-03T20:30:00+00:00,940.000000,940.000000,938.670000,938.790000,32,1.330000,-0.155278,939.916000,940.680000,943.012000,940.663507,0.223394,34.479055,1,train
AMZN,60,2017-05-04,12:30:00,2017-05-04T12:30:00+00:00,944.050000,945.000000,941.600000,944.290000,234,3.400000,0.585861,940.698000,940.707000,942.779000,941.322869,0.301817,49.832776,0,train
AMZN,60,2017-05-04,13:30:00,2017-05-04T13:30:00+00:00,944.280000,944.660000,934.470000,936.770000,3261,10.190000,-0.796366,940.006000,939.839000,942.154500,940.495075,0.386932,39.249259,0,train
AMZN,60,2017-05-04,14:30:00,2017-05-04T14:30:00+00:00,936.790000,936.970000,934.220000,936.310000,2546,2.750000,-0.049105,939.282000,939.517000,941.642000,939.734152,0.338314,39.522546,0,train
AMZN,60,2017-05-04,15:30:00,2017-05-04T15:30:00+00:00,936.280000,937.540000,934.990000,935.830000,2504,2.550000,-0.051265,938.398000,939.252000,941.213500,939.024306,0.337305,32.831001,1,train
AMZN,60,2017-05-04,16:30:00,2017-05-04T16:30:00+00:00,935.860000,938.660000,935.590000,938.180000,1873,3.070000,0.251114,938.276000,939.096000,940.922500,938.870796,0.345467,39.875173,0,train
AMZN,60,2017-05-04,17:30:00,2017-05-04T17:30:00+00:00,938.150000,938.440000,936.180000,938.000000,1745,2.260000,-0.019186,937.018000,938.858000,940.594000,938.712470,0.344204,36.498731,1,train
AMZN,60,2017-05-04,18:30:00,2017-05-04T18:30:00+00:00,937.990000,939.530000,937.680000,938.690000,1857,1.850000,0.073561,937.402000,938.704000,940.310000,938.708384,0.345621,48.121646,0,train
AMZN,60,2017-05-04,19:30:00,2017-05-04T19:30:00+00:00,938.680000,938.910000,936.080000,936.270000,1694,2.830000,-0.257806,937.394000,938.338000,939.958500,938.265042,0.354066,45.343447,0,train
AMZN,60,2017-05-04,20:30:00,2017-05-04T20:30:00+00:00,936.510000,937.320000,936.270000,936.270000,13,1.050000,0.000000,937.482000,937.940000,939.640500,937.902307,0.353455,42.278594,1,train
AMZN,60,2017-05-05,12:30:00,2017-05-05T12:30:00+00:00,938.500000,940.870000,938.470000,940.670000,310,2.400000,0.469950,937.980000,938.128000,939.404000,938.405524,0.385047,50.552802,0,train
AMZN,60,2017-05-05,13:30:00,2017-05-05T13:30:00+00:00,940.700000,940.700000,931.970000,933.370000,3364,8.730000,-0.776043,937.054000,937.036000,938.871500,937.489974,0.403347,39.724386,0,train
AMZN,60,2017-05-05,14:30:00,2017-05-05T14:30:00+00:00,933.710000,934.170000,930.510000,930.890000,2636,3.660000,-0.265704,935.494000,936.448000,938.143500,936.289979,0.332505,37.289089,1,train
AMZN,60,2017-05-05,15:30:00,2017-05-05T15:30:00+00:00,930.910000,933.340000,930.910000,932.800000,2302,2.430000,0.205180,934.800000,936.097000,937.807000,935.655437,0.343190,39.973082,1,train
AMZN,60,2017-05-05,16:30:00,2017-05-05T16:30:00+00:00,932.840000,933.000000,930.370000,932.960000,1985,2.630000,0.017153,934.138000,935.810000,937.531000,935.165358,0.343557,41.868898,0,train
AMZN,60,2017-05-05,17:30:00,2017-05-05T17:30:00+00:00,932.990000,933.210000,930.790000,931.530000,1898,2.420000,-0.153276,932.310000,935.145000,937.120500,934.504384,0.330312,29.924481,1,train
AMZN,60,2017-05-05,18:30:00,2017-05-05T18:30:00+00:00,931.530000,933.440000,931.270000,932.610000,2234,2.170000,0.115938,932.158000,934.606000,936.732000,934.159950,0.335375,41.791634,1,train
AMZN,60,2017-05-05,19:30:00,2017-05-05T19:30:00+00:00,932.600000,934.140000,932.530000,934.030000,1786,1.610000,0.152261,932.786000,934.140000,936.422000,934.136323,0.339678,45.665399,1,train
AMZN,60,2017-05-08,12:30:00,2017-05-08T12:30:00+00:00,938.490000,940.820000,938.470000,940.820000,318,2.350000,0.726957,934.390000,934.595000,936.466500,935.351537,0.408306,57.651027,1,train
AMZN,60,2017-05-08,13:30:00,2017-05-08T13:30:00+00:00,940.790000,946.040000,939.970000,942.490000,3543,6.070000,0.177505,936.296000,935.217000,936.578500,936.649439,0.409783,56.749139,0,train
AMZN,60,2017-05-08,14:30:00,2017-05-08T14:30:00+00:00,942.490000,943.470000,939.180000,940.280000,2363,4.290000,-0.234485,938.046000,935.178000,936.653000,937.309541,0.393021,53.356890,1,train
AMZN,60,2017-05-08,15:30:00,2017-05-08T15:30:00+00:00,940.270000,942.860000,939.850000,942.440000,2081,3.010000,0.229719,940.012000,936.085000,936.560500,938.242352,0.288002,55.292125,1,train
AMZN,60,2017-05-08,16:30:00,2017-05-08T16:30:00+00:00,942.440000,943.670000,942.360000,942.850000,1565,1.310000,0.043504,941.776000,937.281000,936.864500,939.080106,0.259952,59.844405,1,train
AMZN,60,2017-05-08,17:30:00,2017-05-08T17:30:00+00:00,942.740000,944.400000,942.230000,943.450000,1674,2.170000,0.063637,942.302000,938.346000,937.221500,939.874632,0.259138,60.552616,1,train
AMZN,60,2017-05-08,18:30:00,2017-05-08T18:30:00+00:00,943.570000,945.960000,943.060000,945.750000,2117,2.900000,0.243786,942.954000,939.625000,937.717500,940.942881,0.259647,57.957393,1,train
AMZN,60,2017-05-08,19:30:00,2017-05-08T19:30:00+00:00,945.740000,949.500000,945.220000,947.480000,2181,4.280000,0.182924,944.394000,941.220000,938.182500,942.131448,0.238885,76.774194,1,train
AMZN,60,2017-05-08,20:30:00,2017-05-08T20:30:00+00:00,947.250000,948.050000,947.220000,947.790000,53,0.830000,0.032718,945.464000,942.738000,938.672000,943.160276,0.242408,84.946237,1,train
AMZN,60,2017-05-09,12:30:00,2017-05-09T12:30:00+00:00,952.670000,953.000000,951.570000,952.630000,287,1.430000,0.510662,947.420000,944.598000,939.369000,944.882044,0.266163,86.573220,1,train
AMZN,60,2017-05-09,13:30:00,2017-05-09T13:30:00+00:00,952.600000,957.810000,951.220000,955.520000,4346,6.590000,0.303371,949.834000,946.068000,940.331500,946.816218,0.197397,87.801609,0,train
AMZN,60,2017-05-09,14:30:00,2017-05-09T14:30:00+00:00,955.490000,956.760000,953.370000,954.550000,2629,3.390000,-0.101515,951.594000,947.274000,941.245500,948.222360,0.213017,89.176310,0,train
AMZN,60,2017-05-09,15:30:00,2017-05-09T15:30:00+00:00,954.530000,955.330000,951.340000,953.600000,2293,3.990000,-0.099523,952.818000,948.606000,941.892000,949.200113,0.190639,85.880342,0,train
AMZN,60,2017-05-09,16:30:00,2017-05-09T16:30:00+00:00,953.630000,953.740000,950.550000,950.770000,1998,3.190000,-0.296770,953.414000,949.439000,942.762000,949.485547,0.231676,77.299413,1,train
AMZN,60,2017-05-09,17:30:00,2017-05-09T17:30:00+00:00,950.750000,952.690000,950.160000,951.550000,1808,2.530000,0.082039,953.198000,950.309000,943.795000,949.860902,0.231169,71.764706,1,train
AMZN,60,2017-05-09,18:30:00,2017-05-09T18:30:00+00:00,951.560000,952.990000,951.210000,952.860000,1790,1.780000,0.137670,952.666000,951.250000,944.798000,950.406192,0.231340,71.346233,0,train
AMZN,60,2017-05-09,19:30:00,2017-05-09T19:30:00+00:00,952.870000,952.980000,950.680000,951.800000,2065,2.300000,-0.111244,952.116000,951.855000,945.740000,950.659612,0.233971,74.891962,1,train
AMZN,60,2017-05-09,20:30:00,2017-05-09T20:30:00+00:00,952.080000,952.480000,951.480000,952.310000,8,1.000000,0.053583,951.858000,952.338000,946.779000,950.959683,0.230213,72.964169,1,train
AMZN,60,2017-05-10,12:30:00,2017-05-10T12:30:00+00:00,951.000000,953.500000,951.000000,952.690000,73,2.500000,0.039903,952.242000,952.828000,947.783000,951.274286,0.230160,72.926375,0,train
AMZN,60,2017-05-10,13:30:00,2017-05-10T13:30:00+00:00,953.340000,953.480000,944.970000,946.270000,3950,8.510000,-0.673881,951.186000,952.192000,948.395000,950.364416,0.269269,55.168622,1,train
AMZN,60,2017-05-10,14:30:00,2017-05-10T14:30:00+00:00,946.370000,950.200000,946.350000,949.760000,2913,3.850000,0.368817,950.566000,951.616000,948.842000,950.254522,0.279848,57.042501,0,train
AMZN,60,2017-05-10,15:30:00,2017-05-10T15:30:00+00:00,949.760000,950.810000,949.220000,949.570000,2164,1.590000,-0.020005,950.120000,951.118000,949.196000,950.130063,0.279695,53.880431,1,train
AMZN,60,2017-05-10,16:30:00,2017-05-10T16:30:00+00:00,949.560000,950.470000,948.980000,950.270000,1804,1.490000,0.073718,949.712000,950.785000,949.695500,950.155506,0.281778,54.538799,0,train
AMZN,60,2017-05-10,17:30:00,2017-05-10T17:30:00+00:00,950.270000,950.500000,947.750000,947.770000,1630,2.750000,-0.263083,948.728000,950.485000,949.962000,949.721778,0.278477,40.272218,1,train
AMZN,60,2017-05-10,18:30:00,2017-05-10T18:30:00+00:00,947.710000,949.360000,947.150000,948.520000,1951,2.210000,0.079133,949.178000,950.182000,950.245500,949.503273,0.278347,34.676007,0,train
AMZN,60,2017-05-10,19:30:00,2017-05-10T19:30:00+00:00,948.510000,949.090000,946.970000,947.520000,1944,2.120000,-0.105427,948.730000,949.648000,950.449000,949.142678,0.272481,34.630520,1,train
AMZN,60,2017-05-10,20:30:00,2017-05-10T20:30:00+00:00,947.490000,948.000000,946.970000,947.730000,28,1.030000,0.022163,948.362000,949.241000,950.548000,948.885827,0.272733,36.737460,0,train
AMZN,60,2017-05-11,12:30:00,2017-05-11T12:30:00+00:00,944.100000,946.950000,944.060000,945.170000,188,2.890000,-0.270119,947.342000,948.527000,950.432500,948.210222,0.279194,37.191217,0,train
AMZN,60,2017-05-11,13:30:00,2017-05-11T13:30:00+00:00,945.170000,946.970000,940.670000,942.780000,3471,6.300000,-0.252865,946.344000,947.536000,950.182000,947.222909,0.281164,31.316574,1,train
AMZN,60,2017-05-11,14:30:00,2017-05-11T14:30:00+00:00,942.760000,943.630000,941.550000,943.350000,2287,2.080000,0.060459,945.310000,947.244000,949.718000,946.518744,0.200018,29.080510,1,train
AMZN,60,2017-05-11,15:30:00,2017-05-11T15:30:00+00:00,943.430000,946.590000,943.180000,945.520000,1935,3.410000,0.230031,944.910000,946.820000,949.218000,946.337154,0.172078,36.828859,1,train
AMZN,60,2017-05-11,16:30:00,2017-05-11T16:30:00+00:00,945.530000,948.470000,945.130000,947.650000,1644,3.340000,0.225273,944.894000,946.628000,948.873000,946.575853,0.192270,40.848390,1,train
AMZN,60,2017-05-11,17:30:00,2017-05-11T17:30:00+00:00,947.670000,950.170000,947.200000,948.600000,1818,2.970000,0.100248,945.580000,946.461000,948.623000,946.943880,0.193884,42.143680,0,train
AMZN,60,2017-05-11,18:30:00,2017-05-11T18:30:00+00:00,948.600000,949.100000,946.250000,946.670000,2070,2.850000,-0.203458,946.358000,946.351000,948.418000,946.894084,0.186256,50.928505,0,train
AMZN,60,2017-05-11,19:30:00,2017-05-11T19:30:00+00:00,946.680000,948.060000,946.190000,946.190000,1750,1.870000,-0.050704,946.926000,946.118000,948.150000,946.766068,0.183748,40.366972,1,train
AMZN,60,2017-05-11,20:30:00,2017-05-11T20:30:00+00:00,946.220000,946.620000,946.220000,946.620000,4,0.400000,0.045445,947.146000,946.028000,947.838000,946.739511,0.182550,42.141716,1,train
AMZN,60,2017-05-12,12:30:00,2017-05-12T12:30:00+00:00,950.630000,953.570000,949.920000,953.420000,411,3.650000,0.718345,948.300000,946.597000,947.919000,947.954145,0.294393,56.332931,0,train
AMZN,60,2017-05-12,13:30:00,2017-05-12T13:30:00+00:00,953.430000,956.100000,951.730000,953.010000,4030,4.370000,-0.043003,949.182000,947.381000,947.954000,948.873391,0.274136,61.501317,1,train
AMZN,60,2017-05-12,14:30:00,2017-05-12T14:30:00+00:00,953.030000,957.010000,952.770000,956.820000,2991,4.240000,0.399786,951.212000,948.785000,948.160500,950.318229,0.262750,66.060372,1,train
AMZN,60,2017-05-12,15:30:00,2017-05-12T15:30:00+00:00,956.790000,960.500000,956.790000,959.170000,2944,3.710000,0.245605,953.808000,950.367000,948.805500,951.927642,0.262400,71.423317,1,train
AMZN,60,2017-05-12,16:30:00,2017-05-12T16:30:00+00:00,959.240000,960.470000,958.480000,959.200000,1880,1.990000,0.003128,956.324000,951.735000,949.277500,953.249889,0.266105,71.232877,1,train
AMZN,60,2017-05-12,17:30:00,2017-05-12T17:30:00+00:00,959.180000,961.240000,958.770000,960.660000,1893,2.470000,0.152210,957.772000,953.036000,949.832000,954.597182,0.264627,79.891934,1,train
AMZN,60,2017-05-12,18:30:00,2017-05-12T18:30:00+00:00,960.650000,962.760000,960.470000,961.740000,2401,2.290000,0.112423,959.518000,954.350000,950.405500,955.895876,0.264468,88.536585,0,train
AMZN,60,2017-05-12,19:30:00,2017-05-12T19:30:00+00:00,961.770000,962.270000,961.130000,961.340000,2110,1.140000,-0.041591,960.422000,955.817000,951.084000,956.885717,0.245523,86.819484,0,train
AMZN,60,2017-05-15,12:30:00,2017-05-15T12:30:00+00:00,962.390000,962.500000,958.090000,958.680000,493,4.410000,-0.276697,960.324000,957.066000,951.592000,957.211950,0.275096,76.404494,0,train
AMZN,60,2017-05-15,13:30:00,2017-05-15T13:30:00+00:00,958.660000,963.000000,956.050000,957.540000,4399,6.950000,-0.118914,959.992000,958.158000,952.093000,957.271596,0.285525,70.664438,1,train
AMZN,60,2017-05-15,14:30:00,2017-05-15T14:30:00+00:00,957.560000,961.050000,957.090000,959.440000,3151,3.960000,0.198425,959.748000,958.760000,952.678500,957.665851,0.197134,71.784566,0,train
AMZN,60,2017-05-15,15:30:00,2017-05-15T15:30:00+00:00,959.460000,959.710000,957.330000,958.030000,2425,2.380000,-0.146961,959.006000,959.262000,953.321500,957.732060,0.205900,73.316913,0,train
AMZN,60,2017-05-15,16:30:00,2017-05-15T16:30:00+00:00,957.990000,958.810000,956.970000,957.590000,1702,1.840000,-0.045928,958.256000,959.339000,954.062000,957.706231,0.166994,73.437500,0,train
AMZN,60,2017-05-15,17:30:00,2017-05-15T17:30:00+00:00,957.570000,958.180000,957.070000,957.420000,1595,1.110000,-0.017753,958.004000,959.164000,954.765500,957.654189,0.144662,72.443890,0,train
AMZN,60,2017-05-15,18:30:00,2017-05-15T18:30:00+00:00,957.420000,957.550000,956.020000,957.170000,1798,1.530000,-0.026112,957.930000,958.961000,955.348000,957.566154,0.144479,60.708167,1,train
AMZN,60,2017-05-15,19:30:00,2017-05-15T19:30:00+00:00,957.200000,958.380000,956.170000,957.470000,1723,2.210000,0.031342,957.536000,958.642000,955.839000,957.548672,0.132967,62.816092,1,train
AMZN,60,2017-05-15,20:30:00,2017-05-15T20:30:00+00:00,957.720000,957.790000,957.720000,957.750000,10,0.070000,0.029244,957.480000,958.243000,956.296500,957.585277,0.125223,53.352559,1,train
AMZN,60,2017-05-16,12:30:00,2017-05-16T12:30:00+00:00,959.970000,961.000000,959.970000,960.700000,178,1.030000,0.308014,958.102000,958.179000,956.998000,958.151590,0.167020,55.286800,1,train
AMZN,60,2017-05-16,13:30:00,2017-05-16T13:30:00+00:00,960.880000,968.060000,960.880000,963.740000,3992,7.180000,0.316436,959.366000,958.685000,957.875500,959.167665,0.165731,62.986270,1,train
AMZN,60,2017-05-16,14:30:00,2017-05-16T14:30:00+00:00,963.760000,966.890000,963.750000,965.720000,3273,3.140000,0.205450,961.076000,959.503000,958.830500,960.358998,0.160038,64.055556,1,train
AMZN,60,2017-05-16,15:30:00,2017-05-16T15:30:00+00:00,965.730000,968.980000,965.290000,968.870000,2651,3.690000,0.326182,963.356000,960.446000,959.603000,961.906453,0.174524,67.762830,0,train
AMZN,60,2017-05-16,16:30:00,2017-05-16T16:30:00+00:00,968.880000,969.850000,967.130000,967.750000,2301,2.720000,-0.115599,965.356000,961.418000,960.340000,962.968916,0.169852,65.416065,0,train
AMZN,60,2017-05-16,17:30:00,2017-05-16T17:30:00+00:00,967.770000,968.400000,965.480000,966.290000,2075,2.920000,-0.150865,966.474000,962.288000,960.813500,963.572750,0.182702,69.423175,1,train
AMZN,60,2017-05-16,18:30:00,2017-05-16T18:30:00+00:00,966.290000,967.790000,966.270000,966.540000,2242,1.520000,0.025872,967.034000,963.200000,961.182000,964.112250,0.180332,74.064171,0,train
AMZN,60,2017-05-16,19:30:00,2017-05-16T19:30:00+00:00,966.510000,966.960000,965.220000,965.370000,2152,1.740000,-0.121050,966.964000,964.020000,961.490500,964.340932,0.189674,66.499722,1,train
AMZN,60,2017-05-16,20:30:00,2017-05-16T20:30:00+00:00,965.370000,965.470000,965.340000,965.440000,29,0.130000,0.007251,966.278000,964.817000,961.729500,964.540762,0.190589,72.279014,0,train
AMZN,60,2017-05-17,12:30:00,2017-05-17T12:30:00+00:00,959.970000,960.000000,952.770000,954.110000,517,7.230000,-1.173558,963.550000,964.453000,961.348000,962.644260,0.442030,43.677326,1,train
AMZN,60,2017-05-17,13:30:00,2017-05-17T13:30:00+00:00,954.100000,960.230000,952.960000,958.250000,4354,7.270000,0.433912,961.942000,964.208000,961.193500,961.845304,0.454570,51.317879,0,train
AMZN,60,2017-05-17,14:30:00,2017-05-17T14:30:00+00:00,958.240000,959.010000,951.090000,954.560000,4166,7.920000,-0.385077,959.546000,963.290000,960.987500,960.520703,0.450202,46.263956,1,train
AMZN,60,2017-05-17,15:30:00,2017-05-17T15:30:00+00:00,954.560000,956.420000,953.180000,955.220000,3128,3.240000,0.069142,957.516000,962.240000,960.871500,959.556939,0.442093,46.812128,1,train
AMZN,60,2017-05-17,16:30:00,2017-05-17T16:30:00+00:00,955.230000,958.880000,953.500000,956.070000,2609,5.380000,0.088985,955.642000,960.960000,960.703000,958.922950,0.422098,47.657557,0,train
AMZN,60,2017-05-17,17:30:00,2017-05-17T17:30:00+00:00,956.070000,956.410000,952.000000,952.050000,2960,4.410000,-0.420471,955.230000,959.390000,960.404000,957.673323,0.431675,38.288654,0,train
AMZN,60,2017-05-17,18:30:00,2017-05-17T18:30:00+00:00,952.070000,952.550000,945.620000,948.710000,4227,6.930000,-0.350822,953.322000,957.632000,959.960000,956.043628,0.435684,29.814666,0,train
AMZN,60,2017-05-17,19:30:00,2017-05-17T19:30:00+00:00,948.700000,949.550000,943.990000,945.000000,3148,5.560000,-0.391057,951.410000,955.478000,959.339000,954.035695,0.433463,23.408624,1,train
AMZN,60,2017-05-17,20:30:00,2017-05-17T20:30:00+00:00,944.990000,945.270000,944.970000,945.050000,41,0.300000,0.005291,949.376000,953.446000,958.733000,952.401933,0.438617,16.787507,0,train
AMZN,60,2017-05-18,12:30:00,2017-05-18T12:30:00+00:00,942.970000,947.100000,942.280000,944.800000,435,4.820000,-0.026454,947.122000,951.382000,958.099500,951.019763,0.436874,17.204916,1,train
AMZN,60,2017-05-18,13:30:00,2017-05-18T13:30:00+00:00,944.780000,959.510000,943.790000,956.520000,5368,15.720000,1.240474,948.016000,951.623000,958.038000,952.019806,0.509313,39.204420,0,train
AMZN,60,2017-05-18,14:30:00,2017-05-18T14:30:00+00:00,956.520000,958.080000,954.270000,956.160000,3081,3.810000,-0.037636,949.506000,951.414000,957.811000,952.772569,0.488807,38.558201,0,train
AMZN,60,2017-05-18,15:30:00,2017-05-18T15:30:00+00:00,956.180000,956.410000,951.090000,953.920000,2896,5.320000,-0.234270,951.290000,951.350000,957.320000,952.981193,0.478537,37.669610,1,train
AMZN,60,2017-05-18,16:30:00,2017-05-18T16:30:00+00:00,953.910000,956.220000,953.710000,955.400000,2059,2.510000,0.155149,953.360000,951.368000,956.804000,953.420976,0.480799,39.506689,1,train
AMZN,60,2017-05-18,17:30:00,2017-05-18T17:30:00+00:00,955.280000,961.480000,955.190000,960.360000,2625,6.290000,0.519154,956.472000,951.797000,956.378500,954.682616,0.507838,57.535568,0,train
AMZN,60,2017-05-18,18:30:00,2017-05-18T18:30:00+00:00,960.330000,962.480000,958.850000,959.290000,2720,3.630000,-0.111417,957.026000,952.521000,955.955500,955.520323,0.485199,51.354167,0,train
AMZN,60,2017-05-18,19:30:00,2017-05-18T19:30:00+00:00,959.290000,960.720000,957.970000,958.510000,2448,2.750000,-0.081310,957.496000,953.501000,955.566500,956.063900,0.465906,55.564948,0,train
AMZN,60,2017-05-18,20:30:00,2017-05-18T20:30:00+00:00,958.000000,958.500000,958.000000,958.500000,12,0.500000,-0.001043,958.412000,954.851000,955.164500,956.506828,0.435191,54.707233,1,train
AMZN,60,2017-05-19,12:30:00,2017-05-19T12:30:00+00:00,963.300000,965.400000,960.990000,962.250000,166,4.410000,0.391236,959.782000,956.571000,955.008500,957.551041,0.438741,58.187599,1,train
AMZN,60,2017-05-19,13:30:00,2017-05-19T13:30:00+00:00,962.230000,967.970000,962.220000,966.120000,4043,5.750000,0.402182,960.934000,958.703000,955.042500,959.109033,0.437114,68.715084,1,train
AMZN,60,2017-05-19,14:30:00,2017-05-19T14:30:00+00:00,966.120000,968.830000,965.770000,967.060000,3219,3.060000,0.097296,962.488000,959.757000,955.690000,960.554664,0.252178,76.072748,0,train
AMZN,60,2017-05-19,15:30:00,2017-05-19T15:30:00+00:00,967.110000,967.170000,965.240000,965.510000,2234,1.930000,-0.160280,963.888000,960.692000,956.053000,961.455634,0.262907,81.047533,1,train
AMZN,60,2017-05-19,16:30:00,2017-05-19T16:30:00+00:00,965.540000,968.300000,965.430000,967.680000,2044,2.870000,0.224752,965.724000,962.068000,956.709000,962.587337,0.237341,82.190612,0,train
AMZN,60,2017-05-19,17:30:00,2017-05-19T17:30:00+00:00,967.750000,968.090000,966.380000,967.260000,2051,1.710000,-0.043403,966.726000,963.254000,957.311000,963.436912,0.244463,81.795017,0,train
AMZN,60,2017-05-19,18:30:00,2017-05-19T18:30:00+00:00,967.230000,967.710000,961.420000,963.420000,3221,6.290000,-0.396998,966.186000,963.560000,957.678500,963.433837,0.251374,62.572886,0,train
AMZN,60,2017-05-19,19:30:00,2017-05-19T19:30:00+00:00,963.390000,964.050000,959.710000,959.710000,2395,4.340000,-0.385086,964.716000,963.602000,958.061500,962.756776,0.281791,55.764859,1,train
AMZN,60,2017-05-22,12:30:00,2017-05-22T12:30:00+00:00,961.470000,963.870000,961.470000,963.590000,381,2.400000,0.404289,964.332000,964.110000,958.805500,962.908271,0.306107,64.909035,1,train
AMZN,60,2017-05-22,13:30:00,2017-05-22T13:30:00+00:00,961.970000,970.600000,961.970000,967.780000,3980,8.630000,0.434832,964.352000,965.038000,959.944500,963.794040,0.327776,67.615253,1,train
AMZN,60,2017-05-22,14:30:00,2017-05-22T14:30:00+00:00,967.590000,969.700000,967.570000,969.510000,2598,2.130000,0.178760,964.802000,965.764000,961.167500,964.833305,0.313135,64.337198,1,train
AMZN,60,2017-05-22,15:30:00,2017-05-22T15:30:00+00:00,969.510000,970.680000,968.380000,970.060000,2189,2.300000,0.056730,966.130000,966.158000,962.430500,965.783614,0.291409,67.155145,0,train
AMZN,60,2017-05-22,16:30:00,2017-05-22T16:30:00+00:00,970.070000,970.290000,968.380000,968.770000,1999,1.910000,-0.132981,967.942000,966.329000,963.043000,966.326593,0.295543,66.081505,1,train
AMZN,60,2017-05-22,17:30:00,2017-05-22T17:30:00+00:00,968.770000,969.110000,967.360000,968.880000,2004,1.750000,0.011355,969.000000,966.666000,963.679000,966.790849,0.288945,66.218750,1,train
AMZN,60,2017-05-22,18:30:00,2017-05-22T18:30:00+00:00,968.880000,969.390000,968.040000,969.210000,2167,1.350000,0.034060,969.286000,966.819000,964.443500,967.230694,0.281237,62.176347,1,train
AMZN,60,2017-05-22,19:30:00,2017-05-22T19:30:00+00:00,969.220000,971.310000,968.790000,970.990000,2085,2.520000,0.183655,969.582000,967.192000,965.223000,967.914205,0.285034,59.192148,1,train
AMZN,60,2017-05-22,20:30:00,2017-05-22T20:30:00+00:00,970.540000,972.550000,970.520000,971.050000,30,2.030000,0.006179,969.780000,967.955000,965.757500,968.484349,0.241762,57.789926,1,train
AMZN,60,2017-05-23,12:30:00,2017-05-23T12:30:00+00:00,974.650000,975.020000,973.970000,974.990000,195,1.050000,0.405746,971.024000,969.483000,966.542500,969.667195,0.198495,66.928571,0,train
AMZN,60,2017-05-23,13:30:00,2017-05-23T13:30:00+00:00,975.000000,975.000000,966.640000,970.430000,3394,8.360000,-0.467697,971.334000,970.167000,967.138500,969.805887,0.260312,54.524515,1,train
AMZN,60,2017-05-23,14:30:00,2017-05-23T14:30:00+00:00,970.410000,973.060000,970.110000,972.960000,1949,2.950000,0.260709,972.084000,970.685000,967.861500,970.379362,0.238157,58.769231,0,train
AMZN,60,2017-05-23,15:30:00,2017-05-23T15:30:00+00:00,972.940000,973.530000,968.460000,968.460000,2106,5.070000,-0.462506,971.578000,970.580000,968.172000,970.030387,0.282865,57.599517,1,train
AMZN,60,2017-05-23,16:30:00,2017-05-23T16:30:00+00:00,968.490000,969.800000,967.730000,969.120000,2017,2.070000,0.068149,971.192000,970.486000,968.322000,969.864862,0.283189,65.626038,1,train
AMZN,60,2017-05-23,17:30:00,2017-05-23T17:30:00+00:00,969.110000,970.000000,967.720000,969.650000,1566,2.280000,0.054689,970.124000,970.574000,968.451500,969.825796,0.280288,61.322870,1,train
AMZN,60,2017-05-23,18:30:00,2017-05-23T18:30:00+00:00,969.620000,972.360000,969.570000,969.710000,1814,2.790000,0.006188,969.980000,970.657000,968.661500,969.804742,0.280289,54.264251,1,train
AMZN,60,2017-05-23,19:30:00,2017-05-23T19:30:00+00:00,969.750000,972.000000,968.890000,971.480000,1578,3.110000,0.182529,969.684000,970.884000,968.851500,970.109335,0.285650,54.344949,0,train
AMZN,60,2017-05-23,20:30:00,2017-05-23T20:30:00+00:00,971.490000,971.760000,971.380000,971.400000,15,0.380000,-0.008235,970.272000,970.925000,969.058500,970.344001,0.280107,53.018018,1,train
AMZN,60,2017-05-24,12:30:00,2017-05-24T12:30:00+00:00,972.500000,975.550000,972.470000,975.550000,128,3.080000,0.427218,971.558000,971.375000,969.665000,971.290546,0.310383,63.527534,0,train
AMZN,60,2017-05-24,13:30:00,2017-05-24T13:30:00+00:00,975.520000,975.550000,970.170000,974.200000,2464,5.380000,-0.138383,972.468000,971.296000,970.389500,971.819538,0.287276,60.114068,0,train
AMZN,60,2017-05-24,14:30:00,2017-05-24T14:30:00+00:00,974.200000,974.890000,970.720000,973.320000,1919,4.170000,-0.090331,973.190000,971.585000,970.876000,972.092349,0.241238,57.653631,1,train
AMZN,60,2017-05-24,15:30:00,2017-05-24T15:30:00+00:00,973.330000,974.230000,971.970000,974.130000,1410,2.260000,0.083220,973.720000,971.702000,971.193500,972.462831,0.228575,56.066461,1,train
AMZN,60,2017-05-24,16:30:00,2017-05-24T16:30:00+00:00,974.160000,974.890000,973.190000,974.680000,1230,1.700000,0.056461,974.376000,972.324000,971.452000,972.865953,0.156292,56.882821,1,train
AMZN,60,2017-05-24,17:30:00,2017-05-24T17:30:00+00:00,974.700000,977.050000,974.500000,976.870000,1993,2.550000,0.224689,974.640000,973.099000,971.792500,973.593961,0.164367,53.818034,1,train
AMZN,60,2017-05-24,18:30:00,2017-05-24T18:30:00+00:00,976.840000,977.840000,975.930000,977.800000,1887,1.910000,0.095202,975.360000,973.914000,972.244000,974.358696,0.164179,67.555979,1,train
AMZN,60,2017-05-24,19:30:00,2017-05-24T19:30:00+00:00,977.790000,980.880000,977.790000,980.490000,2012,3.090000,0.275107,976.794000,974.992000,972.824500,975.473478,0.171887,67.801418,1,train
AMZN,60,2017-05-24,20:30:00,2017-05-24T20:30:00+00:00,980.500000,980.650000,980.080000,980.650000,26,0.570000,0.016318,978.098000,975.909000,973.396500,976.414664,0.172210,86.258180,1,train
AMZN,60,2017-05-25,12:30:00,2017-05-25T12:30:00+00:00,983.380000,984.510000,983.360000,984.210000,176,1.150000,0.363025,980.004000,977.190000,974.057500,977.831998,0.187069,88.280061,1,train
AMZN,60,2017-05-25,13:30:00,2017-05-25T13:30:00+00:00,984.210000,989.000000,982.130000,988.640000,3787,6.870000,0.450107,982.358000,978.499000,974.937000,979.797089,0.191187,90.216010,1,train
AMZN,60,2017-05-25,14:30:00,2017-05-25T14:30:00+00:00,988.660000,998.080000,988.650000,997.470000,3961,9.430000,0.893146,986.292000,980.826000,976.061000,983.010346,0.283945,92.865967,1,train
AMZN,60,2017-05-25,15:30:00,2017-05-25T15:30:00+00:00,997.650000,998.400000,993.230000,998.160000,3220,5.170000,0.069175,989.826000,983.310000,977.447500,985.764828,0.267539,92.619808,0,train
AMZN,60,2017-05-25,16:30:00,2017-05-25T16:30:00+00:00,998.160000,998.880000,997.170000,997.400000,2142,1.710000,-0.076140,993.176000,985.637000,978.669500,987.880314,0.283049,90.650407,0,train
AMZN,60,2017-05-25,17:30:00,2017-05-25T17:30:00+00:00,997.380000,998.160000,995.900000,997.300000,2488,2.260000,-0.010026,995.794000,987.899000,980.111500,989.592984,0.288482,88.936627,0,train
AMZN,60,2017-05-25,18:30:00,2017-05-25T18:30:00+00:00,997.250000,997.560000,993.090000,993.500000,2916,4.470000,-0.381029,996.766000,989.562000,981.330500,990.303351,0.347325,81.764319,0,train
AMZN,60,2017-05-25,19:30:00,2017-05-25T19:30:00+00:00,993.500000,996.170000,991.750000,993.500000,2443,4.420000,0.000000,995.972000,991.132000,982.523000,990.884560,0.350874,84.203390,1,train
AMZN,60,2017-05-25,20:30:00,2017-05-25T20:30:00+00:00,993.470000,994.000000,993.470000,994.000000,17,0.530000,0.050327,995.140000,992.483000,983.737500,991.451003,0.349877,84.035629,1,train
AMZN,60,2017-05-26,12:30:00,2017-05-26T12:30:00+00:00,991.970000,995.800000,991.770000,994.390000,307,4.030000,0.039235,994.538000,993.857000,984.883000,991.985366,0.349069,83.947640,1,train
AMZN,60,2017-05-26,13:30:00,2017-05-26T13:30:00+00:00,994.400000,998.570000,991.250000,996.570000,3769,7.320000,0.219230,994.392000,995.093000,986.141500,992.818936,0.341735,83.942109,0,train
AMZN,60,2017-05-26,14:30:00,2017-05-26T14:30:00+00:00,996.540000,997.840000,993.180000,994.250000,2693,4.660000,-0.232798,994.542000,995.654000,987.076500,993.079130,0.337851,77.047024,0,train
AMZN,60,2017-05-26,15:30:00,2017-05-26T15:30:00+00:00,994.110000,995.230000,992.190000,993.280000,2142,3.040000,-0.097561,994.498000,995.235000,988.030500,993.115651,0.168030,72.289997,0,train
AMZN,60,2017-05-26,16:30:00,2017-05-26T16:30:00+00:00,993.280000,993.840000,991.250000,991.970000,1697,2.590000,-0.131886,994.092000,994.616000,988.963000,992.907351,0.165261,68.967828,1,train
AMZN,60,2017-05-26,17:30:00,2017-05-26T17:30:00+00:00,992.000000,992.710000,989.280000,992.710000,1857,3.430000,0.074599,993.756000,994.147000,989.892000,992.871469,0.170622,65.729090,0,train
AMZN,60,2017-05-26,18:30:00,2017-05-26T18:30:00+00:00,992.690000,994.710000,992.330000,992.530000,1916,2.380000,-0.018132,992.948000,993.670000,990.784500,992.809384,0.170447,58.541941,1,train
AMZN,60,2017-05-26,19:30:00,2017-05-26T19:30:00+00:00,992.540000,995.680000,992.510000,995.420000,1576,3.170000,0.291175,993.182000,993.862000,991.712000,993.284041,0.156399,43.909685,1,train
AMZN,60,2017-05-30,12:30:00,2017-05-30T12:30:00+00:00,997.090000,998.500000,996.510000,996.540000,226,1.990000,0.112515,993.834000,994.166000,992.649000,993.876034,0.158875,45.307068,1,train
AMZN,60,2017-05-30,13:30:00,2017-05-30T13:30:00+00:00,996.540000,1001.000000,996.080000,996.900000,4013,4.920000,0.036125,994.820000,994.456000,993.469500,994.425846,0.158743,48.517200,1,train
AMZN,60,2017-05-30,14:30:00,2017-05-30T14:30:00+00:00,996.910000,999.100000,995.440000,998.270000,2845,3.660000,0.137426,995.932000,994.844000,994.350500,995.124783,0.162423,52.675124,0,train
AMZN,60,2017-05-30,15:30:00,2017-05-30T15:30:00+00:00,998.300000,999.140000,996.320000,997.510000,2838,2.820000,-0.076132,996.928000,994.938000,995.015500,995.558459,0.152579,63.286945,1,train
AMZN,60,2017-05-30,16:30:00,2017-05-30T16:30:00+00:00,997.530000,999.910000,997.530000,997.930000,2730,2.380000,0.042105,997.430000,995.306000,995.480000,995.989648,0.126623,64.281109,1,train
AMZN,60,2017-05-30,17:30:00,2017-05-30T17:30:00+00:00,997.850000,999.030000,997.480000,998.400000,2205,1.550000,0.047097,997.802000,995.818000,995.526500,996.427894,0.117472,64.211886,0,train
AMZN,60,2017-05-30,18:30:00,2017-05-30T18:30:00+00:00,998.410000,998.990000,997.580000,997.800000,2409,1.410000,-0.060096,997.982000,996.401000,995.508500,996.677368,0.106722,60.866794,0,train
AMZN,60,2017-05-30,19:30:00,2017-05-30T19:30:00+00:00,997.780000,998.270000,995.490000,996.010000,2214,2.780000,-0.179395,997.530000,996.731000,995.439000,996.556028,0.130160,48.169935,1,train
AMZN,60,2017-05-30,20:30:00,2017-05-30T20:30:00+00:00,996.020000,996.150000,995.990000,996.150000,14,0.160000,0.014056,997.258000,997.093000,995.381500,996.482205,0.129142,57.240854,1,train
AMZN,60,2017-05-31,12:30:00,2017-05-31T12:30:00+00:00,999.110000,1000.490000,999.080000,999.500000,192,1.410000,0.336295,997.572000,997.501000,995.681500,997.030895,0.139409,70.064516,0,train
AMZN,60,2017-05-31,13:30:00,2017-05-31T13:30:00+00:00,999.500000,1000.060000,982.480000,989.510000,4924,17.580000,-0.999500,995.794000,996.798000,995.482000,995.663459,0.354147,44.913151,1,train
AMZN,60,2017-05-31,14:30:00,2017-05-31T14:30:00+00:00,989.500000,994.270000,987.980000,992.210000,3079,6.290000,0.272862,994.676000,996.329000,995.392500,995.035558,0.369619,49.043611,0,train
AMZN,60,2017-05-31,15:30:00,2017-05-31T15:30:00+00:00,992.190000,994.000000,990.490000,991.860000,2272,3.510000,-0.035275,993.846000,995.688000,995.266000,994.458184,0.364062,48.726720,1,train
AMZN,60,2017-05-31,16:30:00,2017-05-31T16:30:00+00:00,991.870000,993.120000,990.830000,992.510000,1898,2.290000,0.065533,993.118000,995.188000,995.063000,994.103968,0.366278,43.955131,0,train
AMZN,60,2017-05-31,17:30:00,2017-05-31T17:30:00+00:00,992.530000,992.990000,989.220000,990.360000,2084,3.770000,-0.216623,991.290000,994.431000,994.868500,993.423247,0.368211,37.689243,1,train
AMZN,60,2017-05-31,18:30:00,2017-05-31T18:30:00+00:00,990.360000,994.050000,989.310000,993.710000,2617,4.740000,0.338261,992.130000,993.962000,994.890000,993.475384,0.389858,44.321823,1,train
AMZN,60,2017-05-31,19:30:00,2017-05-31T19:30:00+00:00,993.680000,996.000000,993.000000,994.800000,1943,3.000000,0.109690,992.648000,993.662000,995.031500,993.716223,0.392880,43.761237,0,train
AMZN,60,2017-05-31,20:30:00,2017-05-31T20:30:00+00:00,994.770000,995.000000,994.670000,994.700000,23,0.330000,-0.010052,993.216000,993.531000,995.131000,993.895092,0.389331,44.825046,1,train
AMZN,60,2017-06-01,12:30:00,2017-06-01T12:30:00+00:00,996.540000,998.710000,996.220000,998.600000,283,2.490000,0.392078,994.434000,993.776000,995.434500,994.750530,0.409997,51.093699,0,train
AMZN,60,2017-06-01,13:30:00,2017-06-01T13:30:00+00:00,998.470000,998.510000,991.350000,992.530000,3679,7.160000,-0.607851,994.868000,993.079000,995.290000,994.346797,0.438171,41.898979,1,train
AMZN,60,2017-06-01,14:30:00,2017-06-01T14:30:00+00:00,992.740000,995.870000,992.060000,995.850000,2091,3.810000,0.334499,995.296000,993.713000,995.255500,994.620107,0.306813,47.496791,0,train
AMZN,60,2017-06-01,15:30:00,2017-06-01T15:30:00+00:00,995.830000,996.800000,994.980000,995.430000,1828,1.820000,-0.042175,995.422000,994.035000,995.182000,994.767360,0.299097,49.228313,0,train
AMZN,60,2017-06-01,16:30:00,2017-06-01T16:30:00+00:00,995.460000,996.920000,994.380000,994.970000,1547,2.540000,-0.046211,995.476000,994.346000,995.017000,994.804204,0.299393,48.443272,1,train
AMZN,60,2017-06-01,17:30:00,2017-06-01T17:30:00+00:00,994.980000,995.930000,993.490000,995.410000,1416,2.440000,0.044222,994.838000,994.636000,994.912000,994.914348,0.299201,44.155473,0,train
AMZN,60,2017-06-01,18:30:00,2017-06-01T18:30:00+00:00,995.240000,995.400000,993.070000,993.260000,1667,2.330000,-0.215991,994.984000,994.926000,994.678500,994.613558,0.299144,56.906077,1,train
AMZN,60,2017-06-01,19:30:00,2017-06-01T19:30:00+00:00,993.280000,996.410000,993.110000,996.080000,1939,3.300000,0.283914,995.030000,995.163000,994.562500,994.880184,0.293352,57.095710,1,train
AMZN,60,2017-06-01,20:30:00,2017-06-01T20:30:00+00:00,996.100000,996.480000,996.100000,996.100000,8,0.380000,0.002008,995.164000,995.293000,994.477500,995.101968,0.291838,57.869339,1,train
AMZN,60,2017-06-02,12:30:00,2017-06-02T12:30:00+00:00,998.650000,998.650000,996.270000,998.130000,394,2.380000,0.203795,995.796000,995.636000,994.583500,995.652520,0.297701,59.922316,1,train
AMZN,60,2017-06-02,13:30:00,2017-06-02T13:30:00+00:00,998.400000,1003.630000,995.650000,1002.970000,4469,7.980000,0.484907,997.308000,996.073000,994.924500,996.982971,0.311219,70.332151,0,train
AMZN,60,2017-06-02,14:30:00,2017-06-02T14:30:00+00:00,1002.970000,1003.700000,1000.780000,1002.840000,2679,2.920000,-0.012962,999.224000,997.104000,995.091500,998.047885,0.214612,66.426772,1,train
AMZN,60,2017-06-02,15:30:00,2017-06-02T15:30:00+00:00,1002.880000,1007.170000,1002.570000,1005.970000,3307,4.600000,0.312114,1001.202000,998.116000,995.914500,999.488270,0.212038,68.722762,1,train
AMZN,60,2017-06-02,16:30:00,2017-06-02T16:30:00+00:00,1005.970000,1007.700000,1005.040000,1007.500000,2536,2.660000,0.152092,1003.482000,999.323000,996.679000,1000.944948,0.206246,70.473448,0,train
AMZN,60,2017-06-02,17:30:00,2017-06-02T17:30:00+00:00,1007.470000,1008.220000,1004.480000,1004.490000,2688,3.740000,-0.298759,1004.754000,1000.275000,997.310500,1001.589503,0.241429,59.697069,1,train
AMZN,60,2017-06-02,18:30:00,2017-06-02T18:30:00+00:00,1004.500000,1006.210000,1004.490000,1004.780000,2578,1.720000,0.028870,1005.116000,1001.212000,997.924000,1002.169593,0.241840,74.908499,1,train
AMZN,60,2017-06-02,19:30:00,2017-06-02T19:30:00+00:00,1004.750000,1006.530000,1004.750000,1006.200000,2178,1.780000,0.141324,1005.788000,1002.506000,998.716000,1002.902394,0.215962,72.807404,1,train
AMZN,60,2017-06-05,12:30:00,2017-06-05T12:30:00+00:00,1005.590000,1007.220000,1003.870000,1007.190000,269,3.350000,0.098390,1006.032000,1003.617000,999.390000,1003.681959,0.209105,75.279450,1,train
AMZN,60,2017-06-05,13:30:00,2017-06-05T13:30:00+00:00,1007.970000,1009.250000,1003.480000,1009.090000,3235,5.770000,0.188644,1006.350000,1004.916000,1000.104500,1004.665239,0.206592,78.582996,1,train
AMZN,60,2017-06-05,14:30:00,2017-06-05T14:30:00+00:00,1009.130000,1012.440000,1009.100000,1009.950000,2511,3.340000,0.085225,1007.442000,1006.098000,1000.867000,1005.626105,0.205275,78.941083,1,train
AMZN,60,2017-06-05,15:30:00,2017-06-05T15:30:00+00:00,1009.890000,1012.170000,1009.870000,1011.070000,1616,2.300000,0.110897,1008.700000,1006.908000,1001.490500,1006.615904,0.160094,86.965546,1,train
AMZN,60,2017-06-05,16:30:00,2017-06-05T16:30:00+00:00,1011.200000,1012.000000,1009.990000,1011.770000,1558,2.010000,0.069234,1009.814000,1007.801000,1002.452500,1007.553012,0.156834,85.707783,1,train
AMZN,60,2017-06-05,17:30:00,2017-06-05T17:30:00+00:00,1011.740000,1012.720000,1010.980000,1012.440000,1605,1.740000,0.066221,1010.864000,1008.448000,1003.282000,1008.441556,0.135797,86.118479,1,train
AMZN,60,2017-06-05,18:30:00,2017-06-05T18:30:00+00:00,1012.400000,1013.110000,1011.470000,1012.450000,1873,1.640000,0.000988,1011.536000,1008.943000,1004.133000,1009.170364,0.133317,84.757282,0,train
AMZN,60,2017-06-05,19:30:00,2017-06-05T19:30:00+00:00,1012.450000,1012.870000,1010.470000,1010.970000,1722,2.400000,-0.146180,1011.740000,1009.591000,1004.933000,1009.497570,0.091140,73.201856,1,train
AMZN,60,2017-06-05,20:30:00,2017-06-05T20:30:00+00:00,1010.990000,1010.990000,1010.960000,1010.990000,5,0.030000,0.001978,1011.724000,1010.212000,1005.712000,1009.768921,0.092687,73.788675,1,train
AMZN,60,2017-06-06,12:30:00,2017-06-06T12:30:00+00:00,1008.300000,1011.830000,1007.970000,1011.830000,242,3.860000,0.083087,1011.736000,1010.775000,1006.640500,1010.143663,0.088878,69.743935,1,train
AMZN,60,2017-06-06,13:30:00,2017-06-06T13:30:00+00:00,1011.840000,1016.160000,1008.750000,1013.800000,3294,7.410000,0.194697,1012.008000,1011.436000,1007.526500,1010.808451,0.098677,70.615183,0,train
AMZN,60,2017-06-06,14:30:00,2017-06-06T14:30:00+00:00,1013.800000,1014.800000,1008.830000,1010.280000,2384,5.970000,-0.347209,1011.574000,1011.555000,1008.235500,1010.712369,0.154223,68.334389,1,train
AMZN,60,2017-06-06,15:30:00,2017-06-06T15:30:00+00:00,1010.280000,1013.000000,1009.540000,1013.000000,1964,3.460000,0.269232,1011.980000,1011.860000,1008.979000,1011.128302,0.173693,72.557629,0,train
AMZN,60,2017-06-06,16:30:00,2017-06-06T16:30:00+00:00,1013.010000,1013.470000,1010.780000,1012.040000,1575,2.690000,-0.094768,1012.190000,1011.957000,1009.432500,1011.294065,0.175257,66.441441,1,train
AMZN,60,2017-06-06,17:30:00,2017-06-06T17:30:00+00:00,1012.050000,1012.960000,1011.240000,1012.250000,1645,1.720000,0.020750,1012.274000,1012.005000,1009.903000,1011.467872,0.174095,64.899882,0,train
AMZN,60,2017-06-06,18:30:00,2017-06-06T18:30:00+00:00,1012.260000,1012.630000,1004.030000,1005.190000,2546,8.600000,-0.697456,1010.552000,1011.280000,1009.864000,1010.326440,0.279677,41.192412,0,train
AMZN,60,2017-06-06,19:30:00,2017-06-06T19:30:00+00:00,1005.160000,1005.510000,1001.200000,1003.110000,2617,4.310000,-0.206926,1009.118000,1010.346000,1009.644500,1009.014360,0.281414,35.359589,0,train
AMZN,60,2017-06-06,20:30:00,2017-06-06T20:30:00+00:00,1003.100000,1003.270000,1002.490000,1003.000000,39,0.780000,-0.010966,1007.118000,1009.549000,1009.570000,1007.920840,0.281784,31.946309,1,train
AMZN,60,2017-06-07,12:30:00,2017-06-07T12:30:00+00:00,1006.100000,1007.240000,1004.720000,1005.430000,446,2.520000,0.242273,1005.796000,1008.993000,1009.602500,1007.467960,0.299145,36.835548,1,train
AMZN,60,2017-06-07,13:30:00,2017-06-07T13:30:00+00:00,1005.430000,1008.810000,1001.970000,1007.520000,3622,6.840000,0.207871,1004.850000,1008.562000,1009.668500,1007.477422,0.308004,40.352941,0,train
AMZN,60,2017-06-07,14:30:00,2017-06-07T14:30:00+00:00,1007.490000,1008.820000,1005.170000,1005.560000,2557,3.650000,-0.194537,1004.924000,1007.738000,1009.587000,1007.128800,0.299202,37.449909,1,train
AMZN,60,2017-06-07,15:30:00,2017-06-07T15:30:00+00:00,1005.600000,1007.620000,1005.580000,1006.810000,1863,2.040000,0.124309,1005.664000,1007.391000,1009.473000,1007.070836,0.289619,42.358560,0,train
AMZN,60,2017-06-07,16:30:00,2017-06-07T16:30:00+00:00,1006.830000,1006.910000,1002.610000,1006.110000,2127,4.300000,-0.069527,1006.286000,1006.702000,1009.281000,1006.896139,0.269306,41.254480,1,train
AMZN,60,2017-06-07,17:30:00,2017-06-07T17:30:00+00:00,1006.090000,1009.970000,1005.040000,1007.690000,1826,4.930000,0.157040,1006.738000,1006.267000,1009.112000,1007.040477,0.278142,42.772346,1,train
AMZN,60,2017-06-07,18:30:00,2017-06-07T18:30:00+00:00,1007.710000,1008.720000,1006.850000,1007.700000,1932,1.870000,0.000992,1006.774000,1005.812000,1008.908500,1007.160390,0.277711,38.568216,1,train
AMZN,60,2017-06-07,19:30:00,2017-06-07T19:30:00+00:00,1007.700000,1010.340000,1007.550000,1010.070000,1882,2.790000,0.235189,1007.676000,1006.300000,1008.790000,1007.689410,0.169758,49.588719,0,train
AMZN,60,2017-06-07,20:30:00,2017-06-07T20:30:00+00:00,1010.070000,1010.070000,1008.470000,1008.500000,27,1.600000,-0.155435,1008.014000,1006.839000,1008.592500,1007.836790,0.161739,40.771124,1,train
AMZN,60,2017-06-08,12:30:00,2017-06-08T12:30:00+00:00,1011.280000,1014.020000,1011.270000,1011.300000,300,2.750000,0.277640,1009.052000,1007.669000,1008.609000,1008.466465,0.174184,48.588863,0,train
AMZN,60,2017-06-08,13:30:00,2017-06-08T13:30:00+00:00,1011.290000,1013.310000,1006.260000,1008.210000,4268,7.050000,-0.305547,1009.156000,1007.947000,1008.470000,1008.419835,0.202263,43.058419,1,train
AMZN,60,2017-06-08,14:30:00,2017-06-08T14:30:00+00:00,1008.210000,1010.880000,1007.970000,1009.130000,2947,2.910000,0.091251,1009.442000,1008.108000,1008.335000,1008.548956,0.193917,58.580139,0,train
AMZN,60,2017-06-08,15:30:00,2017-06-08T15:30:00+00:00,1009.100000,1009.990000,1008.450000,1008.810000,2001,1.540000,-0.031710,1009.190000,1008.433000,1008.085500,1008.596418,0.180643,63.443396,1,train
AMZN,60,2017-06-08,16:30:00,2017-06-08T16:30:00+00:00,1008.760000,1010.510000,1008.220000,1009.390000,1898,2.290000,0.057493,1009.368000,1008.691000,1008.041000,1008.740706,0.178084,64.743886,0,train
AMZN,60,2017-06-08,17:30:00,2017-06-08T17:30:00+00:00,1009.360000,1010.060000,1008.380000,1008.500000,1378,1.680000,-0.088172,1008.808000,1008.930000,1007.816000,1008.696941,0.179286,57.625435,1,train
AMZN,60,2017-06-08,18:30:00,2017-06-08T18:30:00+00:00,1008.490000,1009.220000,1007.590000,1009.200000,1692,1.630000,0.069410,1009.006000,1009.081000,1007.674000,1008.788406,0.174121,54.482391,1,train
AMZN,60,2017-06-08,19:30:00,2017-06-08T19:30:00+00:00,1009.190000,1010.610000,1007.990000,1009.970000,1851,2.620000,0.076298,1009.174000,1009.308000,1007.560000,1009.003242,0.175069,62.564103,0,train
AMZN,60,2017-06-08,20:30:00,2017-06-08T20:30:00+00:00,1009.990000,1010.200000,1009.950000,1009.950000,16,0.250000,-0.001980,1009.402000,1009.296000,1007.798000,1009.175380,0.158341,59.620098,1,train
AMZN,60,2017-06-09,12:30:00,2017-06-09T12:30:00+00:00,1010.750000,1012.480000,1010.180000,1012.480000,113,2.300000,0.250507,1010.020000,1009.694000,1008.266500,1009.776220,0.166211,67.548209,0,train
AMZN,60,2017-06-09,13:30:00,2017-06-09T13:30:00+00:00,1012.480000,1012.500000,1008.660000,1010.500000,2889,3.840000,-0.195559,1010.420000,1009.614000,1008.641500,1009.907816,0.158045,57.574124,0,train
AMZN,60,2017-06-09,14:30:00,2017-06-09T14:30:00+00:00,1010.480000,1010.680000,1003.980000,1004.610000,2524,6.700000,-0.582880,1009.502000,1009.254000,1008.600500,1008.944577,0.225875,43.675808,0,train
AMZN,60,2017-06-09,15:30:00,2017-06-09T15:30:00+00:00,1004.640000,1005.750000,992.270000,997.420000,3662,13.480000,-0.715701,1006.992000,1008.083000,1008.095500,1006.849199,0.305616,28.376068,0,train
AMZN,60,2017-06-09,16:30:00,2017-06-09T16:30:00+00:00,997.430000,999.460000,989.770000,993.880000,3988,9.690000,-0.354916,1003.778000,1006.590000,1007.511500,1004.491163,0.312693,26.585522,0,train
AMZN,60,2017-06-09,17:30:00,2017-06-09T17:30:00+00:00,993.890000,994.240000,980.480000,983.000000,4526,13.760000,-1.094700,997.882000,1003.951000,1006.321000,1000.583679,0.421635,13.994911,0,train
AMZN,60,2017-06-09,18:30:00,2017-06-09T18:30:00+00:00,983.040000,984.150000,927.890000,982.910000,5816,56.260000,-0.009156,992.364000,1001.392000,1005.161000,997.370283,0.426009,15.151515,0,train
AMZN,60,2017-06-09,19:30:00,2017-06-09T19:30:00+00:00,982.910000,983.870000,969.980000,976.160000,3881,13.890000,-0.686736,986.674000,998.088000,1003.584500,993.513868,0.428954,10.871113,0,train
AMZN,60,2017-06-12,12:30:00,2017-06-12T12:30:00+00:00,967.200000,974.810000,967.000000,967.150000,976,7.810000,-0.923004,980.620000,993.806000,1001.557000,988.720437,0.439668,9.012200,0,train
AMZN,60,2017-06-12,13:30:00,2017-06-12T13:30:00+00:00,967.150000,967.150000,944.970000,954.240000,7592,22.180000,-1.334850,972.692000,988.235000,998.765500,982.451267,0.493728,6.334125,1,train
AMZN,60,2017-06-12,14:30:00,2017-06-12T14:30:00+00:00,955.020000,975.010000,952.720000,972.970000,5990,22.290000,1.962819,970.686000,984.284000,996.989000,980.727400,0.920416,28.065193,0,train
AMZN,60,2017-06-12,15:30:00,2017-06-12T15:30:00+00:00,973.000000,975.790000,960.590000,962.120000,4509,15.200000,-1.115142,966.528000,979.446000,994.530000,977.344236,0.944079,24.171604,1,train
AMZN,60,2017-06-12,16:30:00,2017-06-12T16:30:00+00:00,962.110000,966.520000,958.170000,966.520000,3775,8.350000,0.457323,964.600000,975.637000,992.445500,975.376193,0.988413,27.076079,0,train
AMZN,60,2017-06-12,17:30:00,2017-06-12T17:30:00+00:00,966.500000,967.520000,959.670000,962.590000,3626,7.850000,-0.406613,963.688000,972.154000,990.118500,973.051431,0.981607,26.003243,0,train
AMZN,60,2017-06-12,18:30:00,2017-06-12T18:30:00+00:00,962.590000,968.500000,960.480000,961.260000,4504,8.020000,-0.138169,965.092000,968.892000,987.741000,970.907534,0.983889,23.727944,1,train
AMZN,60,2017-06-12,19:30:00,2017-06-12T19:30:00+00:00,961.270000,965.600000,959.240000,963.060000,3152,6.360000,0.187254,963.110000,966.898000,985.424500,969.480710,0.956136,25.621788,1,train
AMZN,60,2017-06-12,20:30:00,2017-06-12T20:30:00+00:00,963.070000,964.000000,962.000000,963.500000,20,2.000000,0.045688,963.386000,964.957000,983.174500,968.393308,0.957513,27.621121,1,train
AMZN,60,2017-06-13,12:30:00,2017-06-13T12:30:00+00:00,974.000000,977.960000,972.970000,977.950000,472,4.990000,1.499741,965.672000,965.136000,981.612000,970.130889,1.075194,40.177580,0,train
AMZN,60,2017-06-13,13:30:00,2017-06-13T13:30:00+00:00,977.960000,983.000000,974.580000,976.010000,5267,8.420000,-0.198374,968.356000,966.022000,979.914000,971.199818,1.027685,40.836837,0,train
AMZN,60,2017-06-13,14:30:00,2017-06-13T14:30:00+00:00,976.010000,980.500000,966.070000,972.550000,4313,14.430000,-0.354505,970.614000,967.853000,978.044000,971.445306,0.916806,44.200244,1,train
AMZN,60,2017-06-13,15:30:00,2017-06-13T15:30:00+00:00,972.540000,977.580000,970.930000,975.680000,3059,6.650000,0.321834,973.138000,968.124000,976.204000,972.215250,0.681758,46.118329,1,train
AMZN,60,2017-06-13,16:30:00,2017-06-13T16:30:00+00:00,975.340000,978.360000,974.260000,977.380000,3095,4.100000,0.174237,975.914000,969.650000,974.548000,973.154295,0.550414,50.692552,0,train
AMZN,60,2017-06-13,17:30:00,2017-06-13T17:30:00+00:00,977.390000,978.120000,974.000000,975.460000,2717,4.120000,-0.196444,975.416000,970.544000,973.090500,973.573514,0.549848,55.130263,1,train
AMZN,60,2017-06-13,18:30:00,2017-06-13T18:30:00+00:00,975.460000,982.620000,975.130000,982.620000,2670,7.490000,0.734013,976.738000,972.547000,972.350500,975.218330,0.552883,68.859649,0,train
AMZN,60,2017-06-13,19:30:00,2017-06-13T19:30:00+00:00,982.600000,984.320000,979.450000,980.840000,2820,4.870000,-0.181148,978.396000,974.505000,971.698500,976.240452,0.556027,56.750729,1,train
AMZN,60,2017-06-13,20:30:00,2017-06-13T20:30:00+00:00,980.820000,981.600000,980.820000,981.590000,26,0.780000,0.076465,979.578000,976.358000,971.628000,977.213097,0.557482,70.201287,1,train
AMZN,60,2017-06-14,12:30:00,2017-06-14T12:30:00+00:00,980.990000,988.570000,980.970000,988.560000,448,7.600000,0.710072,981.814000,978.864000,971.910500,979.276170,0.577324,71.710008,0,train
AMZN,60,2017-06-14,13:30:00,2017-06-14T13:30:00+00:00,988.580000,990.050000,981.000000,986.200000,4886,9.050000,-0.238731,983.962000,979.689000,972.412500,980.535048,0.395021,73.998780,0,train
AMZN,60,2017-06-14,14:30:00,2017-06-14T14:30:00+00:00,986.190000,988.540000,983.220000,984.840000,3743,5.320000,-0.137903,984.406000,980.572000,973.297000,981.317767,0.390644,73.953677,0,train
AMZN,60,2017-06-14,15:30:00,2017-06-14T15:30:00+00:00,984.870000,986.180000,982.590000,984.200000,2840,3.590000,-0.064985,985.078000,981.737000,974.795000,981.841809,0.363779,71.993342,1,train
AMZN,60,2017-06-14,16:30:00,2017-06-14T16:30:00+00:00,984.200000,985.640000,983.070000,984.800000,2361,2.570000,0.060963,985.720000,982.649000,975.386500,982.379662,0.356967,72.086271,0,train
AMZN,60,2017-06-14,17:30:00,2017-06-14T17:30:00+00:00,984.810000,987.020000,979.970000,982.000000,3440,7.050000,-0.284322,984.408000,983.111000,976.380500,982.310633,0.374488,55.537326,0,train
AMZN,60,2017-06-14,18:30:00,2017-06-14T18:30:00+00:00,981.970000,982.010000,966.760000,972.220000,5892,15.250000,-0.995927,981.612000,982.787000,976.665500,980.475972,0.497545,45.732943,1,train
AMZN,60,2017-06-14,19:30:00,2017-06-14T19:30:00+00:00,972.250000,977.700000,970.740000,976.500000,2807,6.960000,0.440230,979.944000,982.175000,977.361000,979.753068,0.454052,54.366571,1,train
AMZN,60,2017-06-14,20:30:00,2017-06-14T20:30:00+00:00,976.500000,977.000000,975.990000,976.950000,26,1.010000,0.046083,978.494000,981.786000,978.145500,979.243419,0.453085,51.492362,0,train
AMZN,60,2017-06-15,12:30:00,2017-06-15T12:30:00+00:00,962.240000,966.200000,956.260000,956.260000,532,9.940000,-2.117816,972.786000,979.253000,977.805500,975.064616,0.794081,32.840429,0,train
AMZN,60,2017-06-15,13:30:00,2017-06-15T13:30:00+00:00,955.400000,964.960000,951.960000,953.350000,5501,13.000000,-0.304311,967.056000,975.732000,977.298000,971.116504,0.717766,32.320486,1,train
AMZN,60,2017-06-15,14:30:00,2017-06-15T14:30:00+00:00,953.160000,960.530000,950.770000,960.210000,3943,9.760000,0.719568,964.654000,973.133000,976.411000,969.133503,0.795473,31.994215,0,train
AMZN,60,2017-06-15,15:30:00,2017-06-15T15:30:00+00:00,960.180000,961.800000,955.010000,957.190000,2742,6.790000,-0.314515,960.792000,970.368000,975.470000,966.961957,0.794326,31.369151,1,train
AMZN,60,2017-06-15,16:30:00,2017-06-15T16:30:00+00:00,957.190000,961.400000,955.720000,958.830000,2347,5.680000,0.171335,957.168000,967.831000,974.784000,965.483419,0.804928,32.318210,1,train
AMZN,60,2017-06-15,17:30:00,2017-06-15T17:30:00+00:00,958.820000,964.030000,957.970000,962.300000,2516,6.060000,0.361899,958.376000,965.581000,974.115000,964.904616,0.823582,28.425895,1,train
AMZN,60,2017-06-15,18:30:00,2017-06-15T18:30:00+00:00,962.310000,965.630000,961.010000,964.460000,3010,4.620000,0.224462,960.598000,963.827000,973.469000,964.823777,0.835332,32.080448,0,train
AMZN,60,2017-06-15,19:30:00,2017-06-15T19:30:00+00:00,964.450000,965.550000,954.970000,961.260000,2287,10.580000,-0.331792,960.808000,962.731000,972.759000,964.175817,0.788042,31.136000,1,train
AMZN,60,2017-06-15,20:30:00,2017-06-15T20:30:00+00:00,961.230000,963.400000,961.230000,963.100000,19,2.170000,0.191415,961.990000,961.391000,971.783000,963.980214,0.772497,33.437991,1,train
AMZN,60,2017-06-16,12:30:00,2017-06-16T12:30:00+00:00,966.600000,996.830000,945.970000,994.980000,2377,50.860000,3.310144,969.220000,963.194000,972.490000,969.616539,1.339319,55.359023,0,train
AMZN,60,2017-06-16,13:30:00,2017-06-16T13:30:00+00:00,995.000000,999.320000,982.070000,992.230000,8504,17.250000,-0.276387,975.206000,966.791000,973.022000,973.728077,1.089983,55.388181,1,train
AMZN,60,2017-06-16,14:30:00,2017-06-16T14:30:00+00:00,992.210000,997.870000,986.010000,993.920000,5064,11.860000,0.170323,981.098000,970.848000,973.290000,977.399336,1.067203,62.494242,1,train
AMZN,60,2017-06-16,15:30:00,2017-06-16T15:30:00+00:00,993.930000,995.480000,990.330000,994.140000,3969,5.150000,0.022135,987.674000,974.241000,973.687000,980.443093,1.068431,60.654748,0,train
AMZN,60,2017-06-16,16:30:00,2017-06-16T16:30:00+00:00,994.170000,994.810000,989.970000,993.130000,3226,4.840000,-0.101595,993.680000,977.835000,974.101500,982.749803,1.055698,59.707223,1,train
AMZN,60,2017-06-16,17:30:00,2017-06-16T17:30:00+00:00,993.100000,997.910000,991.510000,997.860000,3378,6.400000,0.476272,994.256000,981.738000,974.784500,985.497112,1.053590,80.869694,0,train
AMZN,60,2017-06-16,18:30:00,2017-06-16T18:30:00+00:00,997.850000,999.620000,988.220000,988.500000,4661,11.400000,-0.938007,993.510000,984.358000,974.969500,986.043092,1.136392,73.804686,0,train
AMZN,60,2017-06-16,19:30:00,2017-06-16T19:30:00+00:00,988.250000,989.430000,984.960000,987.460000,3224,4.470000,-0.105210,992.218000,986.658000,975.242500,986.300711,1.142775,70.033819,1,train
AMZN,60,2017-06-19,12:30:00,2017-06-19T12:30:00+00:00,996.300000,999.490000,993.980000,999.470000,317,5.510000,1.216252,993.284000,990.479000,976.605000,988.695127,1.161156,77.454545,1,train
AMZN,60,2017-06-19,13:30:00,2017-06-19T13:30:00+00:00,1010.280000,1012.630000,996.970000,1000.990000,5280,15.660000,0.152081,994.856000,994.268000,977.829500,990.930559,1.161994,77.419355,0,train
AMZN,60,2017-06-19,14:30:00,2017-06-19T14:30:00+00:00,1001.000000,1002.070000,997.670000,998.320000,3091,4.400000,-0.266736,994.948000,994.602000,978.898000,992.274094,0.557308,73.672450,0,train
AMZN,60,2017-06-19,15:30:00,2017-06-19T15:30:00+00:00,998.410000,999.380000,990.480000,995.750000,3289,8.900000,-0.257432,996.398000,994.954000,980.872500,992.906077,0.556163,70.453654,0,train
AMZN,60,2017-06-19,16:30:00,2017-06-19T16:30:00+00:00,995.770000,997.260000,993.310000,994.020000,2230,3.950000,-0.173738,997.710000,994.964000,982.906000,993.108608,0.557626,71.834178,0,train
AMZN,60,2017-06-19,17:30:00,2017-06-19T17:30:00+00:00,994.010000,997.010000,992.650000,993.200000,2056,4.360000,-0.082493,996.456000,994.870000,984.555500,993.125225,0.558196,70.337838,0,train
AMZN,60,2017-06-19,18:30:00,2017-06-19T18:30:00+00:00,993.190000,993.400000,989.870000,990.880000,2702,3.530000,-0.233588,994.434000,994.645000,986.240000,992.717002,0.562199,45.387039,1,train
AMZN,60,2017-06-19,19:30:00,2017-06-19T19:30:00+00:00,990.880000,996.130000,990.320000,994.190000,2211,5.810000,0.334047,993.608000,994.278000,988.008000,992.984820,0.549878,52.177778,0,train
AMZN,60,2017-06-19,20:30:00,2017-06-19T20:30:00+00:00,994.170000,994.720000,993.970000,994.000000,17,0.750000,-0.019111,993.258000,994.828000,989.593000,993.169398,0.450009,50.091954,1,train
AMZN,60,2017-06-20,12:30:00,2017-06-20T12:30:00+00:00,996.080000,998.000000,994.000000,997.040000,215,4.000000,0.305835,993.862000,995.786000,991.222000,993.873144,0.452373,53.130397,1,train
AMZN,60,2017-06-20,13:30:00,2017-06-20T13:30:00+00:00,996.720000,1001.680000,991.990000,999.030000,3932,9.690000,0.199591,995.028000,995.742000,993.110500,994.810754,0.235054,56.236786,0,train
AMZN,60,2017-06-20,14:30:00,2017-06-20T14:30:00+00:00,999.030000,1004.740000,997.350000,998.000000,3272,7.390000,-0.103100,996.452000,995.443000,994.855500,995.390617,0.230005,50.160550,0,train
AMZN,60,2017-06-20,15:30:00,2017-06-20T15:30:00+00:00,998.000000,1000.560000,995.480000,995.750000,3425,5.080000,-0.225451,996.764000,995.186000,994.894000,995.455959,0.225606,59.934229,1,train
AMZN,60,2017-06-20,16:30:00,2017-06-20T16:30:00+00:00,995.730000,998.070000,994.220000,996.230000,2397,3.850000,0.048205,997.210000,995.234000,995.094000,995.596694,0.210926,62.204286,0,train
AMZN,60,2017-06-20,17:30:00,2017-06-20T17:30:00+00:00,996.230000,998.000000,995.360000,996.110000,2066,2.640000,-0.012045,997.024000,995.443000,995.203500,995.690022,0.201695,43.011647,0,train
AMZN,60,2017-06-20,18:30:00,2017-06-20T18:30:00+00:00,996.110000,998.030000,994.510000,995.190000,2436,3.520000,-0.092359,996.256000,995.642000,995.256000,995.599109,0.202282,37.627986,0,train
AMZN,60,2017-06-20,19:30:00,2017-06-20T19:30:00+00:00,995.150000,995.150000,991.970000,993.020000,2367,3.180000,-0.218049,995.260000,995.856000,995.250500,995.130180,0.200165,38.448126,0,train
AMZN,60,2017-06-20,20:30:00,2017-06-20T20:30:00+00:00,993.000000,993.250000,992.970000,992.980000,19,0.280000,-0.004028,994.706000,995.735000,995.006500,994.739238,0.167432,43.214111,1,train
AMZN,60,2017-06-21,12:30:00,2017-06-21T12:30:00+00:00,995.000000,998.450000,994.970000,996.010000,176,3.480000,0.305142,994.662000,995.936000,995.382000,994.970286,0.195036,54.583141,0,train
AMZN,60,2017-06-21,13:30:00,2017-06-21T13:30:00+00:00,997.500000,998.000000,992.630000,995.060000,2904,5.370000,-0.095381,994.452000,995.738000,995.762000,994.986598,0.169366,54.258242,0,train
AMZN,60,2017-06-21,14:30:00,2017-06-21T14:30:00+00:00,995.230000,998.260000,992.770000,994.910000,2298,5.490000,-0.015074,994.396000,995.326000,995.534000,994.972671,0.151096,60.244026,1,train
AMZN,60,2017-06-21,15:30:00,2017-06-21T15:30:00+00:00,994.780000,997.090000,993.790000,996.020000,1858,3.300000,0.111568,994.996000,995.128000,995.285500,995.163094,0.156480,55.237550,0,train
AMZN,60,2017-06-21,16:30:00,2017-06-21T16:30:00+00:00,995.880000,997.100000,993.980000,994.700000,1884,3.120000,-0.132527,995.340000,995.023000,995.104500,995.078895,0.145264,51.881720,1,train
AMZN,60,2017-06-21,17:30:00,2017-06-21T17:30:00+00:00,994.680000,998.230000,994.520000,996.170000,1799,3.710000,0.147783,995.372000,995.017000,995.125500,995.277278,0.152942,47.445684,1,train
AMZN,60,2017-06-21,18:30:00,2017-06-21T18:30:00+00:00,996.210000,999.860000,996.120000,999.500000,2173,3.740000,0.334280,996.260000,995.356000,995.399500,996.045046,0.185733,51.279260,1,train
AMZN,60,2017-06-21,19:30:00,2017-06-21T19:30:00+00:00,999.500000,1003.250000,998.460000,1003.250000,2074,4.790000,0.375188,997.928000,996.162000,995.902000,997.355037,0.207880,62.446657,0,train
AMZN,60,2017-06-21,20:30:00,2017-06-21T20:30:00+00:00,1003.240000,1003.500000,1001.970000,1002.300000,38,1.530000,-0.094692,999.184000,997.090000,996.473000,998.254121,0.191157,66.548762,0,train
AMZN,60,2017-06-22,12:30:00,2017-06-22T12:30:00+00:00,1000.840000,1002.890000,1000.270000,1002.090000,148,2.620000,-0.020952,1000.662000,998.001000,996.868000,998.951554,0.192186,65.010246,1,train
AMZN,60,2017-06-22,13:30:00,2017-06-22T13:30:00+00:00,1002.080000,1006.760000,997.060000,1005.420000,3734,9.700000,0.332305,1002.512000,998.942000,997.439000,1000.127635,0.195700,70.479542,0,train
AMZN,60,2017-06-22,14:30:00,2017-06-22T14:30:00+00:00,1005.420000,1006.680000,1002.050000,1004.290000,2491,4.630000,-0.112391,1003.470000,999.865000,997.801500,1000.884429,0.197596,69.834350,0,train
AMZN,60,2017-06-22,15:30:00,2017-06-22T15:30:00+00:00,1004.300000,1004.310000,1000.050000,1001.570000,1872,4.260000,-0.270838,1003.134000,1000.531000,997.928500,1001.009078,0.227382,68.199234,1,train
AMZN,60,2017-06-22,16:30:00,2017-06-22T16:30:00+00:00,1001.600000,1004.690000,1001.170000,1003.630000,1768,3.520000,0.205677,1003.400000,1001.292000,998.210000,1001.485609,0.231346,70.874167,0,train
AMZN,60,2017-06-22,17:30:00,2017-06-22T17:30:00+00:00,1003.530000,1004.000000,1002.240000,1002.410000,1533,1.760000,-0.121559,1003.464000,1002.063000,998.543000,1001.653680,0.230269,63.502110,1,train
AMZN,60,2017-06-22,18:30:00,2017-06-22T18:30:00+00:00,1002.450000,1003.500000,1002.070000,1002.870000,1453,1.430000,0.045889,1002.954000,1002.733000,998.875000,1001.874829,0.229064,66.824645,0,train
AMZN,60,2017-06-22,19:30:00,2017-06-22T19:30:00+00:00,1003.030000,1003.130000,1000.580000,1001.500000,1608,2.550000,-0.136608,1002.396000,1002.933000,999.144500,1001.806679,0.216114,63.487515,0,train
AMZN,60,2017-06-22,20:30:00,2017-06-22T20:30:00+00:00,1001.550000,1001.930000,1001.470000,1001.470000,46,0.460000,-0.002996,1002.376000,1002.755000,999.458500,1001.745464,0.176563,61.670236,1,train
AMZN,60,2017-06-23,12:30:00,2017-06-23T12:30:00+00:00,1002.250000,1003.000000,1001.570000,1002.050000,89,1.430000,0.057915,1002.060000,1002.730000,999.910000,1001.800834,0.175754,66.253870,0,train
AMZN,60,2017-06-23,13:30:00,2017-06-23T13:30:00+00:00,1002.070000,1003.920000,997.990000,1000.840000,2559,5.930000,-0.120752,1001.746000,1002.605000,1000.303000,1001.626137,0.179716,60.447427,0,train
AMZN,60,2017-06-23,14:30:00,2017-06-23T14:30:00+00:00,1000.850000,1003.160000,999.810000,1000.550000,1846,3.350000,-0.028976,1001.282000,1002.118000,1000.530000,1001.430476,0.132970,52.718799,1,train
AMZN,60,2017-06-23,15:30:00,2017-06-23T15:30:00+00:00,1000.540000,1003.010000,999.840000,1002.990000,1514,3.170000,0.243866,1001.580000,1001.988000,1000.926500,1001.714026,0.159097,49.277778,1,train
AMZN,60,2017-06-23,16:30:00,2017-06-23T16:30:00+00:00,1003.110000,1004.000000,1002.520000,1004.000000,1388,1.480000,0.100699,1002.086000,1002.231000,1001.381000,1002.129657,0.133470,54.706534,0,train
AMZN,60,2017-06-23,17:30:00,2017-06-23T17:30:00+00:00,1004.040000,1004.280000,1002.530000,1002.850000,1451,1.750000,-0.114542,1002.246000,1002.153000,1001.722500,1002.260629,0.123137,52.000000,0,train
AMZN,60,2017-06-23,18:30:00,2017-06-23T18:30:00+00:00,1002.860000,1003.100000,999.250000,999.430000,2215,3.850000,-0.341028,1001.964000,1001.855000,1001.959000,1001.745969,0.159788,34.311158,1,train
AMZN,60,2017-06-23,19:30:00,2017-06-23T19:30:00+00:00,999.400000,1003.710000,999.370000,1003.430000,2168,4.340000,0.400228,1002.540000,1001.911000,1002.322000,1002.052156,0.209848,48.041894,1,train
AMZN,60,2017-06-26,12:30:00,2017-06-26T12:30:00+00:00,1009.000000,1010.470000,1006.100000,1008.870000,369,4.370000,0.542140,1003.716000,1002.648000,1002.790500,1003.291764,0.261972,64.789303,0,train
AMZN,60,2017-06-26,13:30:00,2017-06-26T13:30:00+00:00,1008.860000,1009.700000,999.980000,1001.900000,3291,9.720000,-0.690872,1003.296000,1002.691000,1002.723000,1003.038716,0.357300,47.076715,0,train
AMZN,60,2017-06-26,14:30:00,2017-06-26T14:30:00+00:00,1002.100000,1002.700000,994.130000,996.600000,3424,8.570000,-0.528995,1002.046000,1002.146000,1002.438000,1001.868041,0.393943,41.372141,1,train
AMZN,60,2017-06-26,15:30:00,2017-06-26T15:30:00+00:00,996.600000,999.700000,993.300000,996.930000,2168,6.400000,0.033113,1001.546000,1001.755000,1002.180000,1000.970215,0.394043,41.144902,1,train
AMZN,60,2017-06-26,16:30:00,2017-06-26T16:30:00+00:00,996.910000,999.930000,996.730000,997.850000,1418,3.200000,0.092283,1000.430000,1001.485000,1001.801500,1000.402903,0.396227,44.484739,0,train
AMZN,60,2017-06-26,17:30:00,2017-06-26T17:30:00+00:00,997.840000,997.840000,995.000000,995.340000,1371,2.840000,-0.251541,997.724000,1000.720000,1001.354000,999.482375,0.389608,41.383188,0,train
AMZN,60,2017-06-26,18:30:00,2017-06-26T18:30:00+00:00,995.330000,996.710000,993.710000,994.410000,1980,3.000000,-0.093435,996.226000,999.761000,1000.996000,998.560125,0.384638,39.365256,0,train
AMZN,60,2017-06-26,19:30:00,2017-06-26T19:30:00+00:00,994.420000,994.740000,991.970000,993.830000,2189,2.770000,-0.058326,995.672000,998.859000,1000.506000,997.700103,0.384736,40.068008,0,train
AMZN,60,2017-06-26,20:30:00,2017-06-26T20:30:00+00:00,993.850000,993.850000,993.490000,993.500000,10,0.360000,-0.033205,994.986000,998.266000,1000.060500,996.936448,0.374568,40.022644,0,train
AMZN,60,2017-06-27,12:30:00,2017-06-27T12:30:00+00:00,988.960000,990.080000,988.470000,990.040000,146,1.610000,-0.348264,993.424000,996.927000,999.419000,995.682548,0.346359,32.187070,1,train
AMZN,60,2017-06-27,13:30:00,2017-06-27T13:30:00+00:00,990.090000,998.510000,986.200000,993.030000,3872,12.310000,0.302008,992.962000,995.343000,998.995500,995.200267,0.299442,35.690060,0,train
AMZN,60,2017-06-27,14:30:00,2017-06-27T14:30:00+00:00,993.040000,995.870000,991.520000,991.860000,2118,4.350000,-0.117821,992.452000,994.339000,998.515000,994.592945,0.233689,35.671447,0,train
AMZN,60,2017-06-27,15:30:00,2017-06-27T15:30:00+00:00,991.870000,992.660000,989.320000,990.090000,2031,3.340000,-0.178453,991.704000,993.688000,997.917000,993.774228,0.183066,37.275204,0,train
AMZN,60,2017-06-27,16:30:00,2017-06-27T16:30:00+00:00,990.110000,990.240000,982.040000,983.640000,2520,8.200000,-0.651456,989.732000,992.359000,997.057000,991.931641,0.255726,24.725415,0,train
AMZN,60,2017-06-27,17:30:00,2017-06-27T17:30:00+00:00,983.760000,984.330000,976.030000,979.880000,3008,8.300000,-0.382254,987.700000,990.562000,996.023500,989.740434,0.253122,11.315719,0,train
AMZN,60,2017-06-27,18:30:00,2017-06-27T18:30:00+00:00,979.900000,983.010000,977.420000,978.350000,2787,5.590000,-0.156142,984.764000,988.863000,994.791500,987.669446,0.251975,13.237590,0,train
AMZN,60,2017-06-27,19:30:00,2017-06-27T19:30:00+00:00,978.350000,979.970000,975.970000,977.290000,2370,4.000000,-0.108346,981.850000,987.151000,993.456000,985.782274,0.251504,15.257287,0,train
AMZN,60,2017-06-27,20:30:00,2017-06-27T20:30:00+00:00,977.180000,977.230000,976.780000,976.860000,28,0.450000,-0.043999,979.204000,985.454000,992.156500,984.160042,0.252271,14.019362,1,train
AMZN,60,2017-06-28,12:30:00,2017-06-28T12:30:00+00:00,983.450000,984.500000,976.080000,978.730000,669,8.420000,0.191430,978.222000,983.977000,991.121500,983.172762,0.274963,16.851595,0,train
AMZN,60,2017-06-28,13:30:00,2017-06-28T13:30:00+00:00,978.730000,982.390000,969.190000,974.520000,5910,13.200000,-0.430149,977.150000,982.425000,989.676000,981.599532,0.282658,15.913556,1,train
AMZN,60,2017-06-28,14:30:00,2017-06-28T14:30:00+00:00,974.510000,984.550000,974.510000,981.050000,3378,10.040000,0.670073,977.690000,981.227000,988.285000,981.499617,0.361978,31.516325,1,train
AMZN,60,2017-06-28,15:30:00,2017-06-28T15:30:00+00:00,981.030000,983.290000,979.360000,982.560000,2759,3.930000,0.153917,978.744000,980.297000,987.318000,981.692414,0.372273,34.799029,1,train
AMZN,60,2017-06-28,16:30:00,2017-06-28T16:30:00+00:00,982.530000,987.530000,982.090000,987.490000,2594,5.440000,0.501751,980.870000,980.037000,986.862500,982.746521,0.414752,42.788577,0,train
AMZN,60,2017-06-28,17:30:00,2017-06-28T17:30:00+00:00,987.500000,988.530000,984.890000,985.100000,2685,3.640000,-0.242028,982.144000,980.183000,986.271000,983.174426,0.363087,43.916256,1,train
AMZN,60,2017-06-28,18:30:00,2017-06-28T18:30:00+00:00,985.120000,988.800000,985.020000,988.520000,2460,3.780000,0.347173,984.944000,981.047000,985.804500,984.146349,0.347241,44.504021,1,train
AMZN,60,2017-06-28,19:30:00,2017-06-28T19:30:00+00:00,988.510000,990.410000,988.370000,990.110000,2061,2.040000,0.160847,986.756000,982.223000,985.543000,985.230649,0.336751,47.889023,1,train
AMZN,60,2017-06-28,20:30:00,2017-06-28T20:30:00+00:00,990.000000,991.000000,989.970000,991.000000,26,1.030000,0.089889,988.444000,983.594000,985.372500,986.279622,0.327519,51.121518,0,train
AMZN,60,2017-06-29,12:30:00,2017-06-29T12:30:00+00:00,984.800000,987.000000,980.010000,980.010000,317,6.990000,-1.108981,986.948000,983.909000,984.681500,985.139691,0.514011,45.976502,1,train
AMZN,60,2017-06-29,13:30:00,2017-06-29T13:30:00+00:00,980.000000,987.250000,976.970000,981.110000,5214,10.280000,0.112244,986.150000,984.147000,984.062000,984.407020,0.511911,51.448763,0,train
AMZN,60,2017-06-29,14:30:00,2017-06-29T14:30:00+00:00,981.110000,982.150000,971.490000,972.210000,3780,10.660000,-0.907136,982.888000,983.916000,983.170500,982.189380,0.577148,43.837816,1,train
AMZN,60,2017-06-29,15:30:00,2017-06-29T15:30:00+00:00,972.190000,976.740000,970.000000,975.780000,3885,6.740000,0.367205,980.022000,983.389000,982.308000,981.024038,0.543762,48.557233,0,train
AMZN,60,2017-06-29,16:30:00,2017-06-29T16:30:00+00:00,975.770000,976.290000,965.290000,965.800000,3558,11.000000,-1.022772,974.982000,981.713000,981.005000,978.256031,0.616570,41.063348,1,train
AMZN,60,2017-06-29,17:30:00,2017-06-29T17:30:00+00:00,965.800000,972.790000,965.200000,971.860000,3738,7.590000,0.627459,973.352000,980.150000,980.093500,977.093116,0.632858,44.800969,1,train
AMZN,60,2017-06-29,18:30:00,2017-06-29T18:30:00+00:00,971.860000,975.900000,971.000000,975.080000,2657,4.900000,0.331323,972.146000,979.148000,979.665500,976.727095,0.650098,50.430240,0,train
AMZN,60,2017-06-29,19:30:00,2017-06-29T19:30:00+00:00,975.070000,978.620000,974.660000,974.980000,2141,3.960000,-0.010256,972.700000,977.794000,979.420500,976.409441,0.632347,44.825234,0,train
AMZN,60,2017-06-29,20:30:00,2017-06-29T20:30:00+00:00,975.000000,975.890000,972.020000,973.240000,38,3.870000,-0.178465,972.192000,976.107000,979.165000,975.833179,0.623692,42.085598,1,train
AMZN,60,2017-06-30,12:30:00,2017-06-30T12:30:00+00:00,975.200000,980.670000,971.550000,979.240000,261,9.120000,0.616497,974.880000,974.931000,979.262500,976.452601,0.668678,43.119266,0,train
AMZN,60,2017-06-30,13:30:00,2017-06-30T13:30:00+00:00,979.360000,983.040000,973.700000,977.360000,4691,9.340000,-0.191986,975.980000,974.666000,979.287500,976.617583,0.573702,43.489233,0,train
AMZN,60,2017-06-30,14:30:00,2017-06-30T14:30:00+00:00,977.370000,979.700000,973.970000,977.270000,2690,5.730000,-0.009208,976.418000,974.282000,979.214500,976.736204,0.571742,39.975049,1,train
AMZN,60,2017-06-30,15:30:00,2017-06-30T15:30:00+00:00,977.260000,979.500000,976.200000,977.470000,1893,3.300000,0.020465,976.916000,974.808000,979.362000,976.869622,0.483447,38.450292,0,train
AMZN,60,2017-06-30,16:30:00,2017-06-30T16:30:00+00:00,977.480000,977.630000,974.470000,975.810000,1755,3.160000,-0.169826,977.430000,974.811000,979.100000,976.676963,0.474664,36.312849,0,train
AMZN,60,2017-06-30,17:30:00,2017-06-30T17:30:00+00:00,975.800000,976.580000,974.770000,975.510000,1640,1.810000,-0.030744,976.684000,975.782000,978.747500,976.464788,0.312978,44.977679,0,train
AMZN,60,2017-06-30,18:30:00,2017-06-30T18:30:00+00:00,975.830000,975.880000,971.260000,971.320000,2063,4.620000,-0.429519,975.476000,975.728000,977.939000,975.529372,0.293100,39.778659,0,train
AMZN,60,2017-06-30,19:30:00,2017-06-30T19:30:00+00:00,971.190000,972.400000,967.600000,967.880000,2353,4.800000,-0.354157,973.598000,975.008000,977.078000,974.138577,0.285723,44.897478,1,train
AMZN,60,2017-07-03,12:30:00,2017-07-03T12:30:00+00:00,970.000000,972.070000,968.470000,971.610000,179,3.600000,0.385378,972.426000,974.671000,976.232500,973.678836,0.320734,45.104485,0,train
AMZN,60,2017-07-03,13:30:00,2017-07-03T13:30:00+00:00,971.600000,974.160000,965.660000,967.520000,3980,8.500000,-0.420951,970.768000,974.099000,975.103000,972.559047,0.341359,52.343324,0,train
AMZN,60,2017-07-03,14:30:00,2017-07-03T14:30:00+00:00,967.530000,968.160000,952.970000,958.810000,4259,15.190000,-0.900240,967.428000,972.056000,973.493500,970.059221,0.345105,33.418043,0,train
AMZN,60,2017-07-03,15:30:00,2017-07-03T15:30:00+00:00,958.780000,959.770000,953.550000,955.920000,3205,6.220000,-0.301415,964.348000,969.912000,972.289000,967.488453,0.346201,25.448488,0,train
AMZN,60,2017-07-03,16:30:00,2017-07-03T16:30:00+00:00,955.910000,955.960000,950.970000,952.280000,2155,4.990000,-0.380785,961.228000,967.413000,970.847500,964.723280,0.340840,23.331767,1,train
AMZN,60,2017-07-03,17:30:00,2017-07-03T17:30:00+00:00,952.300000,953.000000,952.220000,952.800000,83,0.780000,0.054606,957.466000,964.946000,969.877000,962.555411,0.344097,25.278181,1,train
AMZN,60,2017-07-03,18:30:00,2017-07-03T18:30:00+00:00,953.000000,953.660000,952.530000,953.470000,38,1.130000,0.070319,954.656000,962.712000,968.761500,960.903518,0.358751,14.218273,1,train
AMZN,60,2017-07-03,19:30:00,2017-07-03T19:30:00+00:00,953.640000,954.000000,953.480000,953.750000,26,0.520000,0.029366,953.644000,960.536000,968.159000,959.602878,0.362954,15.693112,1,train
AMZN,60,2017-07-03,20:30:00,2017-07-03T20:30:00+00:00,954.140000,954.950000,953.720000,954.080000,33,1.230000,0.034600,953.276000,958.812000,967.270000,958.598719,0.363532,16.536797,1,train
AMZN,60,2017-07-05,12:30:00,2017-07-05T12:30:00+00:00,957.500000,961.500000,956.970000,958.000000,236,4.530000,0.410867,954.420000,957.824000,966.416000,958.489861,0.400986,24.628616,1,train
AMZN,60,2017-07-05,13:30:00,2017-07-05T13:30:00+00:00,961.500000,963.820000,955.070000,960.310000,4597,8.750000,0.241127,955.922000,956.694000,965.682500,958.820795,0.383736,30.138391,1,train
AMZN,60,2017-07-05,14:30:00,2017-07-05T14:30:00+00:00,960.310000,968.570000,959.980000,967.500000,3433,8.590000,0.748717,958.728000,956.692000,965.395500,960.398832,0.452621,41.276410,1,train
AMZN,60,2017-07-05,15:30:00,2017-07-05T15:30:00+00:00,967.500000,970.250000,965.460000,969.010000,2517,4.790000,0.156072,961.780000,957.712000,964.884000,961.964499,0.323973,47.328244,1,train
AMZN,60,2017-07-05,16:30:00,2017-07-05T16:30:00+00:00,969.000000,974.710000,968.640000,973.000000,2328,6.070000,0.411760,965.564000,959.420000,964.666000,963.970954,0.301988,55.847419,1,train
AMZN,60,2017-07-05,17:30:00,2017-07-05T17:30:00+00:00,972.980000,974.250000,969.780000,973.650000,2318,4.470000,0.066804,968.694000,961.557000,964.485000,965.730780,0.235976,52.506143,0,train
AMZN,60,2017-07-05,18:30:00,2017-07-05T18:30:00+00:00,973.630000,974.760000,968.000000,968.720000,2689,6.760000,-0.506342,970.376000,963.149000,964.047500,966.274275,0.328740,51.444391,1,train
AMZN,60,2017-07-05,19:30:00,2017-07-05T19:30:00+00:00,968.720000,973.030000,968.600000,971.250000,2085,4.430000,0.261169,971.126000,964.927000,963.819500,967.178952,0.328086,67.590498,1,train
AMZN,60,2017-07-05,20:30:00,2017-07-05T20:30:00+00:00,971.640000,972.550000,970.970000,972.000000,73,1.580000,0.077220,971.724000,966.752000,963.644000,968.055506,0.325899,74.202288,0,train
AMZN,60,2017-07-06,12:30:00,2017-07-06T12:30:00+00:00,961.800000,966.000000,961.800000,964.250000,636,4.200000,-0.797325,969.974000,967.769000,963.290500,967.363596,0.451870,66.032681,0,train
AMZN,60,2017-07-06,13:30:00,2017-07-06T13:30:00+00:00,964.670000,966.200000,958.990000,961.730000,4231,7.210000,-0.261343,967.590000,968.142000,962.983000,966.339306,0.451644,61.352657,1,train
AMZN,60,2017-07-06,14:30:00,2017-07-06T14:30:00+00:00,961.750000,966.160000,958.990000,965.890000,2894,7.170000,0.432554,967.024000,968.700000,962.697000,966.257614,0.464986,64.502569,1,train
AMZN,60,2017-07-06,15:30:00,2017-07-06T15:30:00+00:00,965.920000,968.950000,965.890000,968.180000,2560,3.060000,0.237087,966.410000,968.768000,962.730000,966.607139,0.404923,66.094133,1,train
AMZN,60,2017-07-06,16:30:00,2017-07-06T16:30:00+00:00,968.180000,974.000000,967.980000,970.300000,2273,6.020000,0.218968,966.070000,968.897000,963.304500,967.278568,0.407959,67.395967,1,train
AMZN,60,2017-07-06,17:30:00,2017-07-06T17:30:00+00:00,970.270000,971.380000,966.290000,971.130000,2254,5.090000,0.085541,967.446000,968.710000,964.065000,967.978828,0.385022,65.081553,0,train
AMZN,60,2017-07-06,18:30:00,2017-07-06T18:30:00+00:00,971.040000,971.060000,965.060000,966.340000,2655,6.000000,-0.493240,968.368000,967.979000,964.768000,967.680860,0.411074,56.552923,0,train
AMZN,60,2017-07-06,19:30:00,2017-07-06T19:30:00+00:00,966.350000,966.420000,963.970000,963.970000,2184,2.450000,-0.245255,967.984000,967.504000,965.326500,967.006158,0.388262,45.714979,1,train
AMZN,60,2017-07-06,20:30:00,2017-07-06T20:30:00+00:00,963.980000,965.300000,963.980000,963.980000,25,1.320000,0.001037,967.144000,966.777000,965.852000,966.455947,0.373651,43.663391,1,train
AMZN,60,2017-07-07,12:30:00,2017-07-07T12:30:00+00:00,966.000000,971.500000,965.970000,969.520000,317,5.530000,0.574701,966.988000,966.529000,966.640500,967.013048,0.425599,45.780795,1,train
AMZN,60,2017-07-07,13:30:00,2017-07-07T13:30:00+00:00,969.550000,974.880000,968.990000,971.990000,3820,5.890000,0.254765,967.160000,967.303000,967.536000,967.917948,0.333455,48.072457,1,train
AMZN,60,2017-07-07,14:30:00,2017-07-07T14:30:00+00:00,972.000000,976.190000,971.770000,975.380000,2465,4.420000,0.348769,968.968000,968.668000,968.405000,969.274685,0.319485,58.020231,1,train
AMZN,60,2017-07-07,15:30:00,2017-07-07T15:30:00+00:00,975.380000,978.170000,975.050000,977.420000,2011,3.120000,0.209149,971.658000,969.821000,969.260500,970.755651,0.304322,57.518889,1,train
AMZN,60,2017-07-07,16:30:00,2017-07-07T16:30:00+00:00,977.400000,979.410000,977.080000,979.370000,1649,2.330000,0.199505,974.736000,970.940000,969.854000,972.321896,0.302933,58.726024,0,train
AMZN,60,2017-07-07,17:30:00,2017-07-07T17:30:00+00:00,979.280000,979.860000,976.680000,976.700000,1825,3.180000,-0.272624,976.172000,971.580000,970.238500,973.117915,0.323450,66.756393,1,train
AMZN,60,2017-07-07,18:30:00,2017-07-07T18:30:00+00:00,976.660000,979.390000,976.090000,977.070000,2200,3.300000,0.037883,977.188000,972.174000,970.442000,973.836476,0.323485,71.914286,1,train
AMZN,60,2017-07-07,19:30:00,2017-07-07T19:30:00+00:00,977.060000,979.820000,976.970000,978.340000,1853,2.850000,0.129980,977.780000,973.374000,970.676500,974.655299,0.258185,69.386484,1,train
AMZN,60,2017-07-10,12:30:00,2017-07-10T12:30:00+00:00,985.030000,985.500000,983.020000,984.020000,331,2.480000,0.580575,979.100000,975.379000,971.441500,976.357972,0.259099,72.309859,1,train
AMZN,60,2017-07-10,13:30:00,2017-07-10T13:30:00+00:00,984.870000,989.730000,983.350000,988.710000,4472,6.380000,0.476616,980.968000,977.852000,972.314500,978.603795,0.260862,74.179144,1,train
AMZN,60,2017-07-10,14:30:00,2017-07-10T14:30:00+00:00,988.700000,994.490000,988.700000,993.700000,3243,5.790000,0.504698,984.368000,980.270000,973.399500,981.348560,0.252090,76.722709,1,train
AMZN,60,2017-07-10,15:30:00,2017-07-10T15:30:00+00:00,993.720000,998.250000,993.620000,997.140000,2727,4.630000,0.346181,988.382000,982.785000,975.044000,984.219731,0.254055,87.671233,0,train
AMZN,60,2017-07-10,16:30:00,2017-07-10T16:30:00+00:00,997.490000,998.460000,996.580000,996.800000,2036,1.880000,-0.034098,992.074000,984.927000,976.797500,986.507052,0.267051,92.252252,1,train
AMZN,60,2017-07-10,17:30:00,2017-07-10T17:30:00+00:00,996.780000,999.310000,996.720000,997.090000,2050,2.590000,0.029093,994.688000,986.894000,978.357500,988.431225,0.273685,92.307692,0,train
AMZN,60,2017-07-10,18:30:00,2017-07-10T18:30:00+00:00,997.070000,997.630000,995.330000,997.000000,2134,2.300000,-0.009026,996.346000,988.657000,979.798500,989.989184,0.281540,90.795724,0,train
AMZN,60,2017-07-10,19:30:00,2017-07-10T19:30:00+00:00,996.970000,999.010000,995.030000,995.600000,1941,3.980000,-0.140421,996.726000,990.547000,981.063500,991.009332,0.260282,86.200552,1,train
AMZN,60,2017-07-10,20:30:00,2017-07-10T20:30:00+00:00,996.180000,996.180000,995.520000,995.750000,26,0.660000,0.015066,996.448000,992.415000,982.294500,991.871272,0.261880,84.678243,0,train
AMZN,60,2017-07-11,12:30:00,2017-07-11T12:30:00+00:00,995.800000,995.800000,990.300000,993.420000,342,5.500000,-0.233994,995.772000,993.923000,983.648500,992.152859,0.294402,76.972353,0,train
AMZN,60,2017-07-11,13:30:00,2017-07-11T13:30:00+00:00,992.000000,995.000000,986.710000,993.160000,3900,8.290000,-0.026172,994.986000,994.837000,985.108000,992.335975,0.256708,74.651412,0,train
AMZN,60,2017-07-11,14:30:00,2017-07-11T14:30:00+00:00,993.140000,994.000000,983.500000,987.230000,2868,10.500000,-0.597084,993.032000,994.689000,986.270500,991.407616,0.299336,66.858790,1,train
AMZN,60,2017-07-11,15:30:00,2017-07-11T15:30:00+00:00,987.210000,991.700000,986.980000,989.320000,2159,4.720000,0.211703,991.776000,994.251000,987.260500,991.028050,0.253726,68.588771,1,train
AMZN,60,2017-07-11,16:30:00,2017-07-11T16:30:00+00:00,989.320000,990.720000,987.830000,989.520000,1903,2.890000,0.020216,990.530000,993.489000,988.137000,990.753859,0.216213,67.534504,1,train
AMZN,60,2017-07-11,17:30:00,2017-07-11T17:30:00+00:00,989.490000,993.730000,989.180000,992.630000,1675,4.550000,0.314294,990.372000,993.072000,988.999500,991.094975,0.249331,64.687820,1,train
AMZN,60,2017-07-11,18:30:00,2017-07-11T18:30:00+00:00,992.550000,995.190000,991.800000,994.970000,1700,3.390000,0.235737,990.734000,992.860000,989.877000,991.799525,0.263978,61.609792,0,train
AMZN,60,2017-07-11,19:30:00,2017-07-11T19:30:00+00:00,994.990000,995.740000,991.680000,994.390000,1618,4.060000,-0.058293,992.166000,992.599000,990.628000,992.270521,0.264190,51.529933,0,train
AMZN,60,2017-07-11,20:30:00,2017-07-11T20:30:00+00:00,994.390000,994.490000,994.360000,994.390000,9,0.130000,0.000000,993.180000,992.478000,991.512500,992.655881,0.261140,42.804814,1,train
AMZN,60,2017-07-12,12:30:00,2017-07-12T12:30:00+00:00,996.250000,1002.740000,996.240000,999.990000,635,6.500000,0.563159,995.274000,992.902000,992.658500,993.989357,0.318612,56.544932,1,train
AMZN,60,2017-07-12,13:30:00,2017-07-12T13:30:00+00:00,1000.140000,1004.280000,998.180000,1002.320000,3923,6.100000,0.233002,997.212000,993.792000,993.857500,995.504019,0.307540,59.901552,1,train
AMZN,60,2017-07-12,14:30:00,2017-07-12T14:30:00+00:00,1002.320000,1003.350000,999.980000,1002.650000,2736,3.370000,0.032924,998.748000,994.741000,994.789000,996.803288,0.305629,60.600375,1,train
AMZN,60,2017-07-12,15:30:00,2017-07-12T15:30:00+00:00,1002.660000,1004.810000,1002.050000,1004.110000,2662,2.760000,0.145614,1000.692000,996.429000,995.559000,998.131781,0.185071,65.930363,1,train
AMZN,60,2017-07-12,16:30:00,2017-07-12T16:30:00+00:00,1004.130000,1005.820000,1003.480000,1004.700000,2068,2.340000,0.058759,1002.754000,997.967000,996.109000,999.326003,0.187530,66.482505,1,train
AMZN,60,2017-07-12,17:30:00,2017-07-12T17:30:00+00:00,1004.820000,1006.300000,1004.740000,1006.300000,1880,1.560000,0.159252,1004.016000,999.645000,996.567000,1000.594002,0.181523,74.375473,1,train
AMZN,60,2017-07-12,18:30:00,2017-07-12T18:30:00+00:00,1006.220000,1008.400000,1005.970000,1006.750000,2405,2.430000,0.044718,1004.902000,1001.057000,997.064500,1001.713275,0.177427,75.535513,0,train
AMZN,60,2017-07-12,19:30:00,2017-07-12T19:30:00+00:00,1006.730000,1008.470000,1005.230000,1005.230000,2192,3.240000,-0.150981,1005.418000,1002.083000,997.471500,1002.352679,0.195795,90.540541,0,train
AMZN,60,2017-07-12,20:30:00,2017-07-12T20:30:00+00:00,1005.250000,1005.540000,1005.070000,1005.130000,34,0.470000,-0.009948,1005.622000,1003.157000,997.878000,1002.857647,0.191934,89.114300,0,train
AMZN,60,2017-07-13,12:30:00,2017-07-13T12:30:00+00:00,1004.480000,1005.390000,1002.970000,1003.360000,248,2.420000,-0.176097,1005.354000,1004.054000,998.266000,1002.948984,0.210125,81.772268,0,train
AMZN,60,2017-07-13,13:30:00,2017-07-13T13:30:00+00:00,1003.380000,1006.800000,997.490000,999.330000,4252,9.310000,-0.401650,1003.960000,1003.988000,998.445000,1002.290987,0.189210,64.757709,0,train
AMZN,60,2017-07-13,14:30:00,2017-07-13T14:30:00+00:00,999.360000,1000.980000,997.770000,998.970000,2577,3.210000,-0.036024,1002.404000,1003.653000,998.722500,1001.687171,0.169479,59.652510,1,train
AMZN,60,2017-07-13,15:30:00,2017-07-13T15:30:00+00:00,998.980000,1002.640000,998.110000,1001.240000,2330,4.530000,0.227234,1001.606000,1003.512000,999.126500,1001.605867,0.188043,65.283356,0,train
AMZN,60,2017-07-13,16:30:00,2017-07-13T16:30:00+00:00,1001.250000,1001.890000,999.350000,1000.470000,1547,2.540000,-0.076905,1000.674000,1003.148000,999.788500,1001.399346,0.180065,63.114754,0,train
AMZN,60,2017-07-13,17:30:00,2017-07-13T17:30:00+00:00,1000.460000,1000.460000,995.770000,997.590000,2229,4.690000,-0.287865,999.520000,1002.437000,1000.202000,1000.706737,0.192682,44.134897,1,train
AMZN,60,2017-07-13,18:30:00,2017-07-13T18:30:00+00:00,997.590000,998.960000,996.970000,998.110000,1833,1.990000,0.052126,999.276000,1001.618000,1000.631500,1000.234603,0.181099,38.713137,1,train
AMZN,60,2017-07-13,19:30:00,2017-07-13T19:30:00+00:00,998.130000,1000.670000,997.820000,999.220000,1927,2.850000,0.111210,999.326000,1000.865000,1000.961000,1000.050130,0.187362,41.173443,1,train
AMZN,60,2017-07-13,20:30:00,2017-07-13T20:30:00+00:00,999.250000,999.510000,999.030000,999.370000,36,0.480000,0.015012,998.952000,1000.279000,1001.181000,999.926470,0.187225,36.920530,1,train
AMZN,60,2017-07-14,12:30:00,2017-07-14T12:30:00+00:00,997.470000,1003.770000,997.470000,1000.510000,387,6.300000,0.114072,998.960000,999.817000,1001.487000,1000.032566,0.194740,38.778790,0,train
AMZN,60,2017-07-14,13:30:00,2017-07-14T13:30:00+00:00,1000.530000,1004.430000,996.750000,998.540000,3228,7.680000,-0.196900,999.150000,999.335000,1001.694500,999.761191,0.196389,29.621849,1,train
AMZN,60,2017-07-14,14:30:00,2017-07-14T14:30:00+00:00,998.530000,1000.420000,997.490000,1000.400000,2014,2.930000,0.186272,999.608000,999.442000,1001.715000,999.877338,0.164091,34.474328,1,train
AMZN,60,2017-07-14,15:30:00,2017-07-14T15:30:00+00:00,1000.410000,1002.950000,1000.040000,1002.480000,1722,2.910000,0.207917,1000.260000,999.793000,1001.723000,1000.350549,0.174175,43.455497,0,train
AMZN,60,2017-07-14,16:30:00,2017-07-14T16:30:00+00:00,1002.470000,1002.940000,1001.080000,1001.150000,1402,1.860000,-0.132671,1000.616000,999.784000,1001.648000,1000.495904,0.167131,41.052158,1,train
AMZN,60,2017-07-14,17:30:00,2017-07-14T17:30:00+00:00,1001.140000,1003.280000,1000.970000,1002.180000,1794,2.310000,0.102882,1000.950000,999.955000,1001.551500,1000.802103,0.167700,47.255814,1,train
AMZN,60,2017-07-14,18:30:00,2017-07-14T18:30:00+00:00,1002.110000,1002.430000,1001.180000,1002.240000,1846,1.250000,0.005987,1001.690000,1000.420000,1001.428500,1001.063539,0.129758,58.300057,0,train
AMZN,60,2017-07-14,19:30:00,2017-07-14T19:30:00+00:00,1002.230000,1002.640000,1000.290000,1001.180000,1794,2.350000,-0.105763,1001.846000,1000.727000,1001.172500,1001.084714,0.138332,56.061437,1,train
AMZN,60,2017-07-17,12:30:00,2017-07-17T12:30:00+00:00,1005.010000,1005.020000,1002.970000,1004.050000,151,2.050000,0.286662,1002.160000,1001.210000,1001.037500,1001.623857,0.159214,57.461498,1,train
AMZN,60,2017-07-17,13:30:00,2017-07-17T13:30:00+00:00,1004.500000,1014.580000,1003.990000,1010.000000,4430,10.590000,0.592600,1003.930000,1002.273000,1001.276000,1003.146792,0.233305,69.845898,0,train
AMZN,60,2017-07-17,14:30:00,2017-07-17T14:30:00+00:00,1010.210000,1010.940000,1005.220000,1009.740000,2671,5.720000,-0.025743,1005.442000,1003.196000,1001.506500,1004.345557,0.236936,78.401122,1,train
AMZN,60,2017-07-17,15:30:00,2017-07-17T15:30:00+00:00,1009.720000,1011.590000,1008.050000,1010.990000,2102,3.540000,0.123794,1007.192000,1004.441000,1001.888000,1005.553637,0.214069,79.113924,0,train
AMZN,60,2017-07-17,16:30:00,2017-07-17T16:30:00+00:00,1010.970000,1012.230000,1010.020000,1010.050000,2001,2.210000,-0.092978,1008.966000,1005.406000,1002.424000,1006.371158,0.223095,74.669704,0,train
AMZN,60,2017-07-17,17:30:00,2017-07-17T17:30:00+00:00,1010.070000,1010.570000,1005.660000,1007.900000,1872,4.910000,-0.212861,1009.736000,1005.948000,1002.870500,1006.649129,0.238824,67.807933,1,train
AMZN,60,2017-07-17,18:30:00,2017-07-17T18:30:00+00:00,1007.870000,1008.620000,1005.590000,1008.170000,2143,3.030000,0.026788,1009.370000,1006.650000,1003.217000,1006.925651,0.230127,66.594454,1,train
AMZN,60,2017-07-17,19:30:00,2017-07-17T19:30:00+00:00,1008.190000,1010.550000,997.970000,1010.070000,1807,12.580000,0.188460,1009.436000,1007.439000,1003.697000,1007.497351,0.233052,75.054324,0,train
AMZN,60,2017-07-17,20:30:00,2017-07-17T20:30:00+00:00,1009.970000,1011.200000,1008.960000,1009.970000,83,2.240000,-0.009900,1009.232000,1008.212000,1004.316000,1007.946924,0.233656,72.517647,0,train
AMZN,60,2017-07-18,12:30:00,2017-07-18T12:30:00+00:00,1005.500000,1005.500000,1002.630000,1004.970000,206,2.870000,-0.495064,1008.216000,1008.591000,1004.659000,1007.405665,0.292525,55.151014,1,train
AMZN,60,2017-07-18,13:30:00,2017-07-18T13:30:00+00:00,1005.000000,1014.850000,1003.980000,1014.850000,3844,10.870000,0.983114,1009.606000,1009.671000,1005.440500,1008.759180,0.415371,70.935208,1,train
AMZN,60,2017-07-18,14:30:00,2017-07-18T14:30:00+00:00,1014.850000,1017.500000,1011.430000,1017.000000,2779,6.070000,0.211854,1011.372000,1010.371000,1006.322000,1010.257511,0.382116,71.897163,1,train
AMZN,60,2017-07-18,15:30:00,2017-07-18T15:30:00+00:00,1017.000000,1023.970000,1016.890000,1022.720000,2849,7.080000,0.562439,1013.902000,1011.669000,1007.432500,1012.523418,0.410033,75.924051,1,train
AMZN,60,2017-07-18,16:30:00,2017-07-18T16:30:00+00:00,1022.440000,1023.570000,1020.720000,1023.080000,2136,2.850000,0.035200,1016.524000,1012.878000,1008.659500,1014.442797,0.411103,78.221649,1,train
AMZN,60,2017-07-18,17:30:00,2017-07-18T17:30:00+00:00,1023.080000,1025.960000,1022.500000,1024.480000,2124,3.460000,0.136842,1020.426000,1014.321000,1009.863500,1016.267743,0.404260,77.364050,1,train
AMZN,60,2017-07-18,18:30:00,2017-07-18T18:30:00+00:00,1024.500000,1025.530000,1022.720000,1025.210000,2378,2.810000,0.071256,1022.498000,1016.052000,1011.000000,1017.893608,0.386070,73.684211,0,train
AMZN,60,2017-07-18,19:30:00,2017-07-18T19:30:00+00:00,1025.200000,1025.790000,1023.230000,1024.650000,1952,2.560000,-0.054623,1024.028000,1017.700000,1012.175000,1019.122043,0.390286,73.002160,0,train
AMZN,60,2017-07-18,20:30:00,2017-07-18T20:30:00+00:00,1024.440000,1024.960000,1024.270000,1024.270000,19,0.690000,-0.037086,1024.338000,1019.120000,1013.279500,1020.058035,0.395136,71.052632,1,train
AMZN,60,2017-07-19,12:30:00,2017-07-19T12:30:00+00:00,1026.000000,1026.000000,1023.980000,1024.500000,371,2.020000,0.022455,1024.622000,1020.573000,1014.392500,1020.865665,0.393899,73.434966,1,train
AMZN,60,2017-07-19,13:30:00,2017-07-19T13:30:00+00:00,1024.010000,1030.000000,1022.200000,1026.150000,3677,7.800000,0.161054,1024.956000,1022.691000,1015.641000,1021.826453,0.324160,80.085724,1,train
AMZN,60,2017-07-19,14:30:00,2017-07-19T14:30:00+00:00,1026.150000,1028.940000,1022.970000,1026.290000,2369,5.970000,0.013643,1025.172000,1023.835000,1016.753000,1022.638007,0.179854,80.000000,1,train
AMZN,60,2017-07-19,15:30:00,2017-07-19T15:30:00+00:00,1026.300000,1029.550000,1026.300000,1028.860000,2182,3.250000,0.250417,1026.014000,1025.021000,1017.696000,1023.769279,0.182618,80.434078,1,train
AMZN,60,2017-07-19,16:30:00,2017-07-19T16:30:00+00:00,1028.830000,1031.460000,1028.570000,1031.270000,2210,2.890000,0.234240,1027.414000,1025.876000,1018.772500,1025.133046,0.107575,82.097649,0,train
AMZN,60,2017-07-19,17:30:00,2017-07-19T17:30:00+00:00,1031.270000,1031.480000,1027.140000,1028.690000,2145,4.340000,-0.250177,1028.252000,1026.437000,1019.657500,1025.779765,0.150895,88.556567,0,train
AMZN,60,2017-07-19,18:30:00,2017-07-19T18:30:00+00:00,1028.680000,1029.450000,1025.980000,1027.920000,2184,3.470000,-0.074852,1028.606000,1026.781000,1020.551000,1026.168899,0.152942,80.184758,0,train
AMZN,60,2017-07-19,19:30:00,2017-07-19T19:30:00+00:00,1028.000000,1028.310000,1025.170000,1026.620000,1996,3.140000,-0.126469,1028.672000,1026.922000,1021.487000,1026.250917,0.160149,73.125000,0,train
AMZN,60,2017-07-19,20:30:00,2017-07-19T20:30:00+00:00,1026.380000,1026.380000,1025.820000,1026.230000,7,0.560000,-0.037989,1028.146000,1027.080000,1022.390000,1026.247114,0.159443,61.344538,1,train
AMZN,60,2017-07-20,12:30:00,2017-07-20T12:30:00+00:00,1029.980000,1032.000000,1028.220000,1030.980000,253,3.780000,0.462859,1028.088000,1027.751000,1023.435500,1027.107639,0.211121,69.889225,0,train
AMZN,60,2017-07-20,13:30:00,2017-07-20T13:30:00+00:00,1030.990000,1034.690000,1026.980000,1030.560000,3391,7.710000,-0.040738,1028.462000,1028.357000,1024.465000,1027.735341,0.213485,66.101695,0,train
AMZN,60,2017-07-20,14:30:00,2017-07-20T14:30:00+00:00,1030.560000,1031.610000,1025.380000,1029.560000,2752,6.230000,-0.097035,1028.790000,1028.698000,1025.694500,1028.067097,0.215395,61.357702,1,train
AMZN,60,2017-07-20,15:30:00,2017-07-20T15:30:00+00:00,1029.550000,1032.370000,1028.490000,1031.010000,1826,3.880000,0.140837,1029.668000,1029.170000,1026.502500,1028.602170,0.217841,65.868263,0,train
AMZN,60,2017-07-20,16:30:00,2017-07-20T16:30:00+00:00,1030.990000,1031.320000,1026.480000,1027.840000,1762,4.840000,-0.307465,1029.990000,1029.068000,1027.044500,1028.463594,0.230758,57.818660,0,train
AMZN,60,2017-07-20,17:30:00,2017-07-20T17:30:00+00:00,1027.850000,1028.140000,1026.400000,1026.480000,1525,1.740000,-0.132316,1029.090000,1028.589000,1027.232500,1028.102940,0.216372,54.131886,1,train
AMZN,60,2017-07-20,18:30:00,2017-07-20T18:30:00+00:00,1026.430000,1028.310000,1022.520000,1028.040000,2434,5.790000,0.151976,1028.586000,1028.524000,1027.480500,1028.091497,0.211596,53.958944,0,train
AMZN,60,2017-07-20,19:30:00,2017-07-20T19:30:00+00:00,1028.050000,1030.080000,1025.340000,1027.500000,1782,4.740000,-0.052527,1028.174000,1028.482000,1027.631500,1027.983952,0.210906,52.492789,0,train
AMZN,60,2017-07-20,20:30:00,2017-07-20T20:30:00+00:00,1027.490000,1028.710000,1024.970000,1027.500000,54,3.740000,0.000000,1027.472000,1028.570000,1027.746000,1027.895961,0.206485,46.866359,0,train
AMZN,60,2017-07-21,12:30:00,2017-07-21T12:30:00+00:00,1019.970000,1022.010000,1016.730000,1019.650000,447,5.280000,-0.763990,1025.834000,1027.912000,1027.496000,1026.396695,0.320758,28.592483,1,train
AMZN,60,2017-07-21,13:30:00,2017-07-21T13:30:00+00:00,1019.670000,1023.730000,1010.970000,1021.580000,3677,12.760000,0.189281,1024.854000,1026.972000,1027.361500,1025.520932,0.279910,36.579841,1,train
AMZN,60,2017-07-21,14:30:00,2017-07-21T14:30:00+00:00,1021.640000,1023.600000,1020.890000,1021.890000,1800,2.710000,0.030345,1023.624000,1026.105000,1027.231000,1024.860763,0.282227,38.417211,1,train
AMZN,60,2017-07-21,15:30:00,2017-07-21T15:30:00+00:00,1021.870000,1024.000000,1021.870000,1023.720000,1465,2.130000,0.179080,1022.868000,1025.521000,1027.109500,1024.653351,0.294078,44.540663,1,train
AMZN,60,2017-07-21,16:30:00,2017-07-21T16:30:00+00:00,1023.730000,1025.960000,1023.730000,1024.710000,1460,2.230000,0.096706,1022.310000,1024.891000,1027.030500,1024.663651,0.291104,47.201767,0,train
AMZN,60,2017-07-21,17:30:00,2017-07-21T17:30:00+00:00,1024.760000,1024.810000,1022.970000,1024.150000,1530,1.840000,-0.054650,1023.210000,1024.522000,1026.795000,1024.570260,0.277993,35.132782,0,train
AMZN,60,2017-07-21,18:30:00,2017-07-21T18:30:00+00:00,1024.120000,1025.220000,1023.660000,1024.040000,1830,1.560000,-0.010741,1023.702000,1024.278000,1026.433500,1024.473849,0.275945,35.613416,1,train
AMZN,60,2017-07-21,19:30:00,2017-07-21T19:30:00+00:00,1024.050000,1025.440000,1023.230000,1025.110000,1750,2.210000,0.104488,1024.346000,1023.985000,1026.254500,1024.589513,0.272983,40.211175,1,train
AMZN,60,2017-07-24,12:30:00,2017-07-24T12:30:00+00:00,1026.050000,1028.000000,1024.970000,1027.650000,280,3.030000,0.247778,1025.132000,1024.000000,1026.241000,1025.145965,0.286207,42.947103,1,train
AMZN,60,2017-07-24,13:30:00,2017-07-24T13:30:00+00:00,1027.620000,1034.550000,1027.370000,1033.400000,3363,7.180000,0.559529,1026.870000,1024.590000,1026.580000,1026.646699,0.336146,60.530303,0,train
AMZN,60,2017-07-24,14:30:00,2017-07-24T14:30:00+00:00,1033.410000,1033.730000,1030.280000,1031.070000,2165,3.450000,-0.225469,1028.254000,1025.732000,1026.822000,1027.450935,0.208931,58.385093,1,train
AMZN,60,2017-07-24,15:30:00,2017-07-24T15:30:00+00:00,1030.980000,1035.850000,1030.720000,1034.950000,2103,5.130000,0.376308,1030.436000,1027.069000,1027.020500,1028.814402,0.224449,61.636915,1,train
AMZN,60,2017-07-24,16:30:00,2017-07-24T16:30:00+00:00,1035.150000,1039.530000,1034.950000,1038.920000,2415,4.580000,0.383593,1033.198000,1028.772000,1027.438500,1030.651783,0.234534,67.240338,1,train
AMZN,60,2017-07-24,17:30:00,2017-07-24T17:30:00+00:00,1038.930000,1040.130000,1036.980000,1039.760000,1972,3.150000,0.080853,1035.620000,1030.376000,1027.948500,1032.307823,0.235962,68.050648,1,train
AMZN,60,2017-07-24,18:30:00,2017-07-24T18:30:00+00:00,1039.300000,1042.520000,1038.700000,1041.840000,2418,3.820000,0.200046,1037.308000,1032.089000,1028.490000,1034.040946,0.235347,89.357928,0,train
AMZN,60,2017-07-24,19:30:00,2017-07-24T19:30:00+00:00,1041.910000,1042.970000,1033.010000,1034.730000,2477,9.960000,-0.682446,1038.040000,1033.147000,1028.834500,1034.166228,0.354412,69.703326,0,train
AMZN,60,2017-07-24,20:30:00,2017-07-24T20:30:00+00:00,1034.550000,1035.230000,1033.970000,1034.200000,86,1.260000,-0.051221,1037.890000,1034.163000,1029.220500,1034.172369,0.356088,68.323906,1,train
AMZN,60,2017-07-25,12:30:00,2017-07-25T12:30:00+00:00,1041.210000,1041.700000,1036.140000,1037.300000,499,5.560000,0.299749,1037.566000,1035.382000,1029.683500,1034.741029,0.361711,69.477912,1,train
AMZN,60,2017-07-25,13:30:00,2017-07-25T13:30:00+00:00,1037.990000,1040.790000,1032.320000,1037.760000,3485,8.470000,0.044346,1037.166000,1036.393000,1030.196500,1035.289933,0.359368,69.006700,0,train
AMZN,60,2017-07-25,14:30:00,2017-07-25T14:30:00+00:00,1037.740000,1037.910000,1033.730000,1037.080000,2392,4.180000,-0.065526,1036.214000,1036.761000,1030.675500,1035.615400,0.322772,68.766328,0,train
AMZN,60,2017-07-25,15:30:00,2017-07-25T15:30:00+00:00,1037.100000,1039.320000,1035.760000,1036.570000,1651,3.560000,-0.049177,1036.582000,1037.311000,1031.521500,1035.788963,0.311521,67.977044,1,train
AMZN,60,2017-07-25,16:30:00,2017-07-25T16:30:00+00:00,1036.560000,1038.090000,1035.980000,1037.910000,1345,2.110000,0.129273,1037.324000,1037.607000,1032.338000,1036.174606,0.292293,68.223235,1,train
AMZN,60,2017-07-25,17:30:00,2017-07-25T17:30:00+00:00,1037.920000,1043.300000,1037.690000,1041.480000,1832,5.610000,0.343960,1038.160000,1037.863000,1033.317500,1037.139223,0.287173,69.128631,0,train
AMZN,60,2017-07-25,18:30:00,2017-07-25T18:30:00+00:00,1041.330000,1041.750000,1038.670000,1038.750000,1818,3.080000,-0.262127,1038.358000,1037.762000,1034.069000,1037.432092,0.299957,58.074253,1,train
AMZN,60,2017-07-25,19:30:00,2017-07-25T19:30:00+00:00,1038.730000,1040.410000,1037.850000,1040.000000,1696,2.560000,0.120337,1038.942000,1037.578000,1034.833500,1037.898984,0.294790,63.931357,0,train
AMZN,60,2017-07-25,20:30:00,2017-07-25T20:30:00+00:00,1040.000000,1040.250000,1039.190000,1039.480000,50,1.060000,-0.050000,1039.524000,1038.053000,1035.600000,1038.186442,0.182799,57.894737,1,train
AMZN,60,2017-07-26,12:30:00,2017-07-26T12:30:00+00:00,1042.750000,1045.000000,1042.750000,1043.530000,207,2.250000,0.389618,1040.648000,1038.986000,1036.574500,1039.157998,0.208156,58.011818,1,train
AMZN,60,2017-07-26,13:30:00,2017-07-26T13:30:00+00:00,1043.530000,1052.360000,1043.190000,1051.500000,3407,9.170000,0.763754,1042.652000,1040.406000,1037.894000,1041.401998,0.294078,66.350975,0,train
AMZN,60,2017-07-26,14:30:00,2017-07-26T14:30:00+00:00,1051.550000,1052.870000,1049.980000,1050.840000,2566,2.890000,-0.062767,1045.070000,1041.714000,1039.053500,1043.117998,0.299702,63.051044,1,train
AMZN,60,2017-07-26,15:30:00,2017-07-26T15:30:00+00:00,1050.820000,1051.970000,1049.340000,1051.120000,2282,2.630000,0.026645,1047.294000,1043.118000,1039.939500,1044.572908,0.294540,79.638336,0,train
AMZN,60,2017-07-26,16:30:00,2017-07-26T16:30:00+00:00,1051.130000,1051.270000,1049.490000,1050.240000,1727,1.780000,-0.083720,1049.446000,1044.485000,1040.898000,1045.603288,0.297130,78.642857,0,train
AMZN,60,2017-07-26,17:30:00,2017-07-26T17:30:00+00:00,1050.250000,1051.200000,1048.500000,1048.640000,2277,2.700000,-0.152346,1050.468000,1045.558000,1041.582500,1046.155418,0.310413,71.396226,1,train
AMZN,60,2017-07-26,18:30:00,2017-07-26T18:30:00+00:00,1048.640000,1052.520000,1047.300000,1052.020000,2243,5.220000,0.322322,1050.572000,1046.612000,1042.237500,1047.221705,0.308620,74.235214,1,train
AMZN,60,2017-07-26,19:30:00,2017-07-26T19:30:00+00:00,1052.050000,1054.650000,1048.880000,1054.000000,2190,5.770000,0.188209,1051.204000,1048.137000,1042.949500,1048.454123,0.281371,77.539063,1,train
AMZN,60,2017-07-26,20:30:00,2017-07-26T20:30:00+00:00,1054.000000,1055.500000,1052.470000,1055.000000,84,3.030000,0.094877,1051.980000,1049.637000,1043.607500,1049.644282,0.281746,79.525793,1,train
AMZN,60,2017-07-27,12:30:00,2017-07-27T12:30:00+00:00,1070.980000,1071.470000,1065.660000,1069.550000,646,5.810000,1.379147,1055.842000,1052.644000,1045.348500,1053.263504,0.471299,85.614588,1,train
AMZN,60,2017-07-27,13:30:00,2017-07-27T13:30:00+00:00,1069.550000,1072.970000,1062.690000,1069.630000,4496,10.280000,0.007480,1060.040000,1055.254000,1047.120000,1056.239230,0.477468,84.387979,1,train
AMZN,60,2017-07-27,14:30:00,2017-07-27T14:30:00+00:00,1069.620000,1078.850000,1069.230000,1077.740000,4138,9.620000,0.758206,1065.184000,1057.878000,1049.142000,1060.148461,0.476805,92.096739,0,train
AMZN,60,2017-07-27,15:30:00,2017-07-27T15:30:00+00:00,1077.770000,1082.650000,1066.470000,1066.830000,4395,16.180000,-1.012304,1067.750000,1059.477000,1050.595500,1061.363286,0.618901,73.968197,0,train
AMZN,60,2017-07-27,16:30:00,2017-07-27T16:30:00+00:00,1067.100000,1069.050000,1041.980000,1046.940000,5537,27.070000,-1.864402,1066.138000,1059.059000,1051.088500,1058.740871,0.890887,54.950889,1,train
AMZN,60,2017-07-27,17:30:00,2017-07-27T17:30:00+00:00,1046.810000,1057.870000,1040.280000,1053.720000,5159,17.590000,0.647602,1062.972000,1059.407000,1051.946000,1057.827985,0.916215,56.526194,0,train
AMZN,60,2017-07-27,18:30:00,2017-07-27T18:30:00+00:00,1053.620000,1054.380000,1040.160000,1044.260000,4503,14.220000,-0.897772,1057.898000,1058.969000,1052.263500,1055.361079,0.962476,45.449975,0,train
AMZN,60,2017-07-27,19:30:00,2017-07-27T19:30:00+00:00,1044.280000,1047.730000,1001.040000,1021.190000,5752,46.690000,-2.209220,1046.588000,1055.886000,1051.249000,1049.148155,1.168210,35.461410,0,train
AMZN,60,2017-07-27,20:30:00,2017-07-27T20:30:00+00:00,1022.590000,1026.980000,1011.950000,1015.100000,1425,15.030000,-0.596363,1036.242000,1051.996000,1050.066500,1042.957582,1.158772,33.290035,0,train
AMZN,60,2017-07-28,12:30:00,2017-07-28T12:30:00+00:00,1009.000000,1013.010000,1006.480000,1010.970000,1279,6.530000,-0.406856,1029.048000,1047.593000,1048.615000,1037.141658,1.147247,32.315590,1,train
AMZN,60,2017-07-28,13:30:00,2017-07-28T13:30:00+00:00,1010.990000,1014.250000,1000.880000,1011.500000,6864,13.370000,0.052425,1020.604000,1041.788000,1047.216000,1032.479538,0.980775,33.112041,1,train
AMZN,60,2017-07-28,14:30:00,2017-07-28T14:30:00+00:00,1011.530000,1017.690000,1008.310000,1015.900000,4050,9.380000,0.434998,1014.932000,1036.415000,1045.834500,1029.465077,1.016544,33.726798,1,train
AMZN,60,2017-07-28,15:30:00,2017-07-28T15:30:00+00:00,1015.900000,1020.020000,1012.970000,1020.020000,3134,7.050000,0.405552,1014.698000,1030.643000,1044.260500,1027.747790,0.972862,34.980552,1,train
AMZN,60,2017-07-28,16:30:00,2017-07-28T16:30:00+00:00,1019.910000,1031.840000,1019.720000,1031.030000,3552,12.120000,1.079391,1017.884000,1027.063000,1043.270000,1028.344555,1.080091,40.266385,0,train
AMZN,60,2017-07-28,17:30:00,2017-07-28T17:30:00+00:00,1031.020000,1032.550000,1023.970000,1024.570000,2818,8.580000,-0.626558,1020.604000,1024.826000,1041.942500,1027.658273,0.948287,30.450278,0,train
AMZN,60,2017-07-28,18:30:00,2017-07-28T18:30:00+00:00,1024.600000,1025.360000,1019.480000,1021.270000,2971,5.880000,-0.322086,1022.558000,1021.581000,1040.494000,1026.496769,0.898952,29.553526,0,train
AMZN,60,2017-07-28,19:30:00,2017-07-28T19:30:00+00:00,1021.260000,1022.260000,1018.770000,1019.980000,2208,3.490000,-0.126313,1023.374000,1019.153000,1039.061000,1025.311902,0.875576,24.084709,0,train
AMZN,60,2017-07-31,12:30:00,2017-07-31T12:30:00+00:00,1020.590000,1021.270000,1016.990000,1018.740000,376,4.280000,-0.121571,1023.118000,1018.908000,1037.397000,1024.117010,0.533811,26.373194,0,train
AMZN,60,2017-07-31,13:30:00,2017-07-31T13:30:00+00:00,1018.900000,1018.980000,997.470000,998.290000,5544,21.510000,-2.007382,1016.570000,1017.227000,1034.611500,1019.421190,0.814811,26.228867,0,train
AMZN,60,2017-07-31,14:30:00,2017-07-31T14:30:00+00:00,998.230000,1002.110000,994.520000,995.970000,4161,7.590000,-0.232397,1010.850000,1015.727000,1031.660000,1015.157337,0.810888,20.496577,1,train
AMZN,60,2017-07-31,15:30:00,2017-07-31T15:30:00+00:00,995.940000,999.010000,994.770000,998.160000,2707,4.240000,0.219886,1006.228000,1014.393000,1028.090500,1012.066912,0.817155,24.558499,0,train
AMZN,60,2017-07-31,16:30:00,2017-07-31T16:30:00+00:00,998.170000,998.300000,989.350000,993.260000,2871,8.950000,-0.490903,1000.884000,1012.129000,1024.272000,1008.647474,0.798306,30.719315,0,train
AMZN,60,2017-07-31,17:30:00,2017-07-31T17:30:00+00:00,993.250000,993.310000,987.680000,991.530000,2950,5.630000,-0.174174,995.442000,1009.280000,1019.961500,1005.535206,0.768130,32.686940,0,train
AMZN,60,2017-07-31,18:30:00,2017-07-31T18:30:00+00:00,991.530000,992.240000,987.490000,990.730000,3105,4.750000,-0.080683,993.930000,1005.250000,1016.156500,1002.843350,0.611640,34.368242,0,train
AMZN,60,2017-07-31,19:30:00,2017-07-31T19:30:00+00:00,990.730000,991.350000,986.970000,987.870000,2550,4.380000,-0.288676,992.310000,1001.580000,1013.203000,1000.120923,0.606815,32.384076,0,train
AMZN,60,2017-07-31,20:30:00,2017-07-31T20:30:00+00:00,987.970000,988.200000,987.170000,987.200000,51,1.030000,-0.067823,990.118000,998.173000,1009.877000,997.771664,0.613978,27.344490,1,train
AMZN,60,2017-08-01,12:30:00,2017-08-01T12:30:00+00:00,990.280000,996.810000,990.170000,995.140000,364,6.640000,0.804295,990.494000,995.689000,1007.421000,997.293180,0.712140,31.477070,1,train
AMZN,60,2017-08-01,13:30:00,2017-08-01T13:30:00+00:00,995.020000,1005.980000,993.070000,1000.000000,5490,12.910000,0.488373,992.188000,993.815000,1006.361500,997.785329,0.748955,24.569743,0,train
AMZN,60,2017-08-01,14:30:00,2017-08-01T14:30:00+00:00,999.970000,1003.600000,997.470000,998.630000,3376,6.130000,-0.137000,993.768000,993.849000,1005.538000,997.938906,0.390459,26.806152,1,train
AMZN,60,2017-08-01,15:30:00,2017-08-01T15:30:00+00:00,998.640000,1001.370000,998.340000,999.610000,2513,3.030000,0.098134,996.116000,994.213000,1004.970000,998.242741,0.382117,29.794776,1,train
AMZN,60,2017-08-01,16:30:00,2017-08-01T16:30:00+00:00,999.580000,1000.110000,998.110000,999.650000,1871,2.000000,0.004002,998.606000,994.362000,1004.377500,998.498606,0.376705,30.582617,1,train
AMZN,60,2017-08-01,17:30:00,2017-08-01T17:30:00+00:00,999.620000,1001.460000,999.430000,1000.240000,2245,2.030000,0.059021,999.626000,995.060000,1003.594500,998.815223,0.332049,32.108317,0,train
AMZN,60,2017-08-01,18:30:00,2017-08-01T18:30:00+00:00,1000.230000,1000.840000,991.670000,993.610000,3263,9.170000,-0.662841,998.348000,995.268000,1002.274000,997.868819,0.400888,43.822598,1,train
AMZN,60,2017-08-01,19:30:00,2017-08-01T19:30:00+00:00,993.610000,997.300000,993.000000,995.510000,1856,4.300000,0.191222,997.724000,995.746000,1000.498000,997.439943,0.402392,49.386012,1,train
AMZN,60,2017-08-01,20:30:00,2017-08-01T20:30:00+00:00,995.510000,999.500000,995.430000,999.000000,149,4.070000,0.350574,997.602000,996.859000,999.219500,997.723590,0.393488,51.083591,1,train
AMZN,60,2017-08-02,12:30:00,2017-08-02T12:30:00+00:00,1000.700000,1003.480000,999.980000,1000.600000,284,3.500000,0.160160,997.792000,998.199000,998.186000,998.246573,0.388432,60.349690,0,train
AMZN,60,2017-08-02,13:30:00,2017-08-02T13:30:00+00:00,1001.340000,1002.370000,990.770000,990.770000,4071,11.600000,-0.982411,995.898000,997.762000,996.725500,996.887196,0.452335,49.127640,0,train
AMZN,60,2017-08-02,14:30:00,2017-08-02T14:30:00+00:00,990.800000,993.020000,981.780000,985.570000,3710,11.240000,-0.524844,994.290000,996.319000,995.067000,994.829524,0.433136,44.620517,0,train
AMZN,60,2017-08-02,15:30:00,2017-08-02T15:30:00+00:00,985.590000,990.040000,985.130000,985.290000,2210,4.910000,-0.028410,992.246000,994.985000,994.417000,993.095065,0.434700,47.157338,1,train
AMZN,60,2017-08-02,16:30:00,2017-08-02T16:30:00+00:00,985.260000,992.060000,985.260000,991.500000,2457,6.800000,0.630271,990.746000,994.174000,994.193500,992.805053,0.494649,54.222310,1,train
AMZN,60,2017-08-02,17:30:00,2017-08-02T17:30:00+00:00,992.160000,997.410000,990.970000,996.160000,2939,6.440000,0.469995,989.858000,993.825000,994.093500,993.415044,0.524523,51.070529,0,train
AMZN,60,2017-08-02,18:30:00,2017-08-02T18:30:00+00:00,996.040000,998.480000,994.680000,995.880000,2085,3.800000,-0.028108,990.880000,993.389000,994.224500,993.863218,0.523534,45.215978,0,train
AMZN,60,2017-08-02,19:30:00,2017-08-02T19:30:00+00:00,995.910000,996.660000,993.720000,995.480000,1854,2.940000,-0.040165,992.862000,993.576000,994.422000,994.157178,0.476460,46.258019,0,train
AMZN,60,2017-08-02,20:30:00,2017-08-02T20:30:00+00:00,995.510000,995.800000,993.500000,995.000000,28,2.300000,-0.048218,994.804000,993.525000,994.635500,994.310418,0.472893,44.457802,1,train
AMZN,60,2017-08-03,12:30:00,2017-08-03T12:30:00+00:00,997.980000,998.990000,996.000000,998.980000,172,2.990000,0.400000,996.300000,993.523000,995.191000,995.159433,0.477250,49.264221,0,train
AMZN,60,2017-08-03,13:30:00,2017-08-03T13:30:00+00:00,998.960000,999.270000,984.600000,987.510000,4028,14.670000,-1.148171,994.570000,992.214000,995.206500,993.768627,0.593815,38.716540,1,train
AMZN,60,2017-08-03,14:30:00,2017-08-03T14:30:00+00:00,987.490000,992.000000,986.600000,988.120000,2935,5.400000,0.061772,993.018000,991.949000,994.855500,992.741604,0.513669,44.552491,1,train
AMZN,60,2017-08-03,15:30:00,2017-08-03T15:30:00+00:00,988.120000,990.940000,987.040000,988.230000,2284,3.900000,0.011132,991.568000,992.215000,994.267000,991.921312,0.482823,42.510288,0,train
AMZN,60,2017-08-03,16:30:00,2017-08-03T16:30:00+00:00,988.170000,989.230000,985.070000,985.230000,1980,4.160000,-0.303573,989.614000,992.209000,993.597000,990.704710,0.494105,35.689046,1,train
AMZN,60,2017-08-03,17:30:00,2017-08-03T17:30:00+00:00,985.270000,987.840000,985.050000,987.690000,1957,2.790000,0.249688,987.356000,991.828000,993.001000,990.156581,0.453168,36.818460,1,train
AMZN,60,2017-08-03,18:30:00,2017-08-03T18:30:00+00:00,987.700000,989.810000,986.940000,989.180000,2136,2.870000,0.150857,987.690000,991.130000,992.477500,989.979021,0.423733,48.043318,0,train
AMZN,60,2017-08-03,19:30:00,2017-08-03T19:30:00+00:00,989.270000,989.480000,985.780000,986.470000,1989,3.700000,-0.273964,987.360000,990.189000,991.789000,989.341017,0.428176,51.179864,1,train
AMZN,60,2017-08-03,20:30:00,2017-08-03T20:30:00+00:00,986.930000,987.200000,986.470000,986.920000,52,0.730000,0.045617,987.098000,989.333000,991.454500,988.900832,0.430230,52.127382,1,train
AMZN,60,2017-08-04,12:30:00,2017-08-04T12:30:00+00:00,988.510000,991.000000,987.280000,988.490000,557,3.720000,0.159081,987.750000,988.682000,991.103500,988.826135,0.437163,45.530146,0,train
AMZN,60,2017-08-04,13:30:00,2017-08-04T13:30:00+00:00,989.000000,991.480000,981.980000,986.790000,3717,9.500000,-0.171979,987.570000,987.463000,990.493000,988.455929,0.405899,34.744383,1,train
AMZN,60,2017-08-04,14:30:00,2017-08-04T14:30:00+00:00,986.930000,989.570000,985.370000,988.590000,2076,4.200000,0.182410,987.452000,987.571000,989.892500,988.480306,0.195863,38.690661,0,train
AMZN,60,2017-08-04,15:30:00,2017-08-04T15:30:00+00:00,988.610000,989.370000,985.090000,986.500000,1841,4.280000,-0.211412,987.458000,987.409000,989.679000,988.120250,0.206759,36.762972,0,train
AMZN,60,2017-08-04,16:30:00,2017-08-04T16:30:00+00:00,986.480000,987.330000,984.670000,986.390000,1366,2.660000,-0.011151,987.352000,987.225000,989.720000,987.805659,0.206551,37.168405,0,train
AMZN,60,2017-08-04,17:30:00,2017-08-04T17:30:00+00:00,986.470000,987.260000,983.780000,983.800000,1553,3.480000,-0.262574,986.414000,987.082000,989.645500,987.077357,0.200583,26.399254,1,train
AMZN,60,2017-08-04,18:30:00,2017-08-04T18:30:00+00:00,983.700000,986.730000,983.430000,986.340000,1997,3.300000,0.258183,986.324000,986.947000,989.387500,986.943292,0.201840,47.481705,1,train
AMZN,60,2017-08-04,19:30:00,2017-08-04T19:30:00+00:00,986.380000,987.380000,984.570000,987.180000,1948,2.810000,0.085163,986.042000,986.747000,988.938500,986.986330,0.196905,47.996590,1,train
AMZN,60,2017-08-07,12:30:00,2017-08-07T12:30:00+00:00,989.500000,990.480000,988.970000,989.980000,137,1.510000,0.283636,986.738000,987.098000,988.643500,987.530634,0.195965,53.346080,1,train
AMZN,60,2017-08-07,13:30:00,2017-08-07T13:30:00+00:00,990.010000,993.720000,987.370000,990.610000,4301,6.350000,0.063638,987.582000,987.467000,988.400000,988.090519,0.196149,61.312027,1,train
AMZN,60,2017-08-07,14:30:00,2017-08-07T14:30:00+00:00,990.580000,994.800000,989.630000,994.510000,2542,5.170000,0.393697,989.724000,988.069000,988.375500,989.257697,0.224316,63.521015,0,train
AMZN,60,2017-08-07,15:30:00,2017-08-07T15:30:00+00:00,994.490000,994.920000,991.450000,991.500000,2240,3.470000,-0.302662,990.756000,988.540000,988.001500,989.665388,0.242467,54.338070,0,train
AMZN,60,2017-08-07,16:30:00,2017-08-07T16:30:00+00:00,991.490000,991.520000,988.530000,989.580000,1899,2.990000,-0.193646,991.236000,988.639000,988.105000,989.649863,0.248376,55.992293,0,train
AMZN,60,2017-08-07,17:30:00,2017-08-07T17:30:00+00:00,989.560000,989.880000,987.900000,989.260000,1540,1.980000,-0.032337,991.092000,988.915000,988.162000,989.578979,0.236802,54.531371,1,train
AMZN,60,2017-08-07,18:30:00,2017-08-07T18:30:00+00:00,989.260000,992.400000,989.140000,992.390000,1953,3.260000,0.316398,991.448000,989.515000,988.370000,990.090074,0.252864,57.121987,0,train
AMZN,60,2017-08-07,19:30:00,2017-08-07T19:30:00+00:00,992.390000,993.810000,991.060000,991.990000,2158,2.750000,-0.040307,990.944000,990.334000,988.708000,990.435515,0.230001,59.969325,0,train
AMZN,60,2017-08-07,20:30:00,2017-08-07T20:30:00+00:00,991.790000,992.000000,991.790000,991.950000,18,0.210000,-0.004032,991.034000,990.895000,988.921000,990.710876,0.222663,56.907895,1,train
AMZN,60,2017-08-08,12:30:00,2017-08-08T12:30:00+00:00,993.210000,994.380000,992.970000,994.270000,134,1.410000,0.233883,991.972000,991.604000,989.175500,991.357989,0.229614,65.824847,0,train
AMZN,60,2017-08-08,13:30:00,2017-08-08T13:30:00+00:00,992.980000,994.460000,988.280000,988.970000,3428,6.180000,-0.533054,991.914000,991.503000,989.300500,990.923809,0.284571,54.337592,1,train
AMZN,60,2017-08-08,14:30:00,2017-08-08T14:30:00+00:00,989.010000,991.070000,988.200000,990.200000,2246,2.870000,0.124372,991.476000,991.462000,989.464500,990.792208,0.286951,61.275546,1,train
AMZN,60,2017-08-08,15:30:00,2017-08-08T15:30:00+00:00,990.010000,996.190000,990.010000,995.130000,2569,6.180000,0.497879,992.104000,991.524000,989.796500,991.580897,0.304349,64.283393,0,train
AMZN,60,2017-08-08,16:30:00,2017-08-08T16:30:00+00:00,995.130000,995.160000,992.180000,992.180000,1773,2.980000,-0.296444,992.150000,991.592000,990.066000,991.689825,0.303652,57.603406,1,train
AMZN,60,2017-08-08,17:30:00,2017-08-08T17:30:00+00:00,992.200000,993.690000,991.220000,992.570000,1762,2.470000,0.039307,991.810000,991.891000,990.265000,991.849857,0.295348,54.250082,0,train
AMZN,60,2017-08-08,18:30:00,2017-08-08T18:30:00+00:00,992.330000,993.160000,989.130000,990.050000,1938,4.030000,-0.253886,992.026000,991.970000,990.442500,991.522610,0.308603,49.134734,0,train
AMZN,60,2017-08-08,19:30:00,2017-08-08T19:30:00+00:00,990.060000,990.490000,985.760000,989.050000,2598,4.730000,-0.101005,991.796000,991.636000,990.575500,991.073045,0.289984,40.733198,0,train
AMZN,60,2017-08-08,20:30:00,2017-08-08T20:30:00+00:00,989.020000,989.060000,987.260000,987.260000,45,1.800000,-0.180982,990.222000,991.163000,990.748500,990.379764,0.293748,42.492918,0,train
AMZN,60,2017-08-09,12:30:00,2017-08-09T12:30:00+00:00,982.780000,985.050000,982.060000,982.070000,319,2.990000,-0.525697,988.200000,990.175000,990.535000,988.868898,0.329354,38.083148,1,train
AMZN,60,2017-08-09,13:30:00,2017-08-09T13:30:00+00:00,982.920000,987.930000,980.990000,983.170000,3490,6.940000,0.112008,986.320000,989.065000,990.334500,987.832734,0.317693,40.569836,0,train
AMZN,60,2017-08-09,14:30:00,2017-08-09T14:30:00+00:00,983.270000,985.680000,982.070000,982.990000,2361,3.610000,-0.018308,984.908000,988.467000,989.985000,986.952237,0.281484,33.980913,1,train
AMZN,60,2017-08-09,15:30:00,2017-08-09T15:30:00+00:00,983.020000,985.500000,982.150000,983.580000,2095,3.350000,0.060021,983.814000,987.805000,989.633500,986.339103,0.277501,35.760244,0,train
AMZN,60,2017-08-09,16:30:00,2017-08-09T16:30:00+00:00,983.590000,984.500000,981.090000,981.200000,1755,3.410000,-0.241973,982.602000,986.412000,988.968000,985.404721,0.197281,33.134609,0,train
AMZN,60,2017-08-09,17:30:00,2017-08-09T17:30:00+00:00,981.350000,983.480000,980.030000,980.300000,1728,3.450000,-0.091724,982.248000,985.224000,988.408000,984.476590,0.189803,27.060755,0,train
AMZN,60,2017-08-09,18:30:00,2017-08-09T18:30:00+00:00,980.330000,981.020000,975.280000,979.380000,3337,5.740000,-0.093849,981.490000,983.905000,987.898000,983.549937,0.181873,31.607211,1,train
AMZN,60,2017-08-09,19:30:00,2017-08-09T19:30:00+00:00,979.400000,982.880000,979.060000,980.990000,2139,3.820000,0.164390,981.090000,982.999000,987.484500,983.084494,0.198462,32.589792,1,train
AMZN,60,2017-08-09,20:30:00,2017-08-09T20:30:00+00:00,981.090000,981.200000,980.980000,981.200000,16,0.220000,0.021407,980.614000,982.214000,986.925000,982.741859,0.201575,17.947538,0,train
AMZN,60,2017-08-10,12:30:00,2017-08-10T12:30:00+00:00,977.990000,978.020000,975.520000,976.240000,319,2.500000,-0.505503,979.622000,981.112000,986.137500,981.559703,0.241836,16.427970,0,train
AMZN,60,2017-08-10,13:30:00,2017-08-10T13:30:00+00:00,976.230000,979.010000,964.070000,968.730000,5407,14.940000,-0.769278,977.308000,979.778000,984.976500,979.227029,0.294644,11.373947,0,train
AMZN,60,2017-08-10,14:30:00,2017-08-10T14:30:00+00:00,968.730000,969.640000,962.420000,963.730000,3488,7.220000,-0.516140,974.178000,977.834000,983.449500,976.409388,0.302678,10.527894,0,train
AMZN,60,2017-08-10,15:30:00,2017-08-10T15:30:00+00:00,963.760000,964.630000,958.470000,958.850000,3917,6.160000,-0.506366,969.750000,975.420000,981.943500,973.216772,0.309558,9.430414,1,train
AMZN,60,2017-08-10,16:30:00,2017-08-10T16:30:00+00:00,958.880000,963.580000,955.560000,963.310000,3580,8.020000,0.465141,966.172000,973.393000,980.599000,971.415541,0.374111,19.979945,0,train
AMZN,60,2017-08-10,17:30:00,2017-08-10T17:30:00+00:00,963.340000,963.660000,958.310000,960.800000,3115,5.350000,-0.260560,963.084000,971.353000,978.882500,969.485442,0.374348,21.418973,0,train
AMZN,60,2017-08-10,18:30:00,2017-08-10T18:30:00+00:00,960.840000,963.030000,956.440000,957.310000,3810,6.590000,-0.363239,960.800000,969.054000,977.139000,967.271725,0.374724,17.348485,0,train
AMZN,60,2017-08-10,19:30:00,2017-08-10T19:30:00+00:00,957.640000,958.540000,954.700000,956.000000,3161,3.840000,-0.136842,959.254000,966.716000,975.310500,965.222321,0.373150,16.867174,0,train
AMZN,60,2017-08-10,20:30:00,2017-08-10T20:30:00+00:00,955.250000,955.970000,954.670000,954.700000,73,1.300000,-0.135983,958.424000,964.087000,973.543000,963.309172,0.348172,15.154440,1,train
AMZN,60,2017-08-11,12:30:00,2017-08-11T12:30:00+00:00,955.020000,961.730000,955.020000,960.070000,981,6.710000,0.562480,957.776000,961.974000,972.094000,962.720231,0.430844,26.221022,1,train
AMZN,60,2017-08-11,13:30:00,2017-08-11T13:30:00+00:00,960.000000,964.110000,951.480000,963.200000,4922,12.630000,0.326018,958.256000,960.670000,970.891000,962.807462,0.448765,31.675954,1,train
AMZN,60,2017-08-11,14:30:00,2017-08-11T14:30:00+00:00,963.170000,969.680000,962.150000,965.110000,3812,7.530000,0.198297,959.816000,960.308000,970.043000,963.226105,0.397873,35.026233,1,train
AMZN,60,2017-08-11,15:30:00,2017-08-11T15:30:00+00:00,965.110000,968.780000,965.090000,967.670000,2791,3.690000,0.265255,962.150000,960.702000,969.268000,964.034086,0.368934,36.296296,0,train
AMZN,60,2017-08-11,16:30:00,2017-08-11T16:30:00+00:00,967.680000,969.100000,966.270000,966.700000,1672,2.830000,-0.100241,964.550000,961.487000,968.453500,964.518798,0.321198,35.311994,1,train
AMZN,60,2017-08-11,17:30:00,2017-08-11T17:30:00+00:00,966.700000,969.150000,966.290000,968.300000,1555,2.860000,0.165512,966.196000,961.986000,967.689500,965.206289,0.294342,41.369565,0,train
AMZN,60,2017-08-11,18:30:00,2017-08-11T18:30:00+00:00,968.450000,968.960000,964.770000,965.970000,2335,4.190000,-0.240628,966.750000,962.503000,966.928000,965.345146,0.292048,46.619304,1,train
AMZN,60,2017-08-11,19:30:00,2017-08-11T19:30:00+00:00,965.980000,968.660000,964.970000,967.980000,1959,3.690000,0.208081,967.324000,963.570000,966.312000,965.824210,0.254857,55.617235,1,train
AMZN,60,2017-08-14,12:30:00,2017-08-14T12:30:00+00:00,975.320000,978.100000,972.090000,978.100000,231,6.010000,1.045476,969.410000,965.780000,966.248000,968.056172,0.373592,72.347342,1,train
AMZN,60,2017-08-14,13:30:00,2017-08-14T13:30:00+00:00,978.100000,984.380000,976.070000,983.450000,4102,8.310000,0.546979,972.760000,968.655000,966.371000,970.855050,0.361603,72.907188,0,train
AMZN,60,2017-08-14,14:30:00,2017-08-14T14:30:00+00:00,983.450000,985.280000,981.710000,982.630000,2651,3.570000,-0.083380,975.626000,970.911000,966.442500,972.995950,0.366703,75.822096,0,train
AMZN,60,2017-08-14,15:30:00,2017-08-14T15:30:00+00:00,982.650000,983.710000,980.540000,981.520000,2414,3.170000,-0.112962,978.736000,972.743000,966.706500,974.545777,0.380370,80.345951,1,train
AMZN,60,2017-08-14,16:30:00,2017-08-14T16:30:00+00:00,981.510000,983.120000,980.710000,981.970000,1492,2.410000,0.045847,981.534000,974.429000,967.368500,975.895636,0.383012,83.269280,1,train
AMZN,60,2017-08-14,17:30:00,2017-08-14T17:30:00+00:00,981.960000,982.270000,980.470000,982.130000,1655,1.800000,0.016294,982.340000,975.875000,968.288500,977.029157,0.384509,86.196886,1,train
AMZN,60,2017-08-14,18:30:00,2017-08-14T18:30:00+00:00,982.150000,982.460000,980.170000,982.140000,1865,2.290000,0.001018,982.078000,977.419000,969.453000,977.958401,0.378500,83.922533,1,train
AMZN,60,2017-08-14,19:30:00,2017-08-14T19:30:00+00:00,982.150000,984.790000,980.100000,982.600000,1982,4.690000,0.046836,982.072000,978.849000,970.417500,978.802328,0.380138,82.484930,1,train
AMZN,60,2017-08-14,20:30:00,2017-08-14T20:30:00+00:00,982.870000,982.900000,982.600000,982.900000,24,0.300000,0.030531,982.348000,980.542000,971.522500,979.547359,0.358439,81.486726,1,train
AMZN,60,2017-08-15,12:30:00,2017-08-15T12:30:00+00:00,986.790000,988.880000,985.970000,987.900000,350,2.910000,0.508699,983.534000,982.534000,973.052000,981.066021,0.373846,82.958618,0,train
AMZN,60,2017-08-15,13:30:00,2017-08-15T13:30:00+00:00,987.480000,991.590000,982.020000,985.560000,3956,9.570000,-0.236866,984.220000,983.280000,974.530000,981.883108,0.254090,79.413600,0,train
AMZN,60,2017-08-15,14:30:00,2017-08-15T14:30:00+00:00,985.530000,986.600000,982.470000,984.270000,2101,4.130000,-0.130890,984.646000,983.362000,976.008500,982.317089,0.199024,75.149606,1,train
AMZN,60,2017-08-15,15:30:00,2017-08-15T15:30:00+00:00,984.270000,985.640000,982.480000,985.350000,1991,3.160000,0.109726,985.196000,983.634000,977.272500,982.868527,0.198485,81.770492,0,train
AMZN,60,2017-08-15,16:30:00,2017-08-15T16:30:00+00:00,985.550000,986.380000,983.470000,984.400000,1602,2.910000,-0.096412,985.496000,983.922000,978.332500,983.146977,0.197245,77.887228,0,train
AMZN,60,2017-08-15,17:30:00,2017-08-15T17:30:00+00:00,984.390000,984.900000,983.500000,984.140000,1539,1.400000,-0.026412,984.744000,984.139000,979.284000,983.327526,0.197902,65.423902,0,train
AMZN,60,2017-08-15,18:30:00,2017-08-15T18:30:00+00:00,984.140000,985.550000,983.090000,983.640000,1939,2.460000,-0.050806,984.360000,984.290000,980.082500,983.384340,0.199259,50.644942,0,train
AMZN,60,2017-08-15,19:30:00,2017-08-15T19:30:00+00:00,983.630000,984.540000,982.110000,982.590000,1872,2.430000,-0.106746,984.024000,984.335000,980.877000,983.239914,0.203011,49.866310,0,train
AMZN,60,2017-08-15,20:30:00,2017-08-15T20:30:00+00:00,982.550000,982.550000,982.110000,982.520000,12,0.440000,-0.007124,983.458000,984.327000,981.588000,983.109021,0.202485,53.591954,0,train
AMZN,60,2017-08-16,12:30:00,2017-08-16T12:30:00+00:00,980.000000,981.450000,978.570000,981.370000,667,2.880000,-0.117046,982.852000,984.174000,982.358000,982.792835,0.205319,47.948016,0,train
AMZN,60,2017-08-16,13:30:00,2017-08-16T13:30:00+00:00,980.970000,981.000000,973.240000,975.710000,4268,7.760000,-0.576745,981.166000,982.955000,982.744500,981.505047,0.183194,34.045726,1,train
AMZN,60,2017-08-16,14:30:00,2017-08-16T14:30:00+00:00,975.710000,981.220000,975.710000,981.020000,2638,5.510000,0.544219,980.642000,982.501000,982.890500,981.416857,0.273801,47.797010,1,train
AMZN,60,2017-08-16,15:30:00,2017-08-16T15:30:00+00:00,981.030000,986.350000,981.030000,986.010000,2313,5.320000,0.508654,981.326000,982.675000,983.018500,982.251974,0.322147,55.692821,0,train
AMZN,60,2017-08-16,16:30:00,2017-08-16T16:30:00+00:00,986.010000,986.250000,978.100000,979.100000,2725,8.150000,-0.700804,980.642000,982.050000,982.842000,981.678887,0.391123,44.803063,0,train
AMZN,60,2017-08-16,17:30:00,2017-08-16T17:30:00+00:00,979.200000,980.700000,975.510000,976.530000,2850,5.190000,-0.262486,979.674000,981.263000,982.592500,980.742726,0.396196,33.343100,1,train
AMZN,60,2017-08-16,18:30:00,2017-08-16T18:30:00+00:00,976.540000,978.900000,975.110000,978.250000,2128,3.790000,0.176134,980.182000,980.674000,982.406500,980.289503,0.404307,39.092808,0,train
AMZN,60,2017-08-16,19:30:00,2017-08-16T19:30:00+00:00,978.260000,978.800000,976.610000,978.010000,1577,2.190000,-0.024534,979.580000,980.111000,982.200500,979.875048,0.404454,40.357363,0,train
AMZN,60,2017-08-16,20:30:00,2017-08-16T20:30:00+00:00,977.980000,978.650000,977.980000,977.990000,14,0.670000,-0.002045,977.976000,979.651000,981.993000,979.532312,0.404368,38.280255,0,train
AMZN,60,2017-08-17,12:30:00,2017-08-17T12:30:00+00:00,974.500000,977.910000,974.250000,974.490000,178,3.660000,-0.357877,977.054000,978.848000,981.587500,978.615528,0.415659,35.405007,0,train
AMZN,60,2017-08-17,13:30:00,2017-08-17T13:30:00+00:00,975.970000,977.740000,967.970000,969.490000,4409,9.770000,-0.513089,975.646000,977.660000,980.917000,976.956341,0.437730,31.067459,0,train
AMZN,60,2017-08-17,14:30:00,2017-08-17T14:30:00+00:00,969.510000,971.540000,967.230000,968.290000,3228,4.310000,-0.123776,973.654000,976.918000,979.936500,975.380643,0.407720,30.515359,0,train
AMZN,60,2017-08-17,15:30:00,2017-08-17T15:30:00+00:00,968.300000,968.670000,963.720000,964.540000,3469,4.950000,-0.387281,970.960000,975.270000,978.885500,973.409617,0.353144,28.557852,1,train
AMZN,60,2017-08-17,16:30:00,2017-08-17T16:30:00+00:00,964.550000,966.260000,963.570000,965.460000,2778,2.690000,0.095382,968.454000,973.215000,977.945000,971.964232,0.282103,30.135072,0,train
AMZN,60,2017-08-17,17:30:00,2017-08-17T17:30:00+00:00,965.220000,967.900000,963.190000,965.130000,2629,4.710000,-0.034181,966.582000,971.818000,976.934000,970.721644,0.226537,30.721747,0,train
AMZN,60,2017-08-17,18:30:00,2017-08-17T18:30:00+00:00,965.280000,966.450000,961.660000,962.420000,2974,4.790000,-0.280791,965.168000,970.407000,975.835000,969.212254,0.227678,33.035486,0,train
AMZN,60,2017-08-17,19:30:00,2017-08-17T19:30:00+00:00,962.410000,963.660000,959.790000,960.470000,2696,3.870000,-0.202614,963.604000,968.629000,974.651500,967.622754,0.197829,21.306898,0,train
AMZN,60,2017-08-17,20:30:00,2017-08-17T20:30:00+00:00,960.030000,960.210000,956.970000,959.020000,132,3.240000,-0.150968,962.500000,966.730000,973.420500,966.058617,0.190474,8.180973,1,train
AMZN,60,2017-08-18,12:30:00,2017-08-18T12:30:00+00:00,962.590000,963.980000,959.970000,961.680000,274,4.010000,0.277366,961.744000,965.099000,972.375000,965.262504,0.236882,18.915061,0,train
AMZN,60,2017-08-18,13:30:00,2017-08-18T13:30:00+00:00,961.670000,963.450000,954.600000,961.680000,5208,8.850000,0.000000,961.054000,963.818000,971.333000,964.611140,0.231954,20.825147,1,train
AMZN,60,2017-08-18,14:30:00,2017-08-18T14:30:00+00:00,961.590000,964.980000,957.560000,963.990000,3527,7.420000,0.240205,961.368000,963.268000,970.464000,964.498205,0.216225,22.619048,0,train
AMZN,60,2017-08-18,15:30:00,2017-08-18T15:30:00+00:00,964.000000,965.260000,961.550000,963.980000,2746,3.710000,-0.001037,962.070000,962.837000,969.877500,964.403986,0.215475,22.820612,0,train
AMZN,60,2017-08-18,16:30:00,2017-08-18T16:30:00+00:00,964.000000,965.000000,958.970000,961.990000,2524,6.030000,-0.206436,962.664000,962.582000,968.926000,963.965080,0.189526,21.202304,0,train
AMZN,60,2017-08-18,17:30:00,2017-08-18T17:30:00+00:00,962.010000,962.180000,958.520000,960.800000,1868,3.660000,-0.123702,962.488000,962.116000,967.665500,963.389611,0.186535,23.125245,0,train
AMZN,60,2017-08-18,18:30:00,2017-08-18T18:30:00+00:00,960.780000,961.130000,958.740000,959.660000,1974,2.390000,-0.118651,962.084000,961.569000,966.693500,962.711500,0.187737,27.255900,0,train
AMZN,60,2017-08-18,19:30:00,2017-08-18T19:30:00+00:00,959.690000,960.470000,958.330000,958.470000,1811,2.140000,-0.124002,960.980000,961.174000,965.790500,961.940318,0.172900,27.268519,0,train
AMZN,60,2017-08-21,12:30:00,2017-08-21T12:30:00+00:00,959.190000,960.000000,956.990000,957.650000,87,3.010000,-0.085553,959.714000,960.892000,964.760500,961.160260,0.164500,31.547938,0,train
AMZN,60,2017-08-21,13:30:00,2017-08-21T13:30:00+00:00,957.640000,961.000000,945.420000,946.570000,4984,15.580000,-1.156999,956.630000,959.647000,963.188500,958.507486,0.394304,17.238987,1,train
AMZN,60,2017-08-21,14:30:00,2017-08-21T14:30:00+00:00,946.540000,951.010000,946.270000,949.400000,3622,4.740000,0.298974,954.350000,958.419000,961.759000,956.851579,0.396835,24.896266,1,train
AMZN,60,2017-08-21,15:30:00,2017-08-21T15:30:00+00:00,949.370000,954.610000,948.850000,953.710000,2384,5.760000,0.453971,953.160000,957.622000,960.720000,956.280383,0.437003,36.774977,0,train
AMZN,60,2017-08-21,16:30:00,2017-08-21T16:30:00+00:00,953.410000,953.510000,950.470000,951.380000,1976,3.040000,-0.244309,951.742000,956.361000,959.814500,955.389404,0.423934,36.355449,0,train
AMZN,60,2017-08-21,17:30:00,2017-08-21T17:30:00+00:00,951.410000,952.320000,949.630000,950.980000,2021,2.690000,-0.042044,950.408000,955.061000,958.949000,954.587694,0.422736,37.538748,1,train
AMZN,60,2017-08-21,18:30:00,2017-08-21T18:30:00+00:00,950.960000,951.640000,947.820000,951.280000,2572,3.820000,0.031546,951.350000,953.990000,958.286000,953.986295,0.424953,32.608696,1,train
AMZN,60,2017-08-21,19:30:00,2017-08-21T19:30:00+00:00,951.290000,953.930000,950.000000,952.000000,1889,3.930000,0.075687,951.870000,953.110000,957.613000,953.625151,0.428954,34.193338,1,train
AMZN,60,2017-08-21,20:30:00,2017-08-21T20:30:00+00:00,952.700000,953.010000,952.360000,952.360000,21,0.650000,0.037815,951.600000,952.380000,956.974500,953.395123,0.430689,29.717475,1,train
AMZN,60,2017-08-22,12:30:00,2017-08-22T12:30:00+00:00,957.500000,958.970000,955.020000,955.260000,166,3.950000,0.304507,952.376000,952.059000,956.616500,953.734192,0.446358,36.185044,1,train
AMZN,60,2017-08-22,13:30:00,2017-08-22T13:30:00+00:00,955.260000,965.400000,955.170000,964.660000,3594,10.230000,0.984025,955.112000,952.760000,956.826000,955.720702,0.548688,53.425712,0,train
AMZN,60,2017-08-22,14:30:00,2017-08-22T14:30:00+00:00,964.630000,965.640000,962.810000,964.520000,2553,2.830000,-0.014513,957.760000,954.555000,957.101000,957.320575,0.344924,54.905063,1,train
AMZN,60,2017-08-22,15:30:00,2017-08-22T15:30:00+00:00,964.560000,967.770000,964.060000,965.860000,2194,3.710000,0.138929,960.532000,956.201000,957.310000,958.873197,0.342939,58.132214,0,train
AMZN,60,2017-08-22,16:30:00,2017-08-22T16:30:00+00:00,965.910000,967.000000,964.770000,965.160000,1950,2.230000,-0.072474,963.092000,957.346000,957.484000,960.016252,0.335261,58.889184,1,train
AMZN,60,2017-08-22,17:30:00,2017-08-22T17:30:00+00:00,965.160000,966.600000,963.990000,965.880000,2223,2.610000,0.074599,965.216000,958.796000,957.578500,961.082388,0.311060,60.964562,0,train
AMZN,60,2017-08-22,18:30:00,2017-08-22T18:30:00+00:00,966.100000,967.170000,964.360000,964.410000,2708,2.810000,-0.152193,965.166000,960.139000,957.600000,961.687409,0.320494,81.948424,1,train
AMZN,60,2017-08-22,19:30:00,2017-08-22T19:30:00+00:00,964.410000,967.650000,964.380000,966.170000,2113,3.270000,0.182495,965.496000,961.628000,957.809000,962.502425,0.318325,81.229050,1,train
AMZN,60,2017-08-22,20:30:00,2017-08-22T20:30:00+00:00,966.150000,967.220000,966.150000,966.190000,31,1.070000,0.002070,965.562000,963.047000,958.078500,963.172893,0.321224,77.659574,0,train
AMZN,60,2017-08-23,12:30:00,2017-08-23T12:30:00+00:00,958.450000,959.090000,955.650000,959.090000,233,3.440000,-0.734845,964.348000,963.720000,958.050000,962.430549,0.426491,64.105379,0,train
AMZN,60,2017-08-23,13:30:00,2017-08-23T13:30:00+00:00,959.060000,961.430000,954.160000,957.100000,3633,7.270000,-0.207488,962.592000,963.904000,957.981500,961.461358,0.426110,60.580913,1,train
AMZN,60,2017-08-23,14:30:00,2017-08-23T14:30:00+00:00,957.100000,959.570000,955.070000,959.570000,2461,4.500000,0.258071,961.624000,963.395000,958.077500,961.117475,0.280644,63.332261,0,train
AMZN,60,2017-08-23,15:30:00,2017-08-23T15:30:00+00:00,959.510000,961.710000,956.780000,956.990000,2095,4.930000,-0.268870,959.788000,962.642000,958.598500,960.367025,0.288239,57.572079,0,train
AMZN,60,2017-08-23,16:30:00,2017-08-23T16:30:00+00:00,957.000000,957.900000,955.970000,956.600000,1757,1.930000,-0.040753,957.870000,961.716000,958.958500,959.682111,0.278657,56.428138,1,train
AMZN,60,2017-08-23,17:30:00,2017-08-23T17:30:00+00:00,956.600000,957.800000,954.860000,957.000000,2202,2.940000,0.041815,957.452000,960.900000,959.123000,959.194455,0.282049,52.854331,1,train
AMZN,60,2017-08-23,18:30:00,2017-08-23T18:30:00+00:00,957.010000,959.400000,957.010000,958.730000,1872,2.390000,0.180773,957.778000,960.185000,959.490500,959.110008,0.290574,37.001315,0,train
AMZN,60,2017-08-23,19:30:00,2017-08-23T19:30:00+00:00,958.730000,959.300000,956.970000,957.200000,1430,2.330000,-0.159586,957.304000,959.464000,959.801500,958.762734,0.290805,34.876033,1,train
AMZN,60,2017-08-23,20:30:00,2017-08-23T20:30:00+00:00,957.170000,960.390000,957.170000,958.890000,101,3.220000,0.176557,957.684000,958.736000,960.182000,958.785873,0.290227,35.804481,0,train
AMZN,60,2017-08-24,12:30:00,2017-08-24T12:30:00+00:00,960.270000,961.600000,956.480000,957.320000,283,5.120000,-0.163731,957.828000,957.849000,960.448000,958.519351,0.290056,34.579072,0,train
AMZN,60,2017-08-24,13:30:00,2017-08-24T13:30:00+00:00,957.300000,958.870000,943.490000,948.020000,5492,15.380000,-0.971462,956.032000,956.742000,960.231000,956.610378,0.351487,23.735294,0,train
AMZN,60,2017-08-24,14:30:00,2017-08-24T14:30:00+00:00,948.050000,951.860000,941.590000,942.970000,3822,10.270000,-0.532689,952.880000,955.329000,959.616500,954.130309,0.375192,21.474188,1,train
AMZN,60,2017-08-24,15:30:00,2017-08-24T15:30:00+00:00,942.990000,945.600000,941.110000,945.450000,3431,4.490000,0.262999,950.530000,953.917000,958.656000,952.552071,0.375787,22.950392,1,train
AMZN,60,2017-08-24,16:30:00,2017-08-24T16:30:00+00:00,945.450000,947.970000,944.190000,945.680000,2673,3.780000,0.024327,947.888000,952.786000,957.714000,951.302604,0.376702,23.370553,1,train
AMZN,60,2017-08-24,17:30:00,2017-08-24T17:30:00+00:00,945.850000,954.760000,945.430000,954.540000,3183,9.330000,0.936892,947.332000,952.580000,957.148000,951.891221,0.504285,44.350633,1,train
AMZN,60,2017-08-24,18:30:00,2017-08-24T18:30:00+00:00,954.530000,958.500000,952.670000,955.000000,3259,5.830000,0.048191,948.728000,952.380000,956.640000,952.456454,0.504377,47.289623,0,train
AMZN,60,2017-08-24,19:30:00,2017-08-24T19:30:00+00:00,954.970000,955.560000,951.990000,953.000000,2127,3.570000,-0.209424,950.734000,951.807000,955.996000,952.555280,0.502227,41.416253,1,train
AMZN,60,2017-08-24,20:30:00,2017-08-24T20:30:00+00:00,953.000000,953.990000,952.730000,953.990000,17,1.260000,0.103882,952.442000,951.486000,955.475000,952.816138,0.503261,45.910578,1,train
AMZN,60,2017-08-25,12:30:00,2017-08-25T12:30:00+00:00,955.500000,956.360000,954.730000,954.930000,121,1.630000,0.098534,954.292000,951.090000,954.913000,953.200477,0.500257,47.757185,0,train
AMZN,60,2017-08-25,13:30:00,2017-08-25T13:30:00+00:00,954.940000,957.440000,949.970000,952.700000,3363,7.470000,-0.233525,953.924000,950.628000,954.238500,953.109481,0.502652,44.495648,0,train
AMZN,60,2017-08-25,14:30:00,2017-08-25T14:30:00+00:00,952.750000,954.740000,947.120000,950.050000,3358,7.620000,-0.278157,952.934000,950.831000,953.786500,952.553212,0.397909,39.144572,0,train
AMZN,60,2017-08-25,15:30:00,2017-08-25T15:30:00+00:00,950.030000,951.710000,948.240000,949.070000,2525,3.470000,-0.103152,952.148000,951.441000,953.385000,951.919901,0.351889,39.690591,0,train
AMZN,60,2017-08-25,16:30:00,2017-08-25T16:30:00+00:00,949.100000,950.290000,947.120000,947.200000,1699,3.170000,-0.197035,950.790000,951.616000,952.766500,951.061737,0.353204,35.243625,1,train
AMZN,60,2017-08-25,17:30:00,2017-08-25T17:30:00+00:00,947.180000,949.040000,945.800000,948.120000,2005,3.240000,0.097128,949.428000,951.860000,952.323000,950.526876,0.354074,38.193018,0,train
AMZN,60,2017-08-25,18:30:00,2017-08-25T18:30:00+00:00,948.120000,949.360000,946.470000,947.290000,2341,2.890000,-0.087542,948.346000,951.135000,951.857500,949.938353,0.151738,48.802886,0,train
AMZN,60,2017-08-25,19:30:00,2017-08-25T19:30:00+00:00,947.360000,947.640000,944.100000,945.030000,2113,3.540000,-0.238575,947.342000,950.138000,951.259000,949.045925,0.152731,53.718412,1,train
AMZN,60,2017-08-28,12:30:00,2017-08-28T12:30:00+00:00,947.470000,948.000000,945.230000,945.910000,145,2.770000,0.093119,946.710000,949.429000,950.618000,948.475757,0.159515,50.881226,1,train
AMZN,60,2017-08-28,13:30:00,2017-08-28T13:30:00+00:00,945.890000,951.510000,942.220000,949.920000,4148,9.290000,0.423930,947.254000,949.022000,950.254000,948.738346,0.219948,57.095047,1,train
AMZN,60,2017-08-28,14:30:00,2017-08-28T14:30:00+00:00,949.930000,952.830000,947.880000,951.760000,2484,4.950000,0.193701,947.982000,948.705000,949.897500,949.287738,0.228618,43.919510,0,train
AMZN,60,2017-08-28,15:30:00,2017-08-28T15:30:00+00:00,951.990000,952.240000,947.590000,947.750000,2152,4.650000,-0.421325,948.074000,948.210000,949.419000,949.008149,0.253300,36.274139,0,train
AMZN,60,2017-08-28,16:30:00,2017-08-28T16:30:00+00:00,947.750000,948.290000,945.010000,946.980000,1960,3.280000,-0.081245,948.464000,947.903000,949.367000,948.639395,0.241108,38.046068,1,train
AMZN,60,2017-08-28,17:30:00,2017-08-28T17:30:00+00:00,947.030000,948.850000,945.350000,947.290000,1754,3.500000,0.032736,948.740000,947.725000,949.583000,948.394050,0.240487,36.326531,0,train
AMZN,60,2017-08-28,18:30:00,2017-08-28T18:30:00+00:00,947.320000,948.240000,946.000000,946.040000,1952,2.240000,-0.131955,947.964000,947.609000,949.612500,947.966041,0.235957,32.083837,0,train
AMZN,60,2017-08-28,19:30:00,2017-08-28T19:30:00+00:00,946.160000,946.730000,944.320000,945.450000,1778,2.410000,-0.062365,946.702000,947.342000,949.601000,947.508579,0.233134,34.354769,1,train
AMZN,60,2017-08-28,20:30:00,2017-08-28T20:30:00+00:00,945.510000,946.020000,945.480000,946.010000,21,0.540000,0.059231,946.354000,947.214000,949.174500,947.236110,0.233586,40.417457,0,train
AMZN,60,2017-08-29,12:30:00,2017-08-29T12:30:00+00:00,938.490000,940.000000,937.030000,940.000000,256,2.970000,-0.635300,944.958000,946.711000,948.424500,945.920454,0.300273,32.631176,1,train
AMZN,60,2017-08-29,13:30:00,2017-08-29T13:30:00+00:00,939.530000,945.990000,936.220000,944.620000,4020,9.770000,0.491489,944.424000,946.582000,948.005500,945.684008,0.344913,45.530146,1,train
AMZN,60,2017-08-29,14:30:00,2017-08-29T14:30:00+00:00,944.590000,952.850000,944.590000,951.790000,3230,8.260000,0.759035,945.574000,946.769000,947.895500,946.794188,0.403410,55.226431,1,train
AMZN,60,2017-08-29,15:30:00,2017-08-29T15:30:00+00:00,951.780000,953.170000,950.260000,953.020000,2290,2.910000,0.129230,947.088000,946.895000,947.800000,947.926154,0.400840,58.068150,0,train
AMZN,60,2017-08-29,16:30:00,2017-08-29T16:30:00+00:00,953.030000,954.590000,951.280000,952.900000,2023,3.310000,-0.012592,948.466000,947.410000,947.810000,948.830490,0.371272,61.792029,1,train
AMZN,60,2017-08-29,17:30:00,2017-08-29T17:30:00+00:00,952.880000,953.880000,951.980000,953.160000,1621,1.900000,0.027285,951.098000,948.028000,947.965500,949.617673,0.368428,61.068702,1,train
AMZN,60,2017-08-29,18:30:00,2017-08-29T18:30:00+00:00,953.010000,955.900000,952.720000,955.640000,2222,3.180000,0.260187,953.302000,948.863000,948.294000,950.712642,0.373158,59.160794,0,train
AMZN,60,2017-08-29,19:30:00,2017-08-29T19:30:00+00:00,955.640000,955.800000,953.490000,953.590000,1843,2.310000,-0.214516,953.662000,949.618000,948.613500,951.235798,0.379436,52.911231,1,train
AMZN,60,2017-08-29,20:30:00,2017-08-29T20:30:00+00:00,953.600000,953.900000,953.580000,953.900000,11,0.320000,0.032509,953.838000,950.463000,948.902500,951.720198,0.376652,61.089073,1,train
AMZN,60,2017-08-30,12:30:00,2017-08-30T12:30:00+00:00,956.980000,958.750000,955.140000,958.340000,345,3.610000,0.465458,954.926000,951.696000,949.455000,952.923799,0.394490,68.089172,1,train
AMZN,60,2017-08-30,13:30:00,2017-08-30T13:30:00+00:00,957.790000,964.350000,956.710000,964.000000,3923,7.640000,0.590605,957.094000,954.096000,950.403500,954.937653,0.312002,72.734694,0,train
AMZN,60,2017-08-30,14:30:00,2017-08-30T14:30:00+00:00,963.990000,964.210000,961.340000,962.550000,2864,2.870000,-0.150415,958.476000,955.889000,951.235500,956.321716,0.323282,72.341001,1,train
AMZN,60,2017-08-30,15:30:00,2017-08-30T15:30:00+00:00,962.470000,963.140000,959.600000,962.990000,2393,3.540000,0.045712,960.356000,957.009000,951.889000,957.534132,0.254919,73.831522,1,train
AMZN,60,2017-08-30,16:30:00,2017-08-30T16:30:00+00:00,962.990000,968.460000,962.880000,967.830000,2594,5.580000,0.502601,963.142000,958.490000,952.692500,959.406108,0.282684,76.557936,0,train
AMZN,60,2017-08-30,17:30:00,2017-08-30T17:30:00+00:00,967.830000,969.230000,967.180000,967.570000,2503,2.050000,-0.026864,964.988000,959.957000,953.683500,960.890452,0.283657,89.017832,0,train
AMZN,60,2017-08-30,18:30:00,2017-08-30T18:30:00+00:00,967.580000,968.170000,965.820000,967.020000,2302,2.350000,-0.056843,965.592000,961.343000,954.685500,962.004915,0.289005,85.828535,1,train
AMZN,60,2017-08-30,19:30:00,2017-08-30T19:30:00+00:00,966.870000,967.930000,964.720000,967.500000,2252,3.210000,0.049637,966.582000,962.529000,955.696000,963.004021,0.287333,81.969882,0,train
AMZN,60,2017-08-30,20:30:00,2017-08-30T20:30:00+00:00,967.500000,967.500000,967.130000,967.150000,12,0.370000,-0.036176,967.414000,963.885000,956.751500,963.757836,0.268949,79.822710,1,train
AMZN,60,2017-08-31,12:30:00,2017-08-31T12:30:00+00:00,973.010000,974.490000,972.250000,974.440000,250,2.240000,0.753761,968.736000,965.939000,958.201000,965.700047,0.326903,84.899546,1,train
AMZN,60,2017-08-31,13:30:00,2017-08-31T13:30:00+00:00,973.200000,979.700000,972.730000,978.780000,4351,6.970000,0.445384,970.978000,967.983000,959.839500,968.078221,0.325243,86.662851,0,train
AMZN,60,2017-08-31,14:30:00,2017-08-31T14:30:00+00:00,978.800000,979.830000,976.200000,977.200000,3137,3.630000,-0.161425,973.014000,969.303000,961.699500,969.736726,0.314679,81.668625,1,train
AMZN,60,2017-08-31,15:30:00,2017-08-31T15:30:00+00:00,977.190000,979.790000,975.620000,979.760000,2353,4.170000,0.261973,975.466000,971.024000,963.456500,971.559139,0.299554,87.872648,0,train
AMZN,60,2017-08-31,16:30:00,2017-08-31T16:30:00+00:00,979.750000,980.480000,978.060000,978.380000,1969,2.420000,-0.140851,977.712000,972.563000,964.786000,972.799296,0.314147,84.362718,1,train
AMZN,60,2017-08-31,17:30:00,2017-08-31T17:30:00+00:00,978.380000,980.430000,977.720000,980.420000,2205,2.710000,0.208508,978.908000,973.822000,966.156000,974.184878,0.291358,83.232992,0,train
AMZN,60,2017-08-31,18:30:00,2017-08-31T18:30:00+00:00,980.410000,980.900000,979.180000,979.660000,2448,1.720000,-0.077518,979.084000,975.031000,967.494000,975.180355,0.294802,77.648305,1,train
AMZN,60,2017-08-31,19:30:00,2017-08-31T19:30:00+00:00,979.670000,981.000000,977.980000,980.000000,2389,3.020000,0.034706,979.644000,976.329000,968.836000,976.056654,0.289921,82.065417,0,train
AMZN,60,2017-08-31,20:30:00,2017-08-31T20:30:00+00:00,980.000000,981.000000,979.970000,980.000000,21,1.030000,0.000000,979.692000,977.579000,970.054000,976.773626,0.291940,81.770639,1,train
AMZN,60,2017-09-01,12:30:00,2017-09-01T12:30:00+00:00,984.010000,984.500000,981.980000,983.970000,262,2.520000,0.405102,980.810000,979.261000,971.573000,978.082058,0.297523,81.158301,0,train
AMZN,60,2017-09-01,13:30:00,2017-09-01T13:30:00+00:00,984.000000,984.130000,976.790000,979.890000,4092,7.340000,-0.414647,980.704000,979.806000,972.872500,978.410775,0.272463,70.726783,0,train
AMZN,60,2017-09-01,14:30:00,2017-09-01T14:30:00+00:00,979.880000,981.980000,979.190000,979.500000,2312,2.790000,-0.039800,980.672000,979.878000,973.930500,978.608816,0.236235,71.109608,1,train
AMZN,60,2017-09-01,15:30:00,2017-09-01T15:30:00+00:00,979.490000,981.800000,979.300000,981.590000,1511,2.500000,0.213374,980.990000,980.317000,974.810000,979.150849,0.236169,72.601861,0,train
AMZN,60,2017-09-01,16:30:00,2017-09-01T16:30:00+00:00,981.560000,981.910000,978.770000,979.820000,1573,3.140000,-0.180320,980.954000,980.323000,975.673500,979.272513,0.232424,69.438478,0,train
AMZN,60,2017-09-01,17:30:00,2017-09-01T17:30:00+00:00,979.790000,980.200000,978.470000,978.790000,1741,1.730000,-0.105121,979.918000,980.364000,976.463500,979.184783,0.230268,58.260539,1,train
AMZN,60,2017-09-01,18:30:00,2017-09-01T18:30:00+00:00,978.810000,980.160000,977.890000,980.050000,1726,2.270000,0.128730,979.950000,980.327000,977.074500,979.342095,0.223700,52.731183,0,train
AMZN,60,2017-09-01,19:30:00,2017-09-01T19:30:00+00:00,980.060000,980.200000,978.170000,978.250000,1753,2.030000,-0.183664,979.700000,980.186000,977.608500,979.143533,0.230029,52.236898,0,train
AMZN,60,2017-09-05,12:30:00,2017-09-05T12:30:00+00:00,974.250000,975.800000,974.220000,974.530000,117,1.580000,-0.380271,978.288000,979.639000,977.984000,978.304708,0.256178,39.382866,0,train
AMZN,60,2017-09-05,13:30:00,2017-09-05T13:30:00+00:00,975.250000,976.570000,966.300000,970.640000,4573,10.270000,-0.399167,976.452000,978.703000,978.141000,976.911125,0.276809,35.740604,0,train
AMZN,60,2017-09-05,14:30:00,2017-09-05T14:30:00+00:00,970.960000,971.570000,967.980000,968.990000,3511,3.590000,-0.169991,974.492000,977.205000,978.233000,975.470921,0.213800,28.635514,0,train
AMZN,60,2017-09-05,15:30:00,2017-09-05T15:30:00+00:00,968.970000,970.260000,962.270000,963.360000,3016,7.990000,-0.581017,971.154000,975.552000,977.679000,973.268935,0.241140,24.225174,0,train
AMZN,60,2017-09-05,16:30:00,2017-09-05T16:30:00+00:00,963.360000,963.690000,960.330000,962.690000,3532,3.360000,-0.069548,968.042000,973.871000,976.874500,971.345492,0.239537,22.910798,1,train
AMZN,60,2017-09-05,17:30:00,2017-09-05T17:30:00+00:00,962.720000,966.210000,961.720000,965.380000,2583,4.490000,0.279425,966.212000,972.250000,976.283500,970.260857,0.251955,28.897229,0,train
AMZN,60,2017-09-05,18:30:00,2017-09-05T18:30:00+00:00,965.400000,966.010000,963.570000,964.930000,2168,2.440000,-0.046614,965.070000,970.761000,975.542000,969.291611,0.254649,19.408740,1,train
AMZN,60,2017-09-05,19:30:00,2017-09-05T19:30:00+00:00,964.910000,966.250000,962.720000,965.470000,2297,3.530000,0.055963,964.366000,969.429000,974.896500,968.596772,0.262954,23.857868,0,train
AMZN,60,2017-09-05,20:30:00,2017-09-05T20:30:00+00:00,965.490000,965.980000,965.220000,965.240000,16,0.760000,-0.023823,964.742000,967.948000,974.137500,967.986450,0.249954,23.997082,1,train
AMZN,60,2017-09-06,12:30:00,2017-09-06T12:30:00+00:00,968.000000,969.500000,966.780000,968.000000,114,2.720000,0.285939,965.804000,966.923000,973.554500,967.988914,0.284977,25.809897,0,train
AMZN,60,2017-09-06,13:30:00,2017-09-06T13:30:00+00:00,967.970000,971.560000,960.980000,962.790000,3739,10.580000,-0.538223,965.286000,965.749000,972.694000,967.043657,0.305568,22.993974,1,train
AMZN,60,2017-09-06,14:30:00,2017-09-06T14:30:00+00:00,962.920000,965.150000,960.470000,962.890000,3060,4.680000,0.010386,964.878000,964.974000,971.838500,966.288446,0.291208,24.019608,1,train
AMZN,60,2017-09-06,15:30:00,2017-09-06T15:30:00+00:00,962.860000,964.630000,961.980000,963.450000,1932,2.650000,0.058158,964.474000,964.420000,970.812500,965.772365,0.292288,22.240803,1,train
AMZN,60,2017-09-06,16:30:00,2017-09-06T16:30:00+00:00,963.430000,967.500000,962.580000,965.620000,2229,4.920000,0.225232,964.550000,964.646000,970.099000,965.744662,0.237777,29.137760,1,train
AMZN,60,2017-09-06,17:30:00,2017-09-06T17:30:00+00:00,965.630000,969.550000,964.940000,968.640000,2131,4.610000,0.312752,964.678000,965.241000,969.556000,966.271087,0.251460,40.040582,1,train
AMZN,60,2017-09-06,18:30:00,2017-09-06T18:30:00+00:00,968.630000,971.280000,968.150000,971.160000,2279,3.130000,0.260159,966.352000,965.819000,969.034500,967.159981,0.249676,50.921986,0,train
AMZN,60,2017-09-06,19:30:00,2017-09-06T19:30:00+00:00,970.920000,970.920000,967.280000,968.000000,1559,3.640000,-0.325384,967.374000,966.126000,968.443500,967.312711,0.276972,48.333894,0,train
AMZN,60,2017-09-06,20:30:00,2017-09-06T20:30:00+00:00,968.440000,968.440000,968.000000,968.000000,4,0.440000,0.000000,968.284000,966.379000,967.904000,967.437673,0.277002,59.634551,1,train
AMZN,60,2017-09-07,12:30:00,2017-09-07T12:30:00+00:00,971.000000,974.990000,970.970000,972.990000,657,4.020000,0.515496,969.758000,967.154000,967.551000,968.447187,0.315885,68.133803,1,train
AMZN,60,2017-09-07,13:30:00,2017-09-07T13:30:00+00:00,973.000000,978.560000,972.480000,976.310000,3826,6.080000,0.341216,971.292000,967.985000,967.454000,969.876789,0.320332,68.825353,1,train
AMZN,60,2017-09-07,14:30:00,2017-09-07T14:30:00+00:00,976.650000,980.440000,975.580000,977.740000,2826,4.860000,0.146470,972.608000,969.480000,967.614500,971.306464,0.233492,71.342886,1,train
AMZN,60,2017-09-07,15:30:00,2017-09-07T15:30:00+00:00,977.700000,980.000000,977.430000,978.400000,2502,2.570000,0.067503,974.688000,971.031000,968.002500,972.596198,0.230252,71.457020,1,train
AMZN,60,2017-09-07,16:30:00,2017-09-07T16:30:00+00:00,978.370000,979.460000,977.020000,979.000000,2160,2.440000,0.061325,976.888000,972.586000,968.503000,973.760525,0.230099,72.557377,1,train
AMZN,60,2017-09-07,17:30:00,2017-09-07T17:30:00+00:00,979.000000,980.410000,978.470000,979.370000,1929,1.940000,0.037794,978.164000,973.961000,969.303500,974.780430,0.231865,70.224120,0,train
AMZN,60,2017-09-07,18:30:00,2017-09-07T18:30:00+00:00,979.350000,980.350000,978.000000,978.080000,2081,2.350000,-0.131717,978.518000,974.905000,970.073000,975.380352,0.237960,81.603969,1,train
AMZN,60,2017-09-07,19:30:00,2017-09-07T19:30:00+00:00,978.080000,980.000000,977.970000,978.980000,1751,2.030000,0.092017,978.766000,975.687000,970.753000,976.034833,0.231012,82.192877,1,train
AMZN,60,2017-09-07,20:30:00,2017-09-07T20:30:00+00:00,979.000000,980.000000,978.990000,979.480000,11,1.010000,0.051074,978.982000,976.835000,971.480500,976.661227,0.183264,82.150020,0,train
AMZN,60,2017-09-08,12:30:00,2017-09-08T12:30:00+00:00,976.760000,979.050000,976.480000,976.590000,202,2.570000,-0.295055,978.500000,977.694000,972.036500,976.648277,0.223687,71.384016,0,train
AMZN,60,2017-09-08,13:30:00,2017-09-08T13:30:00+00:00,976.580000,979.400000,973.510000,975.100000,3099,5.890000,-0.152572,977.646000,977.905000,972.529500,976.366772,0.176897,63.391376,0,train
AMZN,60,2017-09-08,14:30:00,2017-09-08T14:30:00+00:00,975.090000,976.550000,973.980000,974.650000,2118,2.570000,-0.046149,976.960000,977.739000,972.862000,976.054632,0.137122,57.913832,0,train
AMZN,60,2017-09-08,15:30:00,2017-09-08T15:30:00+00:00,974.630000,975.000000,971.490000,972.160000,2102,3.510000,-0.255476,975.596000,977.181000,973.330500,975.346517,0.142700,59.728718,1,train
AMZN,60,2017-09-08,16:30:00,2017-09-08T16:30:00+00:00,972.190000,973.590000,972.150000,973.430000,1529,1.440000,0.130637,974.386000,976.684000,973.857500,974.998059,0.150035,61.986755,0,train
AMZN,60,2017-09-08,17:30:00,2017-09-08T17:30:00+00:00,973.450000,973.460000,967.420000,967.520000,2037,6.040000,-0.607131,972.572000,975.536000,974.061000,973.638412,0.224803,38.396266,0,train
AMZN,60,2017-09-08,18:30:00,2017-09-08T18:30:00+00:00,967.490000,968.000000,963.410000,964.150000,2615,4.590000,-0.348313,970.382000,974.014000,973.987500,971.913246,0.228268,24.259102,1,train
AMZN,60,2017-09-08,19:30:00,2017-09-08T19:30:00+00:00,964.140000,966.590000,963.960000,965.630000,2244,2.630000,0.153503,968.578000,972.769000,973.837000,970.770838,0.248591,24.419096,1,train
AMZN,60,2017-09-11,12:30:00,2017-09-11T12:30:00+00:00,973.250000,976.300000,972.990000,976.300000,123,3.310000,1.104978,969.406000,972.501000,974.094000,971.776140,0.462467,46.882423,1,train
AMZN,60,2017-09-11,13:30:00,2017-09-11T13:30:00+00:00,976.300000,981.510000,975.140000,979.070000,3768,6.370000,0.283724,970.534000,972.460000,974.647500,973.102296,0.472542,50.097629,0,train
AMZN,60,2017-09-11,14:30:00,2017-09-11T14:30:00+00:00,979.100000,979.240000,975.270000,976.200000,2117,3.970000,-0.293135,972.270000,972.421000,975.057500,973.665515,0.472411,45.867014,1,train
AMZN,60,2017-09-11,15:30:00,2017-09-11T15:30:00+00:00,976.210000,978.000000,976.070000,977.000000,1689,1.930000,0.081950,974.840000,972.611000,975.258000,974.271785,0.469975,48.573693,1,train
AMZN,60,2017-09-11,16:30:00,2017-09-11T16:30:00+00:00,976.960000,979.680000,976.910000,977.520000,1505,2.770000,0.053224,977.218000,972.898000,975.318500,974.862370,0.469461,48.052295,1,train
AMZN,60,2017-09-11,17:30:00,2017-09-11T17:30:00+00:00,977.510000,979.900000,977.350000,978.100000,1312,2.550000,0.059334,977.578000,973.492000,975.336500,975.451030,0.458590,48.162939,1,train
AMZN,60,2017-09-11,18:30:00,2017-09-11T18:30:00+00:00,978.090000,978.450000,976.320000,978.150000,1717,2.130000,0.005112,977.394000,973.964000,975.324000,975.941752,0.458217,52.246544,0,train
AMZN,60,2017-09-11,19:30:00,2017-09-11T19:30:00+00:00,978.180000,978.590000,976.970000,976.990000,1711,1.620000,-0.118591,977.552000,974.911000,975.223500,976.132342,0.403190,52.747892,0,train
AMZN,60,2017-09-11,20:30:00,2017-09-11T20:30:00+00:00,976.990000,976.990000,976.980000,976.980000,2,0.010000,-0.001024,977.548000,976.194000,975.104000,976.286462,0.374386,53.431517,1,train
AMZN,60,2017-09-12,12:30:00,2017-09-12T12:30:00+00:00,981.810000,983.000000,980.170000,981.970000,239,2.830000,0.510758,978.438000,977.828000,975.298500,977.319832,0.393145,63.456790,0,train
AMZN,60,2017-09-12,13:30:00,2017-09-12T13:30:00+00:00,982.180000,984.500000,975.530000,979.690000,3744,8.970000,-0.232186,978.756000,978.167000,975.334000,977.750772,0.234800,58.355579,1,train
AMZN,60,2017-09-12,14:30:00,2017-09-12T14:30:00+00:00,979.690000,982.590000,978.370000,982.480000,2651,4.220000,0.284784,979.622000,978.508000,975.484000,978.610632,0.234925,71.782178,0,train
AMZN,60,2017-09-12,15:30:00,2017-09-12T15:30:00+00:00,982.580000,982.670000,979.830000,980.550000,1647,2.840000,-0.196442,980.334000,978.943000,975.682000,978.963244,0.221525,74.924012,1,train
AMZN,60,2017-09-12,16:30:00,2017-09-12T16:30:00+00:00,980.540000,982.560000,980.540000,981.820000,1684,2.020000,0.129519,981.302000,979.425000,976.018000,979.482654,0.222921,74.762924,0,train
AMZN,60,2017-09-12,17:30:00,2017-09-12T17:30:00+00:00,981.800000,982.000000,978.810000,978.820000,1705,3.190000,-0.305555,980.672000,979.555000,976.226500,979.362172,0.249529,55.035971,1,train
AMZN,60,2017-09-12,18:30:00,2017-09-12T18:30:00+00:00,978.780000,981.040000,977.330000,980.040000,2470,3.710000,0.124640,980.742000,979.749000,976.620500,979.485413,0.251705,52.066468,1,train
AMZN,60,2017-09-12,19:30:00,2017-09-12T19:30:00+00:00,980.040000,983.500000,979.990000,983.280000,1757,3.510000,0.330599,980.902000,980.262000,977.113000,980.175338,0.269936,64.848993,0,train
AMZN,60,2017-09-12,20:30:00,2017-09-12T20:30:00+00:00,983.270000,983.450000,982.970000,982.980000,12,0.480000,-0.030510,981.388000,980.861000,977.886000,980.685277,0.265122,62.810626,0,train
AMZN,60,2017-09-13,12:30:00,2017-09-13T12:30:00+00:00,982.480000,984.500000,982.470000,982.480000,116,2.030000,-0.050866,981.520000,981.411000,978.802500,981.011590,0.266889,60.634648,1,train
AMZN,60,2017-09-13,13:30:00,2017-09-13T13:30:00+00:00,982.510000,988.740000,979.170000,987.110000,4169,9.570000,0.471256,983.178000,981.925000,979.876500,982.120392,0.259612,66.459627,1,train
AMZN,60,2017-09-13,14:30:00,2017-09-13T14:30:00+00:00,987.150000,989.620000,984.980000,987.820000,2899,4.640000,0.071927,984.734000,982.738000,980.452500,983.156684,0.239595,67.249376,0,train
AMZN,60,2017-09-13,15:30:00,2017-09-13T15:30:00+00:00,987.820000,988.640000,985.430000,987.060000,2093,3.210000,-0.076937,985.490000,983.196000,980.852000,983.866378,0.232948,68.222946,1,train
AMZN,60,2017-09-13,16:30:00,2017-09-13T16:30:00+00:00,987.080000,990.550000,986.980000,989.770000,1956,3.570000,0.274553,986.848000,984.118000,981.530500,984.939764,0.225817,71.084735,1,train
AMZN,60,2017-09-13,17:30:00,2017-09-13T17:30:00+00:00,989.780000,994.100000,989.050000,993.600000,2262,5.050000,0.386959,989.072000,985.296000,982.360500,986.514352,0.244256,69.934865,1,train
AMZN,60,2017-09-13,18:30:00,2017-09-13T18:30:00+00:00,993.600000,996.060000,992.650000,995.200000,2524,3.410000,0.161031,990.690000,986.934000,983.244500,988.093561,0.193256,77.220077,1,train
AMZN,60,2017-09-13,19:30:00,2017-09-13T19:30:00+00:00,995.260000,1000.490000,995.230000,999.010000,2613,5.260000,0.382838,992.928000,988.831000,984.290000,990.078368,0.204025,78.007455,1,train
AMZN,60,2017-09-13,20:30:00,2017-09-13T20:30:00+00:00,999.010000,1000.000000,998.990000,999.970000,44,1.010000,0.096095,995.510000,990.500000,985.381000,991.876847,0.199768,84.022425,0,train
AMZN,60,2017-09-14,12:30:00,2017-09-14T12:30:00+00:00,997.130000,997.880000,994.020000,995.050000,451,3.860000,-0.492015,996.566000,991.707000,986.284000,992.453784,0.285708,70.549860,0,train
AMZN,60,2017-09-14,13:30:00,2017-09-14T13:30:00+00:00,995.390000,998.190000,988.980000,991.280000,4317,9.210000,-0.378875,996.102000,992.587000,986.999000,992.240368,0.324074,68.901699,1,train
AMZN,60,2017-09-14,14:30:00,2017-09-14T14:30:00+00:00,991.250000,994.150000,990.130000,992.220000,3018,4.020000,0.094827,995.506000,993.098000,987.511500,992.236665,0.295423,68.635251,0,train
AMZN,60,2017-09-14,15:30:00,2017-09-14T15:30:00+00:00,992.190000,992.930000,988.570000,989.670000,2198,4.360000,-0.256999,993.638000,993.283000,988.010500,991.769999,0.310871,59.987496,1,train
AMZN,60,2017-09-14,16:30:00,2017-09-14T16:30:00+00:00,989.640000,993.900000,987.590000,991.930000,2428,6.310000,0.228359,992.030000,993.770000,988.483000,991.799090,0.315345,63.181149,0,train
AMZN,60,2017-09-14,17:30:00,2017-09-14T17:30:00+00:00,991.910000,992.410000,990.440000,991.310000,1995,1.970000,-0.062504,991.282000,993.924000,989.021000,991.710164,0.306528,62.958615,1,train
AMZN,60,2017-09-14,18:30:00,2017-09-14T18:30:00+00:00,991.340000,995.300000,991.050000,992.450000,2327,4.250000,0.114999,991.516000,993.809000,989.552500,991.844680,0.280954,58.731197,0,train
AMZN,60,2017-09-14,19:30:00,2017-09-14T19:30:00+00:00,992.560000,993.790000,991.070000,991.470000,1834,2.720000,-0.098746,991.366000,993.436000,990.185000,991.776556,0.275208,55.915721,0,train
AMZN,60,2017-09-14,20:30:00,2017-09-14T20:30:00+00:00,991.120000,991.350000,991.020000,991.050000,39,0.330000,-0.042361,991.642000,992.640000,990.735500,991.644455,0.232658,56.538840,1,train
AMZN,60,2017-09-15,12:30:00,2017-09-15T12:30:00+00:00,990.520000,994.400000,988.510000,991.490000,277,5.890000,0.044397,991.554000,991.792000,991.146000,991.616372,0.228861,53.045326,0,train
AMZN,60,2017-09-15,13:30:00,2017-09-15T13:30:00+00:00,991.480000,994.050000,984.080000,987.480000,4273,9.970000,-0.404442,990.788000,991.035000,991.371000,990.864305,0.212653,39.232935,1,train
AMZN,60,2017-09-15,14:30:00,2017-09-15T14:30:00+00:00,987.370000,996.170000,987.290000,993.250000,3779,8.880000,0.584316,990.948000,991.232000,991.909500,991.298067,0.270547,47.008285,0,train
AMZN,60,2017-09-15,15:30:00,2017-09-15T15:30:00+00:00,993.240000,993.440000,990.510000,990.820000,2211,2.930000,-0.244651,990.818000,991.092000,992.095000,991.211146,0.281228,36.879205,0,train
AMZN,60,2017-09-15,16:30:00,2017-09-15T16:30:00+00:00,990.790000,991.190000,988.620000,989.850000,2088,2.570000,-0.097899,990.578000,991.110000,992.196500,990.963665,0.270223,33.792441,0,train
AMZN,60,2017-09-15,17:30:00,2017-09-15T17:30:00+00:00,989.840000,990.680000,987.610000,988.500000,1724,3.070000,-0.136384,989.980000,990.767000,992.268500,990.515726,0.260747,38.155515,0,train
AMZN,60,2017-09-15,18:30:00,2017-09-15T18:30:00+00:00,988.400000,989.290000,987.740000,987.960000,1840,1.550000,-0.054628,990.076000,990.432000,992.178000,990.051048,0.260664,43.202293,0,train
AMZN,60,2017-09-15,19:30:00,2017-09-15T19:30:00+00:00,987.980000,988.450000,984.970000,986.560000,2117,3.480000,-0.141706,988.738000,989.843000,991.826000,989.416312,0.257026,38.625402,1,train
AMZN,60,2017-09-18,12:30:00,2017-09-18T12:30:00+00:00,988.970000,990.670000,987.540000,989.690000,155,3.130000,0.317264,988.512000,989.665000,991.550500,989.466074,0.282336,50.039277,0,train
AMZN,60,2017-09-18,13:30:00,2017-09-18T13:30:00+00:00,989.680000,992.600000,985.350000,985.970000,3460,7.250000,-0.375875,987.736000,989.157000,990.898500,988.830424,0.304420,38.930163,0,train
AMZN,60,2017-09-18,14:30:00,2017-09-18T14:30:00+00:00,986.000000,986.290000,983.200000,985.360000,2509,3.090000,-0.061868,987.108000,988.544000,990.168000,988.199438,0.302570,38.944630,0,train
AMZN,60,2017-09-18,15:30:00,2017-09-18T15:30:00+00:00,985.360000,985.580000,981.480000,981.510000,2028,4.100000,-0.390720,985.818000,987.947000,989.491000,986.983176,0.300869,31.532748,1,train
AMZN,60,2017-09-18,16:30:00,2017-09-18T16:30:00+00:00,981.520000,982.590000,980.570000,981.710000,1765,2.020000,0.020377,984.848000,986.793000,989.012500,986.024417,0.203844,33.079057,0,train
AMZN,60,2017-09-18,17:30:00,2017-09-18T17:30:00+00:00,981.740000,982.750000,976.190000,977.000000,2145,6.560000,-0.479775,982.310000,985.411000,988.251500,984.383614,0.231885,28.795653,0,train
AMZN,60,2017-09-18,18:30:00,2017-09-18T18:30:00+00:00,977.070000,977.410000,968.100000,973.220000,4077,9.310000,-0.386899,979.760000,983.748000,987.429000,982.353866,0.243744,24.952015,1,train
AMZN,60,2017-09-18,19:30:00,2017-09-18T19:30:00+00:00,973.190000,974.980000,972.550000,974.310000,2276,2.430000,0.111999,977.550000,982.329000,986.548000,980.891345,0.259581,30.372578,1,train
AMZN,60,2017-09-18,20:30:00,2017-09-18T20:30:00+00:00,974.300000,974.800000,974.300000,974.500000,17,0.500000,0.019501,976.148000,980.983000,985.707500,979.729282,0.263452,16.481945,1,train
AMZN,60,2017-09-19,12:30:00,2017-09-19T12:30:00+00:00,977.080000,978.000000,976.450000,976.480000,108,1.550000,0.203181,975.102000,979.975000,984.909000,979.138504,0.284470,23.946221,0,train
AMZN,60,2017-09-19,13:30:00,2017-09-19T13:30:00+00:00,976.460000,977.930000,967.430000,974.990000,4646,10.500000,-0.152589,974.700000,978.505000,984.085000,978.384230,0.243298,23.502140,0,train
AMZN,60,2017-09-19,14:30:00,2017-09-19T14:30:00+00:00,974.960000,975.190000,968.670000,972.230000,2990,6.520000,-0.283080,974.502000,977.131000,983.144000,977.265279,0.235334,22.376910,0,train
AMZN,60,2017-09-19,15:30:00,2017-09-19T15:30:00+00:00,972.240000,973.310000,969.800000,970.930000,2449,3.510000,-0.133713,973.826000,975.688000,982.116000,976.113410,0.233776,21.813969,0,train
AMZN,60,2017-09-19,16:30:00,2017-09-19T16:30:00+00:00,970.900000,971.960000,969.220000,969.890000,1975,2.740000,-0.107114,972.904000,974.526000,981.236500,974.981881,0.217589,22.077052,0,train
AMZN,60,2017-09-19,17:30:00,2017-09-19T17:30:00+00:00,969.890000,971.510000,969.340000,969.510000,1912,2.170000,-0.039180,971.510000,973.306000,980.049500,973.986994,0.214144,12.767528,1,train
AMZN,60,2017-09-19,18:30:00,2017-09-19T18:30:00+00:00,969.530000,970.240000,967.820000,969.830000,2602,2.420000,0.033006,970.478000,972.589000,979.000000,973.231177,0.178041,15.949367,0,train
AMZN,60,2017-09-19,19:30:00,2017-09-19T19:30:00+00:00,969.850000,970.290000,968.790000,969.700000,2146,1.500000,-0.013404,969.972000,972.237000,977.992500,972.589145,0.140127,16.279070,0,train
AMZN,60,2017-09-19,20:30:00,2017-09-19T20:30:00+00:00,969.670000,969.680000,968.120000,968.120000,21,1.560000,-0.162937,969.410000,971.618000,976.973500,971.776573,0.134699,18.042959,1,train
AMZN,60,2017-09-20,12:30:00,2017-09-20T12:30:00+00:00,970.500000,971.000000,968.470000,971.000000,102,2.530000,0.297484,969.632000,971.268000,976.125500,971.635378,0.176087,27.338129,0,train
AMZN,60,2017-09-20,13:30:00,2017-09-20T13:30:00+00:00,971.000000,974.650000,967.850000,970.110000,3403,6.800000,-0.091658,969.752000,970.631000,975.303000,971.358036,0.155047,32.609793,0,train
AMZN,60,2017-09-20,14:30:00,2017-09-20T14:30:00+00:00,970.110000,971.540000,964.570000,966.510000,3018,6.970000,-0.371092,969.088000,969.783000,974.144000,970.476575,0.181800,32.908813,1,train
AMZN,60,2017-09-20,15:30:00,2017-09-20T15:30:00+00:00,966.570000,968.000000,965.050000,967.360000,2193,2.950000,0.087945,968.620000,969.296000,973.213500,969.909925,0.175113,32.078391,0,train
AMZN,60,2017-09-20,16:30:00,2017-09-20T16:30:00+00:00,967.350000,968.050000,965.970000,966.360000,1617,2.080000,-0.103374,968.268000,968.839000,972.263500,969.264484,0.173760,29.851485,0,train
AMZN,60,2017-09-20,17:30:00,2017-09-20T17:30:00+00:00,966.380000,967.380000,962.170000,964.000000,2868,5.210000,-0.244215,966.868000,968.250000,971.388000,968.307305,0.184127,19.679300,1,train
AMZN,60,2017-09-20,18:30:00,2017-09-20T18:30:00+00:00,963.990000,969.710000,962.970000,968.920000,2559,6.740000,0.510373,966.630000,968.191000,970.748500,968.418704,0.258335,37.359434,1,train
AMZN,60,2017-09-20,19:30:00,2017-09-20T19:30:00+00:00,968.920000,973.330000,968.920000,971.970000,2131,4.410000,0.314783,967.722000,968.405000,970.497000,969.064394,0.277680,49.465021,1,train
AMZN,60,2017-09-20,20:30:00,2017-09-20T20:30:00+00:00,972.000000,973.000000,971.990000,973.000000,27,1.010000,0.105970,968.850000,968.735000,970.486000,969.779959,0.278534,54.307116,0,train
AMZN,60,2017-09-21,12:30:00,2017-09-21T12:30:00+00:00,970.970000,971.900000,970.570000,970.580000,176,1.330000,-0.248715,969.694000,968.981000,970.299500,969.925421,0.286492,51.357733,0,train
AMZN,60,2017-09-21,13:30:00,2017-09-21T13:30:00+00:00,971.120000,971.660000,962.480000,964.010000,4704,9.180000,-0.676915,969.696000,968.282000,969.775000,968.849890,0.343778,41.297468,1,train
AMZN,60,2017-09-21,14:30:00,2017-09-21T14:30:00+00:00,964.010000,967.900000,962.000000,967.000000,3151,5.900000,0.310163,969.312000,967.971000,969.301000,968.513546,0.364069,45.871024,1,train
AMZN,60,2017-09-21,15:30:00,2017-09-21T15:30:00+00:00,966.990000,969.310000,966.530000,967.050000,2439,2.780000,0.005171,968.328000,968.025000,968.904000,968.247447,0.343962,46.124598,1,train
AMZN,60,2017-09-21,16:30:00,2017-09-21T16:30:00+00:00,967.060000,969.010000,964.830000,968.490000,2166,4.180000,0.148906,967.426000,968.138000,968.717000,968.291548,0.346107,50.543319,0,train
AMZN,60,2017-09-21,17:30:00,2017-09-21T17:30:00+00:00,968.510000,969.140000,965.470000,965.870000,1699,3.670000,-0.270524,966.484000,968.089000,968.464000,967.851266,0.356198,42.408997,1,train
AMZN,60,2017-09-21,18:30:00,2017-09-21T18:30:00+00:00,965.870000,966.580000,964.470000,966.100000,2061,2.110000,0.023813,966.902000,968.299000,968.274500,967.532854,0.346097,43.948083,0,train
AMZN,60,2017-09-21,19:30:00,2017-09-21T19:30:00+00:00,966.080000,966.720000,964.470000,964.700000,1614,2.250000,-0.144913,966.442000,967.877000,968.034000,967.017790,0.302739,47.074038,0,train
AMZN,60,2017-09-21,20:30:00,2017-09-21T20:30:00+00:00,964.500000,964.510000,964.220000,964.300000,11,0.290000,-0.041464,965.892000,967.110000,967.757500,966.523646,0.275681,44.980315,0,train
AMZN,60,2017-09-22,12:30:00,2017-09-22T12:30:00+00:00,963.000000,963.240000,960.770000,960.770000,94,2.470000,-0.366069,964.348000,965.887000,967.311000,965.477529,0.280882,41.532869,1,train
AMZN,60,2017-09-22,13:30:00,2017-09-22T13:30:00+00:00,960.780000,965.260000,959.970000,962.330000,3581,5.290000,0.162370,963.640000,965.062000,967.021500,964.905251,0.290841,47.407637,0,train
AMZN,60,2017-09-22,14:30:00,2017-09-22T14:30:00+00:00,962.320000,962.700000,957.540000,958.380000,2811,5.160000,-0.410462,962.096000,964.499000,966.390500,963.718842,0.237984,33.130602,0,train
AMZN,60,2017-09-22,15:30:00,2017-09-22T15:30:00+00:00,958.360000,960.190000,957.850000,958.290000,2467,2.340000,-0.009391,960.814000,963.628000,965.799500,962.731779,0.201700,25.813296,1,train
AMZN,60,2017-09-22,16:30:00,2017-09-22T16:30:00+00:00,958.260000,959.290000,957.270000,958.490000,1827,2.020000,0.020871,959.652000,962.772000,965.398500,961.960547,0.202584,23.570128,0,train
AMZN,60,2017-09-22,17:30:00,2017-09-22T17:30:00+00:00,958.510000,959.560000,958.220000,958.260000,1659,1.340000,-0.023996,959.150000,961.749000,964.943500,961.287720,0.186818,25.613618,0,train
AMZN,60,2017-09-22,18:30:00,2017-09-22T18:30:00+00:00,958.240000,958.510000,955.450000,955.450000,2123,3.060000,-0.293240,957.774000,960.707000,964.398000,960.226316,0.189164,30.093023,0,train
AMZN,60,2017-09-22,19:30:00,2017-09-22T19:30:00+00:00,955.500000,955.910000,954.370000,954.470000,2269,1.540000,-0.102569,956.992000,959.544000,963.921500,959.179713,0.183498,17.855310,0,train
AMZN,60,2017-09-25,12:30:00,2017-09-25T12:30:00+00:00,950.400000,950.400000,943.170000,947.970000,875,7.230000,-0.681006,954.928000,957.871000,962.874000,957.141584,0.255487,13.222822,0,train
AMZN,60,2017-09-25,13:30:00,2017-09-25T13:30:00+00:00,947.990000,948.900000,940.650000,945.690000,4757,8.250000,-0.240514,952.368000,956.010000,961.560000,955.059478,0.251696,7.430919,0,train
AMZN,60,2017-09-25,14:30:00,2017-09-25T14:30:00+00:00,945.710000,946.000000,939.030000,942.150000,4161,6.970000,-0.374330,949.146000,954.148000,960.017500,952.712300,0.252335,7.184116,0,train
AMZN,60,2017-09-25,15:30:00,2017-09-25T15:30:00+00:00,942.140000,942.650000,935.020000,936.520000,3761,7.630000,-0.597569,945.360000,951.567000,958.314500,949.768245,0.247052,5.317221,1,train
AMZN,60,2017-09-25,16:30:00,2017-09-25T16:30:00+00:00,936.550000,940.000000,935.480000,937.660000,2443,4.520000,0.121727,941.998000,949.495000,956.997000,947.566746,0.269981,8.830694,0,train
AMZN,60,2017-09-25,17:30:00,2017-09-25T17:30:00+00:00,937.950000,939.180000,934.460000,934.740000,2824,4.720000,-0.311414,939.352000,947.140000,955.384000,945.234611,0.260788,8.201357,0,train
AMZN,60,2017-09-25,18:30:00,2017-09-25T18:30:00+00:00,934.720000,935.310000,932.860000,934.430000,3680,2.450000,-0.033164,937.100000,944.734000,953.753000,943.270136,0.255091,9.023024,1,train
AMZN,60,2017-09-25,19:30:00,2017-09-25T19:30:00+00:00,934.410000,940.850000,934.410000,939.750000,2605,6.440000,0.569331,936.620000,942.883000,952.316000,942.630111,0.361316,18.551532,1,train
AMZN,60,2017-09-25,20:30:00,2017-09-25T20:30:00+00:00,939.730000,940.990000,939.720000,940.550000,42,1.270000,0.085129,937.426000,941.393000,951.050000,942.251909,0.369519,22.778626,1,train
AMZN,60,2017-09-26,12:30:00,2017-09-26T12:30:00+00:00,943.730000,945.750000,943.170000,945.540000,201,2.580000,0.530541,939.002000,940.500000,950.022000,942.849744,0.429193,33.067729,0,train
AMZN,60,2017-09-26,13:30:00,2017-09-26T13:30:00+00:00,943.410000,948.420000,940.480000,943.690000,4138,7.940000,-0.195655,940.792000,940.072000,948.971500,943.002518,0.379943,31.170483,0,train
AMZN,60,2017-09-26,14:30:00,2017-09-26T14:30:00+00:00,943.690000,944.000000,931.690000,932.470000,3871,12.310000,-1.188950,940.400000,938.750000,947.380000,941.087514,0.524979,24.358719,1,train
AMZN,60,2017-09-26,15:30:00,2017-09-26T15:30:00+00:00,932.450000,938.150000,932.120000,935.590000,3321,6.030000,0.334595,939.568000,938.094000,946.121000,940.087966,0.537453,30.375494,1,train
AMZN,60,2017-09-26,16:30:00,2017-09-26T16:30:00+00:00,935.560000,941.160000,932.970000,940.990000,2987,8.190000,0.577176,939.656000,938.541000,945.054000,940.251972,0.537358,37.749909,0,train
AMZN,60,2017-09-26,17:30:00,2017-09-26T17:30:00+00:00,940.990000,943.750000,938.970000,939.830000,2075,4.780000,-0.123274,938.514000,938.758000,944.126500,940.175250,0.539252,41.807568,1,train
AMZN,60,2017-09-26,18:30:00,2017-09-26T18:30:00+00:00,939.820000,941.450000,938.180000,940.780000,2007,3.270000,0.101082,937.932000,939.362000,943.251000,940.285205,0.526329,44.922441,0,train
AMZN,60,2017-09-26,19:30:00,2017-09-26T19:30:00+00:00,940.800000,940.990000,937.320000,938.620000,2071,3.670000,-0.229597,939.162000,939.781000,942.257500,939.982440,0.534037,46.242282,1,train
AMZN,60,2017-09-26,20:30:00,2017-09-26T20:30:00+00:00,938.610000,939.000000,938.540000,939.000000,11,0.460000,0.040485,939.844000,939.706000,941.294500,939.803815,0.501663,52.972196,1,train
AMZN,60,2017-09-27,12:30:00,2017-09-27T12:30:00+00:00,946.000000,948.160000,945.120000,946.110000,282,3.040000,0.757188,940.868000,940.262000,940.827500,940.950394,0.557286,58.859300,1,train
AMZN,60,2017-09-27,13:30:00,2017-09-27T13:30:00+00:00,946.110000,950.850000,944.830000,946.140000,4028,6.020000,0.003171,942.130000,940.322000,940.411000,941.893959,0.532238,62.723214,1,train
AMZN,60,2017-09-27,14:30:00,2017-09-27T14:30:00+00:00,946.010000,947.250000,943.270000,946.150000,2758,3.980000,0.001057,943.204000,940.568000,940.320000,942.667784,0.527505,63.168539,1,train
AMZN,60,2017-09-27,15:30:00,2017-09-27T15:30:00+00:00,946.130000,947.580000,944.970000,947.200000,2049,2.610000,0.110976,944.920000,942.041000,940.395500,943.491824,0.309682,59.259259,0,train
AMZN,60,2017-09-27,16:30:00,2017-09-27T16:30:00+00:00,947.400000,947.400000,946.300000,947.120000,1594,1.100000,-0.008446,946.544000,943.194000,940.644000,944.151492,0.306845,58.314351,1,train
AMZN,60,2017-09-27,17:30:00,2017-09-27T17:30:00+00:00,947.120000,952.510000,946.970000,951.130000,1960,5.540000,0.423389,947.548000,944.208000,941.374500,945.420312,0.284600,57.254088,1,train
AMZN,60,2017-09-27,18:30:00,2017-09-27T18:30:00+00:00,951.110000,953.400000,950.430000,953.140000,2182,2.970000,0.211328,948.948000,945.539000,942.148500,946.823891,0.273908,62.212458,0,train
AMZN,60,2017-09-27,19:30:00,2017-09-27T19:30:00+00:00,953.140000,955.200000,950.470000,951.220000,2152,4.730000,-0.201439,949.962000,946.583000,942.972500,947.623184,0.294730,81.898605,1,train
AMZN,60,2017-09-27,20:30:00,2017-09-27T20:30:00+00:00,951.250000,951.440000,951.220000,951.290000,32,0.220000,0.007359,950.780000,947.850000,943.815500,948.289878,0.273049,79.802582,1,train
AMZN,60,2017-09-28,12:30:00,2017-09-28T12:30:00+00:00,948.980000,951.800000,948.980000,951.780000,105,2.820000,0.051509,951.712000,949.128000,944.417000,948.924445,0.272649,75.174988,1,train
AMZN,60,2017-09-28,13:30:00,2017-09-28T13:30:00+00:00,950.000000,956.780000,950.000000,954.310000,3610,6.780000,0.265818,952.348000,949.948000,945.105000,949.903637,0.174956,81.754386,1,train
AMZN,60,2017-09-28,14:30:00,2017-09-28T14:30:00+00:00,954.080000,958.520000,954.050000,956.500000,2972,4.470000,0.229485,953.020000,950.984000,945.653000,951.102976,0.177601,82.695507,0,train
AMZN,60,2017-09-28,15:30:00,2017-09-28T15:30:00+00:00,956.620000,957.660000,955.080000,956.260000,1998,2.580000,-0.025091,954.028000,951.995000,946.281500,952.040617,0.179550,89.873418,1,train
AMZN,60,2017-09-28,16:30:00,2017-09-28T16:30:00+00:00,956.280000,957.250000,954.170000,956.860000,1605,3.080000,0.062744,955.142000,952.961000,947.501000,952.916868,0.180063,89.973142,0,train
AMZN,60,2017-09-28,17:30:00,2017-09-28T17:30:00+00:00,956.890000,958.490000,955.030000,955.660000,1578,3.460000,-0.125410,955.918000,953.815000,948.504500,953.415619,0.191449,79.062690,0,train
AMZN,60,2017-09-28,18:30:00,2017-09-28T18:30:00+00:00,955.680000,956.710000,953.600000,953.940000,1668,3.110000,-0.179980,955.844000,954.096000,949.152000,953.510961,0.168382,71.523179,1,train
AMZN,60,2017-09-28,19:30:00,2017-09-28T19:30:00+00:00,953.960000,956.720000,953.470000,956.410000,1610,3.250000,0.258926,955.826000,954.423000,949.981000,954.038059,0.174645,74.927114,1,train
AMZN,60,2017-09-28,20:30:00,2017-09-28T20:30:00+00:00,957.280000,957.280000,955.980000,956.450000,20,1.300000,0.004182,955.864000,954.946000,950.764500,954.476594,0.154768,73.633112,1,train
AMZN,60,2017-09-29,12:30:00,2017-09-29T12:30:00+00:00,958.670000,960.010000,957.980000,959.700000,115,2.030000,0.339798,956.432000,955.787000,951.818500,955.426304,0.177450,77.660510,1,train
AMZN,60,2017-09-29,13:30:00,2017-09-29T13:30:00+00:00,959.700000,963.220000,958.270000,961.900000,3135,4.950000,0.229238,957.680000,956.799000,952.963500,956.603340,0.182204,75.728619,1,train
AMZN,60,2017-09-29,14:30:00,2017-09-29T14:30:00+00:00,961.870000,964.080000,960.790000,963.330000,1952,3.290000,0.148664,959.558000,957.701000,953.824500,957.826369,0.174383,75.036855,1,train
AMZN,60,2017-09-29,15:30:00,2017-09-29T15:30:00+00:00,963.200000,964.170000,962.220000,963.960000,1800,1.950000,0.065398,961.068000,958.447000,954.715500,958.941575,0.167841,83.420776,0,train
AMZN,60,2017-09-29,16:30:00,2017-09-29T16:30:00+00:00,964.070000,964.680000,962.100000,962.490000,1664,2.580000,-0.152496,962.276000,959.070000,955.532500,959.586743,0.180854,77.370479,1,train
AMZN,60,2017-09-29,17:30:00,2017-09-29T17:30:00+00:00,962.470000,963.270000,961.910000,962.630000,2051,1.360000,0.014546,962.862000,959.647000,956.304000,960.140062,0.181565,76.976629,0,train
AMZN,60,2017-09-29,18:30:00,2017-09-29T18:30:00+00:00,962.670000,962.790000,960.690000,960.740000,2493,2.100000,-0.196337,962.630000,960.155000,956.985000,960.249142,0.190777,66.512583,0,train
AMZN,60,2017-09-29,19:30:00,2017-09-29T19:30:00+00:00,960.810000,961.160000,959.100000,960.420000,2227,2.060000,-0.033308,962.048000,960.803000,957.449500,960.280207,0.175918,61.136364,1,train
AMZN,60,2017-10-02,12:30:00,2017-10-02T12:30:00+00:00,964.480000,964.500000,962.970000,963.960000,74,1.530000,0.368589,962.048000,961.558000,957.990500,960.949260,0.191849,68.421053,0,train
AMZN,60,2017-10-02,13:30:00,2017-10-02T13:30:00+00:00,963.990000,967.130000,960.660000,963.290000,3262,6.470000,-0.069505,962.208000,962.242000,958.594000,961.374849,0.196395,65.331426,0,train
AMZN,60,2017-10-02,14:30:00,2017-10-02T14:30:00+00:00,963.290000,963.740000,960.720000,961.050000,1939,3.020000,-0.232536,961.892000,962.377000,959.082000,961.315786,0.192870,62.244434,0,train
AMZN,60,2017-10-02,15:30:00,2017-10-02T15:30:00+00:00,961.030000,961.030000,952.100000,955.990000,2858,8.930000,-0.526507,960.942000,961.786000,959.292500,960.347461,0.241255,54.043393,1,train
AMZN,60,2017-10-02,16:30:00,2017-10-02T16:30:00+00:00,955.990000,957.380000,954.270000,956.240000,1538,3.110000,0.026151,960.106000,961.077000,959.389000,959.600650,0.232352,49.632512,1,train
AMZN,60,2017-10-02,17:30:00,2017-10-02T17:30:00+00:00,956.270000,957.260000,954.700000,957.220000,1585,2.560000,0.102485,958.758000,960.403000,959.425000,959.167805,0.235097,51.599501,1,train
AMZN,60,2017-10-02,18:30:00,2017-10-02T18:30:00+00:00,957.190000,958.850000,956.830000,958.260000,1604,2.020000,0.108648,957.752000,959.980000,959.525000,959.002749,0.239367,46.706313,1,train
AMZN,60,2017-10-02,19:30:00,2017-10-02T19:30:00+00:00,958.250000,959.160000,956.750000,958.550000,1543,2.410000,0.030263,957.252000,959.572000,959.609500,958.920431,0.239843,41.604010,0,train
AMZN,60,2017-10-02,20:30:00,2017-10-02T20:30:00+00:00,958.070000,958.500000,957.980000,958.030000,14,0.520000,-0.054249,957.660000,959.301000,959.728000,958.758535,0.233831,36.081933,0,train
AMZN,60,2017-10-03,12:30:00,2017-10-03T12:30:00+00:00,959.100000,959.170000,956.990000,957.970000,61,2.180000,-0.006263,958.006000,959.056000,959.929500,958.615165,0.233919,33.784515,0,train
AMZN,60,2017-10-03,13:30:00,2017-10-03T13:30:00+00:00,956.990000,960.160000,950.260000,952.620000,4107,9.900000,-0.558473,957.086000,957.922000,959.740000,957.525135,0.243962,27.919463,1,train
AMZN,60,2017-10-03,14:30:00,2017-10-03T14:30:00+00:00,952.630000,960.740000,952.220000,958.420000,2683,8.520000,0.608847,957.118000,957.435000,959.838500,957.687837,0.335923,42.484827,1,train
AMZN,60,2017-10-03,15:30:00,2017-10-03T15:30:00+00:00,958.660000,960.810000,957.990000,960.130000,1572,2.820000,0.178419,957.434000,957.343000,959.860000,958.131867,0.336270,48.904060,1,train
AMZN,60,2017-10-03,16:30:00,2017-10-03T16:30:00+00:00,960.390000,963.450000,959.800000,961.640000,1621,3.650000,0.157270,958.156000,957.908000,959.847000,958.769709,0.284969,52.101999,0,train
AMZN,60,2017-10-03,17:30:00,2017-10-03T17:30:00+00:00,961.640000,962.440000,958.990000,959.380000,1420,3.450000,-0.235015,958.438000,958.222000,959.649500,958.880671,0.299921,41.744773,0,train
AMZN,60,2017-10-03,18:30:00,2017-10-03T18:30:00+00:00,959.370000,959.750000,955.300000,956.060000,2340,4.450000,-0.346057,959.126000,958.106000,959.254500,958.367822,0.321193,38.104640,1,train
AMZN,60,2017-10-03,19:30:00,2017-10-03T19:30:00+00:00,956.050000,957.600000,954.650000,957.040000,2076,2.950000,0.102504,958.850000,957.984000,958.982000,958.126400,0.320943,43.117061,0,train
AMZN,60,2017-10-03,20:30:00,2017-10-03T20:30:00+00:00,957.040000,957.300000,957.020000,957.040000,8,0.280000,0.000000,958.232000,957.833000,958.702500,957.928873,0.320640,52.181138,0,train
AMZN,60,2017-10-04,12:30:00,2017-10-04T12:30:00+00:00,953.000000,954.500000,952.870000,954.190000,116,1.630000,-0.297793,956.742000,957.449000,958.375000,957.249078,0.332940,46.156730,1,train
AMZN,60,2017-10-04,13:30:00,2017-10-04T13:30:00+00:00,954.200000,964.980000,954.030000,963.990000,3973,10.950000,1.027049,957.664000,958.051000,958.553500,958.474700,0.474648,59.537898,1,train
AMZN,60,2017-10-04,14:30:00,2017-10-04T14:30:00+00:00,964.000000,966.040000,961.480000,965.980000,2537,4.560000,0.206434,959.648000,959.387000,958.654500,959.839300,0.421955,60.592755,1,train
AMZN,60,2017-10-04,15:30:00,2017-10-04T15:30:00+00:00,965.990000,967.560000,965.470000,966.540000,2193,2.090000,0.057972,961.548000,960.199000,958.817000,961.057609,0.388611,60.882593,0,train
AMZN,60,2017-10-04,16:30:00,2017-10-04T16:30:00+00:00,966.550000,966.570000,961.770000,963.540000,1530,4.800000,-0.310385,962.848000,960.540000,958.941500,961.508953,0.405922,57.029855,1,train
AMZN,60,2017-10-04,17:30:00,2017-10-04T17:30:00+00:00,963.520000,965.140000,960.470000,964.630000,1648,4.670000,0.113125,964.936000,960.839000,959.373500,962.076416,0.404697,58.279463,1,train
AMZN,60,2017-10-04,18:30:00,2017-10-04T18:30:00+00:00,964.650000,966.030000,963.020000,965.730000,1774,3.010000,0.114033,965.284000,961.474000,959.848000,962.740704,0.394041,68.223520,0,train
AMZN,60,2017-10-04,19:30:00,2017-10-04T19:30:00+00:00,965.700000,966.940000,964.670000,965.430000,1694,2.270000,-0.031065,965.174000,962.411000,960.258500,963.229667,0.369187,61.503118,0,train
AMZN,60,2017-10-04,20:30:00,2017-10-04T20:30:00+00:00,965.420000,965.420000,964.820000,964.820000,12,0.600000,-0.063184,964.830000,963.189000,960.586500,963.518818,0.372673,57.984338,1,train
AMZN,60,2017-10-05,12:30:00,2017-10-05T12:30:00+00:00,969.620000,970.500000,969.020000,969.020000,165,1.480000,0.435314,965.926000,964.387000,961.110000,964.519033,0.387220,61.509669,1,train
AMZN,60,2017-10-05,13:30:00,2017-10-05T13:30:00+00:00,969.050000,973.790000,969.050000,971.570000,3763,4.740000,0.263152,967.314000,966.125000,961.787000,965.801027,0.358725,68.840804,1,train
AMZN,60,2017-10-05,14:30:00,2017-10-05T14:30:00+00:00,971.610000,974.080000,970.560000,973.410000,2150,3.520000,0.189384,968.850000,967.067000,962.559000,967.184477,0.203488,78.101717,1,train
AMZN,60,2017-10-05,15:30:00,2017-10-05T15:30:00+00:00,973.400000,976.780000,972.980000,975.550000,2126,3.800000,0.219846,970.874000,968.024000,963.705500,968.705481,0.204329,78.894786,1,train
AMZN,60,2017-10-05,16:30:00,2017-10-05T16:30:00+00:00,975.540000,977.800000,975.240000,977.680000,1769,2.560000,0.218338,973.446000,969.138000,964.668500,970.337212,0.207042,80.210773,1,train
AMZN,60,2017-10-05,17:30:00,2017-10-05T17:30:00+00:00,977.680000,978.920000,976.700000,978.330000,1768,2.220000,0.066484,975.308000,970.617000,965.578500,971.790446,0.146478,87.765957,1,train
AMZN,60,2017-10-05,18:30:00,2017-10-05T18:30:00+00:00,978.380000,981.150000,978.150000,979.700000,2363,3.000000,0.140035,976.934000,972.124000,966.481500,973.228547,0.145920,83.382915,1,train
AMZN,60,2017-10-05,19:30:00,2017-10-05T19:30:00+00:00,979.700000,981.390000,979.330000,980.290000,1772,2.060000,0.060223,978.310000,973.580000,967.527000,974.512447,0.148576,82.331676,0,train
AMZN,60,2017-10-05,20:30:00,2017-10-05T20:30:00+00:00,980.280000,980.300000,979.620000,980.010000,14,0.680000,-0.028563,979.202000,975.038000,968.724500,975.512002,0.148239,80.823799,0,train
AMZN,60,2017-10-06,12:30:00,2017-10-06T12:30:00+00:00,978.030000,978.030000,975.970000,976.000000,253,2.060000,-0.409179,978.866000,976.156000,969.672500,975.600729,0.224378,77.252843,1,train
AMZN,60,2017-10-06,13:30:00,2017-10-06T13:30:00+00:00,976.030000,988.510000,975.930000,988.120000,3702,12.580000,1.241803,980.824000,978.066000,971.226500,977.876960,0.415577,84.656241,1,train
AMZN,60,2017-10-06,14:30:00,2017-10-06T14:30:00+00:00,988.110000,989.730000,984.970000,989.530000,2727,4.760000,0.142695,982.790000,979.862000,972.993500,979.995695,0.415165,84.795322,1,train
AMZN,60,2017-10-06,15:30:00,2017-10-06T15:30:00+00:00,989.530000,993.030000,988.200000,992.790000,2420,4.830000,0.329449,985.290000,981.800000,974.433500,982.321932,0.417717,86.813778,0,train
AMZN,60,2017-10-06,16:30:00,2017-10-06T16:30:00+00:00,992.800000,995.550000,991.860000,991.880000,2311,3.690000,-0.091661,987.664000,983.433000,975.728500,984.059763,0.427419,86.118526,0,train
AMZN,60,2017-10-06,17:30:00,2017-10-06T17:30:00+00:00,991.850000,992.700000,989.470000,989.860000,2029,3.230000,-0.203654,990.436000,984.651000,976.894500,985.114351,0.442354,79.535147,0,train
AMZN,60,2017-10-06,18:30:00,2017-10-06T18:30:00+00:00,989.870000,991.400000,986.600000,987.270000,2078,4.800000,-0.261653,990.266000,985.545000,978.081000,985.506287,0.459014,72.225368,1,train
AMZN,60,2017-10-06,19:30:00,2017-10-06T19:30:00+00:00,987.270000,989.930000,986.570000,989.350000,1982,3.360000,0.210682,990.230000,986.510000,979.317000,986.205144,0.460378,72.412823,1,train
AMZN,60,2017-10-09,12:30:00,2017-10-09T12:30:00+00:00,992.020000,994.180000,991.570000,992.010000,159,2.610000,0.268863,990.074000,987.682000,980.631000,987.260573,0.463144,72.810421,1,train
AMZN,60,2017-10-09,13:30:00,2017-10-09T13:30:00+00:00,992.010000,998.300000,987.970000,994.500000,3082,10.330000,0.251006,990.598000,989.131000,982.084500,988.576832,0.461624,73.079034,0,train
AMZN,60,2017-10-09,14:30:00,2017-10-09T14:30:00+00:00,994.480000,994.810000,989.970000,991.220000,2561,4.840000,-0.329814,990.870000,990.653000,983.404500,989.057408,0.451555,66.496033,1,train
AMZN,60,2017-10-09,15:30:00,2017-10-09T15:30:00+00:00,991.500000,993.800000,989.990000,992.220000,1879,3.810000,0.100886,991.860000,991.063000,984.564500,989.632425,0.242326,66.175711,0,train
AMZN,60,2017-10-09,16:30:00,2017-10-09T16:30:00+00:00,992.290000,992.690000,990.980000,992.200000,1623,1.710000,-0.002016,992.430000,991.330000,985.596000,990.099257,0.239933,65.617624,0,train
AMZN,60,2017-10-09,17:30:00,2017-10-09T17:30:00+00:00,992.200000,992.450000,990.500000,991.220000,1743,1.950000,-0.098770,992.272000,991.173000,986.486500,990.303028,0.217126,64.434715,0,train
AMZN,60,2017-10-09,18:30:00,2017-10-09T18:30:00+00:00,991.250000,992.600000,987.470000,990.170000,2454,5.130000,-0.105930,991.406000,991.002000,987.217500,990.278841,0.217728,69.751882,0,train
AMZN,60,2017-10-09,19:30:00,2017-10-09T19:30:00+00:00,990.140000,991.830000,989.240000,990.050000,1869,2.590000,-0.012119,991.172000,991.021000,987.836000,990.237234,0.207680,54.042731,0,train
AMZN,60,2017-10-09,20:30:00,2017-10-09T20:30:00+00:00,990.070000,990.070000,990.040000,990.040000,18,0.030000,-0.001010,990.736000,991.298000,988.421500,990.201373,0.186137,51.134846,1,train
AMZN,60,2017-10-10,12:30:00,2017-10-10T12:30:00+00:00,993.980000,996.750000,993.970000,996.750000,138,2.780000,0.677750,991.646000,992.038000,989.274000,991.392032,0.274599,57.638889,0,train
AMZN,60,2017-10-10,13:30:00,2017-10-10T13:30:00+00:00,996.600000,997.750000,980.950000,984.700000,4902,16.800000,-1.208929,990.342000,991.307000,989.494500,990.175299,0.479677,40.313006,0,train
AMZN,60,2017-10-10,14:30:00,2017-10-10T14:30:00+00:00,984.680000,989.410000,981.530000,982.530000,3188,7.880000,-0.220372,988.814000,990.110000,989.620500,988.785245,0.467312,40.150497,0,train
AMZN,60,2017-10-10,15:30:00,2017-10-10T15:30:00+00:00,982.540000,985.750000,980.050000,981.830000,3185,5.700000,-0.071245,987.170000,989.171000,989.912000,987.520655,0.461533,42.298981,1,train
AMZN,60,2017-10-10,16:30:00,2017-10-10T16:30:00+00:00,981.710000,985.190000,981.690000,983.490000,2023,3.500000,0.169072,985.860000,988.298000,989.680500,986.787809,0.465224,41.604585,0,train
AMZN,60,2017-10-10,17:30:00,2017-10-10T17:30:00+00:00,983.500000,984.230000,982.170000,983.290000,2075,2.060000,-0.020336,983.168000,987.407000,989.368500,986.151843,0.464886,36.559803,1,train
AMZN,60,2017-10-10,18:30:00,2017-10-10T18:30:00+00:00,983.290000,987.780000,982.800000,985.830000,2214,4.980000,0.258316,983.394000,986.868000,989.020500,986.093326,0.477608,36.657433,1,train
AMZN,60,2017-10-10,19:30:00,2017-10-10T19:30:00+00:00,985.830000,987.500000,985.220000,986.590000,1942,2.280000,0.077092,984.206000,986.510000,988.756000,986.183631,0.478880,42.275609,1,train
AMZN,60,2017-10-10,20:30:00,2017-10-10T20:30:00+00:00,986.610000,987.330000,986.600000,986.600000,13,0.730000,0.001014,985.160000,986.165000,988.593000,986.259334,0.478969,40.303658,1,train
AMZN,60,2017-10-11,12:30:00,2017-10-11T12:30:00+00:00,988.400000,993.440000,988.400000,991.000000,259,5.040000,0.445976,986.662000,986.261000,988.779500,987.121273,0.502647,48.201439,1,train
AMZN,60,2017-10-11,13:30:00,2017-10-11T13:30:00+00:00,990.990000,992.990000,986.570000,992.010000,3435,6.420000,0.101917,988.406000,985.787000,988.912500,988.010133,0.447741,51.182989,0,train
AMZN,60,2017-10-11,14:30:00,2017-10-11T14:30:00+00:00,992.020000,992.380000,988.070000,988.180000,1991,4.310000,-0.386085,988.876000,986.135000,988.721000,988.041018,0.235944,47.249101,1,train
AMZN,60,2017-10-11,15:30:00,2017-10-11T15:30:00+00:00,988.200000,991.220000,988.170000,991.000000,1552,3.050000,0.285373,989.758000,986.982000,988.546000,988.579015,0.229099,51.222022,0,train
AMZN,60,2017-10-11,16:30:00,2017-10-11T16:30:00+00:00,991.000000,991.630000,988.980000,989.440000,1299,2.650000,-0.157417,990.326000,987.743000,988.457000,988.735557,0.237155,49.257793,1,train
AMZN,60,2017-10-11,17:30:00,2017-10-11T17:30:00+00:00,989.450000,990.710000,989.030000,990.200000,1371,1.680000,0.076811,990.166000,988.414000,988.356000,989.001820,0.234981,40.498985,1,train
AMZN,60,2017-10-11,18:30:00,2017-10-11T18:30:00+00:00,990.200000,994.770000,989.160000,993.940000,1913,5.610000,0.377701,990.552000,989.479000,988.443000,989.899671,0.251440,67.660550,1,train
AMZN,60,2017-10-11,19:30:00,2017-10-11T19:30:00+00:00,993.960000,995.420000,992.760000,994.320000,1983,2.660000,0.038232,991.780000,990.328000,988.598000,990.703367,0.246410,74.189577,1,train
AMZN,60,2017-10-11,20:30:00,2017-10-11T20:30:00+00:00,994.350000,994.680000,993.970000,994.680000,35,0.710000,0.036206,992.516000,991.137000,988.823500,991.426391,0.246914,76.737412,1,train
AMZN,60,2017-10-12,12:30:00,2017-10-12T12:30:00+00:00,993.870000,997.010000,993.670000,996.830000,187,3.340000,0.216150,993.994000,992.160000,989.162500,992.408865,0.248444,77.202284,1,train
AMZN,60,2017-10-12,13:30:00,2017-10-12T13:30:00+00:00,996.850000,1002.020000,992.220000,1001.500000,4375,9.800000,0.468485,996.254000,993.210000,989.735500,994.061799,0.251968,81.407382,1,train
AMZN,60,2017-10-12,14:30:00,2017-10-12T14:30:00+00:00,1001.470000,1003.200000,998.480000,1002.100000,2783,4.720000,0.059910,997.886000,994.219000,990.003000,995.523290,0.252389,80.073937,1,train
AMZN,60,2017-10-12,15:30:00,2017-10-12T15:30:00+00:00,1002.180000,1008.400000,1002.040000,1005.040000,3299,6.360000,0.293384,1000.030000,995.905000,991.020000,997.253601,0.190369,81.560041,0,train
AMZN,60,2017-10-12,16:30:00,2017-10-12T16:30:00+00:00,1005.040000,1006.260000,1002.470000,1003.880000,2054,3.790000,-0.115418,1001.870000,997.193000,992.087500,998.458401,0.204896,78.439763,0,train
AMZN,60,2017-10-12,17:30:00,2017-10-12T17:30:00+00:00,1003.900000,1004.680000,1002.570000,1003.510000,1782,2.110000,-0.036857,1003.206000,998.600000,993.171500,999.376873,0.189080,73.738140,0,train
AMZN,60,2017-10-12,18:30:00,2017-10-12T18:30:00+00:00,1003.530000,1005.080000,1000.250000,1001.810000,2057,4.830000,-0.169405,1003.268000,999.761000,994.087500,999.819260,0.212958,68.121302,0,train
AMZN,60,2017-10-12,19:30:00,2017-10-12T19:30:00+00:00,1001.810000,1002.720000,998.740000,1000.380000,1979,3.980000,-0.142742,1002.924000,1000.405000,994.942000,999.921213,0.205590,74.756494,0,train
AMZN,60,2017-10-12,20:30:00,2017-10-12T20:30:00+00:00,999.980000,1000.050000,999.980000,1000.040000,10,0.070000,-0.033987,1001.924000,1000.977000,995.652500,999.942810,0.207882,70.397112,1,train
AMZN,60,2017-10-13,12:30:00,2017-10-13T12:30:00+00:00,1005.000000,1008.240000,1003.970000,1006.070000,261,4.270000,0.602976,1002.362000,1002.116000,996.626500,1001.056845,0.269531,81.224183,1,train
AMZN,60,2017-10-13,13:30:00,2017-10-13T13:30:00+00:00,1006.220000,1007.470000,1002.500000,1006.570000,3091,4.970000,0.049698,1002.974000,1003.090000,997.625000,1002.059237,0.267672,81.039060,0,train
AMZN,60,2017-10-13,14:30:00,2017-10-13T14:30:00+00:00,1006.730000,1006.840000,1004.100000,1004.740000,1885,2.740000,-0.181806,1003.560000,1003.414000,998.312000,1002.546648,0.245643,72.076860,1,train
AMZN,60,2017-10-13,15:30:00,2017-10-13T15:30:00+00:00,1004.710000,1005.900000,1003.770000,1005.840000,1467,2.130000,0.109481,1004.652000,1003.788000,999.003500,1003.145439,0.246753,72.875298,0,train
AMZN,60,2017-10-13,16:30:00,2017-10-13T16:30:00+00:00,1005.810000,1006.340000,1005.030000,1005.150000,1560,1.310000,-0.068599,1005.674000,1003.799000,999.852000,1003.509905,0.231105,70.521364,0,train
AMZN,60,2017-10-13,17:30:00,2017-10-13T17:30:00+00:00,1005.150000,1005.300000,1002.010000,1002.710000,1521,3.290000,-0.242750,1005.002000,1003.682000,1000.437500,1003.364468,0.241525,61.395349,1,train
AMZN,60,2017-10-13,18:30:00,2017-10-13T18:30:00+00:00,1002.710000,1003.980000,1001.060000,1002.760000,1782,2.920000,0.004986,1004.240000,1003.607000,1001.103500,1003.254565,0.241398,52.974504,1,train
AMZN,60,2017-10-13,19:30:00,2017-10-13T19:30:00+00:00,1002.780000,1003.900000,1001.720000,1002.840000,1893,2.180000,0.007978,1003.860000,1003.710000,1001.735500,1003.179189,0.234576,51.790900,1,train
AMZN,60,2017-10-16,12:30:00,2017-10-16T12:30:00+00:00,1005.970000,1009.490000,1005.970000,1008.800000,212,3.520000,0.594312,1004.452000,1004.552000,1002.478500,1004.201155,0.290254,57.939189,0,train
AMZN,60,2017-10-16,13:30:00,2017-10-16T13:30:00+00:00,1008.800000,1009.330000,1001.010000,1001.660000,3400,8.320000,-0.707772,1003.754000,1004.714000,1002.845500,1003.739127,0.383858,46.257586,1,train
AMZN,60,2017-10-16,14:30:00,2017-10-16T14:30:00+00:00,1001.690000,1004.600000,1001.390000,1002.370000,1993,3.210000,0.070882,1003.686000,1004.344000,1003.230000,1003.490195,0.326119,48.100000,0,train
AMZN,60,2017-10-16,15:30:00,2017-10-16T15:30:00+00:00,1002.410000,1004.170000,1001.300000,1002.000000,1610,2.870000,-0.036913,1003.534000,1003.887000,1003.488500,1003.219250,0.324727,50.331357,1,train
AMZN,60,2017-10-16,16:30:00,2017-10-16T16:30:00+00:00,1001.970000,1003.810000,1001.840000,1003.190000,1345,1.970000,0.118762,1003.604000,1003.732000,1003.573000,1003.213932,0.324569,54.941963,1,train
AMZN,60,2017-10-16,17:30:00,2017-10-16T17:30:00+00:00,1003.170000,1004.690000,1003.160000,1004.160000,1138,1.530000,0.096692,1002.676000,1003.564000,1003.676000,1003.385944,0.324049,57.088782,1,train
AMZN,60,2017-10-16,18:30:00,2017-10-16T18:30:00+00:00,1004.170000,1005.460000,1004.070000,1005.180000,1715,1.390000,0.101577,1003.380000,1003.567000,1003.683000,1003.712136,0.325460,48.149688,1,train
AMZN,60,2017-10-16,19:30:00,2017-10-16T19:30:00+00:00,1005.190000,1006.350000,1004.280000,1005.240000,1576,2.070000,0.005969,1003.954000,1003.820000,1003.751000,1003.989930,0.314086,47.183397,0,train
AMZN,60,2017-10-16,20:30:00,2017-10-16T20:30:00+00:00,1006.090000,1007.290000,1005.220000,1005.220000,42,2.070000,-0.001990,1004.598000,1004.066000,1003.836500,1004.213579,0.314145,51.100917,0,train
AMZN,60,2017-10-17,12:30:00,2017-10-17T12:30:00+00:00,1004.620000,1005.600000,1001.980000,1005.140000,141,3.620000,-0.007958,1004.988000,1004.296000,1004.003000,1004.382019,0.314281,48.315688,1,train
AMZN,60,2017-10-17,13:30:00,2017-10-17T13:30:00+00:00,1003.990000,1011.360000,1003.970000,1009.260000,2864,7.390000,0.409893,1006.008000,1004.342000,1004.447000,1005.268925,0.280668,58.488228,0,train
AMZN,60,2017-10-17,14:30:00,2017-10-17T14:30:00+00:00,1009.290000,1010.540000,1008.400000,1008.510000,2213,2.140000,-0.074312,1006.674000,1005.027000,1004.870500,1005.858211,0.136301,62.877442,1,train
AMZN,60,2017-10-17,15:30:00,2017-10-17T15:30:00+00:00,1008.510000,1009.690000,1006.770000,1008.950000,1633,2.920000,0.043629,1007.416000,1005.685000,1005.014500,1006.420355,0.136515,63.509385,0,train
AMZN,60,2017-10-17,16:30:00,2017-10-17T16:30:00+00:00,1008.960000,1008.970000,1006.750000,1006.990000,1267,2.220000,-0.194261,1007.770000,1006.184000,1005.035500,1006.523926,0.157145,58.370311,0,train
AMZN,60,2017-10-17,17:30:00,2017-10-17T17:30:00+00:00,1006.980000,1007.360000,1004.880000,1005.070000,1625,2.480000,-0.190667,1007.756000,1006.372000,1005.052000,1006.259576,0.171834,41.012048,1,train
AMZN,60,2017-10-17,18:30:00,2017-10-17T18:30:00+00:00,1005.100000,1007.960000,1004.790000,1007.540000,1785,3.170000,0.245754,1007.412000,1006.710000,1005.137000,1006.492380,0.185276,68.283582,1,train
AMZN,60,2017-10-17,19:30:00,2017-10-17T19:30:00+00:00,1007.540000,1009.200000,1007.530000,1008.820000,1728,1.670000,0.127042,1007.474000,1007.074000,1005.320500,1006.915584,0.186483,69.369369,0,train
AMZN,60,2017-10-17,20:30:00,2017-10-17T20:30:00+00:00,1007.990000,1008.490000,1007.970000,1008.000000,17,0.520000,-0.081283,1007.284000,1007.350000,1005.585000,1007.112751,0.190067,67.543860,1,train
AMZN,60,2017-10-18,12:30:00,2017-10-18T12:30:00+00:00,1008.440000,1011.410000,1008.410000,1009.580000,161,3.000000,0.156746,1007.802000,1007.786000,1005.926000,1007.561341,0.193912,68.267581,0,train
AMZN,60,2017-10-18,13:30:00,2017-10-18T13:30:00+00:00,1009.600000,1010.470000,1004.370000,1007.090000,3037,6.100000,-0.246637,1008.206000,1007.981000,1006.138500,1007.475643,0.214536,57.706470,0,train
AMZN,60,2017-10-18,14:30:00,2017-10-18T14:30:00+00:00,1007.110000,1009.190000,1006.480000,1006.990000,1839,2.710000,-0.009930,1008.096000,1007.754000,1006.048000,1007.387344,0.165040,55.002764,0,train
AMZN,60,2017-10-18,15:30:00,2017-10-18T15:30:00+00:00,1007.000000,1007.420000,1005.190000,1006.220000,1639,2.230000,-0.076466,1007.576000,1007.525000,1006.276000,1007.175100,0.165116,52.606383,0,train
AMZN,60,2017-10-18,16:30:00,2017-10-18T16:30:00+00:00,1006.230000,1007.080000,1002.520000,1003.250000,1772,4.560000,-0.295164,1006.626000,1006.955000,1006.320000,1006.461445,0.183725,45.471264,0,train
AMZN,60,2017-10-18,17:30:00,2017-10-18T17:30:00+00:00,1003.230000,1004.350000,998.980000,999.630000,2163,5.370000,-0.360827,1004.636000,1006.219000,1006.201500,1005.219364,0.204031,39.106366,1,train
AMZN,60,2017-10-18,18:30:00,2017-10-18T18:30:00+00:00,999.610000,1001.960000,999.530000,1001.200000,2142,2.430000,0.157058,1003.458000,1005.832000,1006.102000,1004.488571,0.211279,32.277924,0,train
AMZN,60,2017-10-18,19:30:00,2017-10-18T19:30:00+00:00,1001.200000,1001.950000,995.030000,997.290000,2215,6.920000,-0.390531,1001.518000,1004.807000,1005.758500,1003.179740,0.212015,28.339768,1,train
AMZN,60,2017-10-18,20:30:00,2017-10-18T20:30:00+00:00,997.300000,998.280000,997.280000,997.600000,57,1.000000,0.031084,999.794000,1003.685000,1005.379500,1002.165242,0.202453,27.978269,0,train
AMZN,60,2017-10-19,12:30:00,2017-10-19T12:30:00+00:00,988.720000,991.250000,987.970000,990.000000,215,3.280000,-0.761828,997.144000,1001.885000,1004.617500,999.953380,0.287606,22.954473,0,train
AMZN,60,2017-10-19,13:30:00,2017-10-19T13:30:00+00:00,990.730000,990.790000,980.190000,985.720000,4880,10.600000,-0.432323,994.362000,999.499000,1003.642500,997.365492,0.270891,21.350311,1,train
AMZN,60,2017-10-19,14:30:00,2017-10-19T14:30:00+00:00,985.490000,988.890000,983.550000,987.000000,2806,5.340000,0.129854,991.522000,997.490000,1002.735500,995.480857,0.294755,18.477594,1,train
AMZN,60,2017-10-19,15:30:00,2017-10-19T15:30:00+00:00,987.000000,989.890000,985.220000,988.920000,2434,4.670000,0.194529,989.848000,995.683000,1001.718500,994.287974,0.315813,20.048164,0,train
AMZN,60,2017-10-19,16:30:00,2017-10-19T16:30:00+00:00,988.920000,989.100000,986.220000,987.770000,1708,2.880000,-0.116288,987.882000,993.838000,1000.681500,993.102888,0.314605,19.850969,0,train
AMZN,60,2017-10-19,17:30:00,2017-10-19T17:30:00+00:00,987.740000,988.000000,981.640000,982.920000,1941,6.360000,-0.491005,986.466000,991.805000,999.380000,991.251454,0.328070,13.796850,1,train
AMZN,60,2017-10-19,18:30:00,2017-10-19T18:30:00+00:00,982.920000,988.110000,982.890000,985.850000,2400,5.220000,0.298091,986.492000,990.427000,998.323000,990.269371,0.357893,21.497585,1,train
AMZN,60,2017-10-19,19:30:00,2017-10-19T19:30:00+00:00,985.880000,986.860000,984.040000,986.540000,1854,2.820000,0.069990,986.400000,988.961000,997.396500,989.591304,0.350905,22.985469,0,train
AMZN,60,2017-10-19,20:30:00,2017-10-19T20:30:00+00:00,986.540000,986.650000,985.770000,986.290000,23,0.880000,-0.025341,985.874000,987.861000,996.334000,988.991067,0.341606,23.305652,1,train
AMZN,60,2017-10-20,12:30:00,2017-10-20T12:30:00+00:00,993.000000,993.250000,991.980000,992.280000,130,1.270000,0.607326,986.776000,987.329000,995.507000,989.589055,0.409888,36.406444,0,train
AMZN,60,2017-10-20,13:30:00,2017-10-20T13:30:00+00:00,992.000000,994.490000,989.550000,991.400000,3686,4.940000,-0.088685,988.472000,987.469000,994.677000,989.918317,0.327480,39.058761,0,train
AMZN,60,2017-10-20,14:30:00,2017-10-20T14:30:00+00:00,991.370000,991.370000,987.990000,989.180000,2509,3.380000,-0.223926,989.138000,987.815000,993.657000,989.784078,0.301477,34.291688,1,train
AMZN,60,2017-10-20,15:30:00,2017-10-20T15:30:00+00:00,989.180000,989.910000,988.580000,989.520000,2301,1.330000,0.034372,989.734000,988.067000,992.778500,989.736064,0.299661,38.800807,0,train
AMZN,60,2017-10-20,16:30:00,2017-10-20T16:30:00+00:00,989.670000,989.950000,987.590000,987.960000,1675,2.360000,-0.157652,990.068000,987.971000,991.827000,989.413143,0.298334,36.588759,0,train
AMZN,60,2017-10-20,17:30:00,2017-10-20T17:30:00+00:00,987.950000,988.630000,986.460000,987.900000,1690,2.170000,-0.006073,989.192000,987.984000,990.911000,989.138026,0.295970,46.302817,0,train
AMZN,60,2017-10-20,18:30:00,2017-10-20T18:30:00+00:00,987.880000,988.570000,984.190000,984.200000,2269,4.380000,-0.374532,987.752000,988.112000,989.958500,988.240203,0.276046,47.268152,0,train
AMZN,60,2017-10-20,19:30:00,2017-10-20T19:30:00+00:00,984.160000,984.730000,981.990000,982.880000,2089,2.740000,-0.134119,986.492000,987.815000,989.121000,987.265621,0.259874,42.605887,1,train
AMZN,60,2017-10-23,12:30:00,2017-10-23T12:30:00+00:00,985.770000,986.830000,985.570000,986.000000,90,1.260000,0.317434,985.788000,987.761000,988.361000,987.035508,0.281333,44.975912,0,train
AMZN,60,2017-10-23,13:30:00,2017-10-23T13:30:00+00:00,986.000000,986.550000,973.560000,974.490000,4006,12.990000,-1.167343,983.094000,986.581000,987.221000,984.754506,0.463354,33.155758,0,train
AMZN,60,2017-10-23,14:30:00,2017-10-23T14:30:00+00:00,974.520000,974.630000,969.530000,969.550000,3299,5.100000,-0.506932,979.424000,984.308000,985.818500,981.990051,0.398656,33.080233,1,train
AMZN,60,2017-10-23,15:30:00,2017-10-23T15:30:00+00:00,969.550000,972.990000,969.200000,972.720000,2684,3.790000,0.326956,977.128000,982.440000,984.954500,980.304587,0.435114,33.484277,0,train
AMZN,60,2017-10-23,16:30:00,2017-10-23T16:30:00+00:00,972.690000,973.700000,971.200000,971.500000,1911,2.500000,-0.125421,974.852000,980.672000,984.243500,978.703753,0.435355,31.330685,0,train
AMZN,60,2017-10-23,17:30:00,2017-10-23T17:30:00+00:00,971.500000,971.700000,968.230000,969.060000,2070,3.470000,-0.251158,971.464000,978.626000,983.346500,976.950343,0.429100,29.715093,0,train
AMZN,60,2017-10-23,18:30:00,2017-10-23T18:30:00+00:00,969.050000,970.180000,965.350000,966.020000,2576,4.830000,-0.313706,969.770000,976.432000,982.201500,974.963008,0.429907,16.776316,0,train
AMZN,60,2017-10-23,19:30:00,2017-10-23T19:30:00+00:00,966.020000,966.530000,962.500000,965.740000,2455,4.030000,-0.028985,969.008000,974.216000,981.100000,973.286098,0.428679,17.034943,1,train
AMZN,60,2017-10-23,20:30:00,2017-10-23T20:30:00+00:00,965.750000,965.900000,965.570000,965.880000,44,0.330000,0.014497,967.640000,972.384000,980.248000,971.939534,0.431324,18.376764,1,train
AMZN,60,2017-10-24,12:30:00,2017-10-24T12:30:00+00:00,970.100000,971.080000,968.970000,968.980000,203,2.110000,0.320951,967.136000,970.994000,979.404500,971.401437,0.460526,24.065657,1,train
AMZN,60,2017-10-24,13:30:00,2017-10-24T13:30:00+00:00,969.000000,978.060000,964.970000,977.210000,4374,13.090000,0.849347,968.766000,970.115000,978.938000,972.457540,0.542779,38.383402,0,train
AMZN,60,2017-10-24,14:30:00,2017-10-24T14:30:00+00:00,977.190000,978.380000,975.630000,976.420000,2745,2.750000,-0.080842,970.846000,970.308000,978.444500,973.177987,0.390000,37.787234,1,train
AMZN,60,2017-10-24,15:30:00,2017-10-24T15:30:00+00:00,976.390000,979.690000,976.370000,977.060000,2248,3.320000,0.065546,973.110000,971.059000,977.683500,973.883807,0.343188,41.875284,0,train
AMZN,60,2017-10-24,16:30:00,2017-10-24T16:30:00+00:00,977.030000,977.220000,975.220000,977.060000,1767,2.000000,0.000000,975.346000,971.493000,976.966500,974.461297,0.332204,43.172220,1,train
AMZN,60,2017-10-24,17:30:00,2017-10-24T17:30:00+00:00,976.750000,979.280000,976.660000,978.600000,1875,2.620000,0.157616,977.270000,972.203000,976.437500,975.213788,0.328100,40.984405,0,train
AMZN,60,2017-10-24,18:30:00,2017-10-24T18:30:00+00:00,978.580000,979.560000,976.060000,976.210000,2421,3.500000,-0.244226,977.070000,972.918000,975.772000,975.394918,0.327345,52.694236,0,train
AMZN,60,2017-10-24,19:30:00,2017-10-24T19:30:00+00:00,976.210000,977.570000,974.970000,974.990000,1979,2.600000,-0.124973,976.784000,973.815000,975.123500,975.321296,0.307336,59.645390,1,train
AMZN,60,2017-10-24,20:30:00,2017-10-24T20:30:00+00:00,975.550000,976.000000,975.000000,975.370000,50,1.000000,0.038975,976.446000,974.778000,974.497000,975.330152,0.305085,55.214482,1,train
AMZN,60,2017-10-25,12:30:00,2017-10-25T12:30:00+00:00,977.290000,978.000000,975.900000,977.980000,149,2.100000,0.267591,976.630000,975.988000,974.186000,975.811942,0.307719,62.089552,1,train
AMZN,60,2017-10-25,13:30:00,2017-10-25T13:30:00+00:00,977.170000,984.130000,977.150000,979.100000,3908,6.980000,0.114522,976.730000,977.000000,973.997000,976.409771,0.299938,69.701727,0,train
AMZN,60,2017-10-25,14:30:00,2017-10-25T14:30:00+00:00,979.090000,980.190000,966.130000,969.260000,3859,14.060000,-1.005005,975.340000,976.205000,973.160000,975.109813,0.356133,55.018587,1,train
AMZN,60,2017-10-25,15:30:00,2017-10-25T15:30:00+00:00,969.250000,976.620000,968.560000,971.500000,3945,8.060000,0.231104,974.642000,975.713000,973.010500,974.453483,0.369564,58.411215,1,train
AMZN,60,2017-10-25,16:30:00,2017-10-25T16:30:00+00:00,971.480000,979.510000,970.790000,976.820000,2760,8.720000,0.547607,974.932000,975.689000,973.374000,974.883759,0.414948,63.876205,1,train
AMZN,60,2017-10-25,17:30:00,2017-10-25T17:30:00+00:00,976.820000,979.300000,976.590000,978.070000,2361,2.710000,0.127966,974.950000,975.790000,973.641500,975.463075,0.416974,62.097418,0,train
AMZN,60,2017-10-25,18:30:00,2017-10-25T18:30:00+00:00,978.050000,978.390000,974.480000,975.840000,2588,3.910000,-0.228000,974.298000,975.514000,973.858500,975.531607,0.419742,47.830219,0,train
AMZN,60,2017-10-25,19:30:00,2017-10-25T19:30:00+00:00,975.850000,975.990000,970.320000,973.490000,2184,5.670000,-0.240818,975.144000,975.242000,974.080000,975.160406,0.419547,45.578026,1,train
AMZN,60,2017-10-25,20:30:00,2017-10-25T20:30:00+00:00,973.510000,974.990000,973.480000,974.000000,30,1.510000,0.052389,975.644000,975.143000,974.479000,974.949423,0.418698,45.363636,1,train
AMZN,60,2017-10-26,12:30:00,2017-10-26T12:30:00+00:00,978.000000,980.000000,977.970000,978.600000,164,2.030000,0.472279,976.000000,975.466000,975.122000,975.613164,0.445801,52.047872,0,train
AMZN,60,2017-10-26,13:30:00,2017-10-26T13:30:00+00:00,978.600000,982.520000,968.520000,972.550000,4293,14.000000,-0.618230,974.896000,974.923000,975.455500,975.056225,0.480850,42.816433,0,train
AMZN,60,2017-10-26,14:30:00,2017-10-26T14:30:00+00:00,972.530000,975.760000,970.970000,972.390000,3408,4.790000,-0.016452,974.206000,974.252000,975.626000,974.571457,0.477503,45.210632,1,train
AMZN,60,2017-10-26,15:30:00,2017-10-26T15:30:00+00:00,972.400000,974.220000,970.600000,972.720000,2957,3.620000,0.033937,974.052000,974.598000,975.401500,974.234829,0.345763,47.088997,0,train
AMZN,60,2017-10-26,16:30:00,2017-10-26T16:30:00+00:00,972.570000,973.550000,971.640000,971.750000,2411,1.910000,-0.099720,973.602000,974.623000,975.168000,973.783042,0.340832,45.426983,1,train
AMZN,60,2017-10-26,17:30:00,2017-10-26T17:30:00+00:00,971.850000,976.310000,970.850000,975.340000,2838,5.460000,0.369437,972.950000,974.475000,975.082000,974.066125,0.312701,46.745562,0,train
AMZN,60,2017-10-26,18:30:00,2017-10-26T18:30:00+00:00,975.340000,980.660000,972.670000,974.110000,3371,7.990000,-0.126110,973.262000,974.079000,974.934500,974.074102,0.310131,43.865257,1,train
AMZN,60,2017-10-26,19:30:00,2017-10-26T19:30:00+00:00,974.110000,1054.490000,970.970000,1053.990000,5394,83.520000,8.200306,989.582000,981.894000,978.704000,988.604265,2.616857,88.266643,0,train
AMZN,60,2017-10-26,20:30:00,2017-10-26T20:30:00+00:00,1053.980000,1054.770000,1043.480000,1048.300000,1336,11.290000,-0.539853,1004.698000,989.375000,982.308500,999.458035,2.631773,83.637001,1,train
AMZN,60,2017-10-27,12:30:00,2017-10-27T12:30:00+00:00,1051.740000,1061.500000,1050.470000,1055.540000,2270,11.030000,0.690642,1021.456000,997.529000,986.336000,1009.654756,2.620073,83.907650,1,train
AMZN,60,2017-10-27,13:30:00,2017-10-27T13:30:00+00:00,1057.000000,1084.860000,1050.510000,1078.220000,9259,34.350000,2.148663,1042.032000,1007.491000,991.478500,1022.121164,2.647656,86.415533,1,train
AMZN,60,2017-10-27,14:30:00,2017-10-27T14:30:00+00:00,1078.250000,1087.680000,1074.990000,1086.130000,6101,12.690000,0.733617,1064.436000,1018.849000,996.886000,1033.759134,2.589482,88.511768,1,train
AMZN,60,2017-10-27,15:30:00,2017-10-27T15:30:00+00:00,1086.120000,1100.040000,1086.110000,1100.040000,6533,13.930000,1.280694,1073.646000,1031.614000,1002.933000,1045.810201,2.557437,90.888530,0,train
AMZN,60,2017-10-27,16:30:00,2017-10-27T16:30:00+00:00,1100.040000,1104.830000,1093.010000,1095.580000,6064,11.820000,-0.405440,1083.102000,1043.900000,1009.249000,1054.859255,2.584646,88.304978,1,train
AMZN,60,2017-10-27,17:30:00,2017-10-27T17:30:00+00:00,1095.560000,1103.830000,1094.740000,1099.310000,5484,9.090000,0.340459,1091.856000,1056.656000,1015.639500,1062.941209,2.563234,88.240512,1,train
AMZN,60,2017-10-27,18:30:00,2017-10-27T18:30:00+00:00,1099.350000,1104.900000,1098.670000,1102.660000,5068,6.230000,0.304737,1096.744000,1069.388000,1021.931500,1070.162807,2.565838,91.935796,0,train
AMZN,60,2017-10-27,19:30:00,2017-10-27T19:30:00+00:00,1102.740000,1105.540000,1100.470000,1100.960000,3611,5.070000,-0.154173,1099.710000,1082.073000,1028.076000,1075.762297,2.567540,91.032106,0,train
AMZN,60,2017-10-30,12:30:00,2017-10-30T12:30:00+00:00,1098.560000,1101.160000,1095.320000,1095.330000,587,5.840000,-0.511372,1098.768000,1086.207000,1034.050500,1079.320061,0.863478,87.849602,1,train
AMZN,60,2017-10-30,13:30:00,2017-10-30T13:30:00+00:00,1095.150000,1119.280000,1093.530000,1119.060000,6740,25.750000,2.166470,1103.464000,1093.283000,1041.329000,1086.545504,0.958915,89.871705,0,train
AMZN,60,2017-10-30,14:30:00,2017-10-30T14:30:00+00:00,1119.360000,1122.510000,1104.100000,1104.170000,5515,18.410000,-1.330581,1104.436000,1098.146000,1047.837500,1089.749958,1.146313,82.859766,1,train
AMZN,60,2017-10-30,15:30:00,2017-10-30T15:30:00+00:00,1104.140000,1110.240000,1098.780000,1106.190000,4867,11.460000,0.182943,1105.142000,1100.943000,1054.217000,1092.739057,0.980616,83.553501,1,train
AMZN,60,2017-10-30,16:30:00,2017-10-30T16:30:00+00:00,1106.080000,1111.710000,1106.080000,1110.410000,3020,5.630000,0.381490,1107.032000,1103.371000,1061.110000,1095.951955,0.967990,73.283262,1,train
AMZN,60,2017-10-30,17:30:00,2017-10-30T17:30:00+00:00,1110.410000,1114.020000,1108.470000,1112.790000,3056,5.550000,0.214335,1110.524000,1104.646000,1068.130000,1099.013418,0.894804,77.361052,0,train
AMZN,60,2017-10-30,18:30:00,2017-10-30T18:30:00+00:00,1112.810000,1114.590000,1109.110000,1109.960000,3163,5.480000,-0.254316,1108.704000,1106.084000,1074.992000,1101.003706,0.886200,73.986248,1,train
AMZN,60,2017-10-30,19:30:00,2017-10-30T19:30:00+00:00,1109.970000,1113.480000,1108.770000,1111.180000,2576,4.710000,0.109914,1110.106000,1107.271000,1081.963500,1102.853941,0.883226,67.916938,0,train
AMZN,60,2017-10-30,20:30:00,2017-10-30T20:30:00+00:00,1111.180000,1111.180000,1109.980000,1110.020000,41,1.200000,-0.104394,1110.872000,1108.007000,1088.697500,1104.156861,0.882727,64.015018,0,train
AMZN,60,2017-10-31,12:30:00,2017-10-31T12:30:00+00:00,1113.210000,1113.220000,1108.850000,1108.880000,178,4.370000,-0.102701,1110.566000,1108.799000,1095.436000,1105.015613,0.881424,56.099917,0,train
AMZN,60,2017-10-31,13:30:00,2017-10-31T13:30:00+00:00,1108.900000,1110.000000,1101.090000,1105.550000,4474,8.910000,-0.300303,1109.118000,1109.821000,1098.014000,1105.112775,0.868246,56.988644,1,train
AMZN,60,2017-10-31,14:30:00,2017-10-31T14:30:00+00:00,1105.540000,1108.550000,1102.200000,1107.380000,2553,6.350000,0.165528,1108.602000,1108.653000,1100.968000,1105.524997,0.483438,55.811609,0,train
AMZN,60,2017-10-31,15:30:00,2017-10-31T15:30:00+00:00,1107.390000,1107.740000,1102.310000,1103.660000,2532,5.430000,-0.335928,1107.098000,1108.602000,1103.374000,1105.185907,0.247966,50.716332,1,train
AMZN,60,2017-10-31,16:30:00,2017-10-31T16:30:00+00:00,1103.650000,1106.800000,1103.430000,1105.210000,1903,3.370000,0.140442,1106.136000,1108.504000,1104.723500,1105.190288,0.244743,53.050969,1,train
AMZN,60,2017-10-31,17:30:00,2017-10-31T17:30:00+00:00,1105.320000,1109.520000,1103.740000,1108.820000,2310,5.780000,0.326635,1106.124000,1108.345000,1105.858000,1105.850235,0.235467,59.973385,0,train
AMZN,60,2017-10-31,18:30:00,2017-10-31T18:30:00+00:00,1108.820000,1108.820000,1105.310000,1106.510000,2019,3.510000,-0.208330,1106.316000,1107.717000,1106.181500,1105.970192,0.227718,36.420688,0,train
AMZN,60,2017-10-31,19:30:00,2017-10-31T19:30:00+00:00,1106.490000,1107.500000,1103.170000,1105.830000,2344,4.330000,-0.061454,1106.006000,1107.304000,1106.694000,1105.944703,0.217003,52.593750,1,train
AMZN,60,2017-10-31,20:30:00,2017-10-31T20:30:00+00:00,1105.840000,1106.980000,1105.820000,1106.010000,21,1.160000,0.016277,1106.476000,1106.787000,1107.029000,1105.956575,0.211917,49.701592,1,train
AMZN,60,2017-11-01,12:30:00,2017-11-01T12:30:00+00:00,1108.580000,1109.670000,1104.970000,1106.100000,147,4.700000,0.008137,1106.654000,1106.395000,1107.201000,1105.982652,0.211484,41.721091,0,train
AMZN,60,2017-11-01,13:30:00,2017-11-01T13:30:00+00:00,1106.990000,1108.350000,1101.560000,1104.500000,5420,6.790000,-0.144652,1105.790000,1105.957000,1107.378000,1105.713079,0.213380,33.584158,0,train
AMZN,60,2017-11-01,14:30:00,2017-11-01T14:30:00+00:00,1104.520000,1105.750000,1099.090000,1103.420000,4158,6.660000,-0.097782,1105.172000,1105.744000,1107.782500,1105.296156,0.194652,36.085106,0,train
AMZN,60,2017-11-01,15:30:00,2017-11-01T15:30:00+00:00,1103.430000,1104.580000,1100.180000,1101.790000,3396,4.400000,-0.147723,1104.364000,1105.185000,1106.919000,1104.658673,0.186678,30.363864,0,train
AMZN,60,2017-11-01,16:30:00,2017-11-01T16:30:00+00:00,1101.770000,1104.580000,1097.990000,1100.590000,4423,6.590000,-0.108914,1103.280000,1104.878000,1106.740000,1103.918914,0.160000,30.313152,0,train
AMZN,60,2017-11-01,17:30:00,2017-11-01T17:30:00+00:00,1100.600000,1102.510000,1097.480000,1098.180000,4306,5.030000,-0.218973,1101.696000,1104.175000,1106.339500,1102.875475,0.158384,28.786677,1,train
AMZN,60,2017-11-01,18:30:00,2017-11-01T18:30:00+00:00,1098.150000,1099.950000,1096.760000,1098.230000,2993,3.190000,0.004553,1100.442000,1103.116000,1105.730500,1102.030843,0.086736,33.318140,1,train
AMZN,60,2017-11-01,19:30:00,2017-11-01T19:30:00+00:00,1098.300000,1103.490000,1097.970000,1101.000000,2474,5.520000,0.252224,1099.958000,1102.565000,1105.141000,1101.843417,0.131248,36.057692,0,train
AMZN,60,2017-11-01,20:30:00,2017-11-01T20:30:00+00:00,1101.000000,1101.500000,1099.460000,1099.470000,46,2.040000,-0.138965,1099.494000,1101.929000,1104.616500,1101.411887,0.134265,39.874335,0,train
AMZN,60,2017-11-02,12:30:00,2017-11-02T12:30:00+00:00,1099.200000,1101.190000,1097.470000,1097.500000,111,3.720000,-0.179177,1098.876000,1101.078000,1103.932500,1100.700635,0.136525,31.738513,0,train
AMZN,60,2017-11-02,13:30:00,2017-11-02T13:30:00+00:00,1097.500000,1101.650000,1094.380000,1094.380000,5572,7.270000,-0.284282,1098.116000,1099.906000,1103.150500,1099.551428,0.147138,14.985451,0,train
AMZN,60,2017-11-02,14:30:00,2017-11-02T14:30:00+00:00,1094.400000,1097.450000,1089.180000,1089.500000,4163,8.270000,-0.445915,1096.370000,1098.406000,1102.181500,1097.723896,0.182451,13.324709,1,train
AMZN,60,2017-11-02,15:30:00,2017-11-02T15:30:00+00:00,1089.500000,1094.370000,1086.860000,1093.170000,4691,7.510000,0.336852,1094.804000,1097.381000,1101.562500,1096.895915,0.236470,25.821238,0,train
AMZN,60,2017-11-02,16:30:00,2017-11-02T16:30:00+00:00,1093.500000,1094.200000,1090.000000,1092.020000,2083,4.200000,-0.105199,1093.314000,1096.404000,1100.794500,1096.009385,0.235759,24.235727,1,train
AMZN,60,2017-11-02,17:30:00,2017-11-02T17:30:00+00:00,1092.050000,1095.970000,1087.990000,1095.400000,2721,7.980000,0.309518,1092.894000,1095.885000,1100.381500,1095.898588,0.266868,32.424442,0,train
AMZN,60,2017-11-02,18:30:00,2017-11-02T18:30:00+00:00,1095.400000,1096.480000,1093.090000,1093.160000,2269,3.390000,-0.204492,1092.650000,1095.383000,1099.779000,1095.400663,0.265868,31.756757,0,train
AMZN,60,2017-11-02,19:30:00,2017-11-02T19:30:00+00:00,1093.130000,1096.000000,1090.670000,1091.200000,1601,5.330000,-0.179297,1092.990000,1094.680000,1098.898000,1094.636906,0.268368,30.882353,1,train
AMZN,60,2017-11-02,20:30:00,2017-11-02T20:30:00+00:00,1091.200000,1095.480000,1091.170000,1094.220000,149,4.310000,0.276760,1093.200000,1094.002000,1098.283500,1094.561105,0.271671,38.650675,0,train
AMZN,60,2017-11-03,12:30:00,2017-11-03T12:30:00+00:00,1094.030000,1095.490000,1089.970000,1090.760000,219,5.520000,-0.316207,1092.948000,1093.131000,1097.530000,1093.869995,0.282844,36.197697,0,train
AMZN,60,2017-11-03,13:30:00,2017-11-03T13:30:00+00:00,1090.300000,1093.160000,1088.470000,1089.090000,4448,4.690000,-0.153104,1091.686000,1092.290000,1096.684000,1093.000905,0.281938,36.965873,1,train
AMZN,60,2017-11-03,14:30:00,2017-11-03T14:30:00+00:00,1089.180000,1094.400000,1089.120000,1092.270000,3168,5.280000,0.291987,1091.508000,1092.079000,1095.992500,1092.868013,0.293418,42.157895,1,train
AMZN,60,2017-11-03,15:30:00,2017-11-03T15:30:00+00:00,1092.270000,1095.980000,1090.570000,1095.250000,2360,5.410000,0.272826,1092.318000,1092.654000,1095.530000,1093.301102,0.263726,42.475792,1,train
AMZN,60,2017-11-03,16:30:00,2017-11-03T16:30:00+00:00,1095.240000,1105.570000,1094.390000,1105.370000,2846,11.180000,0.923990,1094.548000,1093.874000,1095.627500,1095.495447,0.375586,56.303419,1,train
AMZN,60,2017-11-03,17:30:00,2017-11-03T17:30:00+00:00,1105.390000,1112.250000,1104.670000,1112.000000,3771,7.580000,0.599799,1098.796000,1095.872000,1096.138000,1098.496275,0.395967,64.088613,0,train
AMZN,60,2017-11-03,18:30:00,2017-11-03T18:30:00+00:00,1112.000000,1112.390000,1109.270000,1109.590000,2722,3.120000,-0.216727,1102.896000,1097.291000,1096.588000,1100.513316,0.411815,64.985222,1,train
AMZN,60,2017-11-03,19:30:00,2017-11-03T19:30:00+00:00,1109.570000,1112.560000,1109.480000,1111.540000,2269,3.080000,0.175741,1106.750000,1099.129000,1097.256000,1102.518167,0.394745,73.044751,0,train
AMZN,60,2017-11-06,13:30:00,2017-11-06T13:30:00+00:00,1108.960000,1109.570000,1106.970000,1108.770000,225,2.600000,-0.249204,1109.454000,1100.886000,1097.783000,1103.654864,0.402121,66.624041,1,train
AMZN,60,2017-11-06,14:30:00,2017-11-06T14:30:00+00:00,1108.770000,1121.120000,1108.770000,1120.100000,5110,12.350000,1.021853,1112.400000,1103.474000,1098.738000,1106.644889,0.486264,74.588441,1,train
AMZN,60,2017-11-06,15:30:00,2017-11-06T15:30:00+00:00,1120.100000,1123.180000,1119.280000,1121.000000,3680,3.900000,0.080350,1114.200000,1106.498000,1099.814500,1109.254909,0.451216,73.434639,0,train
AMZN,60,2017-11-06,16:30:00,2017-11-06T16:30:00+00:00,1121.010000,1122.100000,1118.790000,1120.690000,2511,3.310000,-0.027654,1116.420000,1109.658000,1100.974000,1111.334017,0.439593,76.124502,1,train
AMZN,60,2017-11-06,17:30:00,2017-11-06T17:30:00+00:00,1120.680000,1124.990000,1120.190000,1123.790000,2313,4.800000,0.276615,1118.870000,1112.810000,1102.444500,1113.598741,0.439602,80.271224,0,train
AMZN,60,2017-11-06,18:30:00,2017-11-06T18:30:00+00:00,1123.830000,1125.200000,1122.820000,1123.250000,2376,2.380000,-0.048052,1121.766000,1115.610000,1104.132000,1115.353515,0.452181,78.266796,1,train
AMZN,60,2017-11-06,19:30:00,2017-11-06T19:30:00+00:00,1123.240000,1125.310000,1121.970000,1123.410000,2575,3.340000,0.014244,1122.428000,1117.414000,1105.644000,1116.818331,0.389508,83.975026,0,train
AMZN,60,2017-11-06,20:30:00,2017-11-06T20:30:00+00:00,1123.390000,1123.600000,1118.240000,1118.740000,1811,5.360000,-0.415699,1121.976000,1118.088000,1106.980000,1117.167725,0.395222,79.040157,1,train
AMZN,60,2017-11-06,21:30:00,2017-11-06T21:30:00+00:00,1118.720000,1119.740000,1118.720000,1119.740000,15,1.020000,0.089386,1121.786000,1119.103000,1108.197000,1117.635411,0.382974,78.105177,1,train
AMZN,60,2017-11-07,13:30:00,2017-11-07T13:30:00+00:00,1122.460000,1125.280000,1120.670000,1122.800000,161,4.610000,0.273278,1121.588000,1120.229000,1109.679000,1118.574428,0.386575,78.140960,1,train
AMZN,60,2017-11-07,14:30:00,2017-11-07T14:30:00+00:00,1122.800000,1130.450000,1121.020000,1123.710000,5242,9.430000,0.081047,1121.680000,1121.723000,1111.304500,1119.508168,0.366890,73.074987,0,train
AMZN,60,2017-11-07,15:30:00,2017-11-07T15:30:00+00:00,1123.510000,1124.240000,1117.520000,1118.560000,3847,6.720000,-0.458303,1120.710000,1121.569000,1112.521500,1119.335774,0.248667,58.572922,1,train
AMZN,60,2017-11-07,16:30:00,2017-11-07T16:30:00+00:00,1118.570000,1121.990000,1117.570000,1119.650000,3761,4.420000,0.097447,1120.892000,1121.434000,1113.966000,1119.392906,0.249442,63.616676,1,train
AMZN,60,2017-11-07,17:30:00,2017-11-07T17:30:00+00:00,1119.640000,1123.510000,1118.980000,1123.220000,2932,4.530000,0.318850,1121.588000,1121.687000,1115.672500,1120.088741,0.270193,65.145228,0,train
AMZN,60,2017-11-07,18:30:00,2017-11-07T18:30:00+00:00,1123.490000,1124.290000,1122.100000,1122.500000,2448,2.190000,-0.064101,1121.528000,1121.558000,1117.184000,1120.527152,0.255738,68.803068,0,train
AMZN,60,2017-11-07,19:30:00,2017-11-07T19:30:00+00:00,1122.450000,1124.460000,1121.220000,1121.590000,2594,3.240000,-0.081069,1121.104000,1121.392000,1118.501000,1120.720397,0.256479,52.855500,1,train
AMZN,60,2017-11-07,20:30:00,2017-11-07T20:30:00+00:00,1121.590000,1123.470000,1121.590000,1123.250000,1783,1.880000,0.148004,1122.042000,1121.376000,1119.395000,1121.180325,0.261581,54.189944,1,train
AMZN,60,2017-11-07,21:30:00,2017-11-07T21:30:00+00:00,1123.250000,1123.590000,1123.220000,1123.390000,23,0.370000,0.012464,1122.790000,1121.841000,1119.964500,1121.582084,0.217510,55.059970,0,train
AMZN,60,2017-11-08,13:30:00,2017-11-08T13:30:00+00:00,1122.000000,1122.970000,1119.970000,1122.000000,169,3.000000,-0.123733,1122.546000,1122.067000,1120.585000,1121.658069,0.222697,46.415699,1,train
AMZN,60,2017-11-08,14:30:00,2017-11-08T14:30:00+00:00,1121.970000,1125.880000,1119.040000,1123.360000,3918,6.840000,0.121212,1122.718000,1122.123000,1121.176000,1121.967511,0.208232,50.213261,1,train
AMZN,60,2017-11-08,15:30:00,2017-11-08T15:30:00+00:00,1123.360000,1128.780000,1122.070000,1126.450000,3763,6.710000,0.275068,1123.690000,1122.397000,1122.060000,1122.782509,0.224491,55.292479,1,train
AMZN,60,2017-11-08,16:30:00,2017-11-08T16:30:00+00:00,1126.560000,1128.690000,1125.070000,1128.410000,2227,3.620000,0.173998,1124.722000,1123.382000,1122.475500,1123.805689,0.150085,68.589004,1,train
AMZN,60,2017-11-08,17:30:00,2017-11-08T17:30:00+00:00,1128.420000,1129.920000,1127.270000,1129.870000,1875,2.650000,0.129386,1126.018000,1124.404000,1122.919000,1124.908291,0.150652,69.134870,1,train
AMZN,60,2017-11-08,18:30:00,2017-11-08T18:30:00+00:00,1129.900000,1134.270000,1129.810000,1133.680000,2126,4.460000,0.337207,1128.354000,1125.450000,1123.568500,1126.503147,0.153815,69.985305,1,train
AMZN,60,2017-11-08,19:30:00,2017-11-08T19:30:00+00:00,1133.700000,1135.300000,1132.770000,1133.700000,2233,2.530000,0.001764,1130.422000,1126.570000,1124.064000,1127.811666,0.147634,68.970756,0,train
AMZN,60,2017-11-08,20:30:00,2017-11-08T20:30:00+00:00,1133.710000,1135.410000,1132.020000,1132.490000,1990,3.390000,-0.106730,1131.630000,1127.660000,1124.526000,1128.662272,0.151297,81.107637,0,train
AMZN,60,2017-11-08,21:30:00,2017-11-08T21:30:00+00:00,1132.480000,1132.500000,1131.980000,1131.990000,25,0.520000,-0.044151,1132.346000,1128.534000,1124.955000,1129.267314,0.156203,78.302752,0,train
AMZN,60,2017-11-09,13:30:00,2017-11-09T13:30:00+00:00,1125.800000,1127.350000,1123.990000,1126.580000,320,3.360000,-0.477919,1131.688000,1128.853000,1125.347000,1128.778711,0.235691,57.106599,0,train
AMZN,60,2017-11-09,14:30:00,2017-11-09T14:30:00+00:00,1125.990000,1128.000000,1121.480000,1126.490000,5759,6.520000,-0.007989,1130.250000,1129.302000,1125.684500,1128.362582,0.230156,58.670143,0,train
AMZN,60,2017-11-09,15:30:00,2017-11-09T15:30:00+00:00,1126.470000,1128.930000,1123.470000,1124.970000,3205,5.460000,-0.134932,1128.504000,1129.463000,1125.793000,1127.745749,0.234351,57.154953,0,train
AMZN,60,2017-11-09,16:30:00,2017-11-09T16:30:00+00:00,1124.970000,1125.260000,1117.980000,1119.070000,5030,7.280000,-0.524458,1125.820000,1128.725000,1125.561000,1126.168340,0.269372,42.498205,1,train
AMZN,60,2017-11-09,17:30:00,2017-11-09T17:30:00+00:00,1119.200000,1123.060000,1115.740000,1121.630000,4286,7.320000,0.228761,1123.748000,1128.047000,1125.714500,1125.343187,0.275272,47.093791,1,train
AMZN,60,2017-11-09,18:30:00,2017-11-09T18:30:00+00:00,1121.650000,1127.070000,1121.170000,1125.690000,3273,5.900000,0.361973,1123.570000,1127.629000,1126.016500,1125.406244,0.301609,55.599393,1,train
AMZN,60,2017-11-09,19:30:00,2017-11-09T19:30:00+00:00,1125.500000,1128.120000,1123.630000,1128.120000,2514,4.490000,0.215868,1123.896000,1127.073000,1126.261500,1125.899654,0.286984,56.995885,1,train
AMZN,60,2017-11-09,20:30:00,2017-11-09T20:30:00+00:00,1128.280000,1129.490000,1127.470000,1128.650000,2167,2.020000,0.046981,1124.632000,1126.568000,1126.569000,1126.399717,0.288222,53.496503,0,train
AMZN,60,2017-11-09,21:30:00,2017-11-09T21:30:00+00:00,1128.650000,1128.750000,1125.580000,1125.600000,20,3.170000,-0.270234,1125.938000,1125.879000,1126.769500,1126.254314,0.296674,45.683564,0,train
AMZN,60,2017-11-10,13:30:00,2017-11-10T13:30:00+00:00,1126.490000,1128.670000,1124.500000,1124.500000,112,4.170000,-0.097726,1126.512000,1125.130000,1126.832000,1125.935348,0.296827,41.658900,1,train
AMZN,60,2017-11-10,14:30:00,2017-11-10T14:30:00+00:00,1124.470000,1130.810000,1124.470000,1125.220000,4599,6.340000,0.064028,1126.418000,1124.994000,1126.923500,1125.805285,0.260508,35.463918,1,train
AMZN,60,2017-11-10,15:30:00,2017-11-10T15:30:00+00:00,1125.250000,1128.360000,1124.030000,1125.530000,3027,4.330000,0.027550,1125.900000,1124.898000,1127.100000,1125.755233,0.260808,36.100715,1,train
AMZN,60,2017-11-10,16:30:00,2017-11-10T16:30:00+00:00,1125.510000,1127.300000,1124.970000,1125.770000,2240,2.330000,0.021323,1125.324000,1124.978000,1127.220500,1125.757918,0.257026,38.177340,1,train
AMZN,60,2017-11-10,17:30:00,2017-11-10T17:30:00+00:00,1125.790000,1126.450000,1124.470000,1126.230000,2124,1.980000,0.040861,1125.450000,1125.694000,1127.209500,1125.843751,0.176648,39.852008,0,train
AMZN,60,2017-11-10,18:30:00,2017-11-10T18:30:00+00:00,1126.180000,1127.250000,1125.000000,1125.390000,2036,2.250000,-0.074585,1125.628000,1126.070000,1127.058500,1125.761251,0.171160,47.501050,1,train
AMZN,60,2017-11-10,19:30:00,2017-11-10T19:30:00+00:00,1125.420000,1128.350000,1125.420000,1126.790000,2202,2.930000,0.124401,1125.942000,1126.180000,1126.904500,1125.948296,0.132680,50.597134,0,train
AMZN,60,2017-11-10,20:30:00,2017-11-10T20:30:00+00:00,1126.800000,1127.020000,1124.230000,1124.780000,1619,2.790000,-0.178383,1125.792000,1125.846000,1126.459500,1125.735879,0.122872,49.629051,0,train
AMZN,60,2017-11-13,13:30:00,2017-11-13T13:30:00+00:00,1121.380000,1123.510000,1119.990000,1121.620000,151,3.520000,-0.280944,1124.962000,1125.143000,1125.855500,1124.987537,0.142379,55.574989,1,train
AMZN,60,2017-11-13,14:30:00,2017-11-13T14:30:00+00:00,1121.590000,1135.410000,1121.590000,1132.920000,4813,13.820000,1.007471,1126.300000,1125.875000,1125.877000,1126.429803,0.352853,67.858273,1,train
AMZN,60,2017-11-13,15:30:00,2017-11-13T15:30:00+00:00,1133.000000,1135.120000,1130.200000,1134.910000,2432,4.920000,0.175652,1128.204000,1126.916000,1126.023000,1127.971657,0.349384,65.605958,1,train
AMZN,60,2017-11-13,16:30:00,2017-11-13T16:30:00+00:00,1134.900000,1139.240000,1134.900000,1138.800000,2638,4.340000,0.342758,1130.606000,1128.274000,1126.634000,1129.940447,0.357854,67.225806,0,train
AMZN,60,2017-11-13,17:30:00,2017-11-13T17:30:00+00:00,1138.780000,1139.500000,1137.500000,1138.270000,1662,2.000000,-0.046540,1133.304000,1129.548000,1127.223000,1131.454911,0.360751,65.516129,1,train
AMZN,60,2017-11-13,18:30:00,2017-11-13T18:30:00+00:00,1138.260000,1139.240000,1138.140000,1138.630000,1328,1.100000,0.031627,1136.706000,1130.834000,1127.906000,1132.759473,0.360474,73.013070,0,train
AMZN,60,2017-11-13,19:30:00,2017-11-13T19:30:00+00:00,1138.610000,1139.500000,1136.090000,1136.240000,1888,3.410000,-0.209901,1137.370000,1131.835000,1128.764500,1133.392296,0.374590,69.831081,0,train
AMZN,60,2017-11-13,20:30:00,2017-11-13T20:30:00+00:00,1136.250000,1136.350000,1126.370000,1128.050000,2580,9.980000,-0.720798,1135.998000,1132.101000,1129.085500,1132.420969,0.453421,53.817103,0,train
AMZN,60,2017-11-13,21:30:00,2017-11-13T21:30:00+00:00,1127.970000,1128.690000,1127.470000,1127.990000,34,1.220000,-0.005319,1133.836000,1132.221000,1129.200500,1131.615338,0.452100,53.340576,1,train
AMZN,60,2017-11-14,13:30:00,2017-11-14T13:30:00+00:00,1134.000000,1134.080000,1128.070000,1129.260000,215,6.010000,0.112590,1132.034000,1132.669000,1129.257500,1131.187095,0.447861,54.610304,1,train
AMZN,60,2017-11-14,14:30:00,2017-11-14T14:30:00+00:00,1128.090000,1132.720000,1123.870000,1130.760000,6454,8.850000,0.132830,1130.460000,1133.583000,1129.363000,1131.109441,0.433738,55.824119,1,train
AMZN,60,2017-11-14,15:30:00,2017-11-14T15:30:00+00:00,1130.750000,1136.350000,1128.790000,1134.670000,3678,7.560000,0.345785,1130.146000,1133.758000,1129.816500,1131.756816,0.309571,61.058151,1,train
AMZN,60,2017-11-14,16:30:00,2017-11-14T16:30:00+00:00,1134.670000,1137.880000,1134.660000,1135.270000,2263,3.220000,0.052879,1131.590000,1133.794000,1130.355000,1132.395577,0.304930,60.301263,0,train
AMZN,60,2017-11-14,17:30:00,2017-11-14T17:30:00+00:00,1135.260000,1136.160000,1127.970000,1130.870000,2974,8.190000,-0.387573,1132.166000,1133.001000,1130.637500,1132.118199,0.302118,56.991963,0,train
AMZN,60,2017-11-14,18:30:00,2017-11-14T18:30:00+00:00,1130.840000,1132.300000,1129.980000,1130.870000,1656,2.320000,0.000000,1132.488000,1132.261000,1130.904500,1131.891254,0.302868,61.450854,1,train
AMZN,60,2017-11-14,19:30:00,2017-11-14T19:30:00+00:00,1130.840000,1133.860000,1129.620000,1131.520000,2290,4.240000,0.057478,1132.640000,1131.550000,1131.192000,1131.823753,0.303891,47.646268,1,train
AMZN,60,2017-11-14,20:30:00,2017-11-14T20:30:00+00:00,1131.540000,1137.000000,1131.520000,1135.730000,2259,5.480000,0.372066,1132.852000,1131.499000,1131.667000,1132.533980,0.327287,51.282854,1,train
AMZN,60,2017-11-14,21:30:00,2017-11-14T21:30:00+00:00,1135.740000,1136.280000,1135.720000,1135.750000,13,0.560000,0.001761,1132.948000,1132.269000,1132.185000,1133.118711,0.210313,44.571022,0,train
AMZN,60,2017-11-15,13:30:00,2017-11-15T13:30:00+00:00,1130.970000,1131.000000,1126.970000,1127.000000,330,4.030000,-0.770416,1132.174000,1132.170000,1132.195500,1132.006218,0.339525,34.480859,0,train
AMZN,60,2017-11-15,14:30:00,2017-11-15T14:30:00+00:00,1126.970000,1130.880000,1121.490000,1123.080000,5879,9.390000,-0.347826,1130.616000,1131.552000,1132.110500,1130.383269,0.352294,30.499122,1,train
AMZN,60,2017-11-15,15:30:00,2017-11-15T15:30:00+00:00,1123.040000,1128.990000,1123.000000,1126.940000,3683,5.990000,0.343698,1129.700000,1131.170000,1132.376500,1129.757220,0.370576,38.751814,1,train
AMZN,60,2017-11-15,16:30:00,2017-11-15T16:30:00+00:00,1126.940000,1130.130000,1125.470000,1127.220000,2439,4.660000,0.024846,1127.998000,1130.425000,1132.091500,1129.295907,0.347270,48.758600,0,train
AMZN,60,2017-11-15,17:30:00,2017-11-15T17:30:00+00:00,1127.210000,1128.240000,1123.070000,1124.090000,2517,5.170000,-0.277674,1125.666000,1129.307000,1131.550500,1128.349379,0.350487,44.657534,1,train
AMZN,60,2017-11-15,18:30:00,2017-11-15T18:30:00+00:00,1124.060000,1128.170000,1124.060000,1126.580000,2410,4.110000,0.221513,1125.582000,1128.878000,1130.939500,1128.027674,0.347555,46.447508,0,train
AMZN,60,2017-11-15,19:30:00,2017-11-15T19:30:00+00:00,1126.560000,1128.880000,1125.270000,1125.960000,2172,3.610000,-0.055034,1126.158000,1128.387000,1130.324000,1127.651733,0.347332,43.485342,1,train
AMZN,60,2017-11-15,20:30:00,2017-11-15T20:30:00+00:00,1125.960000,1127.150000,1123.970000,1126.390000,2308,3.180000,0.038190,1126.048000,1127.874000,1129.712000,1127.422327,0.346765,37.589928,0,train
AMZN,60,2017-11-15,21:30:00,2017-11-15T21:30:00+00:00,1126.390000,1126.540000,1125.850000,1126.300000,42,0.690000,-0.007990,1125.864000,1126.931000,1129.215000,1127.218267,0.315398,36.347032,1,train
AMZN,60,2017-11-16,13:30:00,2017-11-16T13:30:00+00:00,1130.970000,1132.270000,1129.010000,1130.000000,173,3.260000,0.328509,1127.046000,1126.356000,1129.312500,1127.724037,0.341026,48.646967,1,train
AMZN,60,2017-11-16,14:30:00,2017-11-16T14:30:00+00:00,1130.050000,1135.380000,1130.020000,1134.710000,3555,5.360000,0.416814,1128.672000,1127.127000,1129.648500,1128.994212,0.259310,55.208899,1,train
AMZN,60,2017-11-16,15:30:00,2017-11-16T15:30:00+00:00,1134.700000,1136.760000,1134.180000,1136.110000,2133,2.580000,0.123380,1130.702000,1128.430000,1129.991000,1130.287992,0.214126,56.102101,1,train
AMZN,60,2017-11-16,16:30:00,2017-11-16T16:30:00+00:00,1136.110000,1137.840000,1135.640000,1137.410000,1702,2.200000,0.114426,1132.906000,1129.477000,1130.323500,1131.582902,0.198712,52.420749,0,train
AMZN,60,2017-11-16,17:30:00,2017-11-16T17:30:00+00:00,1137.370000,1138.060000,1135.570000,1136.270000,1543,2.490000,-0.100228,1134.900000,1130.382000,1130.403500,1132.435102,0.207212,50.725851,0,train
AMZN,60,2017-11-16,18:30:00,2017-11-16T18:30:00+00:00,1136.300000,1137.670000,1135.480000,1135.880000,1760,2.190000,-0.034323,1136.076000,1131.561000,1130.434000,1133.061447,0.171773,66.168973,1,train
AMZN,60,2017-11-16,19:30:00,2017-11-16T19:30:00+00:00,1135.880000,1137.190000,1135.080000,1136.560000,1895,2.110000,0.059865,1136.446000,1132.559000,1130.718500,1133.697548,0.167083,77.828241,1,train
AMZN,60,2017-11-16,20:30:00,2017-11-16T20:30:00+00:00,1136.530000,1137.830000,1135.980000,1136.630000,1988,1.850000,0.006159,1136.550000,1133.626000,1131.006500,1134.230721,0.162300,73.715125,1,train
AMZN,60,2017-11-16,21:30:00,2017-11-16T21:30:00+00:00,1136.630000,1136.950000,1136.480000,1136.890000,20,0.470000,0.022875,1136.446000,1134.676000,1131.275000,1134.714226,0.162961,73.689368,0,train
AMZN,60,2017-11-17,13:30:00,2017-11-17T13:30:00+00:00,1138.500000,1138.650000,1136.680000,1136.690000,148,1.970000,-0.017592,1136.530000,1135.715000,1131.323000,1135.073458,0.163648,86.041190,0,train
AMZN,60,2017-11-17,14:30:00,2017-11-17T14:30:00+00:00,1138.260000,1138.260000,1132.790000,1134.190000,3945,5.470000,-0.219937,1136.192000,1136.134000,1131.245000,1134.912829,0.167433,71.755289,1,train
AMZN,60,2017-11-17,15:30:00,2017-11-17T15:30:00+00:00,1134.290000,1138.680000,1133.770000,1137.600000,2675,4.910000,0.300655,1136.400000,1136.423000,1131.775000,1135.401406,0.139938,78.698225,0,train
AMZN,60,2017-11-17,16:30:00,2017-11-17T16:30:00+00:00,1137.600000,1138.200000,1135.190000,1136.910000,1959,3.010000,-0.060654,1136.456000,1136.503000,1132.466500,1135.675695,0.137723,75.608569,0,train
AMZN,60,2017-11-17,17:30:00,2017-11-17T17:30:00+00:00,1136.910000,1136.920000,1134.730000,1135.220000,1414,2.190000,-0.148649,1136.122000,1136.284000,1132.880500,1135.592842,0.140055,70.144535,0,train
AMZN,60,2017-11-17,18:30:00,2017-11-17T18:30:00+00:00,1135.120000,1135.260000,1131.540000,1132.150000,1591,3.720000,-0.270432,1135.214000,1135.872000,1133.127000,1134.966871,0.159931,54.997675,0,train
AMZN,60,2017-11-17,19:30:00,2017-11-17T19:30:00+00:00,1132.150000,1132.360000,1125.740000,1128.230000,2691,6.620000,-0.346244,1134.022000,1135.107000,1133.334000,1133.741985,0.187555,34.362934,1,train
AMZN,60,2017-11-17,20:30:00,2017-11-17T20:30:00+00:00,1128.240000,1129.690000,1126.680000,1129.200000,2244,3.010000,0.085975,1132.342000,1134.371000,1133.465000,1132.916170,0.189693,32.971907,1,train
AMZN,60,2017-11-20,13:30:00,2017-11-20T13:30:00+00:00,1132.000000,1133.300000,1129.220000,1129.490000,217,4.080000,0.025682,1130.858000,1133.657000,1133.641500,1132.293230,0.190603,29.460581,0,train
AMZN,60,2017-11-20,14:30:00,2017-11-20T14:30:00+00:00,1129.500000,1133.000000,1126.160000,1127.770000,4664,6.840000,-0.152281,1129.368000,1132.745000,1133.710500,1131.470824,0.189898,28.600201,0,train
AMZN,60,2017-11-20,15:30:00,2017-11-20T15:30:00+00:00,1127.750000,1128.000000,1125.840000,1126.200000,2985,2.160000,-0.139213,1128.178000,1131.696000,1133.705500,1130.512493,0.189326,26.996198,0,train
AMZN,60,2017-11-20,16:30:00,2017-11-20T16:30:00+00:00,1126.330000,1128.680000,1125.120000,1125.610000,2560,3.560000,-0.052389,1127.654000,1130.838000,1133.486000,1129.621130,0.184139,23.866348,1,train
AMZN,60,2017-11-20,17:30:00,2017-11-20T17:30:00+00:00,1125.620000,1126.640000,1124.550000,1126.220000,1809,2.090000,0.054193,1127.058000,1129.700000,1133.061500,1129.002743,0.139161,25.779432,0,train
AMZN,60,2017-11-20,18:30:00,2017-11-20T18:30:00+00:00,1126.190000,1127.420000,1125.790000,1126.020000,1389,1.630000,-0.017759,1126.364000,1128.611000,1132.557000,1128.460426,0.141169,24.638357,0,train
AMZN,60,2017-11-20,19:30:00,2017-11-20T19:30:00+00:00,1126.040000,1126.140000,1122.480000,1123.890000,2110,3.660000,-0.189162,1125.588000,1127.478000,1131.881000,1127.629439,0.143408,22.602740,1,train
AMZN,60,2017-11-20,20:30:00,2017-11-20T20:30:00+00:00,1123.920000,1126.800000,1123.490000,1125.980000,1707,3.310000,0.185961,1125.544000,1126.861000,1131.366500,1127.329541,0.155327,32.113290,1,train
AMZN,60,2017-11-20,21:30:00,2017-11-20T21:30:00+00:00,1126.000000,1126.420000,1125.950000,1126.010000,27,0.470000,0.002664,1125.624000,1126.639000,1130.873000,1127.089625,0.116968,20.388350,1,train
AMZN,60,2017-11-21,13:30:00,2017-11-21T13:30:00+00:00,1131.690000,1132.590000,1131.100000,1132.590000,147,1.490000,0.584364,1126.898000,1126.978000,1130.674500,1128.089693,0.224092,41.516104,1,train
AMZN,60,2017-11-21,14:30:00,2017-11-21T14:30:00+00:00,1132.570000,1135.180000,1128.180000,1134.890000,4449,7.000000,0.203074,1128.672000,1127.518000,1130.587500,1129.326112,0.230620,49.367089,1,train
AMZN,60,2017-11-21,15:30:00,2017-11-21T15:30:00+00:00,1134.890000,1138.450000,1134.270000,1137.980000,2961,4.180000,0.272273,1131.490000,1128.539000,1130.642000,1130.899547,0.228735,61.172863,0,train
AMZN,60,2017-11-21,16:30:00,2017-11-21T16:30:00+00:00,1138.000000,1138.290000,1136.470000,1136.500000,1715,1.820000,-0.130055,1133.594000,1129.569000,1130.632500,1131.917811,0.227730,67.484144,1,train
AMZN,60,2017-11-21,17:30:00,2017-11-21T17:30:00+00:00,1136.490000,1137.310000,1136.360000,1136.910000,1441,0.950000,0.036076,1135.774000,1130.699000,1130.768500,1132.825482,0.223200,66.695539,1,train
AMZN,60,2017-11-21,18:30:00,2017-11-21T18:30:00+00:00,1136.890000,1138.630000,1136.690000,1138.120000,1627,1.940000,0.106429,1136.880000,1131.889000,1130.794500,1133.788121,0.222616,67.971678,0,train
AMZN,60,2017-11-21,19:30:00,2017-11-21T19:30:00+00:00,1138.110000,1139.350000,1137.360000,1138.070000,1994,1.990000,-0.004393,1137.516000,1133.094000,1130.852500,1134.566645,0.221833,73.052820,1,train
AMZN,60,2017-11-21,20:30:00,2017-11-21T20:30:00+00:00,1138.060000,1139.850000,1137.970000,1138.460000,2228,1.880000,0.034269,1137.612000,1134.551000,1131.014500,1135.274527,0.198773,78.969754,1,train
AMZN,60,2017-11-21,21:30:00,2017-11-21T21:30:00+00:00,1138.460000,1138.580000,1137.610000,1138.580000,23,0.970000,0.010541,1138.028000,1135.811000,1131.336000,1135.875522,0.200923,81.343644,1,train
AMZN,60,2017-11-22,13:30:00,2017-11-22T13:30:00+00:00,1142.860000,1143.220000,1140.970000,1140.970000,153,2.250000,0.209911,1138.840000,1137.307000,1131.973000,1136.801791,0.199128,82.821540,1,train
AMZN,60,2017-11-22,14:30:00,2017-11-22T14:30:00+00:00,1141.000000,1149.000000,1141.000000,1147.110000,4873,8.000000,0.538139,1140.638000,1138.759000,1132.868500,1138.676011,0.187673,87.117212,1,train
AMZN,60,2017-11-22,15:30:00,2017-11-22T15:30:00+00:00,1147.090000,1148.650000,1145.770000,1147.880000,3097,2.880000,0.067125,1142.600000,1140.058000,1133.788000,1140.349463,0.186521,94.343808,1,train
AMZN,60,2017-11-22,16:30:00,2017-11-22T16:30:00+00:00,1147.890000,1153.840000,1147.620000,1152.290000,3123,6.220000,0.384187,1145.366000,1141.489000,1135.014000,1142.520470,0.199945,94.790603,1,train
AMZN,60,2017-11-22,17:30:00,2017-11-22T17:30:00+00:00,1152.310000,1155.700000,1151.990000,1155.150000,2161,3.710000,0.248201,1148.680000,1143.354000,1136.461500,1144.816748,0.181185,95.248447,1,train
AMZN,60,2017-11-22,18:30:00,2017-11-22T18:30:00+00:00,1155.210000,1159.740000,1154.810000,1159.610000,2482,4.930000,0.386097,1152.408000,1145.624000,1138.161500,1147.506430,0.187625,94.913564,0,train
AMZN,60,2017-11-22,19:30:00,2017-11-22T19:30:00+00:00,1159.580000,1160.220000,1155.140000,1156.100000,2551,5.080000,-0.302688,1154.206000,1147.422000,1139.655500,1149.068898,0.245501,83.892617,0,train
AMZN,60,2017-11-22,20:30:00,2017-11-22T20:30:00+00:00,1156.120000,1156.770000,1154.370000,1156.000000,1943,2.400000,-0.008650,1155.830000,1149.215000,1141.154500,1150.329098,0.245815,81.837456,1,train
AMZN,60,2017-11-22,21:30:00,2017-11-22T21:30:00+00:00,1156.700000,1156.700000,1155.990000,1156.190000,43,0.710000,0.016436,1156.610000,1150.988000,1142.769500,1151.394717,0.246865,86.449463,1,train
AMZN,60,2017-11-24,14:30:00,2017-11-24T14:30:00+00:00,1164.100000,1176.940000,1161.970000,1175.260000,6487,14.970000,1.649383,1160.632000,1154.656000,1145.233500,1155.733859,0.526249,91.985986,1,train
AMZN,60,2017-11-24,15:30:00,2017-11-24T15:30:00+00:00,1175.250000,1180.500000,1175.230000,1178.500000,4800,5.270000,0.275684,1164.410000,1158.409000,1147.858000,1159.873157,0.525146,92.327044,1,train
AMZN,60,2017-11-24,16:30:00,2017-11-24T16:30:00+00:00,1178.530000,1180.700000,1177.580000,1179.860000,3963,3.120000,0.115401,1169.162000,1161.684000,1150.221500,1163.507129,0.523129,92.634156,1,train
AMZN,60,2017-11-24,17:30:00,2017-11-24T17:30:00+00:00,1179.850000,1186.700000,1179.670000,1186.410000,2787,7.030000,0.555151,1175.244000,1165.537000,1152.797500,1167.671287,0.523504,93.456589,1,train
AMZN,60,2017-11-27,13:30:00,2017-11-27T13:30:00+00:00,1196.000000,1203.800000,1195.970000,1202.630000,1537,7.830000,1.367150,1184.532000,1170.571000,1156.030000,1174.027417,0.618138,94.934755,1,train
AMZN,60,2017-11-27,14:30:00,2017-11-27T14:30:00+00:00,1201.000000,1213.220000,1195.980000,1209.200000,7527,17.240000,0.546303,1191.320000,1175.976000,1159.665000,1180.422432,0.615568,95.215374,0,train
AMZN,60,2017-11-27,15:30:00,2017-11-27T15:30:00+00:00,1209.200000,1209.240000,1191.110000,1191.600000,5655,18.130000,-1.455508,1193.940000,1179.175000,1162.399500,1182.454717,0.865060,75.595444,1,train
AMZN,60,2017-11-27,16:30:00,2017-11-27T16:30:00+00:00,1191.610000,1202.290000,1191.120000,1196.680000,4726,11.170000,0.426318,1197.304000,1183.233000,1165.327500,1185.041132,0.841278,76.748520,1,train
AMZN,60,2017-11-27,17:30:00,2017-11-27T17:30:00+00:00,1196.680000,1203.780000,1193.610000,1202.380000,3942,10.170000,0.476318,1200.498000,1187.871000,1168.543000,1188.193654,0.832315,77.072749,0,train
AMZN,60,2017-11-27,18:30:00,2017-11-27T18:30:00+00:00,1202.350000,1204.490000,1197.370000,1198.970000,3187,7.120000,-0.283604,1199.766000,1192.149000,1171.568500,1190.152989,0.852727,73.543950,0,train
AMZN,60,2017-11-27,19:30:00,2017-11-27T19:30:00+00:00,1199.140000,1200.010000,1196.680000,1197.550000,3231,3.330000,-0.118435,1197.436000,1194.378000,1174.517000,1191.497900,0.732107,71.073095,0,train
AMZN,60,2017-11-27,20:30:00,2017-11-27T20:30:00+00:00,1197.560000,1198.660000,1195.310000,1196.270000,2462,3.350000,-0.106885,1198.370000,1196.155000,1177.282000,1192.365555,0.737138,72.878460,0,train
AMZN,60,2017-11-27,21:30:00,2017-11-27T21:30:00+00:00,1196.300000,1196.500000,1196.100000,1196.100000,38,0.400000,-0.014211,1198.254000,1197.779000,1179.731500,1193.044545,0.738995,72.820396,1,train
AMZN,60,2017-11-28,13:30:00,2017-11-28T13:30:00+00:00,1204.170000,1206.250000,1202.250000,1203.990000,522,4.000000,0.659644,1198.576000,1199.537000,1182.537000,1195.034628,0.746232,75.010465,0,train
AMZN,60,2017-11-28,14:30:00,2017-11-28T14:30:00+00:00,1204.590000,1204.600000,1194.970000,1197.120000,6509,9.630000,-0.570603,1198.206000,1198.986000,1184.778500,1195.413786,0.638832,63.111804,1,train
AMZN,60,2017-11-28,15:30:00,2017-11-28T15:30:00+00:00,1197.130000,1199.880000,1195.470000,1199.520000,3701,4.410000,0.200481,1198.600000,1198.018000,1186.997000,1196.160371,0.612124,62.736306,1,train
AMZN,60,2017-11-28,16:30:00,2017-11-28T16:30:00+00:00,1199.520000,1201.530000,1198.970000,1200.470000,2512,2.560000,0.079198,1199.440000,1198.905000,1189.040000,1196.943940,0.375042,62.550237,0,train
AMZN,60,2017-11-28,17:30:00,2017-11-28T17:30:00+00:00,1200.470000,1201.400000,1197.580000,1198.820000,2583,3.820000,-0.137446,1199.984000,1199.119000,1191.176000,1197.285041,0.358335,58.036524,0,train
AMZN,60,2017-11-28,18:30:00,2017-11-28T18:30:00+00:00,1198.900000,1199.330000,1188.500000,1192.110000,5261,10.830000,-0.559717,1197.608000,1198.092000,1192.981500,1196.344125,0.361005,42.230428,1,train
AMZN,60,2017-11-28,19:30:00,2017-11-28T19:30:00+00:00,1192.120000,1196.510000,1191.770000,1192.840000,4116,4.740000,0.061236,1196.752000,1197.479000,1194.814000,1195.707011,0.356383,36.776592,1,train
AMZN,60,2017-11-28,20:30:00,2017-11-28T20:30:00+00:00,1192.830000,1194.300000,1191.480000,1194.250000,2983,2.820000,0.118205,1195.698000,1197.149000,1195.763500,1195.442100,0.359229,52.901248,0,train
AMZN,60,2017-11-28,21:30:00,2017-11-28T21:30:00+00:00,1194.250000,1194.250000,1190.500000,1192.330000,114,3.750000,-0.160770,1194.070000,1196.755000,1196.455000,1194.876264,0.360960,44.883557,1,train
AMZN,60,2017-11-29,13:30:00,2017-11-29T13:30:00+00:00,1193.230000,1198.850000,1190.580000,1194.010000,432,8.270000,0.140901,1193.108000,1196.546000,1197.162500,1194.718761,0.365137,39.127046,0,train
AMZN,60,2017-11-29,14:30:00,2017-11-29T14:30:00+00:00,1194.010000,1194.280000,1150.860000,1160.970000,8788,43.420000,-2.767146,1186.880000,1192.244000,1195.890500,1188.582623,0.890185,22.108045,0,train
AMZN,60,2017-11-29,15:30:00,2017-11-29T15:30:00+00:00,1161.000000,1173.600000,1145.970000,1153.610000,7987,27.630000,-0.633953,1179.034000,1187.893000,1193.439500,1182.223964,0.892077,20.334864,0,train
AMZN,60,2017-11-29,16:30:00,2017-11-29T16:30:00+00:00,1153.620000,1156.980000,1145.160000,1153.070000,7525,11.820000,-0.046810,1170.798000,1183.248000,1190.633000,1176.923243,0.877948,20.540098,1,train
AMZN,60,2017-11-29,17:30:00,2017-11-29T17:30:00+00:00,1153.040000,1166.700000,1152.480000,1165.320000,6550,14.220000,1.062381,1165.396000,1179.733000,1189.319000,1174.813563,0.984941,31.978923,0,train
AMZN,60,2017-11-29,18:30:00,2017-11-29T18:30:00+00:00,1165.330000,1166.020000,1154.100000,1156.700000,4740,11.920000,-0.739711,1157.934000,1175.521000,1187.320000,1171.520188,0.992801,22.547312,1,train
AMZN,60,2017-11-29,19:30:00,2017-11-29T19:30:00+00:00,1156.700000,1164.000000,1154.370000,1159.110000,5383,9.630000,0.208351,1157.562000,1172.221000,1185.156500,1169.263790,1.004632,26.729521,1,train
AMZN,60,2017-11-29,20:30:00,2017-11-29T20:30:00+00:00,1159.080000,1162.000000,1155.230000,1161.130000,2859,6.770000,0.174272,1159.066000,1169.050000,1183.264500,1167.784919,1.009469,26.387009,0,train
AMZN,60,2017-11-29,21:30:00,2017-11-29T21:30:00+00:00,1161.000000,1161.210000,1160.900000,1161.030000,55,0.310000,-0.008612,1160.658000,1165.728000,1181.438500,1166.556752,1.004914,25.484833,1,train
AMZN,60,2017-11-30,13:30:00,2017-11-30T13:30:00+00:00,1170.380000,1172.790000,1164.970000,1167.090000,795,7.820000,0.521950,1161.012000,1163.204000,1179.979500,1166.653706,1.036394,31.302298,1,train
AMZN,60,2017-11-30,14:30:00,2017-11-30T14:30:00+00:00,1167.070000,1174.750000,1160.030000,1173.890000,7592,14.720000,0.582646,1164.450000,1161.192000,1178.869000,1167.969396,1.062054,39.274782,1,train
AMZN,60,2017-11-30,15:30:00,2017-11-30T15:30:00+00:00,1173.890000,1178.340000,1171.630000,1174.320000,5198,6.710000,0.036630,1167.492000,1162.527000,1177.385500,1169.124051,0.540896,39.059546,1,train
AMZN,60,2017-11-30,16:30:00,2017-11-30T16:30:00+00:00,1174.320000,1176.780000,1172.470000,1174.490000,4166,4.310000,0.014476,1170.164000,1164.615000,1176.254000,1170.099678,0.476016,38.153477,0,train
AMZN,60,2017-11-30,17:30:00,2017-11-30T17:30:00+00:00,1174.480000,1175.860000,1169.180000,1171.640000,3884,6.680000,-0.242659,1172.286000,1166.472000,1174.860000,1170.379737,0.490227,37.732717,1,train
AMZN,60,2017-11-30,18:30:00,2017-11-30T18:30:00+00:00,1171.660000,1175.540000,1171.000000,1174.640000,3615,4.540000,0.256051,1173.796000,1167.404000,1173.568500,1171.154330,0.379237,38.692353,0,train
AMZN,60,2017-11-30,19:30:00,2017-11-30T19:30:00+00:00,1174.660000,1174.940000,1169.570000,1171.700000,2966,5.370000,-0.250289,1173.358000,1168.904000,1172.212500,1171.253543,0.280331,59.657966,1,train
AMZN,60,2017-11-30,20:30:00,2017-11-30T20:30:00+00:00,1171.700000,1176.730000,1170.070000,1175.510000,2622,6.660000,0.325169,1173.596000,1170.544000,1171.382500,1172.027444,0.286361,71.057692,0,train
AMZN,60,2017-11-30,21:30:00,2017-11-30T21:30:00+00:00,1175.010000,1175.500000,1174.990000,1175.500000,40,0.510000,-0.000851,1173.798000,1171.981000,1170.515500,1172.658818,0.289436,71.789392,0,train
AMZN,60,2017-12-01,13:30:00,2017-12-01T13:30:00+00:00,1176.490000,1178.900000,1170.970000,1171.260000,412,7.930000,-0.360698,1173.722000,1173.004000,1169.366000,1172.404487,0.326347,56.833870,1,train
AMZN,60,2017-12-01,14:30:00,2017-12-01T14:30:00+00:00,1172.050000,1178.810000,1166.280000,1172.090000,5583,12.530000,0.070864,1173.212000,1173.504000,1168.354000,1172.347308,0.288747,71.572750,0,train
AMZN,60,2017-12-01,15:30:00,2017-12-01T15:30:00+00:00,1172.090000,1173.640000,1158.990000,1159.970000,4886,14.650000,-1.034050,1170.866000,1172.112000,1166.652000,1170.096888,0.388481,50.947554,1,train
AMZN,60,2017-12-01,16:30:00,2017-12-01T16:30:00+00:00,1159.500000,1165.320000,1151.830000,1160.190000,6032,13.490000,0.018966,1167.802000,1170.699000,1166.613000,1168.295636,0.387736,48.921524,1,train
AMZN,60,2017-12-01,17:30:00,2017-12-01T17:30:00+00:00,1160.390000,1164.240000,1157.640000,1162.080000,4135,6.600000,0.162904,1165.118000,1169.458000,1167.036500,1167.165520,0.396217,51.157152,1,train
AMZN,60,2017-12-01,18:30:00,2017-12-01T18:30:00+00:00,1162.240000,1164.500000,1159.160000,1162.220000,3193,5.340000,0.012047,1163.310000,1168.516000,1167.494000,1166.266335,0.394601,43.827630,0,train
AMZN,60,2017-12-01,19:30:00,2017-12-01T19:30:00+00:00,1162.190000,1163.000000,1159.220000,1160.440000,2870,3.780000,-0.153155,1160.980000,1167.096000,1167.250000,1165.207001,0.376692,30.467615,1,train
AMZN,60,2017-12-01,20:30:00,2017-12-01T20:30:00+00:00,1160.460000,1162.550000,1160.440000,1161.500000,2253,2.110000,0.091345,1161.286000,1166.076000,1167.490000,1164.533001,0.379139,31.717056,1,train
AMZN,60,2017-12-04,13:30:00,2017-12-04T13:30:00+00:00,1169.400000,1173.610000,1169.370000,1173.600000,394,4.240000,1.041756,1163.968000,1165.885000,1168.214500,1166.181546,0.510578,49.052990,0,train
AMZN,60,2017-12-04,14:30:00,2017-12-04T14:30:00+00:00,1173.570000,1174.970000,1143.480000,1147.680000,7125,31.490000,-2.208589,1161.088000,1163.103000,1167.542000,1162.817629,0.860881,32.900371,0,train
AMZN,60,2017-12-04,15:30:00,2017-12-04T15:30:00+00:00,1147.680000,1150.730000,1127.970000,1143.160000,7651,22.760000,-0.393838,1157.276000,1160.293000,1166.648500,1159.243514,0.861479,28.010617,1,train
AMZN,60,2017-12-04,16:30:00,2017-12-04T16:30:00+00:00,1143.180000,1147.820000,1137.970000,1143.480000,4754,9.850000,0.027993,1153.884000,1157.432000,1165.468000,1156.377421,0.859869,29.538863,1,train
AMZN,60,2017-12-04,17:30:00,2017-12-04T17:30:00+00:00,1143.480000,1154.500000,1143.480000,1150.980000,3729,11.020000,0.655893,1151.780000,1156.533000,1164.322500,1155.396072,0.853268,33.117688,0,train
AMZN,60,2017-12-04,18:30:00,2017-12-04T18:30:00+00:00,1151.000000,1151.880000,1142.720000,1143.320000,3073,9.160000,-0.665520,1145.724000,1154.846000,1162.772500,1153.200422,0.872185,29.962640,0,train
AMZN,60,2017-12-04,19:30:00,2017-12-04T19:30:00+00:00,1143.330000,1143.330000,1133.990000,1135.250000,5217,9.340000,-0.705839,1143.238000,1152.163000,1160.810500,1149.936709,0.881554,28.598597,0,train
AMZN,60,2017-12-04,20:30:00,2017-12-04T20:30:00+00:00,1135.250000,1136.790000,1128.120000,1133.970000,3262,8.670000,-0.112750,1141.400000,1149.338000,1158.927000,1147.033671,0.878629,27.465122,0,train
AMZN,60,2017-12-04,21:30:00,2017-12-04T21:30:00+00:00,1134.090000,1134.100000,1132.530000,1132.970000,45,1.570000,-0.088186,1139.298000,1146.591000,1156.843500,1144.476640,0.879601,31.622652,0,train
AMZN,60,2017-12-05,13:30:00,2017-12-05T13:30:00+00:00,1133.680000,1133.800000,1125.970000,1128.250000,288,7.830000,-0.416604,1134.752000,1143.266000,1154.671000,1141.526342,0.873255,29.515136,1,train
AMZN,60,2017-12-05,14:30:00,2017-12-05T14:30:00+00:00,1128.250000,1149.950000,1124.640000,1147.400000,6836,25.310000,1.697319,1135.568000,1140.646000,1153.265500,1142.594280,0.999531,42.291535,1,train
AMZN,60,2017-12-05,15:30:00,2017-12-05T15:30:00+00:00,1147.420000,1158.740000,1147.420000,1154.660000,5441,11.320000,0.632735,1139.450000,1141.344000,1152.223500,1144.788047,0.742568,46.306430,0,train
AMZN,60,2017-12-05,16:30:00,2017-12-05T16:30:00+00:00,1154.640000,1156.000000,1145.270000,1150.530000,4895,10.730000,-0.357681,1142.762000,1142.081000,1151.187000,1145.832038,0.740180,45.266979,0,train
AMZN,60,2017-12-05,17:30:00,2017-12-05T17:30:00+00:00,1150.550000,1152.980000,1142.970000,1149.580000,3980,10.010000,-0.082571,1146.084000,1142.691000,1150.061500,1146.513486,0.741647,44.301014,0,train
AMZN,60,2017-12-05,18:30:00,2017-12-05T18:30:00+00:00,1149.590000,1151.000000,1143.970000,1144.920000,3579,7.030000,-0.405365,1149.418000,1142.085000,1149.309000,1146.223761,0.721884,35.237801,0,train
AMZN,60,2017-12-05,19:30:00,2017-12-05T19:30:00+00:00,1145.060000,1145.430000,1137.360000,1142.400000,4991,8.070000,-0.220103,1148.418000,1141.993000,1148.419500,1145.528532,0.692874,46.419854,0,train
AMZN,60,2017-12-05,20:30:00,2017-12-05T20:30:00+00:00,1142.420000,1143.710000,1138.680000,1141.980000,2557,5.030000,-0.036765,1145.882000,1142.666000,1147.414500,1144.883344,0.648670,49.152786,0,train
AMZN,60,2017-12-05,21:30:00,2017-12-05T21:30:00+00:00,1142.490000,1142.940000,1140.970000,1140.970000,16,1.970000,-0.088443,1143.970000,1143.366000,1146.352000,1144.171827,0.647991,48.215555,0,train
AMZN,60,2017-12-06,13:30:00,2017-12-06T13:30:00+00:00,1135.880000,1139.450000,1135.870000,1139.140000,197,3.580000,-0.160390,1141.882000,1143.983000,1145.287000,1143.256950,0.650267,40.844417,1,train
AMZN,60,2017-12-06,14:30:00,2017-12-06T14:30:00+00:00,1138.540000,1151.080000,1135.990000,1148.900000,6504,15.090000,0.856787,1142.678000,1146.048000,1144.657000,1144.282959,0.671717,54.179149,0,train
AMZN,60,2017-12-06,15:30:00,2017-12-06T15:30:00+00:00,1149.140000,1152.890000,1143.760000,1147.490000,5648,9.130000,-0.122726,1143.696000,1146.057000,1143.351500,1144.866057,0.412566,60.183028,0,train
AMZN,60,2017-12-06,16:30:00,2017-12-06T16:30:00+00:00,1147.470000,1150.000000,1144.470000,1145.000000,4823,5.530000,-0.216995,1144.300000,1145.091000,1143.217500,1144.890410,0.351039,58.995270,0,train
AMZN,60,2017-12-06,17:30:00,2017-12-06T17:30:00+00:00,1144.970000,1147.080000,1142.980000,1144.390000,2603,4.100000,-0.053275,1144.984000,1144.477000,1143.279000,1144.799427,0.337553,59.372948,1,train
AMZN,60,2017-12-06,18:30:00,2017-12-06T18:30:00+00:00,1144.410000,1153.350000,1143.970000,1152.160000,4584,9.380000,0.678964,1147.588000,1144.735000,1143.713000,1146.137713,0.408569,68.688448,1,train
AMZN,60,2017-12-06,19:30:00,2017-12-06T19:30:00+00:00,1152.150000,1155.700000,1150.970000,1154.730000,4065,4.730000,0.223059,1148.754000,1145.716000,1143.900500,1147.699947,0.382852,57.733699,0,train
AMZN,60,2017-12-06,20:30:00,2017-12-06T20:30:00+00:00,1154.720000,1155.050000,1144.980000,1152.360000,2549,10.070000,-0.205243,1149.728000,1146.712000,1144.352500,1148.547229,0.381559,47.294118,1,train
AMZN,60,2017-12-06,21:30:00,2017-12-06T21:30:00+00:00,1152.010000,1153.130000,1151.980000,1152.990000,19,1.150000,0.054670,1151.326000,1147.813000,1145.239500,1149.355006,0.379339,53.153846,1,train
AMZN,60,2017-12-07,13:30:00,2017-12-07T13:30:00+00:00,1160.330000,1161.970000,1155.970000,1156.580000,277,6.000000,0.311364,1153.764000,1149.374000,1146.370000,1150.668641,0.378733,58.405379,1,train
AMZN,60,2017-12-07,14:30:00,2017-12-07T14:30:00+00:00,1156.580000,1159.680000,1150.970000,1158.990000,6952,8.710000,0.208373,1155.130000,1151.359000,1147.671000,1152.181615,0.364278,67.859863,1,train
AMZN,60,2017-12-07,15:30:00,2017-12-07T15:30:00+00:00,1158.970000,1163.010000,1158.050000,1160.380000,3822,4.960000,0.119932,1156.260000,1152.507000,1149.277500,1153.672231,0.274059,73.497125,0,train
AMZN,60,2017-12-07,16:30:00,2017-12-07T16:30:00+00:00,1160.360000,1161.330000,1156.970000,1157.770000,2625,4.360000,-0.224926,1157.342000,1153.535000,1149.796000,1154.417280,0.284968,69.517923,1,train
AMZN,60,2017-12-07,17:30:00,2017-12-07T17:30:00+00:00,1157.760000,1160.980000,1157.070000,1158.480000,1532,3.910000,0.061325,1158.440000,1154.883000,1149.987000,1155.155956,0.264558,71.805729,0,train
AMZN,60,2017-12-07,18:30:00,2017-12-07T18:30:00+00:00,1158.500000,1159.420000,1156.290000,1156.550000,2339,3.130000,-0.166598,1158.434000,1156.099000,1150.288000,1155.409419,0.274907,71.627329,1,train
AMZN,60,2017-12-07,19:30:00,2017-12-07T19:30:00+00:00,1156.570000,1159.870000,1154.680000,1159.480000,2370,5.190000,0.253340,1158.532000,1156.831000,1150.783000,1156.149524,0.198759,65.828845,1,train
AMZN,60,2017-12-07,20:30:00,2017-12-07T20:30:00+00:00,1159.460000,1160.610000,1158.520000,1159.770000,1859,2.090000,0.025011,1158.410000,1157.335000,1151.525500,1156.807793,0.190805,69.009288,1,train
AMZN,60,2017-12-07,21:30:00,2017-12-07T21:30:00+00:00,1160.000000,1160.090000,1159.350000,1160.000000,17,0.740000,0.019832,1158.856000,1158.099000,1152.405500,1157.388194,0.170352,74.966711,1,train
AMZN,60,2017-12-08,13:30:00,2017-12-08T13:30:00+00:00,1165.300000,1169.870000,1164.380000,1167.500000,333,5.490000,0.646552,1160.660000,1159.550000,1153.681500,1159.226704,0.250063,81.288925,1,train
AMZN,60,2017-12-08,14:30:00,2017-12-08T14:30:00+00:00,1167.640000,1172.560000,1167.480000,1168.850000,4945,5.080000,0.115632,1163.120000,1160.777000,1155.075500,1160.976394,0.241402,77.351688,0,train
AMZN,60,2017-12-08,15:30:00,2017-12-08T15:30:00+00:00,1168.820000,1169.520000,1166.220000,1166.280000,2847,3.300000,-0.219874,1164.480000,1161.506000,1156.432500,1161.940686,0.258568,68.928220,1,train
AMZN,60,2017-12-08,16:30:00,2017-12-08T16:30:00+00:00,1166.300000,1168.610000,1165.470000,1168.090000,2879,3.140000,0.155194,1166.144000,1162.277000,1157.392000,1163.058743,0.259669,76.260434,0,train
AMZN,60,2017-12-08,17:30:00,2017-12-08T17:30:00+00:00,1168.090000,1168.740000,1165.050000,1165.500000,1857,3.690000,-0.221729,1167.244000,1163.050000,1158.292500,1163.502608,0.259271,69.602006,0,train
AMZN,60,2017-12-08,18:30:00,2017-12-08T18:30:00+00:00,1165.480000,1166.250000,1157.080000,1159.810000,2846,9.170000,-0.488202,1165.706000,1163.183000,1159.033000,1162.831225,0.313204,54.748603,1,train
AMZN,60,2017-12-08,19:30:00,2017-12-08T19:30:00+00:00,1159.940000,1163.040000,1158.720000,1161.180000,2919,4.320000,0.118123,1164.172000,1163.646000,1159.872500,1162.531002,0.308072,53.321201,1,train
AMZN,60,2017-12-08,20:30:00,2017-12-08T20:30:00+00:00,1161.180000,1162.170000,1159.010000,1161.320000,2164,3.160000,0.012057,1163.180000,1163.830000,1160.330500,1162.310820,0.298851,51.481715,1,train
AMZN,60,2017-12-11,13:30:00,2017-12-11T13:30:00+00:00,1163.000000,1165.300000,1162.970000,1164.000000,106,2.330000,0.230772,1162.362000,1164.253000,1160.794000,1162.617944,0.306506,59.798679,1,train
AMZN,60,2017-12-11,14:30:00,2017-12-11T14:30:00+00:00,1164.490000,1169.660000,1162.570000,1164.980000,4841,7.090000,0.084192,1162.258000,1164.751000,1161.425000,1163.047408,0.306785,60.137243,0,train
AMZN,60,2017-12-11,15:30:00,2017-12-11T15:30:00+00:00,1165.000000,1166.870000,1156.970000,1161.000000,3970,9.900000,-0.341637,1162.496000,1164.101000,1161.825500,1162.675152,0.243495,56.523014,1,train
AMZN,60,2017-12-11,16:30:00,2017-12-11T16:30:00+00:00,1160.990000,1166.320000,1160.970000,1165.330000,2170,5.350000,0.372954,1163.326000,1163.749000,1162.263000,1163.157852,0.275136,58.237116,1,train
AMZN,60,2017-12-11,17:30:00,2017-12-11T17:30:00+00:00,1165.320000,1168.810000,1165.020000,1166.950000,1863,3.790000,0.139016,1164.452000,1163.816000,1162.661000,1163.847333,0.270965,59.744843,0,train
AMZN,60,2017-12-11,18:30:00,2017-12-11T18:30:00+00:00,1166.960000,1168.420000,1166.130000,1166.850000,1680,2.290000,-0.008569,1165.022000,1163.692000,1162.984500,1164.393273,0.265852,59.329883,0,train
AMZN,60,2017-12-11,19:30:00,2017-12-11T19:30:00+00:00,1166.830000,1167.730000,1165.510000,1166.650000,2201,2.220000,-0.017140,1165.356000,1163.807000,1163.428500,1164.803587,0.255442,48.554913,1,train
AMZN,60,2017-12-11,20:30:00,2017-12-11T20:30:00+00:00,1166.680000,1168.820000,1165.620000,1168.220000,1782,3.200000,0.134573,1166.800000,1164.648000,1163.915500,1165.424753,0.187258,48.936888,0,train
AMZN,60,2017-12-11,21:30:00,2017-12-11T21:30:00+00:00,1168.420000,1169.050000,1167.970000,1168.000000,48,1.080000,-0.018832,1167.334000,1165.330000,1164.488000,1165.892980,0.188549,53.152493,0,train
AMZN,60,2017-12-12,13:30:00,2017-12-12T13:30:00+00:00,1167.970000,1168.730000,1165.970000,1166.000000,132,2.760000,-0.171233,1167.144000,1165.798000,1164.814000,1165.912438,0.202019,46.195850,1,train
AMZN,60,2017-12-12,14:30:00,2017-12-12T14:30:00+00:00,1166.000000,1173.190000,1164.480000,1168.680000,4864,8.710000,0.229846,1167.510000,1166.266000,1165.259500,1166.415631,0.201922,55.769231,1,train
AMZN,60,2017-12-12,15:30:00,2017-12-12T15:30:00+00:00,1168.650000,1172.230000,1166.970000,1172.200000,3013,5.260000,0.301195,1168.620000,1166.988000,1165.869500,1167.467334,0.218168,74.399370,0,train
AMZN,60,2017-12-12,16:30:00,2017-12-12T16:30:00+00:00,1172.210000,1172.470000,1167.970000,1168.020000,2166,4.500000,-0.356594,1168.580000,1167.690000,1165.895500,1167.567819,0.221272,62.127660,0,train
AMZN,60,2017-12-12,17:30:00,2017-12-12T17:30:00+00:00,1168.010000,1170.420000,1166.300000,1167.560000,2437,4.120000,-0.039383,1168.492000,1167.913000,1165.831000,1167.566397,0.193223,60.939691,0,train
AMZN,60,2017-12-12,18:30:00,2017-12-12T18:30:00+00:00,1167.560000,1167.940000,1162.250000,1166.950000,2137,5.690000,-0.052246,1168.682000,1167.913000,1165.864500,1167.454325,0.189485,55.576560,0,train
AMZN,60,2017-12-12,19:30:00,2017-12-12T19:30:00+00:00,1166.980000,1168.110000,1161.570000,1161.960000,2507,6.540000,-0.427610,1167.338000,1167.424000,1165.558000,1166.455357,0.232974,45.042679,1,train
AMZN,60,2017-12-12,20:30:00,2017-12-12T20:30:00+00:00,1161.980000,1165.350000,1161.980000,1164.790000,2564,3.370000,0.243554,1165.856000,1167.238000,1165.522500,1166.152565,0.249997,56.465370,0,train
AMZN,60,2017-12-12,21:30:00,2017-12-12T21:30:00+00:00,1164.280000,1165.260000,1163.980000,1164.000000,29,1.280000,-0.067823,1165.052000,1166.816000,1165.732000,1165.761189,0.244616,47.419480,1,train
AMZN,60,2017-12-13,13:30:00,2017-12-13T13:30:00+00:00,1166.260000,1170.720000,1166.230000,1168.490000,214,4.490000,0.385739,1165.238000,1166.865000,1166.097500,1166.257337,0.278820,52.688547,0,train
AMZN,60,2017-12-13,14:30:00,2017-12-13T14:30:00+00:00,1168.500000,1170.460000,1162.700000,1165.280000,5545,7.760000,-0.274714,1164.904000,1166.793000,1166.295500,1166.079639,0.287843,47.527559,1,train
AMZN,60,2017-12-13,15:30:00,2017-12-13T15:30:00+00:00,1165.280000,1168.990000,1164.470000,1166.100000,3385,4.520000,0.070369,1165.732000,1166.535000,1166.400500,1166.083341,0.277571,49.150448,0,train
AMZN,60,2017-12-13,16:30:00,2017-12-13T16:30:00+00:00,1166.010000,1166.530000,1161.280000,1163.670000,2983,5.250000,-0.208387,1165.508000,1165.682000,1166.335000,1165.644552,0.257764,43.153777,0,train
AMZN,60,2017-12-13,17:30:00,2017-12-13T17:30:00+00:00,1163.660000,1164.250000,1161.540000,1162.400000,2163,2.710000,-0.109137,1165.188000,1165.120000,1166.405000,1165.054633,0.238652,41.831972,1,train
AMZN,60,2017-12-13,18:30:00,2017-12-13T18:30:00+00:00,1162.410000,1164.410000,1160.240000,1164.090000,3266,4.170000,0.145389,1164.308000,1164.773000,1166.343000,1164.879245,0.246417,47.188696,0,train
AMZN,60,2017-12-13,19:30:00,2017-12-13T19:30:00+00:00,1164.080000,1165.090000,1161.580000,1161.760000,2670,3.510000,-0.200156,1163.604000,1164.254000,1166.083500,1164.312110,0.252304,39.708507,1,train
AMZN,60,2017-12-13,20:30:00,2017-12-13T20:30:00+00:00,1161.760000,1164.850000,1161.730000,1163.770000,2061,3.120000,0.173013,1163.138000,1164.435000,1165.929500,1164.213544,0.220381,36.873248,0,train
AMZN,60,2017-12-13,21:30:00,2017-12-13T21:30:00+00:00,1163.550000,1163.910000,1163.550000,1163.580000,8,0.360000,-0.016326,1163.120000,1164.314000,1165.776000,1164.098355,0.205348,42.105263,1,train
AMZN,60,2017-12-14,13:30:00,2017-12-14T13:30:00+00:00,1162.200000,1165.290000,1162.200000,1163.700000,152,3.090000,0.010313,1163.380000,1164.284000,1165.550000,1164.025926,0.204396,43.052556,1,train
AMZN,60,2017-12-14,14:30:00,2017-12-14T14:30:00+00:00,1163.700000,1175.200000,1162.060000,1173.610000,5673,13.140000,0.851594,1165.284000,1164.796000,1165.830500,1165.768485,0.321963,58.980583,0,train
AMZN,60,2017-12-14,15:30:00,2017-12-14T15:30:00+00:00,1173.590000,1177.360000,1171.200000,1173.130000,3845,6.160000,-0.040899,1167.558000,1165.581000,1166.187000,1167.106943,0.304232,67.147682,1,train
AMZN,60,2017-12-14,16:30:00,2017-12-14T16:30:00+00:00,1173.160000,1177.700000,1172.820000,1176.940000,3211,4.880000,0.324772,1170.192000,1166.665000,1166.600000,1168.894771,0.314940,68.107303,0,train
AMZN,60,2017-12-14,17:30:00,2017-12-14T17:30:00+00:00,1176.950000,1177.410000,1169.290000,1174.000000,3023,8.120000,-0.249800,1172.276000,1167.698000,1166.690000,1169.822995,0.319581,64.005602,0,train
AMZN,60,2017-12-14,18:30:00,2017-12-14T18:30:00+00:00,1173.970000,1174.550000,1170.550000,1170.650000,2912,4.000000,-0.285349,1173.666000,1168.523000,1166.821500,1169.973359,0.336142,53.125000,1,train
AMZN,60,2017-12-14,19:30:00,2017-12-14T19:30:00+00:00,1170.560000,1174.300000,1170.320000,1173.180000,3247,3.980000,0.216119,1173.580000,1169.432000,1167.102500,1170.556385,0.338610,61.658796,1,train
AMZN,60,2017-12-14,20:30:00,2017-12-14T20:30:00+00:00,1173.160000,1177.320000,1173.160000,1174.280000,2205,4.160000,0.093762,1173.810000,1170.684000,1167.469000,1171.233406,0.324201,61.973068,0,train
AMZN,60,2017-12-14,21:30:00,2017-12-14T21:30:00+00:00,1174.270000,1174.280000,1173.480000,1173.500000,27,0.800000,-0.066424,1173.122000,1171.657000,1168.046000,1171.645514,0.327666,65.118425,1,train
AMZN,60,2017-12-15,13:30:00,2017-12-15T13:30:00+00:00,1175.600000,1182.520000,1175.100000,1176.980000,282,7.420000,0.296549,1173.718000,1172.997000,1168.655500,1172.615420,0.331955,70.996544,0,train
AMZN,60,2017-12-15,14:30:00,2017-12-15T14:30:00+00:00,1176.750000,1181.070000,1170.900000,1170.900000,6005,10.170000,-0.516576,1173.768000,1173.717000,1169.000500,1172.303526,0.387583,58.706213,1,train
AMZN,60,2017-12-15,15:30:00,2017-12-15T15:30:00+00:00,1170.890000,1175.970000,1169.170000,1175.140000,3519,6.800000,0.362115,1174.160000,1173.870000,1169.333000,1172.819248,0.297210,66.309118,1,train
AMZN,60,2017-12-15,16:30:00,2017-12-15T16:30:00+00:00,1175.310000,1178.690000,1175.010000,1177.660000,3156,3.680000,0.214443,1174.836000,1174.323000,1169.952000,1173.699385,0.302937,66.722851,0,train
AMZN,60,2017-12-15,17:30:00,2017-12-15T17:30:00+00:00,1177.640000,1177.720000,1175.360000,1176.580000,2968,2.360000,-0.091707,1175.452000,1174.287000,1170.476000,1174.223133,0.287514,65.322961,1,train
AMZN,60,2017-12-15,18:30:00,2017-12-15T18:30:00+00:00,1176.610000,1178.900000,1176.240000,1178.770000,2698,2.660000,0.186133,1175.810000,1174.764000,1171.231000,1175.049836,0.278799,66.936390,0,train
AMZN,60,2017-12-15,19:30:00,2017-12-15T19:30:00+00:00,1178.830000,1179.380000,1178.010000,1178.250000,2798,1.370000,-0.044114,1177.280000,1175.524000,1172.023500,1175.631684,0.257019,56.609687,0,train
AMZN,60,2017-12-15,20:30:00,2017-12-15T20:30:00+00:00,1178.220000,1178.960000,1175.110000,1178.150000,2613,3.850000,-0.008487,1177.882000,1176.021000,1172.726500,1176.089560,0.252116,57.229263,1,train
AMZN,60,2017-12-18,13:30:00,2017-12-18T13:30:00+00:00,1188.980000,1189.500000,1186.470000,1187.090000,273,3.030000,0.758817,1179.768000,1177.302000,1173.993000,1178.089640,0.339644,62.735257,1,train
AMZN,60,2017-12-18,14:30:00,2017-12-18T14:30:00+00:00,1187.090000,1193.940000,1180.870000,1193.470000,5950,13.070000,0.537449,1183.146000,1179.299000,1175.478000,1180.886069,0.358153,72.487872,0,train
AMZN,60,2017-12-18,15:30:00,2017-12-18T15:30:00+00:00,1193.510000,1194.720000,1187.580000,1188.000000,3679,7.140000,-0.458327,1184.992000,1180.401000,1176.699000,1182.179511,0.404893,69.103722,1,train
AMZN,60,2017-12-18,16:30:00,2017-12-18T16:30:00+00:00,1187.970000,1192.280000,1186.970000,1191.180000,3018,5.310000,0.267677,1187.578000,1182.429000,1178.073000,1183.815964,0.345018,69.539731,0,train
AMZN,60,2017-12-18,17:30:00,2017-12-18T17:30:00+00:00,1191.170000,1192.870000,1188.120000,1190.030000,2755,4.750000,-0.096543,1189.954000,1183.918000,1178.894000,1184.945788,0.347473,67.078725,1,train
AMZN,60,2017-12-18,18:30:00,2017-12-18T18:30:00+00:00,1190.030000,1191.570000,1189.510000,1190.870000,2331,2.060000,0.070586,1190.710000,1185.239000,1179.781000,1186.022918,0.346406,68.810916,0,train
AMZN,60,2017-12-18,19:30:00,2017-12-18T19:30:00+00:00,1190.890000,1192.080000,1189.970000,1189.970000,2550,2.110000,-0.075575,1190.010000,1186.578000,1180.432500,1186.740569,0.345387,64.900206,1,train
AMZN,60,2017-12-18,20:30:00,2017-12-18T20:30:00+00:00,1190.000000,1192.130000,1189.500000,1191.000000,1980,2.630000,0.086557,1190.610000,1187.801000,1181.282500,1187.515011,0.344503,76.076803,0,train
AMZN,60,2017-12-18,21:30:00,2017-12-18T21:30:00+00:00,1190.820000,1191.500000,1190.560000,1190.580000,31,0.940000,-0.035264,1190.490000,1189.034000,1182.279000,1188.072282,0.344092,72.235023,0,train
AMZN,60,2017-12-19,13:30:00,2017-12-19T13:30:00+00:00,1191.990000,1192.840000,1187.970000,1188.100000,194,4.870000,-0.208302,1190.104000,1190.029000,1183.025000,1188.077321,0.356956,65.051903,0,train
AMZN,60,2017-12-19,14:30:00,2017-12-19T14:30:00+00:00,1189.000000,1192.070000,1179.140000,1185.390000,6952,12.930000,-0.228095,1189.008000,1189.859000,1183.580500,1187.588718,0.277444,62.131644,1,train
AMZN,60,2017-12-19,15:30:00,2017-12-19T15:30:00+00:00,1186.160000,1187.600000,1183.670000,1186.670000,4455,3.930000,0.107981,1188.348000,1189.179000,1184.239000,1187.421678,0.206863,61.158192,0,train
AMZN,60,2017-12-19,16:30:00,2017-12-19T16:30:00+00:00,1186.650000,1186.830000,1181.410000,1182.470000,4427,5.420000,-0.353932,1186.642000,1188.626000,1184.513500,1186.521373,0.185931,55.399181,1,train
AMZN,60,2017-12-19,17:30:00,2017-12-19T17:30:00+00:00,1182.480000,1184.500000,1181.310000,1182.530000,3121,3.190000,0.005074,1185.032000,1187.761000,1185.095000,1185.795669,0.152094,55.609631,1,train
AMZN,60,2017-12-19,18:30:00,2017-12-19T18:30:00+00:00,1182.510000,1184.500000,1181.220000,1183.630000,2591,3.280000,0.093021,1184.138000,1187.121000,1185.519500,1185.401911,0.160386,44.455128,1,train
AMZN,60,2017-12-19,19:30:00,2017-12-19T19:30:00+00:00,1183.650000,1186.160000,1179.770000,1185.470000,3070,6.390000,0.155454,1184.154000,1186.581000,1185.910000,1185.414291,0.169676,34.996249,1,train
AMZN,60,2017-12-19,20:30:00,2017-12-19T20:30:00+00:00,1185.470000,1187.410000,1183.000000,1186.090000,1927,4.410000,0.052300,1184.038000,1186.193000,1186.385500,1185.537147,0.171945,45.621275,1,train
AMZN,60,2017-12-19,21:30:00,2017-12-19T21:30:00+00:00,1186.090000,1186.520000,1185.970000,1186.430000,27,0.550000,0.028666,1184.830000,1185.736000,1186.768500,1185.699484,0.168429,37.480232,1,train
AMZN,60,2017-12-20,13:30:00,2017-12-20T13:30:00+00:00,1190.470000,1191.950000,1189.840000,1189.910000,138,2.110000,0.293317,1186.306000,1185.669000,1187.351500,1186.465032,0.198462,49.718310,0,train
AMZN,60,2017-12-20,14:30:00,2017-12-20T14:30:00+00:00,1190.270000,1190.290000,1175.980000,1181.060000,5340,14.310000,-0.743754,1185.792000,1184.965000,1187.497000,1185.482299,0.303636,33.265097,0,train
AMZN,60,2017-12-20,15:30:00,2017-12-20T15:30:00+00:00,1181.070000,1181.940000,1177.430000,1178.190000,3768,4.510000,-0.243002,1184.336000,1184.245000,1187.052000,1184.156427,0.304594,31.170077,1,train
AMZN,60,2017-12-20,16:30:00,2017-12-20T16:30:00+00:00,1178.800000,1182.480000,1177.370000,1181.520000,2701,5.110000,0.282637,1183.422000,1183.730000,1186.454500,1183.677076,0.319948,35.884455,0,train
AMZN,60,2017-12-20,17:30:00,2017-12-20T17:30:00+00:00,1181.510000,1182.140000,1178.790000,1181.080000,2123,3.350000,-0.037240,1182.352000,1183.591000,1186.108500,1183.204881,0.300858,35.863095,0,train
AMZN,60,2017-12-20,18:30:00,2017-12-20T18:30:00+00:00,1181.250000,1182.170000,1179.200000,1179.930000,2165,2.970000,-0.097369,1180.356000,1183.331000,1185.546000,1182.609448,0.301978,37.341184,0,train
AMZN,60,2017-12-20,19:30:00,2017-12-20T19:30:00+00:00,1180.010000,1181.000000,1177.570000,1177.770000,2325,3.430000,-0.183062,1179.698000,1182.745000,1184.933000,1181.729548,0.302954,37.988651,0,train
AMZN,60,2017-12-20,20:30:00,2017-12-20T20:30:00+00:00,1177.780000,1178.390000,1171.220000,1172.090000,1937,7.170000,-0.482267,1178.478000,1181.407000,1183.994000,1179.976903,0.321631,29.817276,1,train
AMZN,60,2017-12-20,21:30:00,2017-12-20T21:30:00+00:00,1172.100000,1174.400000,1170.000000,1174.400000,62,4.400000,0.197084,1177.054000,1180.238000,1183.215500,1178.962921,0.332957,38.212095,1,train
AMZN,60,2017-12-21,13:30:00,2017-12-21T13:30:00+00:00,1175.990000,1177.750000,1175.850000,1176.210000,117,1.900000,0.154121,1176.080000,1179.216000,1182.476000,1178.462390,0.340557,41.217343,0,train
AMZN,60,2017-12-21,14:30:00,2017-12-21T14:30:00+00:00,1176.210000,1178.500000,1167.630000,1170.460000,5135,10.870000,-0.488858,1174.186000,1177.271000,1181.470000,1177.007410,0.333520,33.792764,1,train
AMZN,60,2017-12-21,15:30:00,2017-12-21T15:30:00+00:00,1170.430000,1173.540000,1168.270000,1173.100000,4061,5.270000,0.225552,1173.252000,1176.475000,1180.720000,1176.296972,0.283458,35.071204,1,train
AMZN,60,2017-12-21,16:30:00,2017-12-21T16:30:00+00:00,1173.100000,1176.270000,1173.080000,1175.870000,2194,3.190000,0.236127,1174.008000,1176.243000,1180.244000,1176.219340,0.290845,38.274438,1,train
AMZN,60,2017-12-21,17:30:00,2017-12-21T17:30:00+00:00,1175.870000,1179.100000,1175.590000,1177.990000,2153,3.510000,0.180292,1174.726000,1175.890000,1179.810000,1176.541278,0.280661,40.696649,0,train
AMZN,60,2017-12-21,18:30:00,2017-12-21T18:30:00+00:00,1178.010000,1178.510000,1173.980000,1174.660000,2375,4.530000,-0.282685,1174.416000,1175.248000,1179.419500,1176.199228,0.291914,33.134262,0,train
AMZN,60,2017-12-21,19:30:00,2017-12-21T19:30:00+00:00,1174.690000,1176.390000,1172.730000,1173.620000,2237,3.660000,-0.088536,1175.048000,1174.617000,1178.974000,1175.730277,0.291782,40.053476,1,train
AMZN,60,2017-12-21,20:30:00,2017-12-21T20:30:00+00:00,1173.630000,1175.040000,1171.970000,1174.530000,1759,3.070000,0.077538,1175.334000,1174.293000,1178.519000,1175.512045,0.290532,44.836343,1,train
AMZN,60,2017-12-21,21:30:00,2017-12-21T21:30:00+00:00,1174.790000,1174.790000,1174.770000,1174.780000,4,0.020000,0.021285,1175.116000,1174.562000,1177.984500,1175.378946,0.242567,39.585909,0,train
AMZN,60,2017-12-22,13:30:00,2017-12-22T13:30:00+00:00,1172.000000,1173.810000,1171.470000,1171.490000,126,2.340000,-0.280052,1173.816000,1174.271000,1177.254500,1174.671865,0.251330,36.381710,0,train
AMZN,60,2017-12-22,14:30:00,2017-12-22T14:30:00+00:00,1171.500000,1174.120000,1168.280000,1170.210000,3686,5.840000,-0.109263,1172.926000,1173.671000,1176.443500,1173.860617,0.244229,36.247878,0,train
AMZN,60,2017-12-22,15:30:00,2017-12-22T15:30:00+00:00,1170.200000,1171.000000,1168.790000,1169.750000,2797,2.210000,-0.039309,1172.152000,1173.600000,1175.435500,1173.113232,0.190004,38.079667,1,train
AMZN,60,2017-12-22,16:30:00,2017-12-22T16:30:00+00:00,1169.750000,1171.480000,1169.470000,1169.770000,2351,2.010000,0.001710,1171.200000,1173.267000,1174.871000,1172.505372,0.172043,45.854182,0,train
AMZN,60,2017-12-22,17:30:00,2017-12-22T17:30:00+00:00,1169.760000,1170.370000,1168.650000,1169.610000,1681,1.720000,-0.013678,1170.166000,1172.641000,1174.442000,1171.978940,0.145467,40.727836,1,train
AMZN,60,2017-12-22,18:30:00,2017-12-22T18:30:00+00:00,1169.600000,1171.490000,1169.580000,1170.550000,1514,1.910000,0.080369,1169.978000,1171.897000,1173.893500,1171.719133,0.130280,38.661859,0,train
AMZN,60,2017-12-22,19:30:00,2017-12-22T19:30:00+00:00,1170.550000,1170.770000,1169.070000,1169.100000,1626,1.700000,-0.123873,1169.756000,1171.341000,1173.294500,1171.242927,0.108403,46.708616,0,train
AMZN,60,2017-12-22,20:30:00,2017-12-22T20:30:00+00:00,1169.080000,1169.300000,1167.830000,1168.210000,1632,1.470000,-0.076127,1169.448000,1170.800000,1172.708500,1170.691486,0.107950,37.070333,0,train
AMZN,60,2017-12-26,13:30:00,2017-12-26T13:30:00+00:00,1164.700000,1167.790000,1163.990000,1167.520000,102,3.800000,-0.059065,1168.998000,1170.099000,1172.196000,1170.114852,0.098817,25.193108,0,train
AMZN,60,2017-12-26,14:30:00,2017-12-26T14:30:00+00:00,1168.930000,1171.000000,1160.520000,1166.640000,4969,10.480000,-0.075373,1168.404000,1169.285000,1171.923500,1169.483061,0.094643,13.598461,1,train
AMZN,60,2017-12-26,15:30:00,2017-12-26T15:30:00+00:00,1166.620000,1169.430000,1164.070000,1168.110000,2502,5.360000,0.126003,1167.916000,1168.947000,1171.609000,1169.233413,0.080270,26.147123,1,train
AMZN,60,2017-12-26,16:30:00,2017-12-26T16:30:00+00:00,1168.090000,1174.510000,1167.500000,1174.170000,2885,7.010000,0.518787,1168.930000,1169.343000,1171.507000,1170.130975,0.186189,51.466667,1,train
AMZN,60,2017-12-26,17:30:00,2017-12-26T17:30:00+00:00,1174.200000,1178.100000,1174.170000,1176.160000,2327,3.930000,0.169481,1170.520000,1169.984000,1171.792000,1171.227161,0.188751,54.109934,1,train
AMZN,60,2017-12-26,18:30:00,2017-12-26T18:30:00+00:00,1176.130000,1177.800000,1174.720000,1177.650000,1712,3.080000,0.126683,1172.546000,1170.772000,1172.019500,1172.394950,0.188981,56.810631,0,train
AMZN,60,2017-12-26,19:30:00,2017-12-26T19:30:00+00:00,1177.660000,1178.150000,1175.230000,1175.800000,2526,2.920000,-0.157093,1174.378000,1171.391000,1172.016000,1173.014050,0.200878,60.978095,1,train
AMZN,60,2017-12-26,20:30:00,2017-12-26T20:30:00+00:00,1175.810000,1177.310000,1174.530000,1176.090000,1729,2.780000,0.024664,1175.974000,1171.945000,1171.921000,1173.573314,0.200807,65.772532,1,train
AMZN,60,2017-12-26,21:30:00,2017-12-26T21:30:00+00:00,1176.010000,1176.380000,1176.010000,1176.250000,12,0.370000,0.013604,1176.390000,1172.660000,1172.000500,1174.059984,0.192303,67.720829,1,train
AMZN,60,2017-12-27,13:30:00,2017-12-27T13:30:00+00:00,1178.030000,1179.000000,1176.970000,1178.010000,141,2.030000,0.149628,1176.760000,1173.640000,1172.220000,1174.778169,0.187589,70.517928,1,train
AMZN,60,2017-12-27,14:30:00,2017-12-27T14:30:00+00:00,1178.010000,1187.000000,1175.470000,1186.540000,4751,11.530000,0.724103,1178.538000,1175.542000,1172.820500,1176.916683,0.267718,79.753954,0,train
AMZN,60,2017-12-27,15:30:00,2017-12-27T15:30:00+00:00,1186.530000,1186.670000,1182.630000,1182.980000,2054,4.040000,-0.300032,1179.974000,1177.176000,1173.230500,1178.019105,0.297613,70.003219,1,train
AMZN,60,2017-12-27,16:30:00,2017-12-27T16:30:00+00:00,1182.970000,1184.190000,1181.020000,1183.210000,2964,3.170000,0.019442,1181.398000,1178.686000,1173.816500,1178.962904,0.300050,73.634841,0,train
AMZN,60,2017-12-27,17:30:00,2017-12-27T17:30:00+00:00,1183.200000,1183.570000,1181.020000,1182.000000,2109,2.550000,-0.102264,1182.548000,1179.469000,1174.406000,1179.515103,0.273488,72.853828,1,train
AMZN,60,2017-12-27,18:30:00,2017-12-27T18:30:00+00:00,1181.990000,1182.970000,1181.510000,1182.340000,1843,1.460000,0.028765,1183.414000,1180.087000,1175.035500,1180.028721,0.271230,74.849095,0,train
AMZN,60,2017-12-27,19:30:00,2017-12-27T19:30:00+00:00,1182.350000,1182.850000,1180.220000,1180.970000,2000,2.630000,-0.115872,1182.300000,1180.419000,1175.595500,1180.199862,0.274707,73.639063,1,train
AMZN,60,2017-12-27,20:30:00,2017-12-27T20:30:00+00:00,1180.970000,1182.570000,1180.470000,1182.260000,1604,2.100000,0.109232,1182.156000,1181.065000,1176.228000,1180.574433,0.267531,73.481580,0,train
AMZN,60,2017-12-27,21:30:00,2017-12-27T21:30:00+00:00,1182.260000,1182.550000,1182.230000,1182.260000,17,0.320000,0.000000,1181.966000,1181.682000,1176.813500,1180.880900,0.267957,66.805152,1,train
AMZN,60,2017-12-28,13:30:00,2017-12-28T13:30:00+00:00,1187.470000,1188.450000,1186.980000,1188.450000,159,1.470000,0.523573,1183.256000,1182.902000,1177.781000,1182.257100,0.305584,71.736823,0,train
AMZN,60,2017-12-28,14:30:00,2017-12-28T14:30:00+00:00,1188.260000,1189.980000,1184.700000,1184.700000,4508,5.280000,-0.315537,1183.728000,1183.571000,1178.605500,1182.701263,0.332065,61.546020,1,train
AMZN,60,2017-12-28,15:30:00,2017-12-28T15:30:00+00:00,1184.680000,1187.610000,1184.380000,1185.860000,2655,3.230000,0.097915,1184.706000,1183.503000,1179.522500,1183.275579,0.238052,66.856568,0,train
AMZN,60,2017-12-28,16:30:00,2017-12-28T16:30:00+00:00,1185.890000,1186.370000,1184.970000,1185.740000,1523,1.400000,-0.010119,1185.402000,1183.779000,1180.477500,1183.723656,0.214703,66.262218,0,train
AMZN,60,2017-12-28,17:30:00,2017-12-28T17:30:00+00:00,1185.770000,1186.420000,1185.490000,1185.500000,1463,0.930000,-0.020241,1186.050000,1184.008000,1181.347000,1184.046627,0.215153,65.546218,1,train
AMZN,60,2017-12-28,18:30:00,2017-12-28T18:30:00+00:00,1185.490000,1186.070000,1185.040000,1185.690000,1600,1.030000,0.016027,1185.498000,1184.377000,1181.923000,1184.345422,0.210922,63.626686,1,train
AMZN,60,2017-12-28,19:30:00,2017-12-28T19:30:00+00:00,1185.670000,1186.370000,1185.040000,1185.900000,1969,1.330000,0.017711,1185.738000,1184.733000,1182.410000,1184.628073,0.210966,48.388721,0,train
AMZN,60,2017-12-28,20:30:00,2017-12-28T20:30:00+00:00,1185.890000,1186.300000,1184.380000,1185.000000,1848,1.920000,-0.075892,1185.566000,1185.136000,1182.777500,1184.695696,0.208250,55.872093,1,train
AMZN,60,2017-12-28,21:30:00,2017-12-28T21:30:00+00:00,1184.970000,1185.500000,1184.970000,1185.100000,12,0.530000,0.008439,1185.438000,1185.420000,1183.242500,1184.769206,0.206651,55.536028,0,train
AMZN,60,2017-12-29,13:30:00,2017-12-29T13:30:00+00:00,1181.640000,1183.800000,1180.030000,1181.960000,242,3.770000,-0.264957,1184.730000,1185.390000,1183.536000,1184.258441,0.226162,49.894737,0,train
AMZN,60,2017-12-29,14:30:00,2017-12-29T14:30:00+00:00,1181.990000,1183.440000,1178.420000,1181.210000,4047,5.020000,-0.063454,1183.834000,1184.666000,1183.784000,1183.704179,0.130414,47.089129,0,train
AMZN,60,2017-12-29,15:30:00,2017-12-29T15:30:00+00:00,1181.180000,1182.110000,1177.860000,1178.490000,3396,4.250000,-0.230272,1182.352000,1184.045000,1183.808000,1182.756147,0.113631,44.026975,0,train
AMZN,60,2017-12-29,16:30:00,2017-12-29T16:30:00+00:00,1178.720000,1179.600000,1177.200000,1178.300000,2430,2.400000,-0.016122,1181.012000,1183.289000,1183.396000,1181.945938,0.101986,39.928789,0,train
AMZN,60,2017-12-29,17:30:00,2017-12-29T17:30:00+00:00,1178.300000,1178.690000,1174.180000,1175.630000,1751,4.510000,-0.226598,1179.118000,1182.278000,1183.028500,1180.797586,0.111807,35.154501,0,train
AMZN,60,2017-12-29,18:30:00,2017-12-29T18:30:00+00:00,1175.660000,1175.700000,1172.210000,1173.480000,2591,3.490000,-0.182881,1177.422000,1181.076000,1182.542000,1179.467116,0.113076,9.075998,0,train
AMZN,60,2017-12-29,19:30:00,2017-12-29T19:30:00+00:00,1173.500000,1173.610000,1169.240000,1171.640000,2373,4.370000,-0.156799,1175.508000,1179.671000,1182.024000,1178.044004,0.106055,10.134310,0,train
AMZN,60,2017-12-29,20:30:00,2017-12-29T20:30:00+00:00,1171.650000,1171.910000,1168.970000,1169.470000,2131,2.940000,-0.185210,1173.704000,1178.028000,1181.380500,1176.485094,0.095901,2.875216,1,train
AMZN,60,2018-01-02,13:30:00,2018-01-02T13:30:00+00:00,1172.810000,1175.490000,1172.120000,1173.520000,149,3.370000,0.346311,1172.748000,1176.880000,1181.008000,1175.945986,0.181600,21.341463,1,train
AMZN,60,2018-01-02,14:30:00,2018-01-02T14:30:00+00:00,1174.600000,1184.950000,1170.500000,1183.390000,4984,14.450000,0.841059,1174.300000,1176.709000,1181.064500,1177.299443,0.349058,46.591276,1,train
AMZN,60,2018-01-02,15:30:00,2018-01-02T15:30:00+00:00,1183.390000,1184.500000,1181.590000,1183.590000,3013,2.910000,0.016901,1176.322000,1176.872000,1181.131000,1178.443181,0.337729,46.608527,1,train
AMZN,60,2018-01-02,16:30:00,2018-01-02T16:30:00+00:00,1183.590000,1187.890000,1183.140000,1187.160000,2732,4.750000,0.301625,1179.426000,1177.467000,1181.066500,1180.028057,0.347968,51.835664,1,train
AMZN,60,2018-01-02,17:30:00,2018-01-02T17:30:00+00:00,1187.160000,1188.130000,1184.980000,1187.930000,2321,3.150000,0.064861,1183.118000,1178.411000,1181.228000,1181.464774,0.333703,54.284879,1,train
AMZN,60,2018-01-02,18:30:00,2018-01-02T18:30:00+00:00,1187.930000,1188.940000,1186.280000,1187.980000,2721,2.660000,0.004209,1186.010000,1179.379000,1181.334000,1182.649360,0.333111,54.217926,1,train
AMZN,60,2018-01-02,19:30:00,2018-01-02T19:30:00+00:00,1188.050000,1189.240000,1187.220000,1189.090000,2382,2.020000,0.093436,1187.150000,1180.725000,1181.501500,1183.820386,0.315014,61.102460,0,train
AMZN,60,2018-01-02,20:30:00,2018-01-02T20:30:00+00:00,1189.060000,1189.750000,1183.070000,1185.600000,2464,6.680000,-0.293502,1187.552000,1181.937000,1181.506500,1184.143952,0.328274,56.298422,1,train
AMZN,60,2018-01-02,21:30:00,2018-01-02T21:30:00+00:00,1185.600000,1186.000000,1185.270000,1186.000000,50,0.730000,0.033738,1187.320000,1183.373000,1181.522000,1184.481415,0.316831,61.543191,1,train
AMZN,60,2018-01-03,13:30:00,2018-01-03T13:30:00+00:00,1186.600000,1188.380000,1186.470000,1187.240000,125,1.910000,0.104553,1187.182000,1185.150000,1181.589000,1184.982976,0.298286,63.311495,1,train
AMZN,60,2018-01-03,14:30:00,2018-01-03T14:30:00+00:00,1188.870000,1198.140000,1188.870000,1196.550000,5024,9.270000,0.784172,1188.896000,1187.453000,1182.166500,1187.086071,0.356538,76.006962,1,train
AMZN,60,2018-01-03,15:30:00,2018-01-03T15:30:00+00:00,1196.540000,1199.000000,1196.520000,1198.600000,2554,2.480000,0.171326,1190.798000,1188.974000,1182.841500,1189.179513,0.275385,81.306082,1,train
AMZN,60,2018-01-03,16:30:00,2018-01-03T16:30:00+00:00,1198.610000,1200.750000,1197.990000,1200.340000,2818,2.760000,0.145169,1193.746000,1190.649000,1183.760500,1191.208692,0.272601,85.857071,1,train
AMZN,60,2018-01-03,17:30:00,2018-01-03T17:30:00+00:00,1200.360000,1204.170000,1199.820000,1203.320000,2738,4.350000,0.248263,1197.210000,1192.265000,1184.866000,1193.410748,0.269613,91.452363,0,train
AMZN,60,2018-01-03,18:30:00,2018-01-03T18:30:00+00:00,1203.320000,1204.620000,1201.190000,1203.210000,2605,3.430000,-0.009141,1200.404000,1193.793000,1186.102000,1195.192430,0.272768,90.241258,1,train
AMZN,60,2018-01-03,19:30:00,2018-01-03T19:30:00+00:00,1203.200000,1204.320000,1201.890000,1203.830000,2526,2.430000,0.051529,1201.860000,1195.378000,1187.378500,1196.762898,0.270781,86.975398,0,train
AMZN,60,2018-01-03,20:30:00,2018-01-03T20:30:00+00:00,1203.830000,1204.800000,1201.220000,1201.450000,2219,3.580000,-0.197702,1202.430000,1196.614000,1188.669500,1197.615098,0.290440,79.946345,0,train
AMZN,60,2018-01-03,21:30:00,2018-01-03T21:30:00+00:00,1201.450000,1201.920000,1201.280000,1201.290000,9,0.640000,-0.013317,1202.620000,1198.183000,1190.060000,1198.283262,0.259741,76.751231,1,train
AMZN,60,2018-01-04,13:30:00,2018-01-04T13:30:00+00:00,1207.030000,1209.290000,1204.970000,1207.520000,305,4.320000,0.518609,1203.460000,1200.335000,1191.854000,1199.962669,0.283555,80.734233,1,train
AMZN,60,2018-01-04,14:30:00,2018-01-04T14:30:00+00:00,1207.170000,1215.740000,1207.170000,1213.010000,5587,8.570000,0.454651,1205.420000,1202.912000,1194.031000,1202.334911,0.294556,83.543286,0,train
AMZN,60,2018-01-04,15:30:00,2018-01-04T15:30:00+00:00,1213.010000,1214.600000,1206.590000,1206.740000,3538,8.010000,-0.516896,1206.002000,1203.931000,1195.692000,1203.135836,0.302624,70.779374,1,train
AMZN,60,2018-01-04,16:30:00,2018-01-04T16:30:00+00:00,1206.740000,1209.900000,1206.000000,1208.020000,3367,3.900000,0.106071,1207.316000,1204.873000,1196.923500,1204.023866,0.301263,77.844014,0,train
AMZN,60,2018-01-04,17:30:00,2018-01-04T17:30:00+00:00,1207.990000,1209.770000,1204.660000,1206.410000,2496,5.110000,-0.133276,1208.340000,1205.480000,1198.064500,1204.457709,0.307247,74.608150,1,train
AMZN,60,2018-01-04,18:30:00,2018-01-04T18:30:00+00:00,1206.390000,1210.310000,1205.290000,1207.590000,3033,5.020000,0.097811,1208.354000,1205.907000,1199.086000,1205.027216,0.300109,74.571360,1,train
AMZN,60,2018-01-04,19:30:00,2018-01-04T19:30:00+00:00,1207.610000,1209.570000,1206.370000,1209.570000,2169,3.200000,0.163963,1207.666000,1206.543000,1200.168000,1205.853177,0.302211,69.102113,0,train
AMZN,60,2018-01-04,20:30:00,2018-01-04T20:30:00+00:00,1209.560000,1210.510000,1208.560000,1209.460000,1986,1.950000,-0.009094,1208.210000,1207.106000,1201.242000,1206.508963,0.302855,66.894835,1,train
AMZN,60,2018-01-04,21:30:00,2018-01-04T21:30:00+00:00,1209.480000,1209.670000,1209.460000,1209.490000,40,0.210000,0.002480,1208.504000,1207.910000,1202.262000,1207.050970,0.291271,65.034505,1,train
AMZN,60,2018-01-05,13:30:00,2018-01-05T13:30:00+00:00,1213.970000,1216.890000,1212.820000,1214.700000,411,4.070000,0.430760,1210.162000,1209.251000,1203.717000,1208.441702,0.310843,67.421923,1,train
AMZN,60,2018-01-05,14:30:00,2018-01-05T14:30:00+00:00,1215.000000,1217.550000,1209.970000,1216.910000,5984,7.580000,0.181938,1212.026000,1210.190000,1205.262500,1209.981393,0.278389,69.706559,1,train
AMZN,60,2018-01-05,15:30:00,2018-01-05T15:30:00+00:00,1216.890000,1219.340000,1216.200000,1217.850000,3350,3.140000,0.077245,1213.682000,1210.674000,1206.793000,1211.412049,0.245238,69.982896,1,train
AMZN,60,2018-01-05,16:30:00,2018-01-05T16:30:00+00:00,1217.860000,1220.500000,1217.470000,1220.010000,2774,3.030000,0.177362,1215.792000,1212.001000,1207.966000,1212.975313,0.149694,76.620769,1,train
AMZN,60,2018-01-05,17:30:00,2018-01-05T17:30:00+00:00,1219.990000,1221.830000,1219.500000,1221.550000,2188,2.330000,0.126228,1218.204000,1213.354000,1209.113500,1214.534347,0.149778,77.952539,1,train
AMZN,60,2018-01-05,18:30:00,2018-01-05T18:30:00+00:00,1221.700000,1227.110000,1221.700000,1225.900000,2678,5.410000,0.356105,1220.444000,1215.303000,1210.391500,1216.600829,0.140565,76.746217,0,train
AMZN,60,2018-01-05,19:30:00,2018-01-05T19:30:00+00:00,1226.030000,1227.010000,1223.170000,1223.650000,2860,3.840000,-0.183539,1221.792000,1216.909000,1211.408000,1217.882497,0.177742,67.095116,1,train
AMZN,60,2018-01-05,20:30:00,2018-01-05T20:30:00+00:00,1223.600000,1228.900000,1223.600000,1228.060000,2408,5.300000,0.360397,1223.834000,1218.758000,1212.650500,1219.732952,0.191915,86.431989,1,train
AMZN,60,2018-01-08,13:30:00,2018-01-08T13:30:00+00:00,1230.610000,1233.700000,1229.990000,1232.850000,322,3.710000,0.390046,1226.402000,1221.097000,1214.101500,1222.117870,0.196150,87.885261,1,train
AMZN,60,2018-01-08,14:30:00,2018-01-08T14:30:00+00:00,1232.850000,1252.010000,1231.990000,1244.570000,7229,20.020000,0.950643,1231.006000,1224.605000,1216.257500,1226.200075,0.297430,94.496269,1,train
AMZN,60,2018-01-08,15:30:00,2018-01-08T15:30:00+00:00,1244.540000,1248.640000,1243.470000,1246.440000,5157,5.170000,0.150253,1235.114000,1227.779000,1218.515000,1229.880061,0.295557,94.583429,0,train
AMZN,60,2018-01-08,16:30:00,2018-01-08T16:30:00+00:00,1246.420000,1248.360000,1243.560000,1244.790000,3432,4.800000,-0.132377,1239.342000,1230.567000,1220.378500,1232.590959,0.320301,90.726179,0,train
AMZN,60,2018-01-08,17:30:00,2018-01-08T17:30:00+00:00,1244.820000,1246.260000,1243.380000,1244.100000,2908,2.880000,-0.055431,1242.550000,1233.192000,1221.933000,1234.683512,0.329811,89.525331,1,train
AMZN,60,2018-01-08,18:30:00,2018-01-08T18:30:00+00:00,1244.100000,1246.420000,1243.870000,1244.870000,2739,2.550000,0.061892,1244.954000,1235.678000,1223.839500,1236.535601,0.333239,89.699282,0,train
AMZN,60,2018-01-08,19:30:00,2018-01-08T19:30:00+00:00,1244.840000,1245.180000,1241.710000,1244.010000,3133,3.470000,-0.069084,1244.842000,1237.924000,1225.639000,1237.894583,0.343758,86.446158,1,train
AMZN,60,2018-01-08,20:30:00,2018-01-08T20:30:00+00:00,1244.000000,1246.690000,1242.410000,1244.970000,2492,4.280000,0.077170,1244.548000,1239.831000,1227.567000,1239.181022,0.339431,86.011294,1,train
AMZN,60,2018-01-08,21:30:00,2018-01-08T21:30:00+00:00,1244.880000,1245.730000,1243.960000,1245.500000,25,1.770000,0.042571,1244.690000,1242.016000,1229.462500,1240.329927,0.321427,85.862516,1,train
AMZN,60,2018-01-09,13:30:00,2018-01-09T13:30:00+00:00,1254.520000,1258.390000,1253.490000,1257.000000,528,4.900000,0.923324,1247.270000,1244.910000,1231.834000,1243.360849,0.397329,88.619754,0,train
AMZN,60,2018-01-09,14:30:00,2018-01-09T14:30:00+00:00,1256.500000,1258.800000,1246.530000,1248.790000,7422,12.270000,-0.653142,1248.054000,1246.504000,1233.800500,1244.347968,0.480101,74.963343,0,train
AMZN,60,2018-01-09,15:30:00,2018-01-09T15:30:00+00:00,1248.980000,1249.000000,1241.720000,1246.500000,5294,7.280000,-0.183378,1248.552000,1246.697000,1235.651000,1244.739246,0.390110,69.619048,1,train
AMZN,60,2018-01-09,16:30:00,2018-01-09T16:30:00+00:00,1246.510000,1247.370000,1242.570000,1246.550000,3396,4.800000,0.004011,1248.868000,1246.708000,1237.243500,1245.068474,0.387256,72.763419,1,train
AMZN,60,2018-01-09,17:30:00,2018-01-09T17:30:00+00:00,1246.560000,1252.350000,1246.380000,1251.550000,2733,5.970000,0.401107,1250.078000,1247.384000,1238.975500,1246.246934,0.403175,73.079190,1,train
AMZN,60,2018-01-09,18:30:00,2018-01-09T18:30:00+00:00,1251.570000,1252.800000,1249.300000,1252.520000,3114,3.500000,0.077504,1249.182000,1248.226000,1240.709000,1247.387491,0.401320,70.894413,0,train
AMZN,60,2018-01-09,19:30:00,2018-01-09T19:30:00+00:00,1252.590000,1255.090000,1250.290000,1250.460000,3129,4.800000,-0.164468,1249.516000,1248.785000,1242.231500,1247.946129,0.408043,57.872227,1,train
AMZN,60,2018-01-09,20:30:00,2018-01-09T20:30:00+00:00,1250.460000,1254.050000,1250.440000,1252.000000,2464,3.610000,0.123155,1250.616000,1249.584000,1243.754000,1248.683196,0.406567,57.497303,0,train
AMZN,60,2018-01-09,21:30:00,2018-01-09T21:30:00+00:00,1252.400000,1252.700000,1251.480000,1251.480000,21,1.220000,-0.041534,1251.602000,1250.235000,1245.033000,1249.191706,0.407896,59.304590,0,train
AMZN,60,2018-01-10,13:30:00,2018-01-10T13:30:00+00:00,1244.460000,1245.340000,1242.970000,1242.990000,270,2.370000,-0.678397,1249.890000,1249.984000,1246.000000,1248.064123,0.469059,48.731429,1,train
AMZN,60,2018-01-10,14:30:00,2018-01-10T14:30:00+00:00,1245.150000,1251.000000,1237.120000,1243.190000,5406,13.880000,0.016090,1248.024000,1248.603000,1246.756500,1247.177919,0.335122,48.054655,1,train
AMZN,60,2018-01-10,15:30:00,2018-01-10T15:30:00+00:00,1243.170000,1250.780000,1242.730000,1249.330000,3505,8.050000,0.493891,1247.798000,1248.657000,1247.580500,1247.569206,0.324664,55.489063,0,train
AMZN,60,2018-01-10,16:30:00,2018-01-10T16:30:00+00:00,1249.350000,1252.490000,1247.280000,1247.300000,2661,5.210000,-0.162487,1246.858000,1248.737000,1247.717000,1247.520260,0.323383,52.352110,1,train
AMZN,60,2018-01-10,17:30:00,2018-01-10T17:30:00+00:00,1247.270000,1250.090000,1247.270000,1248.020000,2173,2.820000,0.057725,1246.166000,1248.884000,1247.796000,1247.611122,0.323776,52.534191,0,train
AMZN,60,2018-01-10,18:30:00,2018-01-10T18:30:00+00:00,1247.990000,1251.490000,1247.290000,1247.760000,2441,4.200000,-0.020833,1247.120000,1248.505000,1247.944500,1247.638190,0.293554,37.993763,1,train
AMZN,60,2018-01-10,19:30:00,2018-01-10T19:30:00+00:00,1247.740000,1250.030000,1247.300000,1249.410000,2233,2.730000,0.132237,1248.364000,1248.194000,1248.210000,1247.960338,0.296277,50.971178,1,train
AMZN,60,2018-01-10,20:30:00,2018-01-10T20:30:00+00:00,1249.430000,1254.310000,1248.940000,1253.590000,2054,5.370000,0.334558,1249.216000,1248.507000,1248.646000,1248.983913,0.311700,60.485064,1,train
AMZN,60,2018-01-10,21:30:00,2018-01-10T21:30:00+00:00,1253.710000,1254.650000,1253.710000,1253.730000,58,0.940000,0.011168,1250.502000,1248.680000,1249.132000,1249.846838,0.309805,60.589971,1,train
AMZN,60,2018-01-11,13:30:00,2018-01-11T13:30:00+00:00,1260.010000,1260.850000,1257.970000,1258.790000,329,2.880000,0.403596,1252.656000,1249.411000,1249.823000,1251.472867,0.332079,60.659600,1,train
AMZN,60,2018-01-11,14:30:00,2018-01-11T14:30:00+00:00,1258.800000,1262.800000,1256.310000,1260.070000,6378,6.490000,0.101685,1255.118000,1251.119000,1250.551500,1253.035982,0.208189,61.015465,1,train
AMZN,60,2018-01-11,15:30:00,2018-01-11T15:30:00+00:00,1260.050000,1261.780000,1258.230000,1260.730000,3817,3.550000,0.052378,1257.382000,1252.873000,1250.738000,1254.434895,0.206158,65.622148,1,train
AMZN,60,2018-01-11,16:30:00,2018-01-11T16:30:00+00:00,1260.690000,1266.300000,1260.570000,1265.810000,2801,5.730000,0.402941,1259.826000,1254.521000,1251.589000,1256.503096,0.190221,68.964570,1,train
AMZN,60,2018-01-11,17:30:00,2018-01-11T17:30:00+00:00,1265.820000,1270.140000,1265.600000,1268.210000,3633,4.540000,0.189602,1262.722000,1256.612000,1252.674500,1258.631624,0.159982,71.846435,1,train
AMZN,60,2018-01-11,18:30:00,2018-01-11T18:30:00+00:00,1268.210000,1270.140000,1267.730000,1269.170000,2275,2.410000,0.075697,1264.798000,1258.727000,1253.805500,1260.547692,0.158720,92.555267,1,train
AMZN,60,2018-01-11,19:30:00,2018-01-11T19:30:00+00:00,1269.190000,1273.420000,1269.170000,1272.880000,2271,4.250000,0.292317,1267.360000,1261.239000,1254.872000,1262.789930,0.147772,93.317771,1,train
AMZN,60,2018-01-11,20:30:00,2018-01-11T20:30:00+00:00,1272.850000,1276.980000,1271.990000,1276.830000,2115,4.990000,0.310320,1270.580000,1263.981000,1256.087500,1265.342670,0.149471,92.861596,0,train
AMZN,60,2018-01-11,21:30:00,2018-01-11T21:30:00+00:00,1276.850000,1276.950000,1276.480000,1276.480000,41,0.470000,-0.027412,1272.714000,1266.270000,1257.388500,1267.367639,0.161313,97.993421,0,train
AMZN,60,2018-01-12,13:30:00,2018-01-12T13:30:00+00:00,1282.000000,1282.000000,1271.970000,1271.970000,635,10.030000,-0.353315,1273.466000,1268.094000,1258.387000,1268.204432,0.230393,85.024861,1,train
AMZN,60,2018-01-12,14:30:00,2018-01-12T14:30:00+00:00,1272.000000,1298.810000,1272.000000,1296.900000,8034,26.810000,1.959952,1279.012000,1271.905000,1260.658000,1273.421808,0.620337,91.743119,1,train
AMZN,60,2018-01-12,15:30:00,2018-01-12T15:30:00+00:00,1296.890000,1301.820000,1295.080000,1298.990000,5590,6.740000,0.161154,1284.234000,1275.797000,1263.458000,1278.070570,0.618503,91.804384,1,train
AMZN,60,2018-01-12,16:30:00,2018-01-12T16:30:00+00:00,1299.010000,1300.880000,1297.580000,1299.560000,3922,3.300000,0.043880,1288.780000,1279.680000,1266.276500,1281.977739,0.618896,91.273119,1,train
AMZN,60,2018-01-12,17:30:00,2018-01-12T17:30:00+00:00,1299.570000,1305.280000,1299.470000,1304.580000,3927,5.810000,0.386285,1294.400000,1283.557000,1269.039000,1286.087241,0.618627,91.976226,0,train
AMZN,60,2018-01-12,18:30:00,2018-01-12T18:30:00+00:00,1304.600000,1304.990000,1302.470000,1303.940000,2652,2.520000,-0.049058,1300.794000,1287.130000,1271.871000,1289.333197,0.628056,90.204809,0,train
AMZN,60,2018-01-12,19:30:00,2018-01-12T19:30:00+00:00,1303.930000,1305.500000,1300.820000,1302.980000,3815,4.680000,-0.073623,1302.010000,1290.511000,1274.619000,1291.814434,0.635187,88.429160,1,train
AMZN,60,2018-01-12,20:30:00,2018-01-12T20:30:00+00:00,1302.970000,1305.480000,1301.530000,1304.840000,2659,3.950000,0.142750,1303.180000,1293.707000,1277.473000,1294.182719,0.636234,88.672628,1,train
AMZN,60,2018-01-16,13:30:00,2018-01-16T13:30:00+00:00,1319.100000,1323.470000,1319.070000,1322.050000,692,4.400000,1.318936,1307.678000,1298.229000,1281.105000,1299.249497,0.721126,90.659341,1,train
AMZN,60,2018-01-16,14:30:00,2018-01-16T14:30:00+00:00,1321.980000,1339.400000,1321.930000,1330.270000,8927,17.470000,0.621762,1312.816000,1303.608000,1284.939000,1304.889589,0.712448,91.384369,0,train
AMZN,60,2018-01-16,15:30:00,2018-01-16T15:30:00+00:00,1330.250000,1334.300000,1324.580000,1328.370000,7255,9.720000,-0.142828,1317.702000,1309.248000,1288.671000,1309.158754,0.689952,88.988409,0,train
AMZN,60,2018-01-16,16:30:00,2018-01-16T16:30:00+00:00,1328.320000,1329.170000,1317.250000,1319.910000,6237,11.920000,-0.636871,1321.088000,1311.549000,1291.727000,1311.113526,0.521042,79.149622,0,train
AMZN,60,2018-01-16,17:30:00,2018-01-16T17:30:00+00:00,1319.910000,1321.380000,1311.420000,1317.200000,5989,9.960000,-0.205317,1323.560000,1313.370000,1294.583500,1312.220158,0.535000,75.412313,0,train
AMZN,60,2018-01-16,18:30:00,2018-01-16T18:30:00+00:00,1317.200000,1320.220000,1292.280000,1298.650000,6552,27.940000,-1.408290,1318.880000,1313.279000,1296.479500,1309.752856,0.726852,61.354092,1,train
AMZN,60,2018-01-16,19:30:00,2018-01-16T19:30:00+00:00,1298.620000,1310.090000,1298.470000,1309.980000,7512,11.620000,0.872444,1314.822000,1313.819000,1298.688000,1309.794155,0.770832,68.195309,0,train
AMZN,60,2018-01-16,20:30:00,2018-01-16T20:30:00+00:00,1309.500000,1309.710000,1303.470000,1305.770000,3347,6.240000,-0.321379,1310.302000,1314.002000,1300.566000,1309.062491,0.779248,55.296787,1,train
AMZN,60,2018-01-16,21:30:00,2018-01-16T21:30:00+00:00,1305.780000,1306.540000,1305.750000,1306.270000,52,0.790000,0.038292,1307.574000,1314.331000,1302.421000,1308.554765,0.778610,54.431458,1,train
AMZN,60,2018-01-17,13:30:00,2018-01-17T13:30:00+00:00,1310.550000,1315.800000,1309.970000,1310.500000,501,5.830000,0.323823,1306.234000,1314.897000,1304.302000,1308.908444,0.783665,56.375291,0,train
AMZN,60,2018-01-17,14:30:00,2018-01-17T14:30:00+00:00,1310.570000,1313.000000,1289.230000,1289.240000,8293,23.770000,-1.622282,1304.352000,1311.616000,1304.922500,1305.332363,0.804518,42.483340,1,train
AMZN,60,2018-01-17,15:30:00,2018-01-17T15:30:00+00:00,1289.230000,1295.340000,1280.720000,1291.280000,6959,14.620000,0.158233,1300.612000,1307.717000,1305.662500,1302.777388,0.761010,43.880510,1,train
AMZN,60,2018-01-17,16:30:00,2018-01-17T16:30:00+00:00,1291.780000,1294.020000,1291.060000,1291.440000,3910,2.960000,0.012391,1297.746000,1304.024000,1306.636000,1300.716045,0.766012,44.378410,1,train
AMZN,60,2018-01-17,17:30:00,2018-01-17T17:30:00+00:00,1291.460000,1298.410000,1291.060000,1297.510000,4511,7.350000,0.470018,1295.994000,1301.784000,1306.666500,1300.133128,0.788189,46.569958,0,train
AMZN,60,2018-01-17,18:30:00,2018-01-17T18:30:00+00:00,1297.490000,1299.770000,1292.000000,1296.500000,4088,7.770000,-0.077841,1293.194000,1299.714000,1306.542000,1299.472559,0.788553,35.907336,0,train
AMZN,60,2018-01-17,19:30:00,2018-01-17T19:30:00+00:00,1296.500000,1299.840000,1295.190000,1295.460000,3553,4.650000,-0.080216,1294.438000,1299.395000,1306.337000,1298.743003,0.654560,29.148197,0,train
AMZN,60,2018-01-17,20:30:00,2018-01-17T20:30:00+00:00,1295.500000,1299.860000,1294.580000,1295.390000,2679,5.280000,-0.005403,1295.260000,1297.936000,1305.877500,1298.133366,0.575237,29.801568,0,train
AMZN,60,2018-01-17,21:30:00,2018-01-17T21:30:00+00:00,1295.270000,1295.270000,1294.630000,1294.900000,32,0.640000,-0.037826,1295.952000,1296.849000,1305.425500,1297.545481,0.570654,33.025655,0,train
AMZN,60,2018-01-18,13:30:00,2018-01-18T13:30:00+00:00,1294.000000,1294.200000,1289.970000,1291.990000,280,4.230000,-0.224728,1294.848000,1295.421000,1304.876000,1296.535394,0.570551,32.936239,0,train
AMZN,60,2018-01-18,14:30:00,2018-01-18T14:30:00+00:00,1292.000000,1294.490000,1283.990000,1290.120000,6777,10.500000,-0.144738,1293.572000,1293.383000,1304.140000,1295.368959,0.549982,42.542403,1,train
AMZN,60,2018-01-18,15:30:00,2018-01-18T15:30:00+00:00,1290.380000,1304.280000,1289.980000,1299.000000,5820,14.300000,0.688308,1294.280000,1294.359000,1302.987500,1296.029148,0.288251,39.970771,1,train
AMZN,60,2018-01-18,16:30:00,2018-01-18T16:30:00+00:00,1299.030000,1304.410000,1297.070000,1302.570000,3773,7.340000,0.274827,1295.716000,1295.488000,1301.602500,1297.218394,0.294250,47.042514,0,train
AMZN,60,2018-01-18,17:30:00,2018-01-18T17:30:00+00:00,1302.580000,1303.710000,1297.100000,1297.390000,2526,6.610000,-0.397675,1296.214000,1296.083000,1300.053500,1297.249595,0.332026,42.446410,1,train
AMZN,60,2018-01-18,18:30:00,2018-01-18T18:30:00+00:00,1297.400000,1299.590000,1296.370000,1298.410000,3011,3.220000,0.078619,1297.498000,1296.173000,1298.978500,1297.460578,0.297861,39.121828,0,train
AMZN,60,2018-01-18,19:30:00,2018-01-18T19:30:00+00:00,1298.400000,1298.810000,1295.220000,1295.280000,2686,3.590000,-0.241064,1298.530000,1296.051000,1297.882500,1297.064109,0.307368,58.066239,0,train
AMZN,60,2018-01-18,20:30:00,2018-01-18T20:30:00+00:00,1295.270000,1295.750000,1290.840000,1292.100000,2619,4.910000,-0.245507,1297.150000,1295.715000,1297.555000,1296.161544,0.315948,51.062727,0,train
AMZN,60,2018-01-18,21:30:00,2018-01-18T21:30:00+00:00,1292.100000,1292.100000,1290.970000,1291.000000,41,1.130000,-0.085133,1294.836000,1295.276000,1296.606000,1295.223081,0.316390,49.443320,1,train
AMZN,60,2018-01-19,13:30:00,2018-01-19T13:30:00+00:00,1297.000000,1318.280000,1295.870000,1309.670000,1209,22.410000,1.446166,1297.292000,1296.753000,1296.801000,1297.849794,0.564709,61.665388,0,train
AMZN,60,2018-01-19,14:30:00,2018-01-19T14:30:00+00:00,1308.270000,1310.690000,1294.080000,1300.640000,7464,16.610000,-0.689487,1297.738000,1297.618000,1296.519500,1298.357104,0.612841,53.441969,0,train
AMZN,60,2018-01-19,15:30:00,2018-01-19T15:30:00+00:00,1300.630000,1301.540000,1293.470000,1297.000000,5167,8.070000,-0.279862,1298.082000,1298.306000,1295.844500,1298.110358,0.619517,51.227287,0,train
AMZN,60,2018-01-19,16:30:00,2018-01-19T16:30:00+00:00,1297.020000,1297.900000,1294.150000,1296.220000,2365,3.750000,-0.060139,1298.906000,1298.028000,1296.193500,1297.766656,0.578335,50.654058,1,train
AMZN,60,2018-01-19,17:30:00,2018-01-19T17:30:00+00:00,1296.220000,1297.520000,1295.470000,1296.530000,1805,2.050000,0.023916,1300.012000,1297.424000,1296.456000,1297.541810,0.569502,51.288130,1,train
AMZN,60,2018-01-19,18:30:00,2018-01-19T18:30:00+00:00,1296.560000,1302.690000,1295.800000,1299.470000,2606,6.890000,0.226759,1297.972000,1297.632000,1296.857500,1297.892390,0.560703,55.908373,0,train
AMZN,60,2018-01-19,19:30:00,2018-01-19T19:30:00+00:00,1299.480000,1301.370000,1294.990000,1295.550000,2867,6.380000,-0.301661,1296.954000,1297.346000,1296.759500,1297.466501,0.568928,54.154552,0,train
AMZN,60,2018-01-19,20:30:00,2018-01-19T20:30:00+00:00,1295.550000,1296.350000,1292.960000,1294.010000,2796,3.390000,-0.118868,1296.356000,1297.219000,1296.635000,1296.838046,0.564965,45.699017,1,train
AMZN,60,2018-01-22,13:30:00,2018-01-22T13:30:00+00:00,1295.000000,1297.130000,1294.320000,1296.280000,200,2.810000,0.175424,1296.368000,1297.637000,1296.676000,1296.736583,0.561002,44.454241,1,train
AMZN,60,2018-01-22,14:30:00,2018-01-22T14:30:00+00:00,1296.300000,1309.480000,1296.290000,1309.220000,6216,13.190000,0.998241,1298.906000,1299.459000,1297.367500,1299.006295,0.635201,59.174810,1,train
AMZN,60,2018-01-22,15:30:00,2018-01-22T15:30:00+00:00,1309.200000,1317.380000,1309.200000,1313.600000,5268,8.180000,0.334550,1301.732000,1299.852000,1298.302500,1301.659696,0.452658,61.197110,1,train
AMZN,60,2018-01-22,16:30:00,2018-01-22T16:30:00+00:00,1313.580000,1316.800000,1310.970000,1316.250000,3344,5.830000,0.201736,1305.872000,1301.413000,1299.515500,1304.312479,0.376374,65.567929,1,train
AMZN,60,2018-01-22,17:30:00,2018-01-22T17:30:00+00:00,1316.230000,1319.670000,1314.500000,1318.620000,2908,5.170000,0.180057,1310.794000,1303.575000,1300.940500,1306.913846,0.349201,69.927863,0,train
AMZN,60,2018-01-22,18:30:00,2018-01-22T18:30:00+00:00,1318.590000,1319.210000,1314.470000,1316.180000,2676,4.740000,-0.185042,1314.774000,1305.571000,1301.799500,1308.598601,0.360248,68.547437,1,train
AMZN,60,2018-01-22,19:30:00,2018-01-22T19:30:00+00:00,1316.170000,1323.820000,1315.470000,1322.990000,3352,8.350000,0.517406,1317.528000,1308.217000,1302.820500,1311.215219,0.374058,61.888611,1,train
AMZN,60,2018-01-22,20:30:00,2018-01-22T20:30:00+00:00,1323.000000,1334.000000,1320.730000,1333.020000,3064,13.270000,0.758131,1321.412000,1311.572000,1304.602000,1315.179725,0.413494,78.393546,1,train
AMZN,60,2018-01-22,21:30:00,2018-01-22T21:30:00+00:00,1333.680000,1337.000000,1331.670000,1335.000000,177,5.330000,0.148535,1325.162000,1315.517000,1306.431500,1318.783411,0.368042,84.320809,1,train
AMZN,60,2018-01-23,13:30:00,2018-01-23T13:30:00+00:00,1334.790000,1337.550000,1333.820000,1336.950000,302,3.730000,0.146067,1328.828000,1319.811000,1308.515000,1322.086427,0.343152,86.025119,1,train
AMZN,60,2018-01-23,14:30:00,2018-01-23T14:30:00+00:00,1337.000000,1353.000000,1337.000000,1351.010000,9134,16.000000,1.051647,1335.794000,1325.284000,1311.460500,1327.345259,0.406099,88.759249,0,train
AMZN,60,2018-01-23,15:30:00,2018-01-23T15:30:00+00:00,1351.010000,1352.910000,1347.970000,1350.740000,5429,4.940000,-0.019985,1341.344000,1329.436000,1314.447500,1331.598848,0.369667,87.915989,0,train
AMZN,60,2018-01-23,16:30:00,2018-01-23T16:30:00+00:00,1350.490000,1351.050000,1343.110000,1349.090000,4335,7.940000,-0.122155,1344.558000,1332.985000,1316.418500,1334.779058,0.394152,90.970309,1,train
AMZN,60,2018-01-23,17:30:00,2018-01-23T17:30:00+00:00,1349.060000,1351.630000,1347.600000,1350.570000,3625,4.030000,0.109704,1347.672000,1336.417000,1318.915000,1337.650138,0.396926,93.321078,1,train
AMZN,60,2018-01-23,18:30:00,2018-01-23T18:30:00+00:00,1350.560000,1356.250000,1350.560000,1353.920000,4413,5.690000,0.248043,1351.066000,1339.947000,1321.761000,1340.608295,0.396016,93.429777,1,train
AMZN,60,2018-01-23,19:30:00,2018-01-23T19:30:00+00:00,1353.650000,1360.610000,1352.430000,1359.000000,4625,8.180000,0.375207,1352.664000,1344.229000,1324.900000,1343.952241,0.363534,92.547009,1,train
AMZN,60,2018-01-23,20:30:00,2018-01-23T20:30:00+00:00,1359.190000,1365.850000,1358.400000,1362.980000,2864,7.450000,0.292862,1355.112000,1348.228000,1328.222500,1347.411834,0.356948,92.495697,0,train
AMZN,60,2018-01-23,21:30:00,2018-01-23T21:30:00+00:00,1363.000000,1363.000000,1359.470000,1360.370000,107,3.530000,-0.191492,1357.368000,1350.963000,1331.267500,1349.767864,0.347361,87.995177,1,train
AMZN,60,2018-01-24,13:30:00,2018-01-24T13:30:00+00:00,1374.220000,1380.770000,1374.220000,1375.230000,813,6.550000,1.092350,1362.300000,1354.986000,1335.251500,1354.397343,0.445127,90.120482,0,train
AMZN,60,2018-01-24,14:30:00,2018-01-24T14:30:00+00:00,1375.220000,1386.820000,1361.140000,1373.980000,7475,25.680000,-0.090894,1366.312000,1358.689000,1339.250000,1357.957826,0.460180,91.666667,0,train
AMZN,60,2018-01-24,15:30:00,2018-01-24T15:30:00+00:00,1373.970000,1379.140000,1357.030000,1361.500000,8411,22.110000,-0.908310,1366.812000,1359.738000,1342.511000,1358.601858,0.507384,75.663068,0,train
AMZN,60,2018-01-24,16:30:00,2018-01-24T16:30:00+00:00,1361.470000,1362.270000,1351.590000,1354.970000,6820,10.680000,-0.479618,1365.210000,1360.161000,1344.798500,1357.941520,0.537240,65.343213,0,train
AMZN,60,2018-01-24,17:30:00,2018-01-24T17:30:00+00:00,1355.350000,1356.210000,1337.970000,1347.100000,6464,18.240000,-0.580825,1362.556000,1359.962000,1346.473500,1355.970335,0.570469,57.814518,1,train
AMZN,60,2018-01-24,18:30:00,2018-01-24T18:30:00+00:00,1347.070000,1366.040000,1346.540000,1365.010000,7250,19.500000,1.329523,1360.512000,1361.406000,1348.911500,1357.613910,0.712442,65.024631,0,train
AMZN,60,2018-01-24,19:30:00,2018-01-24T19:30:00+00:00,1365.020000,1368.000000,1358.500000,1359.400000,5593,9.500000,-0.410986,1357.596000,1361.954000,1350.950500,1357.938654,0.728420,54.939362,0,train
AMZN,60,2018-01-24,20:30:00,2018-01-24T20:30:00+00:00,1359.390000,1360.870000,1353.870000,1357.800000,2870,7.000000,-0.117699,1356.856000,1361.834000,1353.031500,1357.913444,0.720055,54.092279,0,train
AMZN,60,2018-01-24,21:30:00,2018-01-24T21:30:00+00:00,1357.600000,1358.000000,1357.180000,1357.190000,41,0.820000,-0.044926,1357.300000,1361.255000,1354.741500,1357.781909,0.712332,54.752406,1,train
AMZN,60,2018-01-25,13:30:00,2018-01-25T13:30:00+00:00,1370.410000,1371.740000,1365.980000,1365.980000,454,5.760000,0.647662,1361.076000,1361.816000,1356.389500,1359.272471,0.741376,58.327029,0,train
AMZN,60,2018-01-25,14:30:00,2018-01-25T14:30:00+00:00,1365.990000,1373.530000,1357.580000,1361.080000,7224,15.950000,-0.358717,1360.290000,1360.401000,1357.693500,1359.601112,0.649637,53.805272,1,train
AMZN,60,2018-01-25,15:30:00,2018-01-25T15:30:00+00:00,1361.050000,1367.460000,1360.420000,1366.920000,4852,7.040000,0.429071,1361.794000,1359.695000,1359.192000,1360.931819,0.671035,54.175453,1,train
AMZN,60,2018-01-25,16:30:00,2018-01-25T16:30:00+00:00,1366.920000,1373.450000,1365.370000,1370.410000,4067,8.080000,0.255319,1364.316000,1360.586000,1360.162000,1362.655125,0.603002,53.937467,1,train
AMZN,60,2018-01-25,17:30:00,2018-01-25T17:30:00+00:00,1370.440000,1373.600000,1368.910000,1373.140000,3430,4.690000,0.199210,1367.506000,1362.403000,1361.282000,1364.561466,0.572060,56.758759,1,train
AMZN,60,2018-01-25,18:30:00,2018-01-25T18:30:00+00:00,1372.990000,1377.980000,1371.490000,1375.990000,4622,6.490000,0.207553,1369.508000,1365.292000,1362.627000,1366.639381,0.513848,50.460829,0,train
AMZN,60,2018-01-25,19:30:00,2018-01-25T19:30:00+00:00,1375.970000,1376.690000,1363.280000,1370.850000,5598,13.410000,-0.373549,1371.462000,1365.876000,1363.641000,1367.404948,0.362977,48.187609,1,train
AMZN,60,2018-01-25,20:30:00,2018-01-25T20:30:00+00:00,1370.840000,1378.270000,1368.540000,1375.700000,2774,9.730000,0.353795,1373.218000,1367.506000,1364.730000,1368.913139,0.336208,59.019309,1,train
AMZN,60,2018-01-25,21:30:00,2018-01-25T21:30:00+00:00,1375.700000,1376.750000,1374.980000,1376.240000,75,1.770000,0.039253,1374.384000,1369.350000,1365.592000,1370.245296,0.327440,64.622577,1,train
AMZN,60,2018-01-26,13:30:00,2018-01-26T13:30:00+00:00,1389.050000,1394.500000,1388.370000,1391.750000,564,6.130000,1.126984,1378.106000,1372.806000,1367.030500,1374.155242,0.444494,77.777778,1,train
AMZN,60,2018-01-26,14:30:00,2018-01-26T14:30:00+00:00,1391.980000,1393.330000,1380.990000,1392.310000,8350,12.340000,0.040237,1381.370000,1375.439000,1368.627500,1377.456107,0.425621,71.659791,1,train
AMZN,60,2018-01-26,15:30:00,2018-01-26T15:30:00+00:00,1392.330000,1399.920000,1392.300000,1397.860000,5124,7.620000,0.398618,1386.772000,1379.117000,1369.759000,1381.165906,0.381889,80.543202,0,train
AMZN,60,2018-01-26,16:30:00,2018-01-26T16:30:00+00:00,1397.870000,1399.900000,1391.580000,1397.100000,4746,8.320000,-0.054369,1391.052000,1382.135000,1370.915000,1384.063014,0.389703,81.632325,1,train
AMZN,60,2018-01-26,17:30:00,2018-01-26T17:30:00+00:00,1397.070000,1399.770000,1396.470000,1397.800000,2729,3.300000,0.050104,1395.364000,1384.874000,1372.730000,1386.560648,0.392986,82.639447,0,train
AMZN,60,2018-01-26,18:30:00,2018-01-26T18:30:00+00:00,1397.510000,1399.140000,1394.390000,1394.390000,3286,4.750000,-0.243955,1395.892000,1386.999000,1374.701000,1387.984166,0.417175,74.995601,1,train
AMZN,60,2018-01-26,19:30:00,2018-01-26T19:30:00+00:00,1394.400000,1399.390000,1393.520000,1399.370000,3435,5.870000,0.357145,1397.304000,1389.337000,1377.314500,1390.054318,0.421945,83.640836,1,train
AMZN,60,2018-01-26,20:30:00,2018-01-26T20:30:00+00:00,1399.390000,1402.500000,1398.780000,1401.180000,2978,3.720000,0.129344,1397.968000,1392.370000,1379.123000,1392.077169,0.377688,82.394100,1,train
AMZN,60,2018-01-29,13:30:00,2018-01-29T13:30:00+00:00,1407.500000,1408.970000,1403.080000,1407.510000,479,5.890000,0.451762,1400.050000,1395.551000,1381.528500,1394.883138,0.382788,83.291457,1,train
AMZN,60,2018-01-29,14:30:00,2018-01-29T14:30:00+00:00,1407.510000,1420.180000,1400.180000,1413.700000,8391,20.000000,0.439784,1403.230000,1399.297000,1384.323500,1398.304386,0.381621,84.268334,0,train
AMZN,60,2018-01-29,15:30:00,2018-01-29T15:30:00+00:00,1413.760000,1415.090000,1404.090000,1413.310000,6941,11.000000,-0.027587,1407.014000,1401.453000,1387.129500,1401.032679,0.242795,82.898449,1,train
AMZN,60,2018-01-29,16:30:00,2018-01-29T16:30:00+00:00,1413.310000,1419.860000,1411.970000,1419.250000,5582,7.890000,0.420290,1410.990000,1404.147000,1389.793000,1404.344920,0.252540,92.072323,1,train
AMZN,60,2018-01-29,17:30:00,2018-01-29T17:30:00+00:00,1419.260000,1430.740000,1417.970000,1427.990000,5966,12.770000,0.615818,1416.352000,1407.160000,1393.138500,1408.644025,0.280109,92.574499,0,train
AMZN,60,2018-01-29,18:30:00,2018-01-29T18:30:00+00:00,1427.560000,1428.000000,1420.770000,1422.210000,5261,7.230000,-0.404765,1419.292000,1409.671000,1395.903000,1411.110566,0.334100,84.486122,0,train
AMZN,60,2018-01-29,19:30:00,2018-01-29T19:30:00+00:00,1422.310000,1427.000000,1420.790000,1421.790000,5383,6.210000,-0.029532,1420.910000,1412.070000,1398.472000,1413.052281,0.338429,79.131109,0,train
AMZN,60,2018-01-29,20:30:00,2018-01-29T20:30:00+00:00,1421.770000,1422.730000,1410.970000,1417.300000,3447,11.760000,-0.315799,1421.708000,1414.361000,1400.680000,1413.824594,0.348816,72.517571,0,train
AMZN,60,2018-01-29,21:30:00,2018-01-29T21:30:00+00:00,1417.300000,1417.680000,1416.170000,1416.970000,73,1.510000,-0.023284,1421.252000,1416.121000,1402.729000,1414.396486,0.346102,69.007360,0,train
AMZN,60,2018-01-30,13:30:00,2018-01-30T13:30:00+00:00,1412.990000,1415.000000,1395.340000,1403.050000,1244,19.660000,-0.982378,1416.264000,1416.308000,1404.339000,1412.333488,0.492397,54.690210,1,train
AMZN,60,2018-01-30,14:30:00,2018-01-30T14:30:00+00:00,1403.080000,1416.850000,1391.970000,1406.980000,8654,24.880000,0.280104,1413.218000,1416.255000,1405.903000,1411.360127,0.478246,56.885689,1,train
AMZN,60,2018-01-30,15:30:00,2018-01-30T15:30:00+00:00,1406.990000,1429.480000,1406.990000,1427.310000,8102,22.490000,1.444939,1414.322000,1417.616000,1408.456500,1414.260104,0.654674,69.693707,0,train
AMZN,60,2018-01-30,16:30:00,2018-01-30T16:30:00+00:00,1427.300000,1432.040000,1423.480000,1425.470000,6858,8.560000,-0.128914,1415.956000,1418.832000,1410.142500,1416.298267,0.657607,66.223272,0,train
AMZN,60,2018-01-30,17:30:00,2018-01-30T17:30:00+00:00,1425.500000,1428.590000,1415.980000,1421.500000,5178,12.610000,-0.278505,1416.862000,1419.057000,1411.602000,1417.244036,0.655457,62.300242,1,train
AMZN,60,2018-01-30,18:30:00,2018-01-30T18:30:00+00:00,1421.500000,1430.020000,1421.490000,1428.160000,4988,8.530000,0.468519,1421.884000,1419.074000,1413.117000,1419.228757,0.642041,62.450259,1,train
AMZN,60,2018-01-30,19:30:00,2018-01-30T19:30:00+00:00,1428.150000,1431.000000,1422.470000,1430.400000,5460,8.530000,0.156845,1426.568000,1419.893000,1414.782000,1421.259892,0.626788,60.572297,1,train
AMZN,60,2018-01-30,20:30:00,2018-01-30T20:30:00+00:00,1430.400000,1439.080000,1428.930000,1436.990000,3396,10.150000,0.460710,1428.504000,1421.413000,1416.741500,1424.119912,0.638146,63.899977,1,train
AMZN,60,2018-01-30,21:30:00,2018-01-30T21:30:00+00:00,1436.980000,1437.500000,1436.970000,1437.100000,94,0.530000,0.007655,1430.830000,1423.393000,1418.877000,1426.479928,0.622265,61.247637,1,train
AMZN,60,2018-01-31,13:30:00,2018-01-31T13:30:00+00:00,1450.990000,1456.870000,1449.970000,1455.000000,637,6.900000,1.245564,1437.530000,1427.196000,1421.658500,1431.665395,0.708527,65.258163,1,train
AMZN,60,2018-01-31,14:30:00,2018-01-31T14:30:00+00:00,1454.210000,1464.600000,1452.840000,1461.220000,5816,11.760000,0.427491,1444.142000,1433.013000,1424.660500,1437.038960,0.556063,71.928049,0,train
AMZN,60,2018-01-31,15:30:00,2018-01-31T15:30:00+00:00,1461.600000,1464.290000,1455.410000,1455.850000,6539,8.880000,-0.367501,1449.232000,1437.900000,1427.077500,1440.459149,0.607959,68.136315,1,train
AMZN,60,2018-01-31,16:30:00,2018-01-31T16:30:00+00:00,1455.820000,1462.450000,1454.740000,1461.820000,4950,7.710000,0.410070,1454.198000,1441.351000,1429.483500,1444.342940,0.472707,73.338226,1,train
AMZN,60,2018-01-31,17:30:00,2018-01-31T17:30:00+00:00,1461.840000,1468.500000,1460.490000,1468.040000,3987,8.010000,0.425497,1460.386000,1445.608000,1432.220000,1448.651496,0.456853,75.214772,0,train
AMZN,60,2018-01-31,18:30:00,2018-01-31T18:30:00+00:00,1468.030000,1472.490000,1465.040000,1468.000000,5572,7.450000,-0.002725,1462.986000,1450.258000,1434.657500,1452.169406,0.425599,87.161002,0,train
AMZN,60,2018-01-31,19:30:00,2018-01-31T19:30:00+00:00,1468.000000,1470.100000,1453.670000,1457.900000,6473,16.430000,-0.688011,1462.322000,1453.232000,1436.153000,1453.211332,0.526826,77.212484,0,train
AMZN,60,2018-01-31,20:30:00,2018-01-31T20:30:00+00:00,1457.910000,1459.500000,1447.060000,1451.510000,3592,12.440000,-0.438302,1461.454000,1455.343000,1437.618000,1452.901999,0.565396,65.197187,0,train
AMZN,60,2018-01-31,21:30:00,2018-01-31T21:30:00+00:00,1451.510000,1452.000000,1444.380000,1447.000000,353,7.620000,-0.310711,1458.490000,1456.344000,1438.878500,1451.828908,0.570598,63.081784,0,train
AMZN,60,2018-02-01,13:30:00,2018-02-01T13:30:00+00:00,1456.110000,1456.120000,1435.980000,1445.510000,1465,20.140000,-0.102972,1453.984000,1457.185000,1440.289000,1450.680016,0.573028,65.041975,0,train
AMZN,60,2018-02-01,14:30:00,2018-02-01T14:30:00+00:00,1445.500000,1459.500000,1430.970000,1430.970000,7641,28.530000,-1.005873,1446.578000,1454.782000,1440.989000,1447.096377,0.491953,51.602235,1,train
AMZN,60,2018-02-01,15:30:00,2018-02-01T15:30:00+00:00,1431.200000,1445.330000,1422.010000,1433.100000,6746,23.320000,0.148850,1441.618000,1451.970000,1442.491500,1444.551581,0.461601,51.541448,0,train
AMZN,60,2018-02-01,16:30:00,2018-02-01T16:30:00+00:00,1433.160000,1436.870000,1430.000000,1431.070000,5502,6.870000,-0.141651,1437.530000,1449.492000,1443.696000,1442.100384,0.457632,46.434594,1,train
AMZN,60,2018-02-01,17:30:00,2018-02-01T17:30:00+00:00,1431.090000,1439.670000,1431.090000,1436.660000,5240,8.580000,0.390617,1435.462000,1446.976000,1444.163500,1441.111224,0.454923,49.751412,0,train
AMZN,60,2018-02-01,18:30:00,2018-02-01T18:30:00+00:00,1436.610000,1437.380000,1421.230000,1422.950000,5851,16.150000,-0.954297,1430.950000,1442.467000,1444.037500,1437.809183,0.462570,30.992765,0,train
AMZN,60,2018-02-01,19:30:00,2018-02-01T19:30:00+00:00,1422.820000,1428.470000,1415.170000,1415.300000,6307,13.300000,-0.537616,1427.816000,1437.197000,1443.727500,1433.716604,0.453869,23.221367,1,train
AMZN,60,2018-02-01,20:30:00,2018-02-01T20:30:00+00:00,1415.320000,1456.000000,1380.280000,1455.970000,7534,75.720000,2.873596,1432.390000,1437.004000,1445.118000,1437.762676,1.103655,50.049570,1,train
AMZN,60,2018-02-01,21:30:00,2018-02-01T21:30:00+00:00,1455.000000,1481.910000,1454.970000,1469.970000,2103,26.940000,0.961558,1440.170000,1438.850000,1447.096500,1443.618553,1.131418,53.157202,1,train
AMZN,60,2018-02-02,13:30:00,2018-02-02T13:30:00+00:00,1466.630000,1472.000000,1458.980000,1472.000000,1945,13.020000,0.138098,1447.238000,1441.350000,1448.847000,1448.778816,1.120750,51.585522,1,train
AMZN,60,2018-02-02,14:30:00,2018-02-02T14:30:00+00:00,1477.340000,1497.610000,1434.310000,1474.280000,10111,63.300000,0.154891,1457.504000,1444.227000,1450.706000,1453.415395,1.116550,52.470107,0,train
AMZN,60,2018-02-02,15:30:00,2018-02-02T15:30:00+00:00,1474.300000,1481.000000,1462.080000,1464.080000,7624,18.920000,-0.691863,1467.260000,1447.538000,1451.160000,1455.354414,1.082683,52.428863,1,train
AMZN,60,2018-02-02,16:30:00,2018-02-02T16:30:00+00:00,1464.080000,1469.650000,1450.180000,1468.220000,6755,19.470000,0.282771,1469.710000,1451.050000,1451.510000,1457.693612,1.082338,56.685605,0,train
AMZN,60,2018-02-02,17:30:00,2018-02-02T17:30:00+00:00,1468.230000,1472.660000,1449.090000,1456.280000,6250,23.570000,-0.813230,1466.972000,1453.571000,1451.531500,1457.436591,1.129004,53.504532,0,train
AMZN,60,2018-02-02,18:30:00,2018-02-02T18:30:00+00:00,1456.370000,1458.500000,1444.520000,1444.520000,6403,13.980000,-0.807537,1461.476000,1454.357000,1450.666500,1455.088120,1.167154,49.653045,0,train
AMZN,60,2018-02-02,19:30:00,2018-02-02T19:30:00+00:00,1444.520000,1451.880000,1413.980000,1435.190000,7380,37.900000,-0.645889,1453.658000,1455.581000,1449.024000,1451.470280,1.141141,51.534992,0,train
AMZN,60,2018-02-02,20:30:00,2018-02-02T20:30:00+00:00,1435.180000,1440.160000,1427.980000,1429.840000,3753,12.180000,-0.372773,1446.810000,1457.035000,1447.116000,1447.537502,1.132199,48.841342,0,train
AMZN,60,2018-02-05,13:30:00,2018-02-05T13:30:00+00:00,1402.000000,1412.000000,1401.970000,1408.440000,1191,10.030000,-1.496671,1434.854000,1452.282000,1444.643000,1440.428865,0.711264,42.930334,1,train
AMZN,60,2018-02-05,14:30:00,2018-02-05T14:30:00+00:00,1404.500000,1457.570000,1387.210000,1448.560000,9993,70.360000,2.848542,1433.310000,1450.141000,1444.495500,1441.907253,1.184552,53.057868,1,train
AMZN,60,2018-02-05,15:30:00,2018-02-05T15:30:00+00:00,1448.590000,1458.370000,1432.800000,1449.960000,8251,25.570000,0.096648,1434.398000,1447.937000,1444.643500,1443.371389,1.183542,57.409338,0,train
AMZN,60,2018-02-05,16:30:00,2018-02-05T16:30:00+00:00,1449.960000,1449.960000,1435.000000,1442.480000,6242,14.960000,-0.515876,1435.856000,1444.757000,1444.492000,1443.209318,1.183695,57.462932,0,train
AMZN,60,2018-02-05,17:30:00,2018-02-05T17:30:00+00:00,1442.500000,1451.550000,1428.980000,1432.460000,6623,22.570000,-0.694637,1436.380000,1441.595000,1444.566500,1441.254897,1.183821,42.238362,1,train
AMZN,60,2018-02-05,18:30:00,2018-02-05T18:30:00+00:00,1432.710000,1449.760000,1431.290000,1434.060000,6758,18.470000,0.111696,1441.504000,1438.179000,1444.614500,1439.946734,1.177096,37.087379,0,train
AMZN,60,2018-02-05,19:30:00,2018-02-05T19:30:00+00:00,1433.000000,1438.890000,1320.390000,1416.250000,8633,118.500000,-1.241929,1435.042000,1434.176000,1443.873500,1435.638237,1.208136,31.996383,0,train
AMZN,60,2018-02-05,20:30:00,2018-02-05T20:30:00+00:00,1415.600000,1416.610000,1377.520000,1380.970000,4804,39.090000,-2.491086,1421.244000,1427.821000,1441.089000,1425.698557,1.394073,25.161050,1,train
AMZN,60,2018-02-05,21:30:00,2018-02-05T21:30:00+00:00,1381.000000,1383.770000,1377.520000,1381.110000,407,6.250000,0.010138,1408.970000,1422.413000,1438.997000,1417.591547,1.398746,26.663667,0,train
AMZN,60,2018-02-06,13:30:00,2018-02-06T13:30:00+00:00,1358.000000,1386.000000,1354.000000,1354.000000,1722,32.000000,-1.962914,1393.278000,1414.829000,1435.932000,1406.029447,1.486170,21.550264,1,train
AMZN,60,2018-02-06,14:30:00,2018-02-06T14:30:00+00:00,1352.000000,1423.780000,1351.660000,1389.200000,10171,72.120000,2.599705,1384.306000,1412.905000,1432.593500,1402.969548,1.734950,35.026786,1,train
AMZN,60,2018-02-06,15:30:00,2018-02-06T15:30:00+00:00,1389.220000,1409.900000,1376.080000,1397.010000,8590,33.820000,0.562194,1380.458000,1407.750000,1428.945500,1401.885994,1.422154,39.204726,1,train
AMZN,60,2018-02-06,16:30:00,2018-02-06T16:30:00+00:00,1396.990000,1416.250000,1390.010000,1414.900000,7376,26.240000,1.280592,1387.244000,1404.244000,1426.090500,1404.252177,1.510263,45.562311,1,train
AMZN,60,2018-02-06,17:30:00,2018-02-06T17:30:00+00:00,1414.880000,1421.220000,1405.520000,1418.670000,7293,15.700000,0.266450,1394.756000,1401.863000,1423.310000,1406.873599,1.514308,47.539973,0,train
AMZN,60,2018-02-06,18:30:00,2018-02-06T18:30:00+00:00,1418.030000,1418.600000,1401.470000,1404.220000,6584,17.130000,-1.018560,1404.800000,1399.039000,1420.317000,1406.391127,1.530489,49.041258,1,train
AMZN,60,2018-02-06,19:30:00,2018-02-06T19:30:00+00:00,1404.230000,1430.300000,1401.470000,1429.680000,7102,28.830000,1.813106,1412.896000,1398.601000,1418.390000,1410.625467,1.656903,45.404537,1,train
AMZN,60,2018-02-06,20:30:00,2018-02-06T20:30:00+00:00,1429.670000,1444.170000,1425.480000,1440.000000,4628,18.690000,0.721840,1421.494000,1400.976000,1417.576000,1415.966291,1.611507,47.676589,0,train
AMZN,60,2018-02-06,21:30:00,2018-02-06T21:30:00+00:00,1440.000000,1441.000000,1433.040000,1433.990000,183,7.960000,-0.417361,1425.312000,1406.278000,1417.049500,1419.243329,1.340497,48.005825,1,train
AMZN,60,2018-02-07,13:30:00,2018-02-07T13:30:00+00:00,1442.990000,1448.500000,1438.070000,1448.500000,703,10.430000,1.011862,1431.278000,1413.017000,1417.715000,1424.562724,1.346742,53.689731,0,train
AMZN,60,2018-02-07,14:30:00,2018-02-07T14:30:00+00:00,1449.460000,1460.000000,1443.570000,1448.490000,8447,16.430000,-0.000690,1440.132000,1422.466000,1418.647500,1428.913138,1.063501,53.343838,1,train
AMZN,60,2018-02-07,15:30:00,2018-02-07T15:30:00+00:00,1448.490000,1459.750000,1446.970000,1456.500000,6643,12.780000,0.552990,1445.496000,1429.196000,1421.050500,1433.928931,0.823212,59.770840,0,train
AMZN,60,2018-02-07,16:30:00,2018-02-07T16:30:00+00:00,1456.500000,1458.480000,1444.970000,1448.480000,5886,13.510000,-0.550635,1447.192000,1434.343000,1421.046500,1436.574580,0.883464,68.888143,0,train
AMZN,60,2018-02-07,17:30:00,2018-02-07T17:30:00+00:00,1448.450000,1450.280000,1420.480000,1431.770000,7119,29.800000,-1.153623,1446.748000,1436.030000,1420.137000,1435.701020,0.937171,62.971118,1,train
AMZN,60,2018-02-07,18:30:00,2018-02-07T18:30:00+00:00,1431.750000,1442.530000,1428.200000,1435.730000,5587,14.330000,0.276581,1444.194000,1437.736000,1419.799500,1435.706289,0.937350,73.740777,0,train
AMZN,60,2018-02-07,19:30:00,2018-02-07T19:30:00+00:00,1435.700000,1436.340000,1418.990000,1429.910000,6235,17.350000,-0.405369,1440.478000,1440.305000,1419.672000,1434.652418,0.872121,64.259194,0,train
AMZN,60,2018-02-07,20:30:00,2018-02-07T20:30:00+00:00,1429.880000,1434.650000,1413.970000,1414.880000,3776,20.680000,-1.051115,1432.154000,1438.825000,1418.713000,1431.057433,0.737977,55.957858,0,train
AMZN,60,2018-02-07,21:30:00,2018-02-07T21:30:00+00:00,1413.980000,1414.000000,1407.970000,1409.500000,266,6.030000,-0.380244,1424.358000,1435.775000,1418.375500,1427.137900,0.681479,48.035792,1,train
AMZN,60,2018-02-08,13:30:00,2018-02-08T13:30:00+00:00,1434.480000,1436.300000,1425.030000,1429.990000,477,11.270000,1.453707,1424.002000,1435.375000,1420.826500,1427.656463,0.853824,53.671034,0,train
AMZN,60,2018-02-08,14:30:00,2018-02-08T14:30:00+00:00,1430.000000,1431.620000,1405.970000,1409.650000,8074,25.650000,-1.422388,1418.786000,1431.490000,1422.253500,1424.382561,0.872282,51.696133,0,train
AMZN,60,2018-02-08,15:30:00,2018-02-08T15:30:00+00:00,1409.670000,1411.980000,1382.980000,1387.990000,7861,29.000000,-1.536552,1410.402000,1425.440000,1423.953000,1417.765732,0.951579,36.660907,0,train
AMZN,60,2018-02-08,16:30:00,2018-02-08T16:30:00+00:00,1388.020000,1400.420000,1381.020000,1387.240000,6969,19.400000,-0.054035,1404.874000,1418.514000,1423.855000,1412.215599,0.900486,32.017723,0,train
AMZN,60,2018-02-08,17:30:00,2018-02-08T17:30:00+00:00,1387.260000,1392.890000,1366.970000,1374.230000,7224,25.920000,-0.937833,1397.820000,1411.089000,1422.716000,1405.309126,0.911998,30.559532,0,train
AMZN,60,2018-02-08,18:30:00,2018-02-08T18:30:00+00:00,1374.230000,1391.500000,1372.990000,1374.010000,6926,18.510000,-0.016009,1386.624000,1405.313000,1420.671500,1399.618376,0.895126,23.283839,0,train
AMZN,60,2018-02-08,19:30:00,2018-02-08T19:30:00+00:00,1373.990000,1378.000000,1366.280000,1370.130000,7322,11.720000,-0.282385,1378.720000,1398.753000,1418.244500,1394.256853,0.864606,22.654941,0,train
AMZN,60,2018-02-08,20:30:00,2018-02-08T20:30:00+00:00,1370.210000,1373.150000,1348.970000,1352.500000,4720,24.180000,-1.286739,1371.622000,1391.012000,1415.658500,1386.664698,0.902161,15.990844,0,train
AMZN,60,2018-02-08,21:30:00,2018-02-08T21:30:00+00:00,1352.500000,1352.500000,1348.010000,1348.350000,351,4.490000,-0.306839,1363.844000,1384.359000,1411.592000,1379.698389,0.886923,16.406093,1,train
AMZN,60,2018-02-09,13:30:00,2018-02-09T13:30:00+00:00,1369.200000,1376.280000,1366.970000,1372.010000,1138,9.310000,1.754737,1363.400000,1380.610000,1408.192500,1378.300500,1.135041,30.843698,0,train
AMZN,60,2018-02-09,14:30:00,2018-02-09T14:30:00+00:00,1372.010000,1383.000000,1331.970000,1345.810000,7778,51.030000,-1.909607,1357.760000,1372.192000,1403.783500,1372.393137,1.065885,24.772753,0,train
AMZN,60,2018-02-09,15:30:00,2018-02-09T15:30:00+00:00,1345.960000,1350.700000,1311.970000,1322.480000,6918,38.730000,-1.733529,1348.230000,1363.475000,1397.482500,1363.318021,1.096663,22.556583,0,train
AMZN,60,2018-02-09,16:30:00,2018-02-09T16:30:00+00:00,1323.430000,1330.010000,1281.030000,1284.040000,6729,48.980000,-2.906660,1334.538000,1353.080000,1389.260000,1348.903835,1.290790,20.146938,1,train
AMZN,60,2018-02-09,17:30:00,2018-02-09T17:30:00+00:00,1284.020000,1299.480000,1265.860000,1285.670000,7096,33.620000,0.126943,1322.002000,1342.923000,1380.718500,1337.406774,1.303120,21.254469,1,train
AMZN,60,2018-02-09,18:30:00,2018-02-09T18:30:00+00:00,1285.650000,1342.630000,1278.860000,1321.120000,7323,63.770000,2.757317,1311.824000,1337.612000,1374.350500,1334.445543,1.705616,26.368570,1,train
AMZN,60,2018-02-09,19:30:00,2018-02-09T19:30:00+00:00,1321.150000,1329.540000,1308.270000,1325.000000,5216,21.270000,0.293690,1307.662000,1332.711000,1369.012000,1332.728171,1.715747,30.211791,1,train
AMZN,60,2018-02-09,20:30:00,2018-02-09T20:30:00+00:00,1325.680000,1348.330000,1324.760000,1338.470000,3738,23.570000,1.016604,1310.860000,1329.545000,1364.149000,1333.772140,1.769702,37.963053,1,train
AMZN,60,2018-02-12,13:30:00,2018-02-12T13:30:00+00:00,1363.510000,1365.600000,1350.970000,1364.310000,1175,14.630000,1.930563,1326.914000,1330.726000,1360.869000,1339.324478,1.844953,45.032280,0,train
AMZN,60,2018-02-12,14:30:00,2018-02-12T14:30:00+00:00,1364.330000,1366.320000,1343.970000,1350.650000,8530,22.350000,-1.001239,1339.910000,1330.956000,1357.657500,1341.383664,1.874889,44.905807,1,train
AMZN,60,2018-02-12,15:30:00,2018-02-12T15:30:00+00:00,1350.630000,1371.510000,1345.970000,1369.030000,7638,25.540000,1.360826,1349.492000,1330.658000,1355.634000,1346.410271,1.838478,49.002404,1,train
AMZN,60,2018-02-12,16:30:00,2018-02-12T16:30:00+00:00,1369.080000,1386.600000,1368.690000,1380.580000,7372,17.910000,0.843663,1360.608000,1334.135000,1353.163500,1352.622949,1.724432,52.030940,0,train
AMZN,60,2018-02-12,17:30:00,2018-02-12T17:30:00+00:00,1380.610000,1382.190000,1374.220000,1377.770000,5156,7.970000,-0.203538,1368.468000,1339.664000,1351.569500,1357.195140,1.589641,55.211384,1,train
AMZN,60,2018-02-12,18:30:00,2018-02-12T18:30:00+00:00,1377.770000,1389.120000,1377.140000,1387.990000,5572,11.980000,0.741778,1373.204000,1350.059000,1351.569500,1362.794205,1.076782,57.975213,1,train
AMZN,60,2018-02-12,19:30:00,2018-02-12T19:30:00+00:00,1388.000000,1392.730000,1383.480000,1391.230000,6135,9.250000,0.233431,1381.320000,1360.615000,1351.769000,1367.964350,1.070038,54.213064,0,train
AMZN,60,2018-02-12,20:30:00,2018-02-12T20:30:00+00:00,1391.260000,1393.380000,1379.970000,1387.400000,3976,13.410000,-0.275296,1384.994000,1367.243000,1352.427500,1371.498104,0.862426,60.107908,1,train
AMZN,60,2018-02-12,21:30:00,2018-02-12T21:30:00+00:00,1387.410000,1389.000000,1387.280000,1388.220000,80,1.720000,0.059103,1386.522000,1373.565000,1353.138000,1374.538449,0.871623,67.940181,0,train
AMZN,60,2018-02-13,13:30:00,2018-02-13T13:30:00+00:00,1385.990000,1390.500000,1383.420000,1385.780000,951,7.080000,-0.175765,1388.124000,1378.296000,1353.920500,1376.582367,0.870186,84.553729,1,train
AMZN,60,2018-02-13,14:30:00,2018-02-13T14:30:00+00:00,1385.930000,1419.430000,1383.420000,1414.810000,8977,36.010000,2.094849,1393.488000,1383.346000,1357.036000,1383.532846,0.904199,86.977437,0,train
AMZN,60,2018-02-13,15:30:00,2018-02-13T15:30:00+00:00,1414.820000,1417.580000,1406.570000,1411.330000,6583,11.010000,-0.245969,1397.508000,1389.414000,1360.185000,1388.586874,0.803023,81.619348,0,train
AMZN,60,2018-02-13,16:30:00,2018-02-13T16:30:00+00:00,1411.360000,1412.720000,1401.530000,1404.460000,4837,11.190000,-0.486775,1400.920000,1392.957000,1361.807500,1391.472897,0.780702,77.279594,1,train
AMZN,60,2018-02-13,17:30:00,2018-02-13T17:30:00+00:00,1404.010000,1413.000000,1398.970000,1410.370000,4970,14.030000,0.420802,1405.350000,1395.936000,1365.035500,1394.908734,0.756568,76.035632,1,train
AMZN,60,2018-02-13,18:30:00,2018-02-13T18:30:00+00:00,1410.370000,1415.570000,1408.470000,1413.220000,4393,7.100000,0.202075,1410.838000,1399.481000,1369.572500,1398.238055,0.742299,71.248588,1,train
AMZN,60,2018-02-13,19:30:00,2018-02-13T19:30:00+00:00,1413.420000,1417.030000,1410.040000,1413.560000,4933,6.990000,0.024059,1410.588000,1402.038000,1376.048500,1401.023863,0.724688,80.907930,1,train
AMZN,60,2018-02-13,20:30:00,2018-02-13T20:30:00+00:00,1413.530000,1417.570000,1412.970000,1414.090000,2787,4.600000,0.037494,1411.140000,1404.324000,1382.469500,1403.399524,0.725883,76.846997,1,train
AMZN,60,2018-02-13,21:30:00,2018-02-13T21:30:00+00:00,1414.100000,1414.980000,1413.980000,1414.420000,79,1.000000,0.023337,1413.132000,1407.026000,1387.134500,1405.403247,0.711740,73.273728,0,train
AMZN,60,2018-02-14,13:30:00,2018-02-14T13:30:00+00:00,1421.910000,1421.910000,1399.970000,1405.840000,1874,21.940000,-0.606609,1412.226000,1408.788000,1391.176500,1405.482657,0.755674,67.885816,1,train
AMZN,60,2018-02-14,14:30:00,2018-02-14T14:30:00+00:00,1405.830000,1435.340000,1403.650000,1434.150000,8807,31.690000,2.013743,1416.412000,1413.625000,1395.960500,1410.694901,0.949881,73.902237,1,train
AMZN,60,2018-02-14,15:30:00,2018-02-14T15:30:00+00:00,1434.160000,1437.210000,1429.470000,1436.280000,7105,7.740000,0.148520,1420.956000,1415.772000,1399.559000,1415.346737,0.724859,73.598743,1,train
AMZN,60,2018-02-14,16:30:00,2018-02-14T16:30:00+00:00,1436.260000,1442.000000,1430.970000,1436.970000,5315,11.030000,0.048041,1425.532000,1418.336000,1403.875000,1419.278240,0.712737,76.849745,1,train
AMZN,60,2018-02-14,17:30:00,2018-02-14T17:30:00+00:00,1436.920000,1440.920000,1436.150000,1438.470000,4084,4.770000,0.104386,1430.342000,1421.737000,1407.347000,1422.767651,0.674554,77.019034,1,train
AMZN,60,2018-02-14,18:30:00,2018-02-14T18:30:00+00:00,1438.480000,1444.740000,1438.140000,1441.750000,4538,6.600000,0.228020,1437.524000,1424.875000,1410.405500,1426.218987,0.671611,79.825216,1,train
AMZN,60,2018-02-14,19:30:00,2018-02-14T19:30:00+00:00,1441.750000,1449.930000,1441.270000,1447.940000,4936,8.660000,0.429339,1440.282000,1428.347000,1413.914000,1430.168262,0.674688,73.334272,1,train
AMZN,60,2018-02-14,20:30:00,2018-02-14T20:30:00+00:00,1447.940000,1451.960000,1446.390000,1448.790000,3049,5.570000,0.058704,1442.784000,1431.870000,1416.954000,1433.554032,0.673516,77.399064,1,train
AMZN,60,2018-02-14,21:30:00,2018-02-14T21:30:00+00:00,1449.000000,1450.130000,1448.790000,1449.000000,79,1.340000,0.014495,1445.190000,1435.361000,1419.842500,1436.362390,0.674355,86.094003,1,train
AMZN,60,2018-02-15,13:30:00,2018-02-15T13:30:00+00:00,1461.000000,1466.050000,1460.000000,1465.000000,712,6.050000,1.104210,1450.496000,1440.419000,1423.722500,1441.569228,0.719759,88.048475,0,train
AMZN,60,2018-02-15,14:30:00,2018-02-15T14:30:00+00:00,1464.990000,1468.370000,1450.970000,1460.340000,7949,17.400000,-0.318089,1454.214000,1445.869000,1427.328500,1444.982096,0.681740,82.010870,0,train
AMZN,60,2018-02-15,15:30:00,2018-02-15T15:30:00+00:00,1460.340000,1461.750000,1436.700000,1457.240000,7290,25.050000,-0.212279,1456.074000,1448.178000,1430.901500,1447.210806,0.392011,78.601362,1,train
AMZN,60,2018-02-15,16:30:00,2018-02-15T16:30:00+00:00,1457.230000,1460.740000,1453.990000,1459.440000,5500,6.750000,0.150970,1458.204000,1450.494000,1433.133000,1449.434296,0.392003,79.059336,1,train
AMZN,60,2018-02-15,17:30:00,2018-02-15T17:30:00+00:00,1459.470000,1465.010000,1458.390000,1461.100000,4455,6.620000,0.113742,1460.624000,1452.907000,1435.621500,1451.555333,0.390451,79.410282,1,train
AMZN,60,2018-02-15,18:30:00,2018-02-15T18:30:00+00:00,1461.080000,1462.750000,1458.040000,1462.220000,4130,4.710000,0.076655,1460.068000,1455.282000,1438.509500,1453.494363,0.391046,89.207232,0,train
AMZN,60,2018-02-15,19:30:00,2018-02-15T19:30:00+00:00,1462.190000,1464.770000,1458.380000,1459.410000,3730,6.390000,-0.192174,1459.882000,1457.048000,1440.961500,1454.569934,0.405770,77.219828,1,train
AMZN,60,2018-02-15,20:30:00,2018-02-15T20:30:00+00:00,1459.420000,1462.750000,1456.250000,1462.000000,2867,6.500000,0.177469,1460.834000,1458.454000,1443.400500,1455.920855,0.392202,77.443449,0,train
AMZN,60,2018-02-15,21:30:00,2018-02-15T21:30:00+00:00,1462.000000,1463.280000,1461.490000,1462.000000,80,1.790000,0.000000,1461.346000,1459.775000,1445.822500,1457.026154,0.393283,77.106346,0,train
AMZN,60,2018-02-16,13:30:00,2018-02-16T13:30:00+00:00,1460.000000,1461.990000,1453.970000,1457.360000,679,8.020000,-0.317373,1460.598000,1460.611000,1447.986000,1457.086853,0.413961,69.154330,1,train
AMZN,60,2018-02-16,14:30:00,2018-02-16T14:30:00+00:00,1457.340000,1465.580000,1453.700000,1461.340000,6379,11.880000,0.273097,1460.422000,1460.245000,1450.332000,1457.860153,0.217417,69.586083,0,train
AMZN,60,2018-02-16,15:30:00,2018-02-16T15:30:00+00:00,1461.310000,1464.210000,1455.970000,1456.580000,4406,8.240000,-0.325728,1459.856000,1459.869000,1452.869000,1457.627398,0.218573,58.892548,1,train
AMZN,60,2018-02-16,16:30:00,2018-02-16T16:30:00+00:00,1456.570000,1458.920000,1454.190000,1458.900000,4451,4.730000,0.159277,1459.236000,1460.035000,1454.106500,1457.858780,0.214855,60.099900,0,train
AMZN,60,2018-02-16,17:30:00,2018-02-16T17:30:00+00:00,1458.910000,1460.990000,1449.060000,1450.180000,4878,11.930000,-0.597711,1456.872000,1459.109000,1454.801500,1456.462638,0.281116,51.007514,1,train
AMZN,60,2018-02-16,18:30:00,2018-02-16T18:30:00+00:00,1450.210000,1455.700000,1446.630000,1450.440000,5509,9.070000,0.017929,1455.488000,1458.043000,1455.475000,1455.367613,0.275999,32.998599,0,train
AMZN,60,2018-02-16,19:30:00,2018-02-16T19:30:00+00:00,1450.420000,1453.650000,1448.010000,1450.160000,5042,5.640000,-0.019304,1453.252000,1456.837000,1456.059500,1454.420774,0.271860,36.758585,0,train
AMZN,60,2018-02-16,20:30:00,2018-02-16T20:30:00+00:00,1450.140000,1451.280000,1447.990000,1448.580000,2787,3.290000,-0.108953,1451.652000,1455.754000,1456.401000,1453.358815,0.269391,38.271939,0,train
AMZN,60,2018-02-20,13:30:00,2018-02-20T13:30:00+00:00,1443.000000,1447.940000,1442.970000,1446.490000,276,4.970000,-0.144279,1449.170000,1454.203000,1456.328500,1452.109940,0.254822,32.409671,1,train
AMZN,60,2018-02-20,14:30:00,2018-02-20T14:30:00+00:00,1447.590000,1469.300000,1446.480000,1464.000000,6785,22.820000,1.210516,1451.934000,1454.403000,1457.089000,1454.271769,0.489965,52.753513,1,train
AMZN,60,2018-02-20,15:30:00,2018-02-20T15:30:00+00:00,1463.940000,1474.930000,1462.730000,1474.000000,5457,12.200000,0.683060,1456.646000,1456.067000,1458.339000,1457.858720,0.516058,59.571011,1,train
AMZN,60,2018-02-20,16:30:00,2018-02-20T16:30:00+00:00,1473.950000,1479.850000,1471.970000,1477.800000,4244,7.880000,0.257802,1462.174000,1457.713000,1458.979000,1461.484407,0.515559,64.704942,1,train
AMZN,60,2018-02-20,17:30:00,2018-02-20T17:30:00+00:00,1477.800000,1484.860000,1477.340000,1480.670000,4097,7.520000,0.194208,1468.592000,1460.122000,1459.995500,1464.972697,0.492050,64.862283,0,train
AMZN,60,2018-02-20,18:30:00,2018-02-20T18:30:00+00:00,1480.670000,1488.500000,1479.490000,1480.210000,4350,9.010000,-0.031067,1475.336000,1462.253000,1461.144000,1467.743116,0.495973,64.390706,0,train
AMZN,60,2018-02-20,19:30:00,2018-02-20T19:30:00+00:00,1480.230000,1483.500000,1453.970000,1458.160000,5521,29.530000,-1.489653,1474.168000,1463.051000,1461.080000,1466.000731,0.687750,50.495786,1,train
AMZN,60,2018-02-20,20:30:00,2018-02-20T20:30:00+00:00,1458.150000,1471.020000,1458.140000,1468.350000,3665,12.880000,0.698826,1473.038000,1464.842000,1461.442500,1466.427871,0.716551,54.033836,1,train
AMZN,60,2018-02-20,21:30:00,2018-02-20T21:30:00+00:00,1468.350000,1470.000000,1467.990000,1468.970000,54,2.010000,0.042224,1471.272000,1466.723000,1461.780000,1466.890076,0.715437,57.486405,1,train
AMZN,60,2018-02-21,13:30:00,2018-02-21T13:30:00+00:00,1482.970000,1488.050000,1482.970000,1484.500000,787,5.080000,1.057203,1472.038000,1470.315000,1463.034500,1470.091880,0.765238,63.338891,1,train
AMZN,60,2018-02-21,14:30:00,2018-02-21T14:30:00+00:00,1484.500000,1494.290000,1478.710000,1494.050000,7631,15.580000,0.643314,1474.806000,1475.071000,1464.637000,1474.447902,0.760909,72.662465,1,train
AMZN,60,2018-02-21,15:30:00,2018-02-21T15:30:00+00:00,1494.080000,1497.330000,1487.490000,1496.650000,6210,9.840000,0.174024,1482.504000,1478.336000,1466.369500,1478.484647,0.694860,73.307778,0,train
AMZN,60,2018-02-21,16:30:00,2018-02-21T16:30:00+00:00,1496.680000,1497.720000,1488.050000,1490.120000,3782,9.670000,-0.436308,1486.858000,1479.948000,1468.007500,1480.600166,0.702630,68.959954,1,train
AMZN,60,2018-02-21,17:30:00,2018-02-21T17:30:00+00:00,1490.140000,1495.120000,1489.490000,1494.200000,4099,5.630000,0.273803,1491.904000,1481.588000,1469.650500,1483.072863,0.703019,71.143864,1,train
AMZN,60,2018-02-21,18:30:00,2018-02-21T18:30:00+00:00,1494.190000,1499.990000,1491.250000,1497.860000,4631,8.740000,0.244947,1494.576000,1483.307000,1471.714500,1485.761433,0.703856,73.467337,0,train
AMZN,60,2018-02-21,19:30:00,2018-02-21T19:30:00+00:00,1497.880000,1503.160000,1482.480000,1493.000000,7093,20.680000,-0.324463,1494.366000,1484.586000,1473.419500,1487.077536,0.716744,64.979339,0,train
AMZN,60,2018-02-21,20:30:00,2018-02-21T20:30:00+00:00,1493.260000,1496.550000,1477.810000,1481.000000,3934,18.740000,-0.803751,1491.236000,1486.870000,1474.960500,1485.972530,0.565896,53.542510,1,train
AMZN,60,2018-02-21,21:30:00,2018-02-21T21:30:00+00:00,1481.050000,1482.250000,1480.970000,1481.210000,136,1.280000,0.014180,1489.454000,1488.156000,1476.499000,1485.106615,0.533549,51.790778,1,train
AMZN,60,2018-02-22,13:30:00,2018-02-22T13:30:00+00:00,1491.210000,1497.130000,1491.180000,1494.600000,623,5.950000,0.903991,1489.534000,1490.719000,1478.721000,1486.832685,0.591670,56.587534,0,train
AMZN,60,2018-02-22,14:30:00,2018-02-22T14:30:00+00:00,1494.600000,1502.250000,1485.480000,1494.400000,7494,16.770000,-0.013382,1488.842000,1491.709000,1481.012000,1488.208561,0.504711,56.727031,0,train
AMZN,60,2018-02-22,15:30:00,2018-02-22T15:30:00+00:00,1494.390000,1496.710000,1491.190000,1492.500000,5096,5.520000,-0.127141,1488.742000,1491.554000,1483.312500,1488.988822,0.464252,70.124238,0,train
AMZN,60,2018-02-22,16:30:00,2018-02-22T16:30:00+00:00,1492.500000,1494.290000,1489.870000,1491.830000,3415,4.420000,-0.044891,1490.908000,1491.072000,1484.704000,1489.505400,0.459781,65.488127,0,train
AMZN,60,2018-02-22,17:30:00,2018-02-22T17:30:00+00:00,1491.840000,1492.440000,1479.230000,1485.460000,4973,13.210000,-0.426992,1491.758000,1490.606000,1485.277000,1488.769873,0.458878,60.110362,1,train
AMZN,60,2018-02-22,18:30:00,2018-02-22T18:30:00+00:00,1485.460000,1488.610000,1477.470000,1486.370000,5031,11.140000,0.061260,1490.112000,1489.823000,1485.705500,1488.333532,0.448017,51.396982,0,train
AMZN,60,2018-02-22,19:30:00,2018-02-22T19:30:00+00:00,1486.500000,1487.970000,1475.620000,1479.550000,4426,12.350000,-0.458836,1487.142000,1487.992000,1485.649500,1486.736526,0.451517,38.707165,1,train
AMZN,60,2018-02-22,20:30:00,2018-02-22T20:30:00+00:00,1479.640000,1487.620000,1477.470000,1487.470000,3172,10.150000,0.535298,1486.136000,1487.439000,1486.012500,1486.869885,0.488984,43.397583,1,train
AMZN,60,2018-02-22,21:30:00,2018-02-22T21:30:00+00:00,1487.700000,1488.100000,1486.970000,1487.510000,117,1.130000,0.002689,1485.272000,1488.090000,1487.480000,1486.986270,0.408113,47.929557,1,train
AMZN,60,2018-02-23,13:30:00,2018-02-23T13:30:00+00:00,1496.000000,1496.300000,1493.580000,1494.920000,328,2.720000,0.498148,1487.164000,1489.461000,1488.808500,1488.428766,0.432094,50.542495,0,train
AMZN,60,2018-02-23,14:30:00,2018-02-23T14:30:00+00:00,1495.470000,1495.470000,1486.470000,1487.590000,6370,9.000000,-0.490327,1487.408000,1488.760000,1489.739500,1488.276263,0.360330,42.667428,1,train
AMZN,60,2018-02-23,15:30:00,2018-02-23T15:30:00+00:00,1487.560000,1494.990000,1487.470000,1492.420000,4842,7.520000,0.324686,1489.982000,1488.562000,1490.135500,1489.029670,0.379142,49.585714,0,train
AMZN,60,2018-02-23,16:30:00,2018-02-23T16:30:00+00:00,1492.500000,1493.810000,1489.820000,1490.070000,3009,3.990000,-0.157462,1490.502000,1488.319000,1489.936500,1489.218821,0.380280,57.514499,1,train
AMZN,60,2018-02-23,17:30:00,2018-02-23T17:30:00+00:00,1490.100000,1493.040000,1488.560000,1490.580000,3170,4.480000,0.034227,1491.116000,1488.194000,1489.633000,1489.466308,0.380426,57.724650,1,train
AMZN,60,2018-02-23,18:30:00,2018-02-23T18:30:00+00:00,1490.540000,1494.180000,1490.220000,1493.440000,3319,3.960000,0.191872,1490.820000,1488.992000,1489.799000,1490.188797,0.354068,48.842777,1,train
AMZN,60,2018-02-23,19:30:00,2018-02-23T19:30:00+00:00,1493.440000,1499.950000,1493.410000,1498.820000,4399,6.540000,0.360242,1493.066000,1490.237000,1490.030000,1491.758107,0.367118,53.996383,1,train
AMZN,60,2018-02-23,20:30:00,2018-02-23T20:30:00+00:00,1499.000000,1499.990000,1496.760000,1499.910000,2949,3.230000,0.072724,1494.564000,1492.273000,1490.132500,1493.240269,0.314488,56.799413,1,train
AMZN,60,2018-02-26,13:30:00,2018-02-26T13:30:00+00:00,1512.470000,1513.580000,1507.970000,1507.980000,546,5.610000,0.538032,1498.146000,1494.324000,1490.881500,1495.920220,0.314873,63.047342,1,train
AMZN,60,2018-02-26,14:30:00,2018-02-26T14:30:00+00:00,1509.070000,1522.480000,1506.980000,1514.800000,7867,15.500000,0.452261,1502.990000,1497.053000,1492.571500,1499.352908,0.325408,73.532243,1,train
AMZN,60,2018-02-26,15:30:00,2018-02-26T15:30:00+00:00,1514.810000,1521.600000,1512.490000,1519.390000,6158,9.110000,0.303010,1508.180000,1499.500000,1494.480500,1502.996015,0.309851,75.007573,0,train
AMZN,60,2018-02-26,16:30:00,2018-02-26T16:30:00+00:00,1519.410000,1520.780000,1515.370000,1518.010000,3939,5.410000,-0.090826,1512.018000,1502.542000,1495.651000,1505.725831,0.232321,81.743150,0,train
AMZN,60,2018-02-26,17:30:00,2018-02-26T17:30:00+00:00,1517.980000,1519.510000,1514.060000,1516.370000,3463,5.450000,-0.108036,1515.310000,1504.937000,1496.749500,1507.661134,0.246951,76.611418,0,train
AMZN,60,2018-02-26,18:30:00,2018-02-26T18:30:00+00:00,1516.370000,1518.260000,1514.170000,1515.910000,3566,4.090000,-0.030336,1516.896000,1507.521000,1497.920000,1509.160928,0.231611,75.950292,1,train
AMZN,60,2018-02-26,19:30:00,2018-02-26T19:30:00+00:00,1515.910000,1517.260000,1512.720000,1516.330000,3649,4.540000,0.027706,1517.202000,1510.096000,1499.145000,1510.464396,0.232052,72.428242,1,train
AMZN,60,2018-02-26,20:30:00,2018-02-26T20:30:00+00:00,1516.320000,1522.800000,1515.640000,1521.980000,3001,7.160000,0.372610,1517.720000,1512.950000,1500.971000,1512.558142,0.240679,87.339848,1,train
AMZN,60,2018-02-26,21:30:00,2018-02-26T21:30:00+00:00,1522.000000,1524.400000,1521.970000,1523.530000,94,2.430000,0.101841,1518.824000,1515.421000,1502.829000,1514.553025,0.234121,86.368950,1,train
AMZN,60,2018-02-27,13:30:00,2018-02-27T13:30:00+00:00,1523.970000,1525.600000,1520.980000,1524.000000,388,4.620000,0.030849,1520.350000,1517.830000,1505.051500,1516.270657,0.236297,91.489362,1,train
AMZN,60,2018-02-27,14:30:00,2018-02-27T14:30:00+00:00,1524.060000,1526.740000,1515.020000,1525.300000,5055,11.720000,0.085302,1522.228000,1519.562000,1506.943000,1517.912356,0.195630,91.650672,0,train
AMZN,60,2018-02-27,15:30:00,2018-02-27T15:30:00+00:00,1525.100000,1525.580000,1517.380000,1518.020000,3275,8.200000,-0.477283,1522.566000,1519.884000,1508.468500,1517.931927,0.234295,76.659436,0,train
AMZN,60,2018-02-27,16:30:00,2018-02-27T16:30:00+00:00,1518.030000,1521.080000,1507.130000,1512.220000,3429,13.950000,-0.382077,1520.614000,1519.167000,1509.333500,1516.893395,0.242834,64.402408,1,train
AMZN,60,2018-02-27,17:30:00,2018-02-27T17:30:00+00:00,1512.150000,1518.500000,1511.250000,1517.000000,3039,7.250000,0.316092,1519.308000,1519.066000,1510.804000,1516.912778,0.267518,67.018522,0,train
AMZN,60,2018-02-27,18:30:00,2018-02-27T18:30:00+00:00,1516.990000,1517.320000,1512.070000,1514.620000,2656,5.250000,-0.156889,1517.432000,1518.891000,1511.914000,1516.495909,0.270016,57.457323,0,train
AMZN,60,2018-02-27,19:30:00,2018-02-27T19:30:00+00:00,1514.640000,1519.280000,1510.570000,1514.020000,3028,8.710000,-0.039614,1515.176000,1518.702000,1513.111500,1516.045744,0.270105,48.981723,0,train
AMZN,60,2018-02-27,20:30:00,2018-02-27T20:30:00+00:00,1514.100000,1517.600000,1511.870000,1513.000000,2554,5.730000,-0.067370,1514.172000,1518.369000,1514.232500,1515.491972,0.270219,40.800461,1,train
AMZN,60,2018-02-27,21:30:00,2018-02-27T21:30:00+00:00,1512.980000,1514.250000,1512.970000,1513.740000,105,1.280000,0.048909,1514.476000,1517.545000,1515.247500,1515.173432,0.234810,43.737166,1,train
AMZN,60,2018-02-28,13:30:00,2018-02-28T13:30:00+00:00,1518.990000,1521.940000,1518.980000,1519.000000,347,2.960000,0.347484,1514.876000,1517.092000,1516.256500,1515.869171,0.263966,53.487139,1,train
AMZN,60,2018-02-28,14:30:00,2018-02-28T14:30:00+00:00,1519.000000,1528.700000,1517.080000,1525.600000,4347,11.620000,0.434496,1517.072000,1517.252000,1517.541000,1517.638413,0.302293,61.049031,0,train
AMZN,60,2018-02-28,15:30:00,2018-02-28T15:30:00+00:00,1525.680000,1526.990000,1517.470000,1520.380000,3482,9.520000,-0.342160,1518.344000,1516.760000,1518.161000,1518.136883,0.320291,54.162384,0,train
AMZN,60,2018-02-28,16:30:00,2018-02-28T16:30:00+00:00,1520.360000,1521.110000,1514.070000,1518.020000,2869,7.040000,-0.155224,1519.348000,1516.760000,1518.322000,1518.115632,0.284743,45.634921,1,train
AMZN,60,2018-02-28,17:30:00,2018-02-28T17:30:00+00:00,1518.020000,1523.350000,1517.060000,1521.160000,2481,6.290000,0.206848,1520.832000,1517.654000,1518.410500,1518.669153,0.256342,47.476038,1,train
AMZN,60,2018-02-28,18:30:00,2018-02-28T18:30:00+00:00,1521.170000,1526.310000,1520.540000,1525.900000,2516,5.770000,0.311604,1522.212000,1518.544000,1518.805000,1519.983853,0.255846,51.854744,0,train
AMZN,60,2018-02-28,19:30:00,2018-02-28T19:30:00+00:00,1525.870000,1525.900000,1516.190000,1518.970000,3414,9.710000,-0.454158,1520.886000,1518.979000,1518.935000,1519.799516,0.297562,44.432718,0,train
AMZN,60,2018-02-28,20:30:00,2018-02-28T20:30:00+00:00,1519.000000,1521.380000,1511.990000,1512.510000,3038,9.390000,-0.425288,1519.312000,1518.828000,1518.765000,1518.474149,0.330613,45.082991,1,train
AMZN,60,2018-02-28,21:30:00,2018-02-28T21:30:00+00:00,1512.490000,1513.430000,1512.480000,1512.850000,49,0.950000,0.022479,1518.278000,1518.813000,1518.591000,1517.451577,0.330086,50.622899,0,train
AMZN,60,2018-03-01,13:30:00,2018-03-01T13:30:00+00:00,1510.850000,1518.800000,1510.820000,1512.000000,856,7.980000,-0.056185,1516.446000,1518.639000,1518.092000,1516.460381,0.330011,44.639794,0,train
AMZN,60,2018-03-01,14:30:00,2018-03-01T14:30:00+00:00,1512.000000,1517.990000,1494.970000,1511.490000,5565,23.020000,-0.033730,1513.564000,1517.888000,1517.490000,1515.556675,0.305074,46.504356,0,train
AMZN,60,2018-03-01,15:30:00,2018-03-01T15:30:00+00:00,1511.500000,1513.990000,1498.980000,1502.680000,3960,15.010000,-0.582869,1510.306000,1515.596000,1516.424000,1513.215462,0.295354,39.297848,0,train
AMZN,60,2018-03-01,16:30:00,2018-03-01T16:30:00+00:00,1502.680000,1510.670000,1500.210000,1501.470000,3469,10.460000,-0.080523,1508.098000,1513.705000,1515.232500,1511.079923,0.288023,39.157420,0,train
AMZN,60,2018-03-01,17:30:00,2018-03-01T17:30:00+00:00,1501.390000,1501.450000,1486.150000,1495.650000,3939,15.300000,-0.387620,1504.658000,1511.468000,1514.114000,1508.274483,0.299890,34.472103,0,train
AMZN,60,2018-03-01,18:30:00,2018-03-01T18:30:00+00:00,1495.590000,1496.110000,1464.970000,1484.630000,5100,31.140000,-0.736803,1499.184000,1507.815000,1512.734500,1503.975486,0.323391,23.152632,1,train
AMZN,60,2018-03-01,19:30:00,2018-03-01T19:30:00+00:00,1484.620000,1499.220000,1480.970000,1495.560000,4227,18.250000,0.736210,1495.998000,1504.781000,1511.662500,1502.445397,0.418182,28.021656,0,train
AMZN,60,2018-03-01,20:30:00,2018-03-01T20:30:00+00:00,1495.530000,1498.550000,1484.970000,1494.370000,2867,13.580000,-0.079569,1494.336000,1502.321000,1510.650000,1500.977143,0.409559,29.777640,0,train
AMZN,60,2018-03-01,21:30:00,2018-03-01T21:30:00+00:00,1494.100000,1494.600000,1492.700000,1494.020000,88,1.900000,-0.023421,1492.846000,1500.472000,1509.650000,1499.712208,0.400513,30.738363,0,train
AMZN,60,2018-03-02,13:30:00,2018-03-02T13:30:00+00:00,1470.500000,1476.130000,1467.970000,1469.000000,865,8.160000,-1.674676,1487.516000,1496.087000,1507.450000,1494.128170,0.627597,19.018769,0,train
AMZN,60,2018-03-02,14:30:00,2018-03-02T14:30:00+00:00,1468.970000,1476.970000,1455.000000,1467.310000,6492,21.970000,-0.115044,1484.052000,1491.618000,1505.128500,1489.252139,0.625413,13.891286,1,train
AMZN,60,2018-03-02,15:30:00,2018-03-02T15:30:00+00:00,1467.250000,1479.960000,1465.980000,1479.070000,5086,13.980000,0.801467,1480.754000,1488.376000,1503.132000,1487.400841,0.714079,26.791531,1,train
AMZN,60,2018-03-02,16:30:00,2018-03-02T16:30:00+00:00,1479.200000,1490.650000,1475.370000,1488.010000,4133,15.280000,0.604434,1479.482000,1486.909000,1501.252500,1487.511597,0.744062,36.148801,0,train
AMZN,60,2018-03-02,17:30:00,2018-03-02T17:30:00+00:00,1488.030000,1495.550000,1482.490000,1482.900000,3510,13.060000,-0.343412,1477.258000,1485.052000,1499.378500,1486.673125,0.748105,33.934127,1,train
AMZN,60,2018-03-02,18:30:00,2018-03-02T18:30:00+00:00,1483.000000,1491.360000,1477.970000,1488.900000,3150,13.390000,0.404613,1481.238000,1484.377000,1497.922500,1487.078012,0.758706,38.257422,0,train
AMZN,60,2018-03-02,19:30:00,2018-03-02T19:30:00+00:00,1488.880000,1491.460000,1482.560000,1487.600000,3088,8.900000,-0.087313,1485.296000,1484.674000,1496.244500,1487.172919,0.719462,37.952597,1,train
AMZN,60,2018-03-02,20:30:00,2018-03-02T20:30:00+00:00,1487.590000,1500.390000,1487.570000,1499.500000,3071,12.820000,0.799946,1489.382000,1485.068000,1494.924500,1489.414206,0.726734,48.444836,0,train
AMZN,60,2018-03-05,13:30:00,2018-03-05T13:30:00+00:00,1502.620000,1502.900000,1493.030000,1493.890000,862,9.870000,-0.374125,1490.558000,1485.020000,1493.670500,1490.227987,0.737500,46.445986,1,train
AMZN,60,2018-03-05,14:30:00,2018-03-05T14:30:00+00:00,1493.730000,1496.090000,1481.000000,1495.800000,4734,15.090000,0.127854,1493.138000,1485.198000,1492.835000,1491.241080,0.738534,50.073007,1,train
AMZN,60,2018-03-05,15:30:00,2018-03-05T15:30:00+00:00,1495.790000,1513.270000,1495.770000,1512.050000,3837,17.500000,1.086375,1497.768000,1489.503000,1492.795000,1495.024520,0.520987,62.699148,1,train
AMZN,60,2018-03-05,16:30:00,2018-03-05T16:30:00+00:00,1512.050000,1519.690000,1511.670000,1514.990000,3079,8.020000,0.194438,1503.246000,1494.271000,1492.944500,1498.654607,0.503106,59.717915,1,train
AMZN,60,2018-03-05,17:30:00,2018-03-05T17:30:00+00:00,1515.580000,1522.410000,1513.500000,1517.800000,2596,8.910000,0.185480,1506.906000,1498.144000,1493.260000,1502.135588,0.474710,61.531647,0,train
AMZN,60,2018-03-05,18:30:00,2018-03-05T18:30:00+00:00,1517.760000,1518.790000,1513.780000,1516.710000,2464,5.010000,-0.071814,1511.470000,1501.014000,1493.961500,1504.785481,0.468289,61.086680,1,train
AMZN,60,2018-03-05,19:30:00,2018-03-05T19:30:00+00:00,1516.810000,1524.750000,1516.590000,1521.540000,3206,8.160000,0.318452,1516.618000,1504.878000,1494.965000,1507.831757,0.429327,81.981982,1,train
AMZN,60,2018-03-05,20:30:00,2018-03-05T20:30:00+00:00,1521.550000,1524.220000,1520.980000,1522.490000,2468,3.240000,0.062437,1518.706000,1508.237000,1496.307000,1510.496892,0.430014,83.894349,0,train
AMZN,60,2018-03-05,21:30:00,2018-03-05T21:30:00+00:00,1522.550000,1522.870000,1522.070000,1522.080000,55,0.800000,-0.026930,1520.124000,1511.685000,1498.179500,1512.602912,0.425555,80.699500,1,train
AMZN,60,2018-03-06,13:30:00,2018-03-06T13:30:00+00:00,1530.990000,1532.710000,1530.420000,1531.580000,593,2.290000,0.624146,1522.880000,1514.893000,1499.980500,1516.053291,0.402405,80.852570,1,train
AMZN,60,2018-03-06,14:30:00,2018-03-06T14:30:00+00:00,1531.590000,1540.550000,1529.010000,1540.060000,4892,11.540000,0.553677,1527.550000,1519.510000,1502.265000,1520.418148,0.356419,88.632063,0,train
AMZN,60,2018-03-06,15:30:00,2018-03-06T15:30:00+00:00,1540.060000,1542.000000,1527.970000,1529.490000,3866,14.030000,-0.686337,1529.140000,1522.879000,1504.038500,1522.067575,0.474817,75.837046,1,train
AMZN,60,2018-03-06,16:30:00,2018-03-06T16:30:00+00:00,1529.510000,1537.520000,1528.600000,1534.350000,2873,8.920000,0.317753,1531.512000,1525.109000,1507.306000,1524.300743,0.370446,78.467909,1,train
AMZN,60,2018-03-06,17:30:00,2018-03-06T17:30:00+00:00,1534.350000,1539.720000,1533.470000,1537.700000,2854,6.250000,0.218333,1534.636000,1527.380000,1510.825500,1526.736972,0.370862,75.965198,0,train
AMZN,60,2018-03-06,18:30:00,2018-03-06T18:30:00+00:00,1537.710000,1538.090000,1532.990000,1536.200000,2745,5.100000,-0.097548,1535.560000,1529.220000,1513.682000,1528.457522,0.378533,80.460763,1,train
AMZN,60,2018-03-06,19:30:00,2018-03-06T19:30:00+00:00,1536.200000,1539.070000,1535.530000,1538.380000,2950,3.540000,0.141909,1535.224000,1531.387000,1516.200500,1530.261609,0.372407,80.536431,0,train
AMZN,60,2018-03-06,20:30:00,2018-03-06T20:30:00+00:00,1538.390000,1539.530000,1534.230000,1536.620000,2633,5.300000,-0.114406,1536.650000,1532.895000,1518.886500,1531.417680,0.374843,72.243346,1,train
AMZN,60,2018-03-06,21:30:00,2018-03-06T21:30:00+00:00,1536.640000,1537.000000,1536.610000,1536.680000,17,0.390000,0.003905,1537.116000,1534.314000,1521.275500,1532.374466,0.375938,70.716332,0,train
AMZN,60,2018-03-07,13:30:00,2018-03-07T13:30:00+00:00,1528.780000,1528.780000,1523.970000,1526.000000,646,4.810000,-0.695005,1534.776000,1534.706000,1523.195500,1531.215472,0.451479,56.808369,1,train
AMZN,60,2018-03-07,14:30:00,2018-03-07T14:30:00+00:00,1525.980000,1539.730000,1522.190000,1538.180000,4727,17.540000,0.798165,1535.172000,1535.366000,1525.129500,1532.481750,0.479550,65.053990,0,train
AMZN,60,2018-03-07,15:30:00,2018-03-07T15:30:00+00:00,1538.190000,1541.480000,1532.030000,1535.970000,3171,9.450000,-0.143676,1534.690000,1534.957000,1527.233500,1533.115977,0.446790,60.503712,0,train
AMZN,60,2018-03-07,16:30:00,2018-03-07T16:30:00+00:00,1536.010000,1536.500000,1526.980000,1531.620000,2919,9.520000,-0.283209,1533.690000,1535.170000,1529.024500,1532.843981,0.395840,56.332362,1,train
AMZN,60,2018-03-07,17:30:00,2018-03-07T17:30:00+00:00,1531.630000,1535.240000,1529.270000,1535.230000,2472,5.970000,0.235698,1533.400000,1535.258000,1530.183500,1533.277803,0.389661,58.732899,1,train
AMZN,60,2018-03-07,18:30:00,2018-03-07T18:30:00+00:00,1535.260000,1539.200000,1532.470000,1536.000000,2599,6.730000,0.050155,1535.400000,1535.088000,1531.234000,1533.772748,0.383072,53.320313,1,train
AMZN,60,2018-03-07,19:30:00,2018-03-07T19:30:00+00:00,1536.000000,1540.940000,1535.410000,1540.590000,3296,5.530000,0.298828,1535.882000,1535.527000,1532.373500,1535.012248,0.393420,50.422850,1,train
AMZN,60,2018-03-07,20:30:00,2018-03-07T20:30:00+00:00,1540.610000,1545.230000,1540.610000,1544.470000,2691,4.620000,0.251852,1537.582000,1536.136000,1533.761500,1536.731839,0.398423,63.379778,0,train
AMZN,60,2018-03-07,21:30:00,2018-03-07T21:30:00+00:00,1544.480000,1544.600000,1544.130000,1544.130000,44,0.470000,-0.022014,1540.084000,1536.887000,1534.891000,1538.076960,0.395499,59.502526,1,train
AMZN,60,2018-03-08,13:30:00,2018-03-08T13:30:00+00:00,1551.470000,1552.500000,1549.970000,1549.980000,448,2.530000,0.378854,1543.034000,1538.217000,1536.265500,1540.241149,0.408266,61.378799,1,train
AMZN,60,2018-03-08,14:30:00,2018-03-08T14:30:00+00:00,1549.000000,1554.490000,1546.500000,1550.060000,4295,7.990000,0.005161,1545.846000,1540.623000,1537.664500,1542.026394,0.306653,63.189951,1,train
AMZN,60,2018-03-08,15:30:00,2018-03-08T15:30:00+00:00,1550.070000,1553.990000,1547.670000,1552.260000,2749,6.320000,0.141930,1548.180000,1542.031000,1538.698500,1543.887050,0.208798,63.203957,0,train
AMZN,60,2018-03-08,16:30:00,2018-03-08T16:30:00+00:00,1552.270000,1553.000000,1549.080000,1550.600000,2494,3.920000,-0.106941,1549.406000,1543.494000,1539.225500,1545.107586,0.204482,63.324438,0,train
AMZN,60,2018-03-08,17:30:00,2018-03-08T17:30:00+00:00,1550.570000,1552.070000,1547.380000,1548.420000,2226,4.690000,-0.140591,1550.264000,1545.174000,1540.172000,1545.709843,0.178492,60.754855,1,train
AMZN,60,2018-03-08,18:30:00,2018-03-08T18:30:00+00:00,1548.450000,1549.480000,1545.510000,1549.030000,2166,3.970000,0.039395,1550.074000,1546.554000,1540.906000,1546.313508,0.173778,75.870591,1,train
AMZN,60,2018-03-08,19:30:00,2018-03-08T19:30:00+00:00,1549.000000,1553.380000,1547.970000,1550.410000,2545,5.410000,0.089088,1550.144000,1547.995000,1541.541500,1547.058325,0.173230,68.140018,1,train
AMZN,60,2018-03-08,20:30:00,2018-03-08T20:30:00+00:00,1550.410000,1551.470000,1545.670000,1551.170000,2429,5.800000,0.049019,1549.926000,1549.053000,1542.290000,1547.805902,0.157650,73.558586,0,train
AMZN,60,2018-03-08,21:30:00,2018-03-08T21:30:00+00:00,1551.040000,1551.330000,1550.200000,1550.200000,51,1.130000,-0.062533,1549.846000,1549.626000,1542.881000,1548.241193,0.148098,82.167590,1,train
AMZN,60,2018-03-09,13:30:00,2018-03-09T13:30:00+00:00,1554.500000,1565.010000,1553.050000,1563.470000,1101,11.960000,0.856019,1552.856000,1551.560000,1544.223500,1551.010067,0.295780,86.637260,0,train
AMZN,60,2018-03-09,14:30:00,2018-03-09T14:30:00+00:00,1563.120000,1564.430000,1559.110000,1561.940000,4968,5.320000,-0.097859,1555.438000,1552.756000,1545.486500,1552.997327,0.288639,83.002545,1,train
AMZN,60,2018-03-09,15:30:00,2018-03-09T15:30:00+00:00,1561.990000,1566.770000,1560.730000,1566.250000,3409,6.040000,0.275939,1558.606000,1554.375000,1547.499000,1555.406904,0.293779,82.880574,1,train
AMZN,60,2018-03-09,16:30:00,2018-03-09T16:30:00+00:00,1566.260000,1571.150000,1566.030000,1568.010000,3224,5.120000,0.112370,1561.974000,1555.950000,1548.990500,1557.698376,0.293507,81.897019,1,train
AMZN,60,2018-03-09,17:30:00,2018-03-09T17:30:00+00:00,1568.010000,1570.850000,1568.010000,1570.230000,2570,2.840000,0.141581,1565.980000,1557.913000,1550.703500,1559.976853,0.284284,83.651367,1,train
AMZN,60,2018-03-09,18:30:00,2018-03-09T18:30:00+00:00,1570.490000,1573.100000,1569.000000,1571.460000,2742,4.100000,0.078332,1567.578000,1560.217000,1552.695500,1562.064698,0.269497,81.440281,1,train
AMZN,60,2018-03-09,19:30:00,2018-03-09T19:30:00+00:00,1571.460000,1575.720000,1571.430000,1575.570000,3055,4.290000,0.261540,1570.304000,1562.871000,1554.712500,1564.520208,0.268692,83.398795,1,train
AMZN,60,2018-03-09,20:30:00,2018-03-09T20:30:00+00:00,1575.550000,1578.490000,1575.090000,1578.260000,2780,3.400000,0.170732,1572.706000,1565.656000,1556.825500,1567.018352,0.267185,83.609100,1,train
AMZN,60,2018-03-12,12:30:00,2018-03-12T12:30:00+00:00,1588.010000,1591.440000,1586.990000,1591.040000,504,4.450000,0.809753,1577.312000,1569.643000,1559.348000,1571.385924,0.327670,90.602410,1,train
AMZN,60,2018-03-12,13:30:00,2018-03-12T13:30:00+00:00,1591.040000,1599.060000,1586.640000,1597.760000,1803,12.420000,0.422365,1582.818000,1574.399000,1562.012500,1576.181211,0.310981,95.399338,0,train
AMZN,60,2018-03-12,14:30:00,2018-03-12T14:30:00+00:00,1597.760000,1599.520000,1593.670000,1593.930000,3646,5.850000,-0.239711,1587.312000,1577.445000,1564.502500,1579.408263,0.286588,89.002780,1,train
AMZN,60,2018-03-12,15:30:00,2018-03-12T15:30:00+00:00,1593.900000,1605.180000,1593.690000,1601.650000,3469,11.490000,0.484337,1592.528000,1581.416000,1567.086000,1583.452215,0.279879,90.093897,1,train
AMZN,60,2018-03-12,16:30:00,2018-03-12T16:30:00+00:00,1601.660000,1603.980000,1600.200000,1602.160000,2845,3.780000,0.031842,1597.308000,1585.007000,1569.691000,1586.853631,0.288057,90.054988,0,train
AMZN,60,2018-03-12,17:30:00,2018-03-12T17:30:00+00:00,1602.140000,1603.980000,1594.970000,1597.330000,2571,9.010000,-0.301468,1598.566000,1587.939000,1571.944500,1588.758425,0.332677,84.905940,1,train
AMZN,60,2018-03-12,18:30:00,2018-03-12T18:30:00+00:00,1597.340000,1601.390000,1595.980000,1600.190000,3029,5.410000,0.179049,1599.052000,1590.935000,1574.424000,1590.836893,0.332333,82.154116,0,train
AMZN,60,2018-03-12,19:30:00,2018-03-12T19:30:00+00:00,1600.250000,1603.490000,1598.180000,1599.000000,2572,5.310000,-0.074366,1600.066000,1593.689000,1576.953000,1592.321095,0.341401,82.646230,0,train
AMZN,60,2018-03-12,20:30:00,2018-03-12T20:30:00+00:00,1598.990000,1599.830000,1598.380000,1598.600000,56,1.450000,-0.025016,1599.456000,1595.992000,1579.431500,1593.462714,0.345279,80.605487,1,train
AMZN,60,2018-03-13,12:30:00,2018-03-13T12:30:00+00:00,1606.980000,1616.500000,1606.970000,1614.260000,935,9.530000,0.979607,1601.876000,1599.592000,1582.624000,1597.244038,0.434898,84.644195,0,train
AMZN,60,2018-03-13,13:30:00,2018-03-13T13:30:00+00:00,1614.270000,1616.740000,1605.970000,1608.890000,5544,10.770000,-0.332660,1604.188000,1601.377000,1585.510000,1599.361486,0.414261,77.653791,0,train
AMZN,60,2018-03-13,14:30:00,2018-03-13T14:30:00+00:00,1608.850000,1608.990000,1580.510000,1584.030000,5844,28.480000,-1.545165,1600.956000,1600.004000,1587.201500,1596.573943,0.650540,56.719769,1,train
AMZN,60,2018-03-13,15:30:00,2018-03-13T15:30:00+00:00,1584.030000,1590.050000,1577.990000,1584.340000,5243,12.060000,0.019570,1598.024000,1599.045000,1588.245000,1594.349590,0.648825,54.886883,1,train
AMZN,60,2018-03-13,16:30:00,2018-03-13T16:30:00+00:00,1584.350000,1603.040000,1584.320000,1599.330000,5097,18.720000,0.946135,1598.170000,1598.813000,1590.114500,1595.255119,0.705691,60.325394,0,train
AMZN,60,2018-03-13,17:30:00,2018-03-13T17:30:00+00:00,1599.330000,1601.240000,1586.470000,1590.080000,4140,14.770000,-0.578367,1593.334000,1597.605000,1591.306000,1594.314188,0.727500,49.512690,0,train
AMZN,60,2018-03-13,18:30:00,2018-03-13T18:30:00+00:00,1590.060000,1595.790000,1585.020000,1587.040000,4724,10.770000,-0.191185,1588.964000,1596.576000,1592.257500,1592.991609,0.724486,44.347184,1,train
AMZN,60,2018-03-13,19:30:00,2018-03-13T19:30:00+00:00,1587.060000,1590.550000,1585.470000,1588.700000,2950,5.080000,0.104597,1589.898000,1595.427000,1593.181000,1592.211316,0.722109,47.177550,0,train
AMZN,60,2018-03-13,20:30:00,2018-03-13T20:30:00+00:00,1588.680000,1588.710000,1587.290000,1587.500000,59,1.420000,-0.075533,1590.530000,1594.277000,1593.983000,1591.354713,0.722110,41.785673,1,train
AMZN,60,2018-03-14,12:30:00,2018-03-14T12:30:00+00:00,1597.000000,1598.810000,1593.970000,1597.000000,350,4.840000,0.598425,1590.064000,1594.117000,1595.054500,1592.381129,0.752673,47.287637,1,train
AMZN,60,2018-03-14,13:30:00,2018-03-14T13:30:00+00:00,1596.980000,1606.200000,1593.970000,1602.560000,4788,12.230000,0.348153,1592.560000,1592.947000,1596.269500,1594.231833,0.684019,52.728221,0,train
AMZN,60,2018-03-14,14:30:00,2018-03-14T14:30:00+00:00,1602.570000,1604.990000,1591.630000,1595.980000,3715,13.360000,-0.410593,1594.348000,1591.656000,1596.516500,1594.549681,0.687770,47.885909,1,train
AMZN,60,2018-03-14,15:30:00,2018-03-14T15:30:00+00:00,1595.990000,1598.970000,1591.220000,1597.600000,3098,7.750000,0.101505,1596.128000,1593.013000,1596.508500,1595.104285,0.455467,49.300000,0,train
AMZN,60,2018-03-14,16:30:00,2018-03-14T16:30:00+00:00,1597.690000,1600.880000,1595.440000,1596.740000,2635,5.440000,-0.053831,1597.976000,1594.253000,1596.649000,1595.401688,0.457249,49.074258,1,train
AMZN,60,2018-03-14,17:30:00,2018-03-14T17:30:00+00:00,1596.800000,1601.980000,1596.800000,1599.560000,2924,5.180000,0.176610,1598.488000,1594.276000,1596.544500,1596.157744,0.346405,41.611504,0,train
AMZN,60,2018-03-14,18:30:00,2018-03-14T18:30:00+00:00,1599.540000,1600.750000,1591.580000,1593.040000,3346,9.170000,-0.407612,1596.584000,1594.572000,1596.088500,1595.590882,0.317633,41.072434,0,train
AMZN,60,2018-03-14,19:30:00,2018-03-14T19:30:00+00:00,1593.060000,1594.400000,1590.510000,1591.240000,2100,3.890000,-0.112992,1595.636000,1594.992000,1595.784000,1594.799812,0.312808,55.486227,1,train
AMZN,60,2018-03-14,20:30:00,2018-03-14T20:30:00+00:00,1591.240000,1592.940000,1591.000000,1592.090000,74,1.940000,0.053417,1594.534000,1595.331000,1595.379000,1594.307119,0.311812,55.849057,1,train
AMZN,60,2018-03-15,12:30:00,2018-03-15T12:30:00+00:00,1592.970000,1597.000000,1592.970000,1593.980000,219,4.030000,0.118712,1593.982000,1595.979000,1595.128000,1594.247643,0.311128,44.967074,0,train
AMZN,60,2018-03-15,13:30:00,2018-03-15T13:30:00+00:00,1594.000000,1596.100000,1578.070000,1581.590000,4871,18.030000,-0.777300,1590.388000,1594.438000,1594.277500,1591.946253,0.340152,42.458696,1,train
AMZN,60,2018-03-15,14:30:00,2018-03-15T14:30:00+00:00,1581.600000,1590.100000,1581.500000,1586.080000,3214,8.600000,0.283892,1588.996000,1592.790000,1592.868500,1590.879662,0.331312,49.168687,0,train
AMZN,60,2018-03-15,15:30:00,2018-03-15T15:30:00+00:00,1586.110000,1586.620000,1582.490000,1584.230000,2564,4.130000,-0.116640,1587.594000,1591.615000,1591.635500,1589.670632,0.313535,46.141895,1,train
AMZN,60,2018-03-15,16:30:00,2018-03-15T16:30:00+00:00,1584.230000,1587.030000,1581.660000,1585.430000,2241,5.370000,0.075747,1586.262000,1590.398000,1591.705500,1588.899608,0.312040,48.213361,0,train
AMZN,60,2018-03-15,17:30:00,2018-03-15T17:30:00+00:00,1585.250000,1585.910000,1578.220000,1582.150000,2312,7.690000,-0.206884,1583.896000,1588.939000,1591.596000,1587.672407,0.314575,35.641075,1,train
AMZN,60,2018-03-15,18:30:00,2018-03-15T18:30:00+00:00,1582.150000,1583.960000,1580.380000,1583.960000,2385,3.580000,0.114401,1584.370000,1587.379000,1590.827500,1586.997424,0.309259,30.608841,0,train
AMZN,60,2018-03-15,19:30:00,2018-03-15T19:30:00+00:00,1583.930000,1586.170000,1581.840000,1583.050000,2009,4.330000,-0.057451,1583.764000,1586.380000,1590.476000,1586.279710,0.289436,34.712698,1,train
AMZN,60,2018-03-15,20:30:00,2018-03-15T20:30:00+00:00,1583.220000,1584.250000,1583.020000,1583.720000,62,1.230000,0.042323,1583.662000,1585.628000,1590.310000,1585.814308,0.290591,33.212385,0,train
AMZN,60,2018-03-16,12:30:00,2018-03-16T12:30:00+00:00,1585.000000,1585.250000,1579.980000,1579.980000,256,5.270000,-0.236153,1582.572000,1584.417000,1589.874000,1584.753525,0.293884,31.049299,1,train
AMZN,60,2018-03-16,13:30:00,2018-03-16T13:30:00+00:00,1579.970000,1589.140000,1575.970000,1585.270000,3747,13.170000,0.334814,1583.196000,1583.546000,1589.762500,1584.847430,0.316837,34.696937,0,train
AMZN,60,2018-03-16,14:30:00,2018-03-16T14:30:00+00:00,1585.260000,1586.910000,1576.870000,1578.380000,3223,10.040000,-0.434626,1582.080000,1583.225000,1588.831500,1583.671533,0.238901,34.424139,0,train
AMZN,60,2018-03-16,15:30:00,2018-03-16T15:30:00+00:00,1578.390000,1580.010000,1569.920000,1573.490000,3253,10.090000,-0.309811,1580.168000,1581.966000,1587.378000,1581.820345,0.228519,32.303091,0,train
AMZN,60,2018-03-16,16:30:00,2018-03-16T16:30:00+00:00,1573.490000,1574.600000,1571.860000,1572.000000,2258,2.740000,-0.094694,1577.824000,1580.743000,1586.179000,1580.034828,0.228227,30.222485,1,train
AMZN,60,2018-03-16,17:30:00,2018-03-16T17:30:00+00:00,1571.990000,1573.910000,1570.500000,1572.170000,1794,3.410000,0.010814,1576.262000,1579.417000,1584.907500,1578.604859,0.224280,27.776646,0,train
AMZN,60,2018-03-16,18:30:00,2018-03-16T18:30:00+00:00,1572.200000,1572.730000,1567.880000,1568.310000,2411,4.850000,-0.245521,1572.870000,1578.033000,1583.486000,1576.733067,0.226954,33.621115,1,train
AMZN,60,2018-03-16,19:30:00,2018-03-16T19:30:00+00:00,1568.300000,1571.890000,1567.580000,1568.640000,2616,4.310000,0.021042,1570.922000,1576.501000,1581.940000,1575.261600,0.219521,26.030786,0,train
AMZN,60,2018-03-19,12:30:00,2018-03-19T12:30:00+00:00,1555.100000,1557.750000,1553.980000,1555.780000,331,3.770000,-0.819818,1567.380000,1573.774000,1580.077000,1571.719491,0.315630,19.983119,1,train
AMZN,60,2018-03-19,13:30:00,2018-03-19T13:30:00+00:00,1554.520000,1560.990000,1542.000000,1560.620000,4808,18.990000,0.311098,1565.104000,1571.464000,1578.546000,1569.701402,0.346001,25.690770,0,train
AMZN,60,2018-03-19,14:30:00,2018-03-19T14:30:00+00:00,1560.970000,1561.360000,1543.800000,1547.960000,4111,17.560000,-0.811216,1560.262000,1568.262000,1576.339500,1565.748420,0.405303,21.701705,0,train
AMZN,60,2018-03-19,15:30:00,2018-03-19T15:30:00+00:00,1548.280000,1548.600000,1525.330000,1540.050000,4614,23.270000,-0.510995,1554.610000,1563.740000,1573.643000,1561.075980,0.366844,16.989926,0,train
AMZN,60,2018-03-19,16:30:00,2018-03-19T16:30:00+00:00,1540.040000,1542.270000,1529.680000,1531.640000,3310,12.590000,-0.546086,1547.210000,1559.066000,1571.145500,1555.723983,0.373416,15.268207,1,train
AMZN,60,2018-03-19,17:30:00,2018-03-19T17:30:00+00:00,1531.650000,1544.000000,1531.100000,1540.990000,4146,12.900000,0.610457,1544.252000,1555.816000,1568.891000,1553.045077,0.471194,24.162535,0,train
AMZN,60,2018-03-19,18:30:00,2018-03-19T18:30:00+00:00,1540.920000,1541.070000,1530.970000,1533.330000,4139,10.100000,-0.497083,1538.794000,1551.949000,1566.346000,1549.460518,0.477629,23.068930,1,train
AMZN,60,2018-03-19,19:30:00,2018-03-19T19:30:00+00:00,1533.340000,1547.870000,1529.990000,1546.570000,3275,17.880000,0.863480,1538.516000,1549.389000,1564.403000,1548.934969,0.591458,29.536802,1,train
AMZN,60,2018-03-19,20:30:00,2018-03-19T20:30:00+00:00,1546.590000,1548.180000,1546.570000,1547.500000,103,1.610000,0.060133,1540.006000,1547.308000,1562.670500,1548.674066,0.594579,32.573363,1,train
AMZN,60,2018-03-20,12:30:00,2018-03-20T12:30:00+00:00,1552.500000,1552.780000,1542.300000,1547.700000,503,10.480000,0.012924,1543.218000,1545.214000,1560.857500,1548.496963,0.594352,34.632344,1,train
AMZN,60,2018-03-20,13:30:00,2018-03-20T13:30:00+00:00,1547.670000,1568.000000,1545.380000,1567.070000,5352,22.620000,1.251535,1548.434000,1546.343000,1560.058500,1551.873879,0.682663,47.578348,1,train
AMZN,60,2018-03-20,14:30:00,2018-03-20T14:30:00+00:00,1567.100000,1573.290000,1565.260000,1569.240000,3909,8.030000,0.138475,1555.616000,1547.205000,1559.334500,1555.031355,0.678181,48.588496,1,train
AMZN,60,2018-03-20,15:30:00,2018-03-20T15:30:00+00:00,1569.250000,1575.400000,1560.970000,1574.970000,3050,14.430000,0.365145,1561.296000,1549.906000,1559.084000,1558.656563,0.609349,53.151618,0,train
AMZN,60,2018-03-20,16:30:00,2018-03-20T16:30:00+00:00,1574.740000,1579.500000,1573.470000,1574.060000,2931,6.030000,-0.057779,1566.608000,1553.307000,1558.523500,1561.457188,0.568135,52.550828,1,train
AMZN,60,2018-03-20,17:30:00,2018-03-20T17:30:00+00:00,1574.060000,1575.270000,1568.990000,1574.490000,2429,6.280000,0.027318,1571.966000,1557.592000,1558.329000,1563.826790,0.507961,59.972284,1,train
AMZN,60,2018-03-20,18:30:00,2018-03-20T18:30:00+00:00,1574.580000,1580.830000,1572.650000,1578.620000,2494,8.180000,0.262307,1574.276000,1561.355000,1558.585500,1566.516465,0.494350,59.667025,1,train
AMZN,60,2018-03-20,19:30:00,2018-03-20T19:30:00+00:00,1578.640000,1588.030000,1578.610000,1587.200000,2625,9.420000,0.543513,1577.868000,1566.742000,1559.345500,1570.277108,0.426156,72.039991,1,train
AMZN,60,2018-03-20,20:30:00,2018-03-20T20:30:00+00:00,1587.190000,1588.980000,1587.190000,1588.000000,98,1.790000,0.050403,1580.474000,1570.885000,1560.137000,1573.499452,0.392868,79.269930,0,train
AMZN,60,2018-03-21,12:30:00,2018-03-21T12:30:00+00:00,1585.500000,1587.360000,1583.740000,1585.000000,236,3.620000,-0.188917,1582.662000,1574.635000,1560.971500,1575.590460,0.414618,84.875817,0,train
AMZN,60,2018-03-21,13:30:00,2018-03-21T13:30:00+00:00,1585.360000,1589.640000,1572.170000,1584.210000,4842,17.470000,-0.049842,1584.606000,1578.286000,1561.750000,1577.157649,0.418899,81.807477,0,train
AMZN,60,2018-03-21,14:30:00,2018-03-21T14:30:00+00:00,1584.220000,1585.010000,1576.110000,1578.960000,3050,8.900000,-0.331395,1584.674000,1579.475000,1562.909000,1577.485350,0.261129,84.816115,1,train
AMZN,60,2018-03-21,15:30:00,2018-03-21T15:30:00+00:00,1578.980000,1584.710000,1578.170000,1584.120000,2629,6.540000,0.326797,1584.058000,1580.963000,1564.084000,1578.691650,0.272677,82.680592,0,train
AMZN,60,2018-03-21,16:30:00,2018-03-21T16:30:00+00:00,1584.130000,1586.660000,1578.560000,1579.340000,2563,8.100000,-0.301745,1582.326000,1581.400000,1565.653000,1578.809532,0.280635,75.970636,0,train
AMZN,60,2018-03-21,17:30:00,2018-03-21T17:30:00+00:00,1579.360000,1588.280000,1575.580000,1578.930000,3298,12.700000,-0.025960,1581.112000,1581.887000,1567.597000,1578.831435,0.279732,75.386116,0,train
AMZN,60,2018-03-21,18:30:00,2018-03-21T18:30:00+00:00,1579.190000,1579.200000,1563.160000,1572.840000,3783,16.040000,-0.385704,1578.838000,1581.722000,1569.657000,1577.742083,0.309305,55.981754,1,train
AMZN,60,2018-03-21,19:30:00,2018-03-21T19:30:00+00:00,1572.830000,1582.990000,1571.220000,1579.890000,2692,11.770000,0.448234,1579.024000,1581.849000,1571.602000,1578.132613,0.332234,60.026360,0,train
AMZN,60,2018-03-21,20:30:00,2018-03-21T20:30:00+00:00,1579.880000,1580.100000,1577.240000,1578.500000,110,2.860000,-0.087981,1577.900000,1580.979000,1573.860500,1578.199411,0.274197,53.619028,0,train
AMZN,60,2018-03-22,12:30:00,2018-03-22T12:30:00+00:00,1571.680000,1572.500000,1561.970000,1563.700000,738,10.530000,-0.937599,1574.772000,1578.549000,1574.717000,1575.563154,0.386966,41.733163,1,train
AMZN,60,2018-03-22,13:30:00,2018-03-22T13:30:00+00:00,1563.570000,1573.200000,1555.980000,1565.610000,4872,17.220000,0.122146,1572.108000,1576.610000,1575.622500,1573.753490,0.396187,43.077643,0,train
AMZN,60,2018-03-22,14:30:00,2018-03-22T14:30:00+00:00,1565.610000,1565.630000,1545.710000,1551.000000,4359,19.920000,-0.933183,1567.740000,1573.289000,1575.787500,1569.616492,0.469860,31.492897,1,train
AMZN,60,2018-03-22,15:30:00,2018-03-22T15:30:00+00:00,1551.000000,1556.450000,1544.800000,1553.760000,4469,11.650000,0.177950,1562.514000,1570.769000,1575.122000,1566.733493,0.482746,25.697674,1,train
AMZN,60,2018-03-22,16:30:00,2018-03-22T16:30:00+00:00,1553.500000,1561.050000,1549.970000,1560.910000,3579,11.080000,0.460174,1558.996000,1568.448000,1574.705500,1565.674676,0.499242,31.976048,0,train
AMZN,60,2018-03-22,17:30:00,2018-03-22T17:30:00+00:00,1560.960000,1565.400000,1555.170000,1555.490000,2911,10.230000,-0.347233,1557.354000,1566.063000,1573.731500,1563.822917,0.501019,30.978471,0,train
AMZN,60,2018-03-22,18:30:00,2018-03-22T18:30:00+00:00,1555.460000,1559.390000,1545.090000,1546.220000,3328,14.300000,-0.595954,1553.476000,1562.792000,1572.339500,1560.622387,0.517380,27.925625,0,train
AMZN,60,2018-03-22,19:30:00,2018-03-22T19:30:00+00:00,1546.190000,1549.290000,1540.470000,1541.480000,3767,8.820000,-0.306554,1551.572000,1559.656000,1570.689000,1557.141953,0.514957,28.092121,1,train
AMZN,60,2018-03-22,20:30:00,2018-03-22T20:30:00+00:00,1541.480000,1543.970000,1540.970000,1541.500000,153,3.000000,0.001297,1549.120000,1555.817000,1568.833000,1554.297961,0.469866,23.495025,0,train
AMZN,60,2018-03-23,12:30:00,2018-03-23T12:30:00+00:00,1543.150000,1547.000000,1538.070000,1538.980000,730,8.930000,-0.163477,1544.734000,1551.865000,1566.422000,1551.512877,0.467670,24.174558,0,train
AMZN,60,2018-03-23,13:30:00,2018-03-23T13:30:00+00:00,1538.990000,1548.990000,1516.970000,1532.990000,6422,32.020000,-0.389219,1540.234000,1548.794000,1563.671500,1548.145082,0.406532,22.563306,0,train
AMZN,60,2018-03-23,14:30:00,2018-03-23T14:30:00+00:00,1533.010000,1545.300000,1526.970000,1527.680000,3788,18.330000,-0.346382,1536.526000,1545.001000,1560.805500,1544.424158,0.392363,22.775500,0,train
AMZN,60,2018-03-23,15:30:00,2018-03-23T15:30:00+00:00,1527.700000,1531.010000,1517.970000,1523.200000,3990,13.040000,-0.293255,1532.870000,1542.221000,1557.755000,1540.565220,0.311337,14.731865,0,train
AMZN,60,2018-03-23,16:30:00,2018-03-23T16:30:00+00:00,1523.260000,1524.060000,1508.920000,1522.140000,3978,15.140000,-0.069590,1528.998000,1539.059000,1554.914000,1537.215180,0.288709,14.792604,0,train
AMZN,60,2018-03-23,17:30:00,2018-03-23T17:30:00+00:00,1522.130000,1530.340000,1515.590000,1517.050000,3379,14.750000,-0.334398,1524.612000,1534.673000,1551.560500,1533.548784,0.170392,16.834921,0,train
AMZN,60,2018-03-23,18:30:00,2018-03-23T18:30:00+00:00,1517.250000,1519.500000,1500.040000,1504.970000,5121,19.460000,-0.796282,1519.008000,1529.621000,1547.842000,1528.352641,0.235500,12.335404,0,train
AMZN,60,2018-03-23,19:30:00,2018-03-23T19:30:00+00:00,1504.990000,1506.000000,1495.350000,1495.800000,3989,10.650000,-0.609314,1512.632000,1524.579000,1543.685500,1522.433979,0.237212,13.229416,1,train
AMZN,60,2018-03-26,12:30:00,2018-03-26T12:30:00+00:00,1528.000000,1530.490000,1525.090000,1528.590000,762,5.400000,2.192138,1513.710000,1523.290000,1541.473000,1523.553256,0.833086,38.024550,0,train
AMZN,60,2018-03-26,13:30:00,2018-03-26T13:30:00+00:00,1528.570000,1539.000000,1522.270000,1525.450000,5292,16.730000,-0.205418,1514.372000,1521.685000,1538.751000,1523.898118,0.833386,32.459438,0,train
AMZN,60,2018-03-26,14:30:00,2018-03-26T14:30:00+00:00,1525.470000,1530.620000,1498.970000,1508.140000,4549,31.650000,-1.134747,1512.590000,1518.601000,1535.233000,1521.033006,0.895679,29.043109,1,train
AMZN,60,2018-03-26,15:30:00,2018-03-26T15:30:00+00:00,1508.130000,1522.850000,1506.520000,1520.990000,3627,16.330000,0.852043,1515.794000,1517.401000,1533.097500,1521.025187,0.950657,39.176319,1,train
AMZN,60,2018-03-26,16:30:00,2018-03-26T16:30:00+00:00,1521.010000,1532.470000,1518.980000,1529.000000,3047,13.490000,0.526631,1522.434000,1517.533000,1531.267000,1522.475153,0.962923,44.792188,1,train
AMZN,60,2018-03-26,17:30:00,2018-03-26T17:30:00+00:00,1529.160000,1534.980000,1522.090000,1534.300000,3180,12.890000,0.346632,1523.576000,1518.643000,1530.432000,1524.625125,0.961587,47.122302,1,train
AMZN,60,2018-03-26,18:30:00,2018-03-26T18:30:00+00:00,1534.600000,1545.490000,1534.580000,1544.930000,3500,10.910000,0.692824,1527.472000,1520.922000,1529.990500,1528.316920,0.978765,52.233316,1,train
AMZN,60,2018-03-26,19:30:00,2018-03-26T19:30:00+00:00,1544.940000,1556.890000,1544.220000,1554.560000,3214,12.670000,0.623329,1536.756000,1524.673000,1529.673000,1533.088389,0.972610,57.880891,1,train
AMZN,60,2018-03-26,20:30:00,2018-03-26T20:30:00+00:00,1555.170000,1555.860000,1554.550000,1554.970000,88,1.310000,0.026374,1543.552000,1529.673000,1529.647000,1537.066864,0.906970,60.341038,1,train
AMZN,60,2018-03-27,12:30:00,2018-03-27T12:30:00+00:00,1568.100000,1571.400000,1565.860000,1571.080000,430,5.540000,1.036033,1551.968000,1537.201000,1530.890000,1543.251071,0.865728,66.673631,0,train
AMZN,60,2018-03-27,13:30:00,2018-03-27T13:30:00+00:00,1571.080000,1574.800000,1562.680000,1568.070000,5238,12.120000,-0.191588,1558.722000,1541.149000,1532.219500,1547.763603,0.647307,65.780251,0,train
AMZN,60,2018-03-27,14:30:00,2018-03-27T14:30:00+00:00,1568.040000,1574.050000,1565.120000,1567.030000,3883,8.930000,-0.066324,1563.142000,1545.307000,1533.496000,1551.266584,0.637684,67.663274,0,train
AMZN,60,2018-03-27,15:30:00,2018-03-27T15:30:00+00:00,1567.060000,1575.640000,1561.250000,1561.260000,4132,14.390000,-0.368212,1564.482000,1550.619000,1534.610000,1553.083569,0.475312,70.821928,0,train
AMZN,60,2018-03-27,16:30:00,2018-03-27T16:30:00+00:00,1561.270000,1565.360000,1552.330000,1552.340000,3707,13.030000,-0.571333,1563.956000,1553.754000,1535.577500,1552.948375,0.518670,70.953157,0,train
AMZN,60,2018-03-27,17:30:00,2018-03-27T17:30:00+00:00,1552.320000,1554.860000,1521.230000,1522.570000,4343,33.630000,-1.917750,1554.254000,1553.111000,1535.322000,1547.425034,0.831893,47.717968,0,train
AMZN,60,2018-03-27,18:30:00,2018-03-27T18:30:00+00:00,1522.540000,1533.460000,1500.480000,1500.990000,4671,32.980000,-1.417340,1540.838000,1549.780000,1534.211500,1538.982300,0.923060,41.865106,0,train
AMZN,60,2018-03-27,19:30:00,2018-03-27T19:30:00+00:00,1500.980000,1501.780000,1481.990000,1498.300000,4381,19.790000,-0.179215,1527.092000,1545.117000,1533.019500,1531.585519,0.867228,46.374889,1,train
AMZN,60,2018-03-27,20:30:00,2018-03-27T20:30:00+00:00,1497.980000,1498.350000,1495.460000,1498.340000,154,2.890000,0.002670,1514.508000,1539.495000,1532.084000,1525.540879,0.814185,40.785941,0,train
AMZN,60,2018-03-28,12:30:00,2018-03-28T12:30:00+00:00,1485.000000,1487.010000,1430.970000,1447.000000,2957,56.040000,-3.426459,1493.440000,1528.698000,1529.185500,1511.260719,1.247019,25.336862,0,train
AMZN,60,2018-03-28,13:30:00,2018-03-28T13:30:00+00:00,1449.550000,1453.080000,1403.770000,1422.980000,8383,49.310000,-1.659986,1473.522000,1513.888000,1525.544500,1495.209679,1.111694,19.907007,0,train
AMZN,60,2018-03-28,14:30:00,2018-03-28T14:30:00+00:00,1423.020000,1430.130000,1386.310000,1398.000000,6869,43.820000,-1.755471,1452.924000,1496.881000,1519.015000,1477.535192,1.098451,13.140334,1,train
AMZN,60,2018-03-28,15:30:00,2018-03-28T15:30:00+00:00,1398.000000,1455.430000,1393.910000,1441.310000,6840,61.520000,3.097997,1441.526000,1484.309000,1514.808000,1470.948794,1.720472,25.696382,0,train
AMZN,60,2018-03-28,16:30:00,2018-03-28T16:30:00+00:00,1441.640000,1446.470000,1412.990000,1426.980000,4889,33.480000,-0.994234,1427.254000,1470.881000,1510.750000,1462.954467,1.713602,24.081649,0,train
AMZN,60,2018-03-28,17:30:00,2018-03-28T17:30:00+00:00,1427.220000,1440.440000,1419.970000,1425.500000,4250,20.470000,-0.103716,1422.954000,1458.197000,1505.975500,1456.144564,1.729333,18.662821,1,train
AMZN,60,2018-03-28,18:30:00,2018-03-28T18:30:00+00:00,1425.490000,1443.920000,1416.380000,1428.940000,4801,27.540000,0.241319,1424.146000,1448.834000,1500.972500,1451.198280,1.713891,20.106570,1,train
AMZN,60,2018-03-28,19:30:00,2018-03-28T19:30:00+00:00,1428.940000,1437.460000,1426.670000,1431.420000,3706,10.790000,0.173555,1430.830000,1441.877000,1495.828500,1447.602229,1.705414,21.042067,1,train
AMZN,60,2018-03-28,20:30:00,2018-03-28T20:30:00+00:00,1431.400000,1434.000000,1431.390000,1432.000000,130,2.610000,0.040519,1428.968000,1435.247000,1490.182000,1444.765460,1.710845,21.772362,0,train
AMZN,60,2018-03-29,12:30:00,2018-03-29T12:30:00+00:00,1425.980000,1434.000000,1407.970000,1407.990000,1445,26.030000,-1.676676,1425.170000,1426.212000,1482.853500,1438.079013,1.744826,20.426142,0,train
AMZN,60,2018-03-29,13:30:00,2018-03-29T13:30:00+00:00,1405.990000,1418.870000,1365.240000,1392.080000,8938,53.630000,-1.129980,1418.486000,1420.720000,1474.709000,1429.715556,1.460342,21.656023,1,train
AMZN,60,2018-03-29,14:30:00,2018-03-29T14:30:00+00:00,1392.080000,1423.860000,1390.440000,1419.980000,6834,33.420000,2.004195,1416.694000,1420.420000,1467.154000,1427.945455,1.558930,32.873874,0,train
AMZN,60,2018-03-29,15:30:00,2018-03-29T15:30:00+00:00,1420.010000,1421.040000,1408.700000,1416.040000,4360,12.340000,-0.277469,1413.618000,1422.224000,1459.552500,1425.780827,1.440660,32.701043,0,train
AMZN,60,2018-03-29,16:30:00,2018-03-29T16:30:00+00:00,1416.160000,1418.350000,1403.450000,1415.020000,3639,14.900000,-0.072032,1410.222000,1419.595000,1451.952000,1423.824313,0.997458,32.550054,1,train
AMZN,60,2018-03-29,17:30:00,2018-03-29T17:30:00+00:00,1415.030000,1449.870000,1413.060000,1444.500000,5748,36.810000,2.083363,1417.524000,1421.347000,1446.114000,1427.583529,1.176794,49.423644,0,train
AMZN,60,2018-03-29,18:30:00,2018-03-29T18:30:00+00:00,1444.090000,1454.790000,1436.970000,1443.240000,4756,17.820000,-0.087227,1427.756000,1423.121000,1440.659000,1430.430160,1.176444,55.218422,1,train
AMZN,60,2018-03-29,19:30:00,2018-03-29T19:30:00+00:00,1443.260000,1448.990000,1433.500000,1444.000000,3673,15.490000,0.052659,1432.560000,1424.627000,1436.730500,1432.897403,1.175973,63.537375,0,train
AMZN,60,2018-03-29,20:30:00,2018-03-29T20:30:00+00:00,1444.010000,1445.000000,1440.970000,1443.970000,162,4.030000,-0.002078,1438.146000,1425.882000,1433.879500,1434.910603,1.176248,51.050387,0,train
AMZN,60,2018-04-02,12:30:00,2018-04-02T12:30:00+00:00,1424.000000,1425.250000,1412.730000,1417.370000,699,12.520000,-1.842144,1438.616000,1424.419000,1429.833000,1431.721402,1.326717,46.540428,0,train
AMZN,60,2018-04-02,13:30:00,2018-04-02T13:30:00+00:00,1416.920000,1420.450000,1382.470000,1388.690000,6911,37.980000,-2.023466,1427.454000,1422.489000,1424.350500,1423.897511,1.376268,38.918659,0,train
AMZN,60,2018-04-02,14:30:00,2018-04-02T14:30:00+00:00,1389.200000,1393.670000,1372.330000,1381.700000,5730,21.340000,-0.503352,1415.146000,1421.451000,1421.085500,1416.225236,1.339422,36.076397,1,train
AMZN,60,2018-04-02,15:30:00,2018-04-02T15:30:00+00:00,1381.700000,1384.640000,1360.970000,1384.000000,5355,23.670000,0.166462,1403.146000,1417.853000,1419.136500,1410.366102,1.134034,36.008498,0,train
AMZN,60,2018-04-02,16:30:00,2018-04-02T16:30:00+00:00,1383.190000,1391.690000,1369.090000,1370.620000,3961,22.600000,-0.966763,1388.476000,1413.311000,1417.767500,1403.139538,1.156578,33.161418,0,train
AMZN,60,2018-04-02,17:30:00,2018-04-02T17:30:00+00:00,1370.620000,1377.750000,1365.170000,1368.810000,4326,12.580000,-0.132057,1378.764000,1408.690000,1414.142500,1396.897804,1.155306,37.760840,0,train
AMZN,60,2018-04-02,18:30:00,2018-04-02T18:30:00+00:00,1368.480000,1373.570000,1359.970000,1360.900000,5106,13.600000,-0.577874,1373.206000,1400.330000,1410.838500,1390.352749,0.786388,39.747468,1,train
AMZN,60,2018-04-02,19:30:00,2018-04-02T19:30:00+00:00,1360.910000,1378.010000,1354.980000,1370.620000,4063,23.030000,0.714233,1370.990000,1393.068000,1408.094500,1386.764976,0.878901,31.565581,1,train
AMZN,60,2018-04-02,20:30:00,2018-04-02T20:30:00+00:00,1370.620000,1371.660000,1370.590000,1371.500000,113,1.070000,0.064205,1368.490000,1385.818000,1405.222500,1383.989526,0.879732,32.976609,1,train
AMZN,60,2018-04-03,12:30:00,2018-04-03T12:30:00+00:00,1386.980000,1394.500000,1381.970000,1390.560000,1321,12.530000,1.389719,1372.478000,1380.477000,1403.179500,1385.184158,1.060575,41.784227,0,train
AMZN,60,2018-04-03,13:30:00,2018-04-03T13:30:00+00:00,1390.580000,1404.990000,1355.060000,1371.070000,7411,49.930000,-1.401594,1372.930000,1375.847000,1400.133000,1382.617947,1.000107,23.561604,1,train
AMZN,60,2018-04-03,14:30:00,2018-04-03T14:30:00+00:00,1371.430000,1396.950000,1368.410000,1389.440000,5381,28.540000,1.339829,1378.638000,1375.922000,1399.205500,1383.858320,0.929241,32.754199,0,train
AMZN,60,2018-04-03,15:30:00,2018-04-03T15:30:00+00:00,1389.190000,1389.190000,1368.270000,1369.460000,4073,20.920000,-1.437989,1378.406000,1374.698000,1398.074500,1381.240444,1.028259,28.727169,1,train
AMZN,60,2018-04-03,16:30:00,2018-04-03T16:30:00+00:00,1369.440000,1382.560000,1363.330000,1378.760000,3913,19.230000,0.679100,1379.858000,1374.174000,1396.013500,1380.789454,1.054585,32.325039,0,train
AMZN,60,2018-04-03,17:30:00,2018-04-03T17:30:00+00:00,1378.730000,1383.870000,1368.670000,1369.340000,3249,15.200000,-0.683223,1375.614000,1374.046000,1393.678500,1378.707735,1.030217,35.644689,1,train
AMZN,60,2018-04-03,18:30:00,2018-04-03T18:30:00+00:00,1369.360000,1413.440000,1361.190000,1397.370000,6208,52.250000,2.046972,1380.874000,1376.902000,1392.796000,1382.100874,1.214261,52.604417,0,train
AMZN,60,2018-04-03,19:30:00,2018-04-03T19:30:00+00:00,1397.080000,1397.420000,1384.340000,1393.300000,3373,13.080000,-0.291261,1381.646000,1380.142000,1390.236000,1384.137079,1.196767,53.542634,1,train
AMZN,60,2018-04-03,20:30:00,2018-04-03T20:30:00+00:00,1393.300000,1393.980000,1393.230000,1393.360000,63,0.750000,0.004306,1386.426000,1382.416000,1387.742000,1385.813974,1.186655,52.898192,0,train
AMZN,60,2018-04-04,12:30:00,2018-04-04T12:30:00+00:00,1357.970000,1364.000000,1354.120000,1355.580000,893,9.880000,-2.711431,1381.790000,1380.824000,1383.321000,1380.316888,1.498146,45.954379,1,train
AMZN,60,2018-04-04,13:30:00,2018-04-04T13:30:00+00:00,1355.180000,1375.000000,1352.850000,1366.500000,6248,22.150000,0.805559,1381.222000,1378.418000,1379.447500,1377.804726,1.443720,49.407662,1,train
AMZN,60,2018-04-04,14:30:00,2018-04-04T14:30:00+00:00,1366.730000,1383.660000,1359.310000,1379.420000,4399,24.350000,0.945481,1377.632000,1379.253000,1377.550000,1378.098412,1.410751,54.630000,1,train
AMZN,60,2018-04-04,15:30:00,2018-04-04T15:30:00+00:00,1379.400000,1396.950000,1377.060000,1395.630000,4336,19.890000,1.175132,1378.098000,1379.872000,1377.897000,1381.285974,1.395151,56.055983,0,train
AMZN,60,2018-04-04,16:30:00,2018-04-04T16:30:00+00:00,1395.760000,1396.990000,1373.080000,1378.840000,3425,23.910000,-1.203041,1375.194000,1380.810000,1377.754000,1380.841251,1.368980,51.650180,1,train
AMZN,60,2018-04-04,17:30:00,2018-04-04T17:30:00+00:00,1378.830000,1394.060000,1376.970000,1393.130000,3322,17.090000,1.036378,1382.704000,1382.247000,1378.210500,1383.075569,1.390933,50.590452,1,train
AMZN,60,2018-04-04,18:30:00,2018-04-04T18:30:00+00:00,1393.110000,1400.530000,1385.970000,1400.500000,3882,14.560000,0.529025,1389.504000,1385.363000,1379.704500,1386.243648,1.366489,57.160236,1,train
AMZN,60,2018-04-04,19:30:00,2018-04-04T19:30:00+00:00,1400.510000,1415.230000,1400.030000,1409.420000,3521,15.200000,0.636915,1395.504000,1386.568000,1381.735000,1390.457530,1.223904,55.095379,1,train
AMZN,60,2018-04-04,20:30:00,2018-04-04T20:30:00+00:00,1409.400000,1412.000000,1408.510000,1412.000000,96,3.490000,0.183054,1398.778000,1388.438000,1384.290000,1394.374343,1.216539,61.905295,1,train
AMZN,60,2018-04-05,12:30:00,2018-04-05T12:30:00+00:00,1433.000000,1440.670000,1428.500000,1440.000000,852,12.170000,1.983003,1411.010000,1393.102000,1387.759000,1402.669917,1.346018,65.514795,0,train
AMZN,60,2018-04-05,13:30:00,2018-04-05T13:30:00+00:00,1440.000000,1443.000000,1426.980000,1431.460000,6074,16.020000,-0.593056,1418.676000,1400.690000,1390.757000,1407.904477,0.908291,65.808225,1,train
AMZN,60,2018-04-05,14:30:00,2018-04-05T14:30:00+00:00,1431.480000,1447.800000,1431.180000,1445.970000,4944,16.620000,1.013650,1427.770000,1408.637000,1393.527500,1414.825481,0.917141,63.281592,1,train
AMZN,60,2018-04-05,15:30:00,2018-04-05T15:30:00+00:00,1446.010000,1454.000000,1445.980000,1448.520000,4022,8.020000,0.176352,1435.590000,1415.547000,1397.400000,1420.951757,0.914461,65.217152,0,train
AMZN,60,2018-04-05,16:30:00,2018-04-05T16:30:00+00:00,1448.120000,1457.120000,1443.760000,1446.100000,4013,13.360000,-0.167067,1442.410000,1420.594000,1400.233000,1425.524165,0.901750,64.347116,1,train
AMZN,60,2018-04-05,17:30:00,2018-04-05T17:30:00+00:00,1446.100000,1449.830000,1436.980000,1446.240000,3507,12.850000,0.009681,1443.658000,1427.334000,1404.072000,1429.290681,0.734249,81.013957,1,train
AMZN,60,2018-04-05,18:30:00,2018-04-05T18:30:00+00:00,1446.250000,1459.510000,1446.220000,1456.430000,3628,13.290000,0.704586,1448.652000,1433.664000,1407.955500,1434.225102,0.713559,80.918655,0,train
AMZN,60,2018-04-05,19:30:00,2018-04-05T19:30:00+00:00,1456.450000,1457.000000,1447.840000,1450.730000,2939,9.160000,-0.391368,1449.604000,1438.687000,1412.025000,1437.225993,0.759755,75.797699,0,train
AMZN,60,2018-04-05,20:30:00,2018-04-05T20:30:00+00:00,1450.750000,1450.750000,1446.050000,1447.520000,142,4.700000,-0.221268,1449.404000,1442.497000,1414.532500,1439.097630,0.772801,70.721188,0,train
AMZN,60,2018-04-06,12:30:00,2018-04-06T12:30:00+00:00,1433.000000,1441.490000,1427.970000,1429.250000,1097,13.520000,-1.262159,1446.034000,1444.222000,1416.330000,1437.307152,0.913198,69.895019,1,train
AMZN,60,2018-04-06,13:30:00,2018-04-06T13:30:00+00:00,1429.220000,1451.970000,1426.980000,1443.450000,4439,24.990000,0.993528,1445.476000,1444.567000,1418.834500,1438.424034,0.723426,69.873618,0,train
AMZN,60,2018-04-06,14:30:00,2018-04-06T14:30:00+00:00,1442.990000,1443.990000,1428.980000,1433.060000,4418,15.010000,-0.719803,1440.802000,1444.727000,1422.708500,1437.448755,0.736476,62.559790,0,train
AMZN,60,2018-04-06,15:30:00,2018-04-06T15:30:00+00:00,1433.040000,1438.460000,1426.430000,1426.450000,3352,12.030000,-0.461251,1435.946000,1442.775000,1425.706000,1435.448981,0.657390,56.688398,1,train
AMZN,60,2018-04-06,16:30:00,2018-04-06T16:30:00+00:00,1426.420000,1436.700000,1426.420000,1430.970000,2970,10.280000,0.316871,1432.636000,1441.020000,1428.283500,1434.634621,0.666201,57.338491,0,train
AMZN,60,2018-04-06,17:30:00,2018-04-06T17:30:00+00:00,1430.980000,1432.860000,1414.470000,1415.900000,3685,18.390000,-1.053132,1429.966000,1438.000000,1429.297000,1431.228326,0.729134,39.640646,0,train
AMZN,60,2018-04-06,18:30:00,2018-04-06T18:30:00+00:00,1415.890000,1419.460000,1400.190000,1403.130000,4640,19.270000,-0.901900,1421.902000,1433.689000,1430.511500,1426.119540,0.755348,38.249689,1,train
AMZN,60,2018-04-06,19:30:00,2018-04-06T19:30:00+00:00,1403.160000,1414.160000,1403.010000,1406.570000,3162,11.150000,0.245166,1416.604000,1428.703000,1431.183500,1422.565078,0.699384,32.005846,1,train
AMZN,60,2018-04-09,12:30:00,2018-04-09T12:30:00+00:00,1422.500000,1427.000000,1420.970000,1423.120000,480,6.030000,1.176621,1415.938000,1425.942000,1432.314500,1422.665973,0.847954,39.714934,1,train
AMZN,60,2018-04-09,13:30:00,2018-04-09T13:30:00+00:00,1423.100000,1437.820000,1416.470000,1433.010000,4625,21.350000,0.694952,1416.346000,1424.491000,1433.494000,1424.546705,0.892383,45.001909,0,train
AMZN,60,2018-04-09,14:30:00,2018-04-09T14:30:00+00:00,1433.000000,1435.750000,1423.350000,1426.030000,3443,12.400000,-0.487087,1418.372000,1424.169000,1434.195500,1424.816395,0.809787,42.666376,1,train
AMZN,60,2018-04-09,15:30:00,2018-04-09T15:30:00+00:00,1426.010000,1436.400000,1426.010000,1432.850000,2962,10.390000,0.478251,1424.316000,1423.109000,1433.838000,1426.277050,0.752527,41.228984,0,train
AMZN,60,2018-04-09,16:30:00,2018-04-09T16:30:00+00:00,1432.820000,1433.500000,1427.170000,1429.730000,2142,6.330000,-0.217748,1428.948000,1422.776000,1433.751500,1426.904859,0.720508,42.035801,0,train
AMZN,60,2018-04-09,17:30:00,2018-04-09T17:30:00+00:00,1428.980000,1432.100000,1424.210000,1426.450000,2255,7.890000,-0.229414,1429.614000,1422.776000,1432.775500,1426.822158,0.708393,42.013494,0,train
AMZN,60,2018-04-09,18:30:00,2018-04-09T18:30:00+00:00,1426.420000,1428.580000,1411.340000,1414.950000,2934,17.240000,-0.806197,1426.002000,1421.174000,1431.097000,1424.663584,0.741236,44.286399,0,train
AMZN,60,2018-04-09,19:30:00,2018-04-09T19:30:00+00:00,1414.950000,1417.120000,1400.980000,1405.480000,2803,16.140000,-0.669282,1421.892000,1420.132000,1429.066000,1421.175659,0.695500,34.233037,0,train
AMZN,60,2018-04-09,20:30:00,2018-04-09T20:30:00+00:00,1405.500000,1406.170000,1403.150000,1405.020000,123,3.020000,-0.032729,1416.326000,1420.321000,1427.005000,1418.238267,0.631591,37.309920,1,train
AMZN,60,2018-04-10,12:30:00,2018-04-10T12:30:00+00:00,1430.370000,1433.160000,1428.000000,1431.720000,380,5.160000,1.900329,1416.724000,1422.836000,1425.769500,1420.689491,0.870303,52.018075,0,train
AMZN,60,2018-04-10,13:30:00,2018-04-10T13:30:00+00:00,1431.710000,1432.040000,1415.520000,1425.130000,4332,16.520000,-0.460286,1416.460000,1423.037000,1424.489500,1421.496856,0.814326,47.798552,1,train
AMZN,60,2018-04-10,14:30:00,2018-04-10T14:30:00+00:00,1425.150000,1431.230000,1422.980000,1427.030000,3313,8.250000,0.133321,1418.876000,1422.439000,1423.465000,1422.502882,0.781067,54.658073,0,train
AMZN,60,2018-04-10,15:30:00,2018-04-10T15:30:00+00:00,1427.000000,1430.990000,1419.240000,1421.470000,3524,11.750000,-0.389620,1422.074000,1421.983000,1423.076000,1422.315086,0.775444,58.168537,1,train
AMZN,60,2018-04-10,16:30:00,2018-04-10T16:30:00+00:00,1421.490000,1426.080000,1420.470000,1424.450000,2670,5.610000,0.209642,1425.960000,1421.143000,1422.126000,1422.703252,0.760414,57.996422,1,train
AMZN,60,2018-04-10,17:30:00,2018-04-10T17:30:00+00:00,1424.430000,1432.990000,1422.920000,1426.890000,3250,10.070000,0.171294,1424.994000,1420.859000,1421.817500,1423.464479,0.761182,51.929573,1,train
AMZN,60,2018-04-10,18:30:00,2018-04-10T18:30:00+00:00,1426.910000,1438.160000,1423.600000,1435.120000,3637,14.560000,0.576779,1426.992000,1421.726000,1422.251000,1425.583664,0.778711,51.098615,0,train
AMZN,60,2018-04-10,19:30:00,2018-04-10T19:30:00+00:00,1434.890000,1437.170000,1432.500000,1435.080000,2465,4.670000,-0.002787,1428.602000,1423.739000,1422.456500,1427.310271,0.718121,55.079133,0,train
AMZN,60,2018-04-10,20:30:00,2018-04-10T20:30:00+00:00,1435.500000,1435.520000,1435.070000,1435.080000,37,0.450000,0.000000,1431.324000,1426.699000,1423.415500,1428.722949,0.663010,51.355294,1,train
AMZN,60,2018-04-11,12:30:00,2018-04-11T12:30:00+00:00,1427.000000,1438.460000,1424.980000,1438.200000,667,13.480000,0.217409,1434.074000,1430.017000,1425.169000,1430.446049,0.657505,55.147684,1,train
AMZN,60,2018-04-11,13:30:00,2018-04-11T13:30:00+00:00,1438.740000,1447.680000,1429.090000,1447.000000,4334,18.590000,0.611876,1438.096000,1431.545000,1427.190500,1433.455858,0.348822,61.704067,0,train
AMZN,60,2018-04-11,14:30:00,2018-04-11T14:30:00+00:00,1446.990000,1448.050000,1432.970000,1440.380000,2845,15.080000,-0.457498,1439.148000,1433.070000,1428.053500,1434.714793,0.348319,65.335906,1,train
AMZN,60,2018-04-11,15:30:00,2018-04-11T15:30:00+00:00,1440.390000,1446.120000,1437.100000,1442.900000,2276,9.020000,0.174954,1440.712000,1434.657000,1428.548000,1436.203013,0.348917,74.631385,0,train
AMZN,60,2018-04-11,16:30:00,2018-04-11T16:30:00+00:00,1443.000000,1444.010000,1435.970000,1439.000000,2053,8.040000,-0.270289,1441.496000,1436.410000,1429.196500,1436.711556,0.331490,71.397985,0,train
AMZN,60,2018-04-11,17:30:00,2018-04-11T17:30:00+00:00,1439.030000,1441.300000,1433.970000,1435.100000,2247,7.330000,-0.271022,1440.876000,1437.475000,1429.309000,1436.418546,0.351781,52.985866,0,train
AMZN,60,2018-04-11,18:30:00,2018-04-11T18:30:00+00:00,1435.070000,1438.870000,1425.120000,1426.370000,2785,13.750000,-0.608320,1436.750000,1437.423000,1429.141000,1434.591537,0.409706,51.055499,1,train
AMZN,60,2018-04-11,19:30:00,2018-04-11T19:30:00+00:00,1426.570000,1431.060000,1424.740000,1426.750000,2144,6.320000,0.026641,1434.024000,1436.586000,1429.156000,1433.165803,0.356733,49.755330,0,train
AMZN,60,2018-04-11,20:30:00,2018-04-11T20:30:00+00:00,1426.740000,1426.750000,1425.230000,1425.260000,72,1.520000,-0.104433,1430.496000,1435.604000,1429.671500,1431.728385,0.356436,53.565381,1,train
AMZN,60,2018-04-12,12:30:00,2018-04-12T12:30:00+00:00,1439.650000,1441.500000,1438.590000,1439.990000,277,2.910000,1.033496,1430.694000,1436.095000,1431.397000,1433.230496,0.499490,61.972265,1,train
AMZN,60,2018-04-12,13:30:00,2018-04-12T13:30:00+00:00,1439.450000,1451.330000,1435.080000,1446.910000,4108,16.250000,0.480559,1433.056000,1436.966000,1433.491500,1435.717679,0.516784,64.427789,1,train
AMZN,60,2018-04-12,14:30:00,2018-04-12T14:30:00+00:00,1446.910000,1450.170000,1445.240000,1448.590000,2884,4.930000,0.116110,1437.500000,1437.125000,1434.335000,1438.058101,0.480645,60.719402,0,train
AMZN,60,2018-04-12,15:30:00,2018-04-12T15:30:00+00:00,1448.600000,1449.030000,1442.800000,1446.250000,2072,6.230000,-0.161536,1441.400000,1437.712000,1435.391000,1439.547537,0.457055,58.575157,0,train
AMZN,60,2018-04-12,16:30:00,2018-04-12T16:30:00+00:00,1445.980000,1449.390000,1440.450000,1441.570000,2253,8.940000,-0.323596,1444.662000,1437.579000,1436.118000,1439.915258,0.467955,54.648331,1,train
AMZN,60,2018-04-12,17:30:00,2018-04-12T17:30:00+00:00,1441.560000,1448.060000,1440.970000,1446.700000,2255,7.090000,0.355862,1446.004000,1438.349000,1437.379500,1441.148847,0.470878,55.917572,1,train
AMZN,60,2018-04-12,18:30:00,2018-04-12T18:30:00+00:00,1446.810000,1449.900000,1443.670000,1449.270000,2073,6.230000,0.177646,1446.476000,1439.766000,1438.620500,1442.625420,0.457616,51.730447,0,train
AMZN,60,2018-04-12,19:30:00,2018-04-12T19:30:00+00:00,1449.290000,1451.880000,1446.700000,1447.440000,2261,5.180000,-0.126270,1446.246000,1441.873000,1439.648000,1443.500799,0.396048,55.805921,1,train
AMZN,60,2018-04-12,20:30:00,2018-04-12T20:30:00+00:00,1447.460000,1448.730000,1446.980000,1448.530000,75,1.750000,0.075305,1446.702000,1444.051000,1440.318500,1444.415199,0.394695,54.741452,1,train
AMZN,60,2018-04-13,12:30:00,2018-04-13T12:30:00+00:00,1450.010000,1452.690000,1448.470000,1448.910000,479,4.220000,0.026233,1448.170000,1446.416000,1441.010000,1445.232435,0.387346,58.871979,0,train
AMZN,60,2018-04-13,13:30:00,2018-04-13T13:30:00+00:00,1448.960000,1459.380000,1442.550000,1443.630000,4448,16.830000,-0.364412,1447.556000,1446.780000,1441.437500,1444.941083,0.275272,57.452385,0,train
AMZN,60,2018-04-13,14:30:00,2018-04-13T14:30:00+00:00,1443.660000,1448.310000,1440.170000,1442.490000,2946,8.140000,-0.078968,1446.200000,1446.338000,1441.652000,1444.495432,0.224747,66.236906,1,train
AMZN,60,2018-04-13,15:30:00,2018-04-13T15:30:00+00:00,1442.490000,1446.600000,1439.520000,1442.950000,2337,7.080000,0.031889,1445.302000,1445.774000,1441.449500,1444.214444,0.220180,66.291231,1,train
AMZN,60,2018-04-13,16:30:00,2018-04-13T16:30:00+00:00,1442.960000,1445.700000,1440.470000,1444.280000,1735,5.230000,0.092172,1444.452000,1445.577000,1441.644500,1444.226364,0.219078,69.188862,0,train
AMZN,60,2018-04-13,17:30:00,2018-04-13T17:30:00+00:00,1444.310000,1445.080000,1439.270000,1440.260000,2151,5.810000,-0.278339,1442.722000,1445.446000,1441.512500,1443.505207,0.212322,50.347490,0,train
AMZN,60,2018-04-13,18:30:00,2018-04-13T18:30:00+00:00,1440.480000,1440.480000,1424.490000,1426.990000,3203,15.990000,-0.921361,1439.394000,1443.475000,1440.912000,1440.502442,0.323550,27.964602,1,train
AMZN,60,2018-04-13,19:30:00,2018-04-13T19:30:00+00:00,1426.970000,1432.020000,1425.420000,1430.600000,2520,6.600000,0.252980,1437.016000,1441.608000,1440.687000,1438.701998,0.332435,30.914492,1,train
AMZN,60,2018-04-16,12:30:00,2018-04-16T12:30:00+00:00,1442.300000,1445.840000,1442.270000,1443.000000,249,3.570000,0.866769,1437.026000,1441.164000,1441.518500,1439.483453,0.457979,47.158594,0,train
AMZN,60,2018-04-16,13:30:00,2018-04-16T13:30:00+00:00,1442.970000,1444.180000,1427.240000,1439.830000,3786,16.940000,-0.219681,1436.136000,1440.294000,1442.172500,1439.546461,0.459955,48.437500,0,train
AMZN,60,2018-04-16,14:30:00,2018-04-16T14:30:00+00:00,1439.800000,1442.560000,1430.520000,1434.950000,2773,12.040000,-0.338929,1435.074000,1438.898000,1442.657000,1438.710741,0.466856,39.401046,1,train
AMZN,60,2018-04-16,15:30:00,2018-04-16T15:30:00+00:00,1434.940000,1442.000000,1433.470000,1438.890000,2129,8.530000,0.274574,1437.454000,1438.424000,1442.602000,1438.743334,0.469725,40.862676,1,train
AMZN,60,2018-04-16,16:30:00,2018-04-16T16:30:00+00:00,1438.890000,1446.770000,1438.470000,1443.900000,2339,8.300000,0.348185,1440.114000,1438.565000,1442.451500,1439.680909,0.484168,47.049016,0,train
AMZN,60,2018-04-16,17:30:00,2018-04-16T17:30:00+00:00,1443.750000,1444.830000,1438.760000,1439.220000,2094,6.070000,-0.324122,1439.358000,1438.192000,1441.983000,1439.597108,0.495405,42.677364,0,train
AMZN,60,2018-04-16,18:30:00,2018-04-16T18:30:00+00:00,1439.330000,1441.650000,1435.170000,1437.300000,2799,6.480000,-0.133406,1438.852000,1437.494000,1441.535500,1439.179452,0.494624,41.084319,1,train
AMZN,60,2018-04-16,19:30:00,2018-04-16T19:30:00+00:00,1437.330000,1449.150000,1437.140000,1449.000000,2213,12.010000,0.814026,1441.662000,1438.368000,1441.907000,1440.965006,0.554890,53.753670,0,train
AMZN,60,2018-04-16,20:30:00,2018-04-16T20:30:00+00:00,1449.000000,1449.810000,1446.020000,1446.050000,153,3.790000,-0.203589,1443.094000,1440.274000,1441.874500,1441.889550,0.450096,52.427052,1,train
AMZN,60,2018-04-17,12:30:00,2018-04-17T12:30:00+00:00,1458.150000,1462.870000,1455.470000,1462.000000,429,7.400000,1.103005,1446.714000,1443.414000,1442.511000,1445.545996,0.545322,60.722729,1,train
AMZN,60,2018-04-17,13:30:00,2018-04-17T13:30:00+00:00,1461.980000,1477.590000,1456.980000,1475.080000,4495,20.610000,0.894665,1453.886000,1446.622000,1443.893000,1450.915815,0.549064,65.311195,1,train
AMZN,60,2018-04-17,14:30:00,2018-04-17T14:30:00+00:00,1475.100000,1480.370000,1473.000000,1479.480000,3126,7.370000,0.298289,1462.322000,1450.587000,1445.440500,1456.109303,0.526803,69.423534,1,train
AMZN,60,2018-04-17,15:30:00,2018-04-17T15:30:00+00:00,1479.460000,1486.640000,1477.540000,1486.000000,2721,9.100000,0.440695,1469.722000,1455.692000,1447.295000,1461.543975,0.481912,81.318331,1,train
AMZN,60,2018-04-17,16:30:00,2018-04-17T16:30:00+00:00,1486.000000,1495.280000,1484.500000,1493.580000,3418,10.780000,0.510094,1479.228000,1461.161000,1449.792500,1467.368707,0.483502,82.073742,1,train
AMZN,60,2018-04-17,17:30:00,2018-04-17T17:30:00+00:00,1493.600000,1496.430000,1492.110000,1494.470000,3092,4.320000,0.059588,1485.722000,1466.218000,1452.391500,1472.296215,0.493770,79.693089,1,train
AMZN,60,2018-04-17,18:30:00,2018-04-17T18:30:00+00:00,1494.500000,1499.900000,1494.040000,1499.010000,3309,5.860000,0.303787,1490.508000,1472.197000,1455.194500,1477.153267,0.435592,83.609723,1,train
AMZN,60,2018-04-17,19:30:00,2018-04-17T19:30:00+00:00,1499.010000,1506.880000,1498.510000,1504.700000,3029,8.370000,0.379584,1495.552000,1478.937000,1458.215500,1482.161764,0.392754,89.251548,1,train
AMZN,60,2018-04-17,20:30:00,2018-04-17T20:30:00+00:00,1504.700000,1505.860000,1504.570000,1504.860000,109,1.290000,0.010633,1499.324000,1484.523000,1461.445500,1486.288716,0.394459,88.773951,1,train
AMZN,60,2018-04-18,12:30:00,2018-04-18T12:30:00+00:00,1516.440000,1517.370000,1512.080000,1515.000000,666,5.290000,0.673817,1503.608000,1491.418000,1465.846000,1491.508949,0.344757,89.412417,0,train
AMZN,60,2018-04-18,13:30:00,2018-04-18T13:30:00+00:00,1514.990000,1523.360000,1504.080000,1513.690000,6036,19.280000,-0.086469,1507.452000,1496.587000,1470.000500,1495.541868,0.303873,92.882644,1,train
AMZN,60,2018-04-18,14:30:00,2018-04-18T14:30:00+00:00,1513.700000,1529.100000,1513.050000,1527.130000,3995,16.050000,0.887896,1513.076000,1501.792000,1474.207000,1501.285164,0.302526,95.668531,1,train
AMZN,60,2018-04-18,15:30:00,2018-04-18T15:30:00+00:00,1527.120000,1533.160000,1524.970000,1531.400000,3789,8.190000,0.279609,1518.416000,1506.984000,1478.785500,1506.760589,0.302923,95.314562,0,train
AMZN,60,2018-04-18,16:30:00,2018-04-18T16:30:00+00:00,1531.430000,1532.500000,1525.160000,1529.210000,3111,7.340000,-0.143006,1523.286000,1511.305000,1483.498500,1510.842300,0.336957,96.118012,0,train
AMZN,60,2018-04-18,17:30:00,2018-04-18T17:30:00+00:00,1529.220000,1530.440000,1523.100000,1529.000000,3266,7.340000,-0.013733,1526.086000,1514.847000,1488.004000,1514.143700,0.339226,95.014781,0,train
AMZN,60,2018-04-18,18:30:00,2018-04-18T18:30:00+00:00,1529.060000,1533.530000,1528.830000,1528.910000,3543,4.700000,-0.005886,1529.130000,1518.291000,1492.254500,1516.828482,0.343595,93.814097,1,train
AMZN,60,2018-04-18,19:30:00,2018-04-18T19:30:00+00:00,1528.920000,1531.230000,1525.100000,1529.770000,2681,6.130000,0.056249,1529.658000,1521.367000,1496.782000,1519.181485,0.346483,93.435827,1,train
AMZN,60,2018-04-18,20:30:00,2018-04-18T20:30:00+00:00,1528.540000,1530.690000,1528.520000,1530.090000,73,2.170000,0.020918,1529.396000,1523.906000,1501.421500,1521.164852,0.344833,92.648481,1,train
AMZN,60,2018-04-19,12:30:00,2018-04-19T12:30:00+00:00,1557.490000,1558.760000,1540.720000,1541.980000,1180,18.040000,0.777078,1531.950000,1527.618000,1506.070500,1524.949424,0.388394,93.214286,1,train
AMZN,60,2018-04-19,13:30:00,2018-04-19T13:30:00+00:00,1541.990000,1568.260000,1539.050000,1558.640000,6380,29.210000,1.080429,1537.878000,1531.982000,1511.700000,1531.074983,0.454051,94.705309,0,train
AMZN,60,2018-04-19,14:30:00,2018-04-19T14:30:00+00:00,1558.660000,1563.300000,1547.800000,1551.920000,4477,15.500000,-0.431145,1542.480000,1535.805000,1516.196000,1534.864986,0.496507,85.774172,1,train
AMZN,60,2018-04-19,15:30:00,2018-04-19T15:30:00+00:00,1551.990000,1558.100000,1548.970000,1553.480000,3589,9.130000,0.100521,1547.222000,1538.440000,1520.116000,1538.249534,0.443901,84.932684,0,train
AMZN,60,2018-04-19,16:30:00,2018-04-19T16:30:00+00:00,1553.190000,1558.500000,1552.170000,1552.510000,2864,6.330000,-0.062440,1551.706000,1540.551000,1523.767500,1540.842346,0.447857,83.732125,0,train
AMZN,60,2018-04-19,17:30:00,2018-04-19T17:30:00+00:00,1552.510000,1555.390000,1547.780000,1549.570000,2704,7.610000,-0.189371,1553.224000,1542.587000,1526.946000,1542.429192,0.451315,77.250512,1,train
AMZN,60,2018-04-19,18:30:00,2018-04-19T18:30:00+00:00,1549.570000,1556.980000,1547.920000,1554.310000,3082,9.060000,0.305891,1552.358000,1545.118000,1529.982500,1544.589339,0.451066,80.376907,1,train
AMZN,60,2018-04-19,19:30:00,2018-04-19T19:30:00+00:00,1554.330000,1561.680000,1553.240000,1558.550000,3026,8.440000,0.272790,1553.684000,1548.082000,1533.186500,1547.127641,0.447917,77.245924,0,train
AMZN,60,2018-04-19,20:30:00,2018-04-19T20:30:00+00:00,1558.550000,1559.750000,1557.980000,1557.990000,81,1.770000,-0.035931,1554.586000,1550.904000,1536.135500,1549.102615,0.451976,74.643188,1,train
AMZN,60,2018-04-20,12:30:00,2018-04-20T12:30:00+00:00,1558.000000,1561.570000,1555.520000,1559.990000,500,6.050000,0.128371,1556.082000,1553.894000,1538.900000,1551.082140,0.448939,78.627232,0,train
AMZN,60,2018-04-20,13:30:00,2018-04-20T13:30:00+00:00,1559.680000,1560.000000,1540.780000,1557.630000,4843,19.220000,-0.151283,1557.694000,1555.459000,1541.538500,1552.272660,0.409352,75.603649,0,train
AMZN,60,2018-04-20,14:30:00,2018-04-20T14:30:00+00:00,1557.910000,1557.990000,1541.470000,1542.260000,3782,16.520000,-0.986756,1555.284000,1553.821000,1542.901500,1550.452176,0.381221,59.376317,0,train
AMZN,60,2018-04-20,15:30:00,2018-04-20T15:30:00+00:00,1542.360000,1546.340000,1532.310000,1534.200000,5060,14.030000,-0.522610,1550.414000,1552.049000,1543.927000,1547.497235,0.390892,52.825616,1,train
AMZN,60,2018-04-20,16:30:00,2018-04-20T16:30:00+00:00,1534.430000,1536.330000,1527.250000,1535.540000,4429,9.080000,0.087342,1545.924000,1550.255000,1544.347500,1545.323192,0.390109,53.431558,0,train
AMZN,60,2018-04-20,17:30:00,2018-04-20T17:30:00+00:00,1535.540000,1540.000000,1531.120000,1533.140000,3744,8.880000,-0.156297,1540.554000,1548.318000,1544.434500,1543.108067,0.389822,43.678490,0,train
AMZN,60,2018-04-20,18:30:00,2018-04-20T18:30:00+00:00,1533.140000,1533.180000,1516.280000,1520.320000,5346,16.900000,-0.836192,1533.092000,1545.393000,1543.990000,1538.964782,0.450647,21.004843,1,train
AMZN,60,2018-04-20,19:30:00,2018-04-20T19:30:00+00:00,1520.290000,1527.780000,1519.720000,1527.190000,3189,8.060000,0.451879,1530.078000,1542.681000,1543.899500,1536.823912,0.470408,31.330213,1,train
AMZN,60,2018-04-23,12:30:00,2018-04-23T12:30:00+00:00,1543.000000,1547.800000,1540.120000,1545.590000,509,7.680000,1.204827,1532.356000,1541.385000,1544.733500,1538.417746,0.633145,45.250993,0,train
AMZN,60,2018-04-23,13:30:00,2018-04-23T13:30:00+00:00,1545.590000,1547.490000,1523.020000,1532.100000,4818,24.470000,-0.872806,1531.668000,1538.796000,1544.850000,1537.269065,0.680002,39.324197,1,train
AMZN,60,2018-04-23,14:30:00,2018-04-23T14:30:00+00:00,1532.320000,1543.010000,1524.470000,1539.790000,3483,18.540000,0.501925,1532.998000,1536.776000,1545.335000,1537.727417,0.707630,45.126570,0,train
AMZN,60,2018-04-23,15:30:00,2018-04-23T15:30:00+00:00,1539.800000,1540.000000,1530.010000,1531.680000,2533,9.990000,-0.526695,1535.270000,1534.181000,1544.820000,1536.627887,0.718871,39.089770,0,train
AMZN,60,2018-04-23,16:30:00,2018-04-23T16:30:00+00:00,1531.680000,1532.620000,1525.230000,1528.870000,2331,7.390000,-0.183459,1535.606000,1532.842000,1543.331500,1535.217362,0.659324,35.490810,0,train
AMZN,60,2018-04-23,17:30:00,2018-04-23T17:30:00+00:00,1528.840000,1532.460000,1513.220000,1514.470000,3146,19.240000,-0.941872,1529.382000,1530.869000,1541.459000,1531.445114,0.702167,31.260765,0,train
AMZN,60,2018-04-23,18:30:00,2018-04-23T18:30:00+00:00,1514.120000,1517.150000,1503.530000,1514.410000,3797,13.620000,-0.003962,1525.844000,1528.756000,1539.505500,1528.347821,0.699658,30.040287,1,train
AMZN,60,2018-04-23,19:30:00,2018-04-23T19:30:00+00:00,1514.500000,1530.000000,1510.420000,1517.000000,2869,19.580000,0.171024,1521.286000,1527.142000,1537.730000,1526.284581,0.706242,32.243685,1,train
AMZN,60,2018-04-23,20:30:00,2018-04-23T20:30:00+00:00,1517.830000,1520.970000,1516.970000,1518.980000,231,4.000000,0.130521,1518.746000,1527.008000,1536.200500,1524.956475,0.659422,38.477529,1,train
AMZN,60,2018-04-24,12:30:00,2018-04-24T12:30:00+00:00,1532.330000,1533.280000,1525.190000,1533.260000,501,8.090000,0.940105,1519.624000,1527.615000,1535.148000,1526.466207,0.713053,49.561731,0,train
AMZN,60,2018-04-24,13:30:00,2018-04-24T13:30:00+00:00,1533.270000,1537.400000,1487.610000,1494.010000,5056,49.790000,-2.559905,1515.532000,1522.457000,1531.921000,1520.565078,0.976168,35.694110,0,train
AMZN,60,2018-04-24,14:30:00,2018-04-24T14:30:00+00:00,1494.000000,1496.000000,1469.000000,1482.170000,5439,27.000000,-0.792498,1509.084000,1517.464000,1528.130000,1513.584155,0.971567,33.514458,0,train
AMZN,60,2018-04-24,15:30:00,2018-04-24T15:30:00+00:00,1482.180000,1488.230000,1455.070000,1456.990000,4136,33.160000,-1.698860,1497.082000,1509.184000,1522.980000,1503.294309,1.011506,31.033243,1,train
AMZN,60,2018-04-24,16:30:00,2018-04-24T16:30:00+00:00,1456.980000,1467.000000,1454.980000,1458.700000,4248,12.020000,0.117365,1485.026000,1501.886000,1518.033500,1495.186253,1.033184,28.833673,0,train
AMZN,60,2018-04-24,17:30:00,2018-04-24T17:30:00+00:00,1458.670000,1463.960000,1448.220000,1451.690000,4398,15.740000,-0.480565,1468.712000,1494.168000,1513.505000,1487.277843,1.027898,18.783245,1,train
AMZN,60,2018-04-24,18:30:00,2018-04-24T18:30:00+00:00,1451.600000,1468.970000,1449.980000,1462.630000,4744,18.990000,0.753604,1462.436000,1488.984000,1509.926500,1482.796417,1.087209,26.506595,0,train
AMZN,60,2018-04-24,19:30:00,2018-04-24T19:30:00+00:00,1462.640000,1462.840000,1449.960000,1457.970000,3296,12.880000,-0.318604,1457.596000,1483.340000,1506.048000,1478.282523,1.080864,21.751139,1,train
AMZN,60,2018-04-24,20:30:00,2018-04-24T20:30:00+00:00,1458.500000,1461.250000,1457.970000,1460.000000,109,3.280000,0.139235,1458.198000,1477.640000,1502.391000,1474.958428,1.079129,24.167508,0,train
AMZN,60,2018-04-25,12:30:00,2018-04-25T12:30:00+00:00,1458.980000,1461.800000,1451.990000,1457.000000,796,9.810000,-0.205479,1457.858000,1471.442000,1499.225000,1471.693259,1.066732,24.134456,0,train
AMZN,60,2018-04-25,13:30:00,2018-04-25T13:30:00+00:00,1457.970000,1461.040000,1414.990000,1425.870000,6554,46.050000,-2.136582,1452.694000,1460.703000,1494.159000,1463.361758,1.077523,21.540537,1,train
AMZN,60,2018-04-25,14:30:00,2018-04-25T14:30:00+00:00,1426.000000,1468.980000,1424.570000,1466.970000,5537,44.410000,2.882451,1453.562000,1457.999000,1490.228000,1464.017802,1.376820,37.941027,0,train
AMZN,60,2018-04-25,15:30:00,2018-04-25T15:30:00+00:00,1466.970000,1467.260000,1445.310000,1457.060000,3677,21.950000,-0.675542,1453.380000,1455.488000,1486.476000,1462.752747,1.371469,35.310264,0,train
AMZN,60,2018-04-25,16:30:00,2018-04-25T16:30:00+00:00,1456.990000,1463.220000,1445.010000,1448.780000,2695,18.210000,-0.568268,1451.136000,1454.667000,1481.925500,1460.212247,1.273852,33.311145,0,train
AMZN,60,2018-04-25,17:30:00,2018-04-25T17:30:00+00:00,1448.810000,1458.190000,1446.360000,1448.480000,2758,11.830000,-0.020707,1449.432000,1453.645000,1477.765500,1458.079111,1.272594,28.409901,1,train
AMZN,60,2018-04-25,18:30:00,2018-04-25T18:30:00+00:00,1448.500000,1467.490000,1447.060000,1461.070000,3644,20.430000,0.869187,1456.472000,1454.583000,1474.375500,1458.622909,1.294776,40.293494,1,train
AMZN,60,2018-04-25,19:30:00,2018-04-25T19:30:00+00:00,1461.050000,1472.800000,1452.490000,1470.120000,2714,20.310000,0.619409,1457.102000,1455.332000,1472.158000,1460.713289,1.287601,46.389838,1,train
AMZN,60,2018-04-25,20:30:00,2018-04-25T20:30:00+00:00,1470.100000,1474.500000,1469.970000,1474.500000,367,4.530000,0.297935,1460.590000,1456.985000,1470.162500,1463.219964,1.282288,55.992881,1,train
AMZN,60,2018-04-26,12:30:00,2018-04-26T12:30:00+00:00,1489.250000,1494.780000,1485.020000,1485.030000,706,9.760000,0.714140,1467.840000,1459.488000,1468.564000,1467.185425,1.296051,58.498483,1,train
AMZN,60,2018-04-26,13:30:00,2018-04-26T13:30:00+00:00,1485.020000,1497.040000,1478.470000,1496.490000,6147,18.570000,0.771702,1477.442000,1463.437000,1467.439500,1472.513530,1.300784,64.056225,1,train
AMZN,60,2018-04-26,14:30:00,2018-04-26T14:30:00+00:00,1496.470000,1504.910000,1494.520000,1500.980000,5114,10.390000,0.300035,1485.424000,1470.948000,1465.825500,1477.689252,0.989822,62.540056,1,train
AMZN,60,2018-04-26,15:30:00,2018-04-26T15:30:00+00:00,1500.960000,1503.700000,1495.640000,1502.450000,3988,8.060000,0.097936,1491.890000,1474.496000,1466.247500,1482.191206,0.540983,64.854395,1,train
AMZN,60,2018-04-26,16:30:00,2018-04-26T16:30:00+00:00,1502.890000,1518.620000,1500.980000,1517.510000,4323,17.640000,1.002363,1500.492000,1480.541000,1468.014500,1488.612805,0.482292,67.668203,1,train
AMZN,60,2018-04-26,17:30:00,2018-04-26T17:30:00+00:00,1517.510000,1529.210000,1513.980000,1521.260000,4586,15.230000,0.247115,1507.738000,1487.789000,1471.228000,1494.548658,0.349467,69.651376,0,train
AMZN,60,2018-04-26,18:30:00,2018-04-26T18:30:00+00:00,1521.270000,1526.770000,1518.020000,1519.190000,4212,8.750000,-0.136071,1512.278000,1494.860000,1474.252500,1499.028902,0.369525,84.706932,1,train
AMZN,60,2018-04-26,19:30:00,2018-04-26T19:30:00+00:00,1519.250000,1640.800000,1507.970000,1612.050000,7070,132.830000,6.112468,1534.492000,1509.958000,1482.270500,1519.578193,1.827871,88.958110,0,train
AMZN,60,2018-04-26,20:30:00,2018-04-26T20:30:00+00:00,1612.050000,1619.010000,1605.970000,1609.980000,1586,13.040000,-0.128408,1555.998000,1523.944000,1489.638000,1536.014885,1.860304,92.868356,1,train
AMZN,60,2018-04-27,12:30:00,2018-04-27T12:30:00+00:00,1639.050000,1664.080000,1632.610000,1634.000000,3310,31.470000,1.491944,1579.296000,1539.894000,1498.439500,1553.830361,1.853683,97.712519,0,train
AMZN,60,2018-04-27,13:30:00,2018-04-27T13:30:00+00:00,1634.000000,1637.290000,1582.000000,1587.100000,8540,55.290000,-2.870257,1592.464000,1550.101000,1504.794500,1559.879386,2.233007,78.795181,1,train
AMZN,60,2018-04-27,14:30:00,2018-04-27T14:30:00+00:00,1587.100000,1599.370000,1571.360000,1598.910000,5821,28.010000,0.744125,1608.408000,1560.343000,1511.890000,1566.975861,2.232910,78.726242,0,train
AMZN,60,2018-04-27,15:30:00,2018-04-27T15:30:00+00:00,1598.910000,1599.280000,1586.100000,1588.580000,3605,13.180000,-0.646065,1603.714000,1569.103000,1520.025500,1570.903886,2.270809,74.556385,0,train
AMZN,60,2018-04-27,16:30:00,2018-04-27T16:30:00+00:00,1588.550000,1591.500000,1578.380000,1584.220000,3456,13.120000,-0.274459,1598.562000,1577.280000,1525.888000,1573.324998,2.282824,72.746496,0,train
AMZN,60,2018-04-27,17:30:00,2018-04-27T17:30:00+00:00,1584.230000,1585.890000,1579.170000,1581.490000,3316,6.720000,-0.172325,1588.060000,1583.678000,1532.109500,1574.809544,2.287423,70.665867,0,train
AMZN,60,2018-04-27,18:30:00,2018-04-27T18:30:00+00:00,1581.490000,1585.250000,1567.310000,1569.280000,4193,17.940000,-0.772057,1584.496000,1588.480000,1538.134500,1573.804172,2.319297,65.544783,1,train
AMZN,60,2018-04-27,19:30:00,2018-04-27T19:30:00+00:00,1569.300000,1580.580000,1569.280000,1571.350000,3193,11.300000,0.131908,1578.984000,1593.696000,1544.278000,1573.357959,2.314795,65.184929,1,train
AMZN,60,2018-04-30,12:30:00,2018-04-30T12:30:00+00:00,1585.350000,1587.050000,1575.970000,1581.800000,791,11.080000,0.665033,1577.628000,1590.671000,1550.314500,1574.892876,1.167978,66.483859,1,train
AMZN,60,2018-04-30,13:30:00,2018-04-30T13:30:00+00:00,1582.480000,1595.830000,1565.470000,1588.830000,6362,30.360000,0.444430,1578.550000,1588.556000,1556.250000,1577.426898,1.184881,65.327087,0,train
AMZN,60,2018-04-30,14:30:00,2018-04-30T14:30:00+00:00,1588.860000,1590.930000,1581.160000,1585.490000,4232,9.770000,-0.210218,1579.350000,1583.705000,1561.799500,1578.892917,1.040079,63.827772,0,train
AMZN,60,2018-04-30,15:30:00,2018-04-30T15:30:00+00:00,1585.480000,1585.480000,1560.940000,1568.090000,4715,24.540000,-1.097453,1579.112000,1581.804000,1565.952500,1576.928750,0.617979,59.875596,1,train
AMZN,60,2018-04-30,16:30:00,2018-04-30T16:30:00+00:00,1568.070000,1572.310000,1564.570000,1569.180000,3289,7.740000,0.069511,1578.678000,1578.831000,1569.587000,1575.519886,0.545946,36.242860,1,train
AMZN,60,2018-04-30,17:30:00,2018-04-30T17:30:00+00:00,1569.180000,1576.560000,1565.320000,1571.970000,3222,11.240000,0.177800,1576.712000,1577.170000,1573.136500,1574.874453,0.530787,37.858557,0,train
AMZN,60,2018-04-30,18:30:00,2018-04-30T18:30:00+00:00,1571.960000,1573.230000,1565.530000,1569.450000,3532,7.700000,-0.160308,1572.836000,1575.693000,1576.486500,1573.888188,0.527928,26.097904,0,train
AMZN,60,2018-04-30,19:30:00,2018-04-30T19:30:00+00:00,1569.460000,1575.500000,1565.770000,1567.500000,2923,9.730000,-0.124247,1569.238000,1574.294000,1578.986000,1572.726700,0.527338,39.120782,1,train
AMZN,60,2018-04-30,20:30:00,2018-04-30T20:30:00+00:00,1567.500000,1569.050000,1567.080000,1568.000000,120,1.970000,0.031898,1569.220000,1574.166000,1581.323000,1571.867300,0.469499,30.379586,0,train
AMZN,60,2018-05-01,12:30:00,2018-05-01T12:30:00+00:00,1569.970000,1572.500000,1561.970000,1563.050000,258,10.530000,-0.315689,1567.994000,1573.336000,1583.516000,1570.264154,0.476058,32.606622,1,train
AMZN,60,2018-05-01,13:30:00,2018-05-01T13:30:00+00:00,1563.030000,1576.000000,1552.150000,1574.050000,5381,23.850000,0.703752,1568.410000,1572.561000,1581.616000,1570.952490,0.482649,43.646133,0,train
AMZN,60,2018-05-01,14:30:00,2018-05-01T14:30:00+00:00,1574.040000,1575.230000,1561.950000,1567.800000,3728,13.280000,-0.397065,1568.080000,1570.458000,1579.507000,1570.379310,0.460073,41.807301,0,train
AMZN,60,2018-05-01,15:30:00,2018-05-01T15:30:00+00:00,1567.810000,1569.570000,1561.150000,1565.330000,2572,8.420000,-0.157546,1567.646000,1568.442000,1576.073500,1569.461254,0.459382,47.324211,0,train
AMZN,60,2018-05-01,16:30:00,2018-05-01T16:30:00+00:00,1565.030000,1567.000000,1561.220000,1565.140000,2201,5.780000,-0.012138,1567.074000,1568.147000,1574.975500,1568.675571,0.307818,45.683303,1,train
AMZN,60,2018-05-01,17:30:00,2018-05-01T17:30:00+00:00,1565.160000,1579.910000,1563.970000,1577.150000,2940,15.940000,0.767343,1569.894000,1568.944000,1573.887500,1570.216376,0.396336,46.836304,1,train
AMZN,60,2018-05-01,18:30:00,2018-05-01T18:30:00+00:00,1577.140000,1582.390000,1575.670000,1579.350000,3267,6.720000,0.139492,1570.954000,1569.682000,1573.426000,1571.877035,0.395162,43.096417,1,train
AMZN,60,2018-05-01,19:30:00,2018-05-01T19:30:00+00:00,1579.370000,1585.970000,1577.140000,1580.970000,2723,8.830000,0.102574,1573.588000,1570.834000,1573.263500,1573.530302,0.388485,46.623842,1,train
AMZN,60,2018-05-01,20:30:00,2018-05-01T20:30:00+00:00,1582.620000,1590.460000,1580.970000,1584.990000,376,9.490000,0.254274,1577.520000,1572.583000,1573.438500,1575.613883,0.385469,65.776699,0,train
AMZN,60,2018-05-02,12:30:00,2018-05-02T12:30:00+00:00,1582.490000,1583.030000,1577.390000,1579.630000,411,5.640000,-0.338172,1580.418000,1573.746000,1573.956000,1576.344086,0.410906,59.035103,1,train
AMZN,60,2018-05-02,13:30:00,2018-05-02T13:30:00+00:00,1579.630000,1588.180000,1572.480000,1582.490000,5529,15.700000,0.181055,1581.486000,1575.690000,1574.513000,1577.461525,0.387849,59.084629,0,train
AMZN,60,2018-05-02,14:30:00,2018-05-02T14:30:00+00:00,1582.470000,1585.990000,1577.100000,1577.970000,3504,8.890000,-0.285626,1581.210000,1576.082000,1574.321500,1577.553975,0.347745,57.111853,0,train
AMZN,60,2018-05-02,15:30:00,2018-05-02T15:30:00+00:00,1578.100000,1578.620000,1571.060000,1573.730000,3210,7.560000,-0.268700,1579.762000,1576.675000,1573.566500,1576.858707,0.332450,55.008844,1,train
AMZN,60,2018-05-02,16:30:00,2018-05-02T16:30:00+00:00,1573.750000,1578.200000,1572.870000,1576.600000,2603,5.330000,0.182369,1578.084000,1577.802000,1573.122000,1576.811669,0.327547,56.660471,1,train
AMZN,60,2018-05-02,17:30:00,2018-05-02T17:30:00+00:00,1576.430000,1583.510000,1572.980000,1579.230000,3285,10.530000,0.166815,1578.004000,1579.211000,1573.679000,1577.251366,0.327313,62.998072,0,train
AMZN,60,2018-05-02,18:30:00,2018-05-02T18:30:00+00:00,1579.240000,1580.390000,1570.470000,1571.450000,3587,9.920000,-0.492645,1575.796000,1578.641000,1573.792500,1576.196572,0.276182,47.797357,0,train
AMZN,60,2018-05-02,19:30:00,2018-05-02T19:30:00+00:00,1572.000000,1572.000000,1566.500000,1569.000000,2873,5.500000,-0.155907,1574.002000,1577.606000,1573.644000,1574.888104,0.271093,51.086563,0,train
AMZN,60,2018-05-02,20:30:00,2018-05-02T20:30:00+00:00,1569.000000,1569.850000,1567.520000,1567.520000,92,2.330000,-0.094328,1572.760000,1576.261000,1573.547500,1573.548449,0.264611,52.019178,0,train
AMZN,60,2018-05-03,12:30:00,2018-05-03T12:30:00+00:00,1562.980000,1566.000000,1559.980000,1560.000000,285,6.020000,-0.479739,1569.440000,1573.762000,1573.172500,1571.085095,0.261805,45.825211,1,train
AMZN,60,2018-05-03,13:30:00,2018-05-03T13:30:00+00:00,1559.000000,1571.500000,1558.010000,1560.360000,5917,13.490000,0.023077,1565.666000,1571.835000,1572.790500,1569.135077,0.259167,33.179724,0,train
AMZN,60,2018-05-03,14:30:00,2018-05-03T14:30:00+00:00,1560.380000,1560.900000,1546.980000,1550.290000,5086,13.920000,-0.645364,1561.434000,1568.615000,1572.152500,1565.708700,0.282386,24.852890,0,train
AMZN,60,2018-05-03,15:30:00,2018-05-03T15:30:00+00:00,1550.280000,1555.650000,1545.980000,1549.030000,3651,9.670000,-0.081275,1557.440000,1565.721000,1570.901500,1562.676209,0.283296,22.187391,1,train
AMZN,60,2018-05-03,16:30:00,2018-05-03T16:30:00+00:00,1549.050000,1568.850000,1548.860000,1565.670000,3509,19.990000,1.074221,1557.070000,1564.915000,1570.795000,1563.220535,0.485277,36.207881,1,train
AMZN,60,2018-05-03,17:30:00,2018-05-03T17:30:00+00:00,1565.660000,1573.070000,1563.650000,1566.230000,2921,9.420000,0.035767,1558.316000,1563.878000,1570.840000,1563.767710,0.479650,39.730227,1,train
AMZN,60,2018-05-03,18:30:00,2018-05-03T18:30:00+00:00,1566.090000,1574.410000,1565.890000,1572.650000,3721,8.520000,0.409901,1560.774000,1563.220000,1571.215500,1565.382672,0.498490,42.848837,1,train
AMZN,60,2018-05-03,19:30:00,2018-05-03T19:30:00+00:00,1572.660000,1574.270000,1568.380000,1573.000000,2578,5.890000,0.022255,1565.316000,1563.375000,1571.008000,1566.767641,0.472529,46.155036,0,train
AMZN,60,2018-05-03,20:30:00,2018-05-03T20:30:00+00:00,1572.970000,1573.440000,1572.250000,1572.650000,77,1.190000,-0.022250,1570.040000,1563.740000,1570.673000,1567.837161,0.469166,49.110965,0,train
AMZN,60,2018-05-04,12:30:00,2018-05-04T12:30:00+00:00,1567.050000,1571.120000,1561.980000,1562.360000,650,9.140000,-0.654310,1569.378000,1563.224000,1569.742500,1566.841313,0.515972,39.553991,1,train
AMZN,60,2018-05-04,13:30:00,2018-05-04T13:30:00+00:00,1562.380000,1575.000000,1562.080000,1573.140000,4190,12.920000,0.689982,1570.760000,1564.538000,1569.150000,1567.986529,0.535358,46.009697,1,train
AMZN,60,2018-05-04,14:30:00,2018-05-04T14:30:00+00:00,1573.120000,1582.200000,1573.120000,1578.500000,3883,9.080000,0.340720,1571.930000,1566.352000,1569.093500,1569.898069,0.540660,54.770605,1,train
AMZN,60,2018-05-04,15:30:00,2018-05-04T15:30:00+00:00,1578.510000,1582.380000,1578.480000,1582.010000,3043,3.900000,0.222363,1573.732000,1569.524000,1569.069500,1572.100238,0.469691,58.679119,0,train
AMZN,60,2018-05-04,16:30:00,2018-05-04T16:30:00+00:00,1582.030000,1583.120000,1577.800000,1578.500000,3487,5.320000,-0.221870,1574.902000,1572.471000,1569.096000,1573.263831,0.481135,57.131723,1,train
AMZN,60,2018-05-04,17:30:00,2018-05-04T17:30:00+00:00,1578.210000,1584.080000,1578.040000,1583.830000,3180,6.040000,0.337662,1579.196000,1574.287000,1569.601000,1575.184953,0.375448,65.931274,0,train
AMZN,60,2018-05-04,18:30:00,2018-05-04T18:30:00+00:00,1583.820000,1584.750000,1578.580000,1581.460000,3570,6.170000,-0.149637,1580.860000,1575.810000,1569.844000,1576.325871,0.384324,63.736979,0,train
AMZN,60,2018-05-04,19:30:00,2018-05-04T19:30:00+00:00,1581.480000,1582.290000,1579.660000,1580.760000,2500,2.630000,-0.044263,1581.312000,1576.621000,1569.920500,1577.132076,0.369866,72.593801,1,train
AMZN,60,2018-05-07,12:30:00,2018-05-07T12:30:00+00:00,1588.000000,1593.000000,1586.970000,1590.530000,308,6.030000,0.618057,1583.016000,1578.374000,1570.874500,1579.568062,0.410307,77.324203,1,train
AMZN,60,2018-05-07,13:30:00,2018-05-07T13:30:00+00:00,1588.210000,1605.580000,1587.500000,1600.430000,4958,18.080000,0.622434,1587.402000,1581.152000,1572.446000,1583.361142,0.436728,75.115607,1,train
AMZN,60,2018-05-07,14:30:00,2018-05-07T14:30:00+00:00,1600.390000,1604.820000,1598.320000,1603.900000,3632,6.500000,0.216817,1591.416000,1585.306000,1574.265000,1587.095480,0.325363,76.119817,0,train
AMZN,60,2018-05-07,15:30:00,2018-05-07T15:30:00+00:00,1604.030000,1604.650000,1601.180000,1602.410000,2901,3.470000,-0.092899,1595.606000,1588.233000,1576.385500,1589.879938,0.304807,72.149449,0,train
AMZN,60,2018-05-07,16:30:00,2018-05-07T16:30:00+00:00,1602.380000,1602.410000,1596.000000,1598.120000,2404,6.410000,-0.267722,1599.078000,1590.195000,1578.273500,1591.378131,0.329946,67.660292,1,train
AMZN,60,2018-05-07,17:30:00,2018-05-07T17:30:00+00:00,1598.140000,1602.690000,1597.480000,1602.690000,1840,5.210000,0.285961,1601.510000,1592.263000,1580.893500,1593.434834,0.332652,69.936289,0,train
AMZN,60,2018-05-07,18:30:00,2018-05-07T18:30:00+00:00,1602.660000,1603.630000,1589.980000,1593.330000,3097,13.650000,-0.584018,1600.090000,1593.746000,1583.108500,1593.415774,0.390034,70.810375,1,train
AMZN,60,2018-05-07,19:30:00,2018-05-07T19:30:00+00:00,1593.420000,1599.910000,1592.000000,1599.100000,2148,7.910000,0.362135,1599.130000,1595.273000,1584.780000,1594.449269,0.391804,68.703170,0,train
AMZN,60,2018-05-07,20:30:00,2018-05-07T20:30:00+00:00,1599.100000,1599.100000,1598.620000,1599.010000,32,0.480000,-0.005628,1598.450000,1597.028000,1586.419000,1595.278493,0.384319,65.990956,0,train
AMZN,60,2018-05-08,12:30:00,2018-05-08T12:30:00+00:00,1595.970000,1598.120000,1594.980000,1595.000000,288,3.140000,-0.250780,1597.826000,1598.452000,1587.536500,1595.227858,0.398868,60.049513,0,train
AMZN,60,2018-05-08,13:30:00,2018-05-08T13:30:00+00:00,1592.970000,1596.630000,1585.150000,1589.010000,4244,11.480000,-0.375549,1595.090000,1598.300000,1588.337000,1594.097338,0.375928,57.830428,1,train
AMZN,60,2018-05-08,14:30:00,2018-05-08T14:30:00+00:00,1590.180000,1596.750000,1587.720000,1590.230000,2823,9.030000,0.076777,1594.470000,1597.280000,1589.216000,1593.394186,0.307472,55.079365,0,train
AMZN,60,2018-05-08,15:30:00,2018-05-08T15:30:00+00:00,1590.260000,1591.820000,1587.900000,1589.550000,2394,3.920000,-0.042761,1592.560000,1595.845000,1590.575500,1592.695243,0.291732,56.597619,0,train
AMZN,60,2018-05-08,16:30:00,2018-05-08T16:30:00+00:00,1589.550000,1589.690000,1584.170000,1588.210000,2515,5.520000,-0.084301,1590.400000,1594.425000,1591.329000,1591.879744,0.291734,56.012914,1,train
AMZN,60,2018-05-08,17:30:00,2018-05-08T17:30:00+00:00,1588.250000,1593.000000,1584.470000,1588.990000,2401,8.530000,0.049112,1589.198000,1593.512000,1591.853500,1591.354336,0.287288,48.546073,0,train
AMZN,60,2018-05-08,18:30:00,2018-05-08T18:30:00+00:00,1589.000000,1590.420000,1582.420000,1588.750000,2774,8.000000,-0.015104,1589.146000,1592.118000,1592.190500,1590.880821,0.262030,36.512702,1,train
AMZN,60,2018-05-08,19:30:00,2018-05-08T19:30:00+00:00,1588.750000,1593.000000,1588.130000,1593.000000,1765,4.870000,0.267506,1589.700000,1592.085000,1592.915500,1591.266126,0.217075,37.636116,0,train
AMZN,60,2018-05-08,20:30:00,2018-05-08T20:30:00+00:00,1591.990000,1593.000000,1591.970000,1592.470000,34,1.030000,-0.033271,1590.284000,1591.422000,1593.347500,1591.485012,0.175422,38.474026,1,train
AMZN,60,2018-05-09,12:30:00,2018-05-09T12:30:00+00:00,1602.170000,1605.000000,1598.850000,1599.000000,550,6.150000,0.410055,1592.442000,1591.421000,1594.224500,1592.851374,0.226620,50.970018,0,train
AMZN,60,2018-05-09,13:30:00,2018-05-09T13:30:00+00:00,1599.990000,1605.900000,1593.980000,1596.080000,4426,11.920000,-0.182614,1593.860000,1591.529000,1594.990500,1593.438397,0.219134,42.438801,1,train
AMZN,60,2018-05-09,14:30:00,2018-05-09T14:30:00+00:00,1596.220000,1598.400000,1591.970000,1597.090000,3219,6.430000,0.063280,1595.528000,1592.337000,1595.318500,1594.102324,0.173127,55.316742,1,train
AMZN,60,2018-05-09,15:30:00,2018-05-09T15:30:00+00:00,1597.110000,1602.000000,1596.160000,1602.000000,2279,5.840000,0.307434,1597.328000,1593.514000,1595.397000,1595.538265,0.191367,54.202899,1,train
AMZN,60,2018-05-09,16:30:00,2018-05-09T16:30:00+00:00,1602.000000,1605.000000,1601.140000,1604.300000,2946,3.860000,0.143571,1599.694000,1594.989000,1595.417000,1597.131308,0.187780,57.205121,0,train
AMZN,60,2018-05-09,17:30:00,2018-05-09T17:30:00+00:00,1604.310000,1605.750000,1602.170000,1602.600000,2615,3.580000,-0.105965,1600.414000,1596.428000,1595.426500,1598.125616,0.190157,61.046512,1,train
AMZN,60,2018-05-09,18:30:00,2018-05-09T18:30:00+00:00,1602.250000,1605.830000,1602.220000,1603.800000,2917,3.610000,0.074878,1601.958000,1597.909000,1595.710500,1599.157322,0.189710,74.974671,1,train
AMZN,60,2018-05-09,19:30:00,2018-05-09T19:30:00+00:00,1603.810000,1607.990000,1602.470000,1607.190000,2423,5.520000,0.211373,1603.978000,1599.753000,1595.935500,1600.617809,0.188890,76.683449,1,train
AMZN,60,2018-05-09,20:30:00,2018-05-09T20:30:00+00:00,1607.210000,1607.800000,1607.210000,1607.330000,24,0.590000,0.008711,1605.044000,1601.186000,1596.635500,1601.838207,0.183418,78.457106,1,train
AMZN,60,2018-05-10,12:30:00,2018-05-10T12:30:00+00:00,1607.900000,1610.500000,1606.660000,1608.030000,423,3.840000,0.043550,1605.790000,1602.742000,1597.082000,1602.963988,0.179255,82.385621,1,train
AMZN,60,2018-05-10,13:30:00,2018-05-10T13:30:00+00:00,1608.030000,1614.610000,1605.730000,1613.010000,4723,8.880000,0.309696,1607.872000,1604.143000,1597.782000,1604.790535,0.161763,84.511494,0,train
AMZN,60,2018-05-10,14:30:00,2018-05-10T14:30:00+00:00,1613.040000,1613.650000,1607.470000,1607.490000,2764,6.180000,-0.342217,1608.610000,1605.284000,1598.406500,1605.281347,0.195681,73.378244,0,train
AMZN,60,2018-05-10,15:30:00,2018-05-10T15:30:00+00:00,1607.480000,1610.100000,1603.360000,1606.270000,2380,6.740000,-0.075895,1608.426000,1606.202000,1599.269500,1605.461102,0.201197,67.908232,1,train
AMZN,60,2018-05-10,16:30:00,2018-05-10T16:30:00+00:00,1606.270000,1609.990000,1605.030000,1608.780000,2119,4.960000,0.156263,1608.716000,1606.880000,1600.197000,1606.064538,0.185390,70.894184,0,train
AMZN,60,2018-05-10,17:30:00,2018-05-10T17:30:00+00:00,1608.770000,1609.850000,1605.170000,1608.720000,2287,4.680000,-0.003730,1608.854000,1607.322000,1601.155500,1606.547349,0.182284,64.926290,0,train
AMZN,60,2018-05-10,18:30:00,2018-05-10T18:30:00+00:00,1608.720000,1609.390000,1605.500000,1608.170000,2560,3.890000,-0.034189,1607.886000,1607.879000,1602.153500,1606.842377,0.177796,70.023186,1,train
AMZN,60,2018-05-10,19:30:00,2018-05-10T19:30:00+00:00,1608.260000,1609.850000,1607.290000,1608.830000,2107,2.560000,0.041040,1608.154000,1608.382000,1603.145500,1607.203763,0.177270,69.671582,0,train
AMZN,60,2018-05-10,20:30:00,2018-05-10T20:30:00+00:00,1608.830000,1608.830000,1607.100000,1607.110000,23,1.730000,-0.106910,1608.322000,1608.374000,1604.063500,1607.186715,0.169794,59.587242,1,train
AMZN,60,2018-05-11,12:30:00,2018-05-11T12:30:00+00:00,1609.730000,1611.000000,1609.170000,1609.180000,115,1.830000,0.128803,1608.402000,1608.559000,1604.872500,1607.549130,0.174684,59.235428,0,train
AMZN,60,2018-05-11,13:30:00,2018-05-11T13:30:00+00:00,1609.170000,1610.950000,1602.190000,1604.850000,3501,8.760000,-0.269081,1607.628000,1608.241000,1605.491500,1607.058379,0.195119,53.872633,1,train
AMZN,60,2018-05-11,14:30:00,2018-05-11T14:30:00+00:00,1605.120000,1609.790000,1603.480000,1606.740000,2585,6.310000,0.117768,1607.342000,1607.614000,1605.878500,1607.000492,0.166462,54.942838,0,train
AMZN,60,2018-05-11,15:30:00,2018-05-11T15:30:00+00:00,1606.720000,1608.340000,1601.180000,1601.840000,2043,7.160000,-0.304965,1605.944000,1607.049000,1606.166500,1606.062221,0.159175,41.440000,1,train
AMZN,60,2018-05-11,16:30:00,2018-05-11T16:30:00+00:00,1601.820000,1604.920000,1601.470000,1604.490000,1912,3.450000,0.165435,1605.420000,1606.871000,1606.536500,1605.776363,0.170213,45.793839,0,train
AMZN,60,2018-05-11,17:30:00,2018-05-11T17:30:00+00:00,1604.340000,1604.370000,1600.970000,1601.270000,1746,3.400000,-0.200687,1603.838000,1606.120000,1606.500000,1604.957024,0.168670,40.683572,0,train
AMZN,60,2018-05-11,18:30:00,2018-05-11T18:30:00+00:00,1601.250000,1601.360000,1597.690000,1600.160000,2727,3.670000,-0.069320,1602.900000,1605.264000,1606.293000,1604.084838,0.168089,30.175872,1,train
AMZN,60,2018-05-11,19:30:00,2018-05-11T19:30:00+00:00,1600.160000,1603.180000,1599.230000,1602.770000,2050,3.950000,0.163109,1602.106000,1604.724000,1606.301500,1603.845776,0.181606,42.000000,1,train
AMZN,60,2018-05-14,12:30:00,2018-05-14T12:30:00+00:00,1605.090000,1606.150000,1602.880000,1602.890000,279,3.270000,0.007487,1602.316000,1604.130000,1606.256000,1603.671999,0.180382,44.049296,1,train
AMZN,60,2018-05-14,13:30:00,2018-05-14T13:30:00+00:00,1602.900000,1610.700000,1602.880000,1607.780000,3934,7.820000,0.305074,1602.974000,1604.197000,1606.285500,1604.418908,0.207594,48.375569,0,train
AMZN,60,2018-05-14,14:30:00,2018-05-14T14:30:00+00:00,1607.800000,1609.250000,1604.070000,1605.270000,2368,5.180000,-0.156116,1603.774000,1603.806000,1606.182500,1604.573652,0.208169,44.808908,1,train
AMZN,60,2018-05-14,15:30:00,2018-05-14T15:30:00+00:00,1605.300000,1607.310000,1604.490000,1607.100000,1934,2.820000,0.114000,1605.162000,1604.031000,1606.136000,1605.032988,0.192761,48.449725,0,train
AMZN,60,2018-05-14,16:30:00,2018-05-14T16:30:00+00:00,1607.090000,1607.520000,1601.970000,1603.990000,2017,5.550000,-0.193516,1605.406000,1603.756000,1605.685000,1604.843354,0.199200,43.452381,0,train
AMZN,60,2018-05-14,17:30:00,2018-05-14T17:30:00+00:00,1604.000000,1605.280000,1600.020000,1602.390000,2011,5.260000,-0.099751,1605.306000,1603.811000,1605.430000,1604.397290,0.175379,43.593920,1,train
AMZN,60,2018-05-14,18:30:00,2018-05-14T18:30:00+00:00,1602.300000,1604.070000,1600.770000,1603.500000,2284,3.300000,0.069272,1604.450000,1603.712000,1605.291500,1604.234146,0.167998,42.084727,0,train
AMZN,60,2018-05-14,19:30:00,2018-05-14T19:30:00+00:00,1603.500000,1604.240000,1600.500000,1601.000000,1800,3.740000,-0.155909,1603.596000,1603.685000,1604.902500,1603.646119,0.162749,44.346549,0,train
AMZN,60,2018-05-14,20:30:00,2018-05-14T20:30:00+00:00,1600.580000,1600.980000,1600.470000,1600.500000,14,0.510000,-0.031230,1602.276000,1603.719000,1604.491500,1603.074098,0.161427,40.447030,0,train
AMZN,60,2018-05-15,12:30:00,2018-05-15T12:30:00+00:00,1595.970000,1595.970000,1586.980000,1587.860000,541,8.990000,-0.789753,1599.050000,1602.228000,1603.476000,1600.307898,0.287733,32.698020,0,train
AMZN,60,2018-05-15,13:30:00,2018-05-15T13:30:00+00:00,1587.200000,1587.500000,1565.200000,1572.580000,6671,22.300000,-0.962301,1593.088000,1599.197000,1601.663500,1595.266462,0.393921,19.913257,0,train
AMZN,60,2018-05-15,14:30:00,2018-05-15T14:30:00+00:00,1572.700000,1575.660000,1566.110000,1567.980000,4563,9.550000,-0.292513,1585.984000,1595.217000,1599.707000,1590.305287,0.353748,19.408197,1,train
AMZN,60,2018-05-15,15:30:00,2018-05-15T15:30:00+00:00,1568.380000,1573.000000,1567.650000,1569.520000,3467,5.350000,0.098216,1579.688000,1591.642000,1597.724000,1586.526144,0.370000,22.064187,1,train
AMZN,60,2018-05-15,16:30:00,2018-05-15T16:30:00+00:00,1569.710000,1578.860000,1569.510000,1575.490000,2848,9.350000,0.380371,1574.686000,1588.481000,1596.256000,1584.519572,0.404998,26.563574,0,train
AMZN,60,2018-05-15,17:30:00,2018-05-15T17:30:00+00:00,1575.290000,1576.780000,1567.400000,1569.080000,2624,9.380000,-0.406858,1570.930000,1584.990000,1594.373000,1581.712377,0.410336,23.786634,1,train
AMZN,60,2018-05-15,18:30:00,2018-05-15T18:30:00+00:00,1569.590000,1574.550000,1569.200000,1570.650000,2610,5.350000,0.100059,1570.544000,1581.816000,1592.813500,1579.701036,0.421503,19.650155,1,train
AMZN,60,2018-05-15,19:30:00,2018-05-15T19:30:00+00:00,1570.650000,1578.010000,1570.040000,1575.980000,2330,7.970000,0.339350,1572.144000,1579.064000,1591.388000,1579.024484,0.448402,27.113612,1,train
AMZN,60,2018-05-15,20:30:00,2018-05-15T20:30:00+00:00,1577.250000,1577.790000,1575.980000,1577.470000,39,1.810000,0.094544,1573.734000,1576.711000,1590.198000,1578.741851,0.456328,26.724273,0,train
AMZN,60,2018-05-16,12:30:00,2018-05-16T12:30:00+00:00,1577.000000,1578.430000,1572.000000,1575.760000,710,6.430000,-0.108401,1573.788000,1574.237000,1588.978000,1578.199696,0.454803,27.325301,1,train
AMZN,60,2018-05-16,13:30:00,2018-05-16T13:30:00+00:00,1575.730000,1589.600000,1575.730000,1587.210000,4174,13.870000,0.726633,1577.414000,1574.172000,1588.200000,1579.837933,0.472018,39.472954,0,train
AMZN,60,2018-05-16,14:30:00,2018-05-16T14:30:00+00:00,1587.240000,1589.820000,1582.410000,1582.990000,2633,7.410000,-0.265875,1579.882000,1575.213000,1587.205000,1580.411036,0.350504,36.364845,1,train
AMZN,60,2018-05-16,15:30:00,2018-05-16T15:30:00+00:00,1583.020000,1592.220000,1582.980000,1591.780000,2716,9.240000,0.555278,1583.042000,1577.593000,1586.405000,1582.478120,0.356484,44.343558,0,train
AMZN,60,2018-05-16,16:30:00,2018-05-16T16:30:00+00:00,1591.780000,1594.150000,1588.480000,1589.750000,2683,5.670000,-0.127530,1585.498000,1579.616000,1585.629000,1583.800280,0.367208,43.526436,0,train
AMZN,60,2018-05-16,17:30:00,2018-05-16T17:30:00+00:00,1589.890000,1590.520000,1586.220000,1587.240000,2521,4.300000,-0.157886,1587.794000,1580.791000,1584.636000,1584.425684,0.365674,49.574760,0,train
AMZN,60,2018-05-16,18:30:00,2018-05-16T18:30:00+00:00,1587.270000,1590.130000,1586.250000,1587.070000,2375,3.880000,-0.010710,1587.766000,1582.590000,1583.790000,1584.906469,0.327105,62.536771,0,train
AMZN,60,2018-05-16,19:30:00,2018-05-16T19:30:00+00:00,1587.100000,1588.030000,1582.440000,1586.000000,2217,5.590000,-0.067420,1588.368000,1584.125000,1582.970500,1585.105293,0.332177,66.605234,1,train
AMZN,60,2018-05-16,20:30:00,2018-05-16T20:30:00+00:00,1586.000000,1587.370000,1585.980000,1586.020000,22,1.390000,0.001261,1587.216000,1585.129000,1582.096500,1585.271603,0.321907,65.642776,0,train
AMZN,60,2018-05-17,12:30:00,2018-05-17T12:30:00+00:00,1583.770000,1585.010000,1579.810000,1579.810000,1322,5.200000,-0.391546,1585.228000,1585.363000,1581.037000,1584.278584,0.352068,54.077010,1,train
AMZN,60,2018-05-17,13:30:00,2018-05-17T13:30:00+00:00,1579.970000,1589.810000,1579.810000,1589.080000,3553,10.000000,0.586779,1585.596000,1586.695000,1580.466000,1585.151569,0.391353,67.908309,1,train
AMZN,60,2018-05-17,14:30:00,2018-05-17T14:30:00+00:00,1589.080000,1593.960000,1588.520000,1590.160000,2581,5.440000,0.067964,1586.214000,1586.990000,1580.581000,1586.062193,0.320328,67.624210,0,train
AMZN,60,2018-05-17,15:30:00,2018-05-17T15:30:00+00:00,1590.170000,1591.020000,1587.220000,1589.290000,1791,3.800000,-0.054711,1586.872000,1587.620000,1581.416500,1586.649067,0.306105,63.077225,0,train
AMZN,60,2018-05-17,16:30:00,2018-05-17T16:30:00+00:00,1589.290000,1589.460000,1580.620000,1583.740000,2169,8.840000,-0.349213,1586.416000,1586.816000,1582.204500,1586.120146,0.268273,55.705187,0,train
AMZN,60,2018-05-17,17:30:00,2018-05-17T17:30:00+00:00,1583.760000,1584.360000,1572.970000,1580.330000,2553,11.390000,-0.215313,1586.520000,1585.874000,1582.745000,1585.067392,0.272484,54.033539,1,train
AMZN,60,2018-05-17,18:30:00,2018-05-17T18:30:00+00:00,1580.340000,1583.980000,1578.490000,1580.440000,2198,5.490000,0.006961,1584.792000,1585.194000,1582.992500,1584.226048,0.270823,42.529243,0,train
AMZN,60,2018-05-17,19:30:00,2018-05-17T19:30:00+00:00,1580.470000,1582.570000,1579.500000,1580.330000,1956,3.070000,-0.006960,1582.826000,1584.520000,1583.555000,1583.517676,0.270875,46.771845,1,train
AMZN,60,2018-05-17,20:30:00,2018-05-17T20:30:00+00:00,1580.360000,1581.450000,1580.260000,1580.630000,27,1.190000,0.018983,1581.094000,1583.983000,1584.054000,1582.992644,0.271359,32.956282,0,train
AMZN,60,2018-05-18,12:30:00,2018-05-18T12:30:00+00:00,1582.190000,1582.190000,1574.000000,1579.620000,705,8.190000,-0.063899,1580.270000,1583.343000,1584.236000,1582.379436,0.271212,34.017040,0,train
AMZN,60,2018-05-18,13:30:00,2018-05-18T13:30:00+00:00,1579.590000,1582.030000,1573.340000,1576.970000,3577,8.690000,-0.167762,1579.598000,1583.059000,1584.211000,1581.395902,0.247157,33.867421,0,train
AMZN,60,2018-05-18,14:30:00,2018-05-18T14:30:00+00:00,1577.000000,1577.000000,1572.470000,1575.130000,2957,4.530000,-0.116679,1578.536000,1581.664000,1584.179500,1580.256647,0.126785,32.179104,1,train
AMZN,60,2018-05-18,15:30:00,2018-05-18T15:30:00+00:00,1575.140000,1583.550000,1575.130000,1576.470000,3603,8.420000,0.085072,1577.764000,1580.295000,1583.642500,1579.568166,0.129216,35.889843,1,train
AMZN,60,2018-05-18,16:30:00,2018-05-18T16:30:00+00:00,1576.450000,1580.170000,1575.970000,1578.350000,2282,4.200000,0.119254,1577.308000,1579.201000,1583.410500,1579.346681,0.144729,39.236598,0,train
AMZN,60,2018-05-18,17:30:00,2018-05-18T17:30:00+00:00,1578.330000,1578.360000,1571.990000,1575.000000,2595,6.370000,-0.212247,1576.384000,1578.327000,1582.571500,1578.556375,0.119550,42.660970,0,train
AMZN,60,2018-05-18,18:30:00,2018-05-18T18:30:00+00:00,1574.980000,1575.950000,1572.220000,1573.700000,2821,3.730000,-0.082540,1575.730000,1577.664000,1581.769000,1577.673398,0.106455,18.991935,1,train
AMZN,60,2018-05-18,19:30:00,2018-05-18T19:30:00+00:00,1573.690000,1575.570000,1573.570000,1574.200000,2412,2.000000,0.031772,1575.544000,1577.040000,1581.117000,1577.041871,0.108000,17.052023,1,train
AMZN,60,2018-05-21,12:30:00,2018-05-21T12:30:00+00:00,1587.240000,1588.050000,1584.120000,1584.120000,193,3.930000,0.630161,1577.074000,1577.419000,1580.969500,1578.328804,0.238461,42.230237,0,train
AMZN,60,2018-05-21,13:30:00,2018-05-21T13:30:00+00:00,1583.650000,1591.820000,1580.470000,1582.490000,6096,11.350000,-0.102896,1577.902000,1577.605000,1580.794000,1579.085385,0.241848,47.870528,0,train
AMZN,60,2018-05-21,14:30:00,2018-05-21T14:30:00+00:00,1582.480000,1586.210000,1575.090000,1577.000000,4114,11.120000,-0.346922,1578.302000,1577.343000,1580.343000,1578.706224,0.266976,44.702514,1,train
AMZN,60,2018-05-21,15:30:00,2018-05-21T15:30:00+00:00,1576.990000,1582.500000,1575.240000,1581.490000,3196,7.260000,0.284718,1579.860000,1577.795000,1580.427000,1579.212365,0.276619,51.466071,1,train
AMZN,60,2018-05-21,16:30:00,2018-05-21T16:30:00+00:00,1581.470000,1585.450000,1581.180000,1583.540000,2616,4.270000,0.129625,1581.728000,1578.636000,1580.150000,1579.999208,0.273153,54.251656,0,train
AMZN,60,2018-05-21,17:30:00,2018-05-21T17:30:00+00:00,1583.560000,1584.160000,1577.870000,1579.250000,2135,6.290000,-0.270912,1580.754000,1578.914000,1579.604500,1579.862988,0.291196,48.346909,1,train
AMZN,60,2018-05-21,18:30:00,2018-05-21T18:30:00+00:00,1579.220000,1583.500000,1576.500000,1581.440000,2253,7.000000,0.138673,1580.544000,1579.223000,1579.212000,1580.149718,0.292010,52.120224,1,train
AMZN,60,2018-05-21,19:30:00,2018-05-21T19:30:00+00:00,1581.550000,1585.660000,1581.140000,1584.000000,2161,4.520000,0.161878,1581.944000,1580.123000,1579.225000,1580.849769,0.282777,58.206864,0,train
AMZN,60,2018-05-21,20:30:00,2018-05-21T20:30:00+00:00,1584.000000,1584.000000,1583.970000,1584.000000,8,0.030000,0.000000,1582.446000,1581.153000,1579.408500,1581.422538,0.279425,60.819712,1,train
AMZN,60,2018-05-22,12:30:00,2018-05-22T12:30:00+00:00,1589.000000,1589.500000,1587.970000,1589.000000,165,1.530000,0.315657,1583.538000,1582.633000,1579.836500,1582.800259,0.289832,64.031355,0,train
AMZN,60,2018-05-22,13:30:00,2018-05-22T13:30:00+00:00,1589.330000,1589.800000,1575.070000,1575.690000,4052,14.730000,-0.837634,1582.826000,1581.790000,1579.604500,1581.507484,0.352932,47.628388,1,train
AMZN,60,2018-05-22,14:30:00,2018-05-22T14:30:00+00:00,1575.670000,1582.140000,1575.230000,1580.900000,2294,6.910000,0.330649,1582.718000,1581.631000,1579.618000,1581.397033,0.372195,55.091474,0,train
AMZN,60,2018-05-22,15:30:00,2018-05-22T15:30:00+00:00,1580.900000,1583.300000,1578.150000,1580.620000,1825,5.150000,-0.017711,1582.042000,1581.993000,1579.668000,1581.255754,0.353095,56.078707,1,train
AMZN,60,2018-05-22,16:30:00,2018-05-22T16:30:00+00:00,1580.650000,1581.470000,1578.470000,1581.100000,1771,3.000000,0.030368,1581.462000,1581.954000,1579.874500,1581.227435,0.341146,56.063269,1,train
AMZN,60,2018-05-22,17:30:00,2018-05-22T17:30:00+00:00,1581.300000,1585.050000,1580.130000,1584.970000,1583,4.920000,0.244766,1580.656000,1582.097000,1580.366500,1581.907901,0.347955,50.835792,0,train
AMZN,60,2018-05-22,18:30:00,2018-05-22T18:30:00+00:00,1585.000000,1585.910000,1582.180000,1584.700000,1979,3.730000,-0.017035,1582.458000,1582.642000,1580.778000,1582.415556,0.334207,52.232774,0,train
AMZN,60,2018-05-22,19:30:00,2018-05-22T19:30:00+00:00,1584.700000,1584.780000,1579.980000,1581.100000,2410,4.800000,-0.227172,1582.498000,1582.608000,1580.915500,1582.176364,0.341536,54.306723,0,train
AMZN,60,2018-05-22,20:30:00,2018-05-22T20:30:00+00:00,1581.260000,1582.100000,1580.740000,1580.750000,19,1.360000,-0.022136,1582.524000,1582.283000,1581.203000,1581.917025,0.336670,49.148642,0,train
AMZN,60,2018-05-23,12:30:00,2018-05-23T12:30:00+00:00,1570.090000,1571.910000,1569.970000,1569.990000,358,1.940000,-0.680690,1580.302000,1580.882000,1581.017500,1579.748475,0.395792,37.013609,1,train
AMZN,60,2018-05-23,13:30:00,2018-05-23T13:30:00+00:00,1571.020000,1579.160000,1566.300000,1577.160000,4295,12.860000,0.456691,1578.740000,1579.698000,1581.165500,1579.277843,0.413878,48.101726,0,train
AMZN,60,2018-05-23,14:30:00,2018-05-23T14:30:00+00:00,1577.180000,1577.200000,1571.470000,1575.290000,3091,5.730000,-0.118568,1576.858000,1579.658000,1580.724000,1578.552781,0.317767,44.381509,1,train
AMZN,60,2018-05-23,15:30:00,2018-05-23T15:30:00+00:00,1575.260000,1584.020000,1575.050000,1580.290000,3095,8.970000,0.317402,1576.696000,1579.597000,1580.614000,1578.868639,0.316250,46.755291,1,train
AMZN,60,2018-05-23,16:30:00,2018-05-23T16:30:00+00:00,1580.500000,1586.350000,1580.470000,1583.390000,2448,5.880000,0.196167,1577.224000,1579.874000,1580.933500,1579.690704,0.322348,49.493944,1,train
AMZN,60,2018-05-23,17:30:00,2018-05-23T17:30:00+00:00,1583.400000,1594.880000,1582.810000,1594.650000,2902,12.070000,0.711132,1582.156000,1581.229000,1581.591500,1582.410576,0.390034,54.246205,1,train
AMZN,60,2018-05-23,18:30:00,2018-05-23T18:30:00+00:00,1594.670000,1597.710000,1590.600000,1596.950000,3140,7.110000,0.144232,1586.114000,1582.427000,1582.262000,1585.054108,0.386771,69.146254,1,train
AMZN,60,2018-05-23,19:30:00,2018-05-23T19:30:00+00:00,1596.940000,1601.990000,1596.850000,1601.170000,2659,5.140000,0.264254,1591.290000,1584.074000,1583.358000,1587.984270,0.389472,68.586099,0,train
AMZN,60,2018-05-23,20:30:00,2018-05-23T20:30:00+00:00,1601.180000,1601.570000,1599.970000,1600.500000,76,1.600000,-0.041844,1595.332000,1586.014000,1584.311000,1590.259857,0.376136,68.099053,0,train
AMZN,60,2018-05-24,12:30:00,2018-05-24T12:30:00+00:00,1598.100000,1599.010000,1597.070000,1597.970000,213,1.940000,-0.158076,1598.248000,1587.736000,1585.009500,1591.661701,0.384319,64.806038,0,train
AMZN,60,2018-05-24,13:30:00,2018-05-24T13:30:00+00:00,1598.000000,1601.400000,1590.990000,1594.670000,4042,10.410000,-0.206512,1598.252000,1590.204000,1585.543000,1592.208665,0.294900,58.599291,1,train
AMZN,60,2018-05-24,14:30:00,2018-05-24T14:30:00+00:00,1594.700000,1596.890000,1588.290000,1595.480000,3144,8.600000,0.050794,1597.958000,1592.036000,1585.867000,1592.803453,0.276339,59.466105,1,train
AMZN,60,2018-05-24,15:30:00,2018-05-24T15:30:00+00:00,1595.540000,1604.440000,1593.850000,1603.420000,2823,10.590000,0.497656,1598.408000,1594.849000,1587.253500,1594.733734,0.286756,68.211488,1,train
AMZN,60,2018-05-24,16:30:00,2018-05-24T16:30:00+00:00,1603.440000,1604.950000,1598.320000,1604.130000,2286,6.630000,0.044280,1599.134000,1597.233000,1588.415000,1596.442146,0.284953,68.964958,1,train
AMZN,60,2018-05-24,17:30:00,2018-05-24T17:30:00+00:00,1604.170000,1607.590000,1600.990000,1606.000000,2294,6.600000,0.116574,1600.740000,1599.494000,1589.684000,1598.179938,0.284639,84.132701,1,train
AMZN,60,2018-05-24,18:30:00,2018-05-24T18:30:00+00:00,1606.010000,1608.110000,1603.970000,1606.340000,3038,4.140000,0.021171,1603.074000,1600.663000,1590.946000,1599.663586,0.203470,81.772648,0,train
AMZN,60,2018-05-24,19:30:00,2018-05-24T19:30:00+00:00,1606.350000,1607.760000,1600.240000,1602.960000,2773,7.520000,-0.210416,1604.570000,1601.264000,1591.845500,1600.262934,0.219963,79.169302,0,train
AMZN,60,2018-05-24,20:30:00,2018-05-24T20:30:00+00:00,1602.750000,1603.000000,1602.720000,1602.730000,9,0.280000,-0.014348,1604.432000,1601.420000,1592.747000,1600.711491,0.205243,76.300985,0,train
AMZN,60,2018-05-25,12:30:00,2018-05-25T12:30:00+00:00,1601.890000,1603.000000,1599.910000,1601.000000,339,3.090000,-0.107941,1603.806000,1601.470000,1593.742000,1600.763947,0.208139,71.324776,1,train
AMZN,60,2018-05-25,13:30:00,2018-05-25T13:30:00+00:00,1601.000000,1613.880000,1600.150000,1612.760000,6388,13.730000,0.734541,1605.158000,1602.949000,1595.342500,1602.945048,0.301636,71.667863,0,train
AMZN,60,2018-05-25,14:30:00,2018-05-25T14:30:00+00:00,1612.780000,1613.490000,1608.470000,1610.000000,3978,5.020000,-0.171135,1605.890000,1604.482000,1597.343000,1604.227766,0.297923,65.443787,1,train
AMZN,60,2018-05-25,15:30:00,2018-05-25T15:30:00+00:00,1610.140000,1612.760000,1608.080000,1610.990000,3065,4.680000,0.061491,1607.496000,1606.033000,1599.034500,1605.457263,0.297761,62.583291,1,train
AMZN,60,2018-05-25,16:30:00,2018-05-25T16:30:00+00:00,1610.890000,1612.740000,1610.100000,1611.950000,2714,2.640000,0.059591,1609.340000,1606.886000,1600.867500,1606.637761,0.262426,64.563724,0,train
AMZN,60,2018-05-25,17:30:00,2018-05-25T17:30:00+00:00,1611.920000,1611.920000,1608.470000,1610.640000,2681,3.450000,-0.081268,1611.268000,1607.537000,1602.385000,1607.365441,0.265890,66.631662,0,train
AMZN,60,2018-05-25,18:30:00,2018-05-25T18:30:00+00:00,1610.660000,1610.750000,1607.320000,1609.140000,2328,3.430000,-0.093131,1610.544000,1607.851000,1603.672500,1607.688088,0.267516,69.936622,1,train
AMZN,60,2018-05-25,19:30:00,2018-05-25T19:30:00+00:00,1609.180000,1610.070000,1608.100000,1609.390000,2126,1.970000,0.015536,1610.422000,1608.156000,1604.409500,1607.997526,0.267519,69.465435,0,train
AMZN,60,2018-05-29,12:30:00,2018-05-29T12:30:00+00:00,1605.100000,1606.000000,1600.870000,1600.880000,778,5.130000,-0.528772,1608.400000,1607.948000,1604.606000,1606.703431,0.312974,46.501377,1,train
AMZN,60,2018-05-29,13:30:00,2018-05-29T13:30:00+00:00,1600.460000,1621.470000,1600.010000,1609.480000,5206,21.460000,0.537205,1607.906000,1608.623000,1605.021500,1607.208262,0.357984,56.053406,1,train
AMZN,60,2018-05-29,14:30:00,2018-05-29T14:30:00+00:00,1609.490000,1617.190000,1606.750000,1615.550000,3735,10.440000,0.377140,1608.888000,1610.078000,1605.774000,1608.724941,0.368040,59.867741,0,train
AMZN,60,2018-05-29,15:30:00,2018-05-29T15:30:00+00:00,1615.540000,1618.880000,1605.130000,1612.000000,3438,13.750000,-0.219739,1609.460000,1610.002000,1606.475500,1609.320406,0.300122,55.484496,0,train
AMZN,60,2018-05-29,16:30:00,2018-05-29T16:30:00+00:00,1612.000000,1616.240000,1610.280000,1611.810000,2427,5.960000,-0.011787,1609.944000,1610.183000,1607.332500,1609.773060,0.294458,59.140673,1,train
AMZN,60,2018-05-29,17:30:00,2018-05-29T17:30:00+00:00,1611.820000,1612.710000,1607.390000,1611.990000,2189,5.320000,0.011168,1612.166000,1610.283000,1608.158000,1610.176140,0.293940,59.574028,0,train
AMZN,60,2018-05-29,18:30:00,2018-05-29T18:30:00+00:00,1612.020000,1612.960000,1603.020000,1605.150000,2730,9.940000,-0.424320,1611.300000,1609.603000,1608.244500,1609.262296,0.322674,53.880681,1,train
AMZN,60,2018-05-29,19:30:00,2018-05-29T19:30:00+00:00,1605.120000,1614.300000,1604.050000,1613.250000,2478,10.250000,0.504626,1610.840000,1609.864000,1608.700500,1609.987333,0.365112,50.491869,0,train
AMZN,60,2018-05-29,20:30:00,2018-05-29T20:30:00+00:00,1613.240000,1613.980000,1613.020000,1613.020000,24,0.960000,-0.014257,1611.044000,1610.252000,1609.051500,1610.538727,0.363321,53.193739,1,train
AMZN,60,2018-05-30,12:30:00,2018-05-30T12:30:00+00:00,1620.500000,1620.800000,1614.400000,1614.400000,496,6.400000,0.085554,1611.562000,1610.753000,1609.454500,1611.240777,0.363800,53.576673,1,train
AMZN,60,2018-05-30,13:30:00,2018-05-30T13:30:00+00:00,1610.830000,1620.500000,1610.830000,1616.110000,3683,9.670000,0.105922,1612.386000,1612.276000,1610.112000,1612.126090,0.305918,54.295746,1,train
AMZN,60,2018-05-30,14:30:00,2018-05-30T14:30:00+00:00,1616.360000,1624.040000,1616.350000,1622.000000,3083,7.690000,0.364455,1615.756000,1613.528000,1611.075500,1613.921346,0.282135,60.716981,1,train
AMZN,60,2018-05-30,15:30:00,2018-05-30T15:30:00+00:00,1622.010000,1625.250000,1621.970000,1624.250000,2373,3.280000,0.138718,1617.956000,1614.398000,1612.238000,1615.799283,0.263494,64.055814,0,train
AMZN,60,2018-05-30,16:30:00,2018-05-30T16:30:00+00:00,1624.270000,1624.370000,1619.560000,1622.500000,1763,4.810000,-0.107742,1619.852000,1615.448000,1612.725000,1617.017596,0.252724,61.864253,0,train
AMZN,60,2018-05-30,17:30:00,2018-05-30T17:30:00+00:00,1622.470000,1624.490000,1620.660000,1622.220000,1774,3.830000,-0.017257,1621.416000,1616.489000,1613.336000,1617.963487,0.252915,72.692471,1,train
AMZN,60,2018-05-30,18:30:00,2018-05-30T18:30:00+00:00,1622.210000,1623.860000,1621.740000,1622.370000,2412,2.120000,0.009247,1622.668000,1617.527000,1613.905000,1618.764671,0.252961,66.709878,1,train
AMZN,60,2018-05-30,19:30:00,2018-05-30T19:30:00+00:00,1622.340000,1625.980000,1622.190000,1624.290000,2926,3.790000,0.118345,1623.126000,1619.441000,1614.522000,1619.769277,0.185716,62.696107,0,train
AMZN,60,2018-05-30,20:30:00,2018-05-30T20:30:00+00:00,1623.570000,1625.100000,1623.570000,1623.580000,16,1.530000,-0.043711,1622.992000,1620.474000,1615.169000,1620.462135,0.132436,68.334389,0,train
AMZN,60,2018-05-31,12:30:00,2018-05-31T12:30:00+00:00,1624.190000,1625.720000,1621.270000,1621.300000,648,4.450000,-0.140430,1622.752000,1621.302000,1615.777000,1620.614474,0.146025,64.092664,1,train
AMZN,60,2018-05-31,13:30:00,2018-05-31T13:30:00+00:00,1623.310000,1631.490000,1621.280000,1627.160000,5090,10.210000,0.361438,1623.740000,1622.578000,1616.665500,1621.804570,0.176165,69.275731,1,train
AMZN,60,2018-05-31,14:30:00,2018-05-31T14:30:00+00:00,1627.140000,1629.740000,1622.000000,1629.710000,3618,7.740000,0.156715,1625.208000,1623.938000,1618.107000,1623.241921,0.177756,85.025670,0,train
AMZN,60,2018-05-31,15:30:00,2018-05-31T15:30:00+00:00,1629.720000,1634.960000,1628.490000,1629.660000,3307,6.470000,-0.003068,1626.282000,1624.704000,1619.116000,1624.408844,0.148988,80.377638,1,train
AMZN,60,2018-05-31,16:30:00,2018-05-31T16:30:00+00:00,1629.670000,1632.680000,1628.330000,1630.470000,2264,4.350000,0.049704,1627.660000,1625.326000,1619.862000,1625.510873,0.145533,81.623777,0,train
AMZN,60,2018-05-31,17:30:00,2018-05-31T17:30:00+00:00,1630.510000,1631.600000,1625.690000,1627.720000,2717,5.910000,-0.168663,1628.944000,1625.848000,1620.648000,1625.912532,0.153390,72.997238,1,train
AMZN,60,2018-05-31,18:30:00,2018-05-31T18:30:00+00:00,1628.000000,1630.660000,1626.600000,1629.200000,2795,4.060000,0.090925,1629.352000,1626.546000,1621.517500,1626.510254,0.153326,72.781065,1,train
AMZN,60,2018-05-31,19:30:00,2018-05-31T19:30:00+00:00,1629.220000,1630.700000,1627.870000,1630.000000,2670,2.830000,0.049104,1629.410000,1627.309000,1622.418000,1627.144753,0.152867,66.920474,1,train
AMZN,60,2018-05-31,20:30:00,2018-05-31T20:30:00+00:00,1629.970000,1630.700000,1628.500000,1630.700000,45,2.200000,0.042945,1629.618000,1627.950000,1623.695500,1627.791162,0.150805,64.599366,1,train
AMZN,60,2018-06-01,12:30:00,2018-06-01T12:30:00+00:00,1635.300000,1639.870000,1634.970000,1637.820000,952,4.900000,0.436622,1631.088000,1629.374000,1624.924000,1629.614587,0.192179,77.895120,1,train
AMZN,60,2018-06-01,13:30:00,2018-06-01T13:30:00+00:00,1637.810000,1641.140000,1635.070000,1638.000000,4217,6.070000,0.010990,1633.144000,1631.044000,1626.173000,1631.139207,0.177637,78.837719,1,train
AMZN,60,2018-06-01,14:30:00,2018-06-01T14:30:00+00:00,1638.000000,1645.390000,1637.550000,1643.270000,3990,7.840000,0.321734,1635.958000,1632.655000,1627.616500,1633.344806,0.171550,82.173645,1,train
AMZN,60,2018-06-01,15:30:00,2018-06-01T15:30:00+00:00,1643.290000,1646.500000,1642.970000,1645.220000,3544,3.530000,0.118666,1639.002000,1634.206000,1629.072000,1635.503932,0.170539,82.190095,1,train
AMZN,60,2018-06-01,16:30:00,2018-06-01T16:30:00+00:00,1645.230000,1645.830000,1641.890000,1645.280000,3414,3.940000,0.003647,1641.918000,1635.768000,1630.236000,1637.281399,0.170123,84.055242,0,train
AMZN,60,2018-06-01,17:30:00,2018-06-01T17:30:00+00:00,1645.290000,1645.680000,1642.070000,1644.660000,3407,3.610000,-0.037684,1643.286000,1637.187000,1631.256500,1638.622963,0.174918,88.675497,0,train
AMZN,60,2018-06-01,18:30:00,2018-06-01T18:30:00+00:00,1644.650000,1644.840000,1638.970000,1642.180000,3602,5.870000,-0.150791,1644.122000,1638.633000,1632.240500,1639.269697,0.172085,78.001491,0,train
AMZN,60,2018-06-01,19:30:00,2018-06-01T19:30:00+00:00,1642.180000,1644.010000,1639.480000,1641.700000,2987,4.530000,-0.029229,1643.808000,1639.883000,1633.214500,1639.711570,0.176055,74.222222,1,train
AMZN,60,2018-06-04,12:30:00,2018-06-04T12:30:00+00:00,1647.470000,1648.500000,1646.230000,1647.480000,190,2.270000,0.352074,1644.260000,1641.631000,1634.470000,1641.124012,0.195763,79.232283,1,train
AMZN,60,2018-06-04,13:30:00,2018-06-04T13:30:00+00:00,1647.470000,1653.860000,1645.470000,1650.170000,4922,8.390000,0.163280,1645.238000,1643.578000,1635.764000,1642.768737,0.195093,80.438813,1,train
AMZN,60,2018-06-04,14:30:00,2018-06-04T14:30:00+00:00,1650.140000,1652.520000,1648.470000,1651.200000,3636,4.050000,0.062418,1646.546000,1644.916000,1637.145000,1644.301694,0.160144,88.315927,1,train
AMZN,60,2018-06-04,15:30:00,2018-06-04T15:30:00+00:00,1651.290000,1654.360000,1650.850000,1653.470000,2977,3.510000,0.137476,1648.804000,1646.463000,1638.753500,1645.968659,0.158945,88.609609,1,train
AMZN,60,2018-06-04,16:30:00,2018-06-04T16:30:00+00:00,1653.490000,1656.180000,1652.840000,1655.990000,2896,3.340000,0.152407,1651.662000,1647.735000,1640.195000,1647.790721,0.139884,89.200603,1,train
AMZN,60,2018-06-04,17:30:00,2018-06-04T17:30:00+00:00,1655.980000,1659.570000,1654.430000,1658.820000,3160,5.140000,0.170895,1653.930000,1649.095000,1641.650500,1649.796044,0.142553,89.852608,1,train
AMZN,60,2018-06-04,18:30:00,2018-06-04T18:30:00+00:00,1658.960000,1663.550000,1658.470000,1662.300000,4264,5.080000,0.209788,1656.356000,1650.797000,1643.282500,1652.069491,0.144779,88.685209,1,train
AMZN,60,2018-06-04,19:30:00,2018-06-04T19:30:00+00:00,1662.370000,1665.950000,1661.970000,1664.990000,4383,3.980000,0.161824,1659.114000,1652.830000,1645.008500,1654.418674,0.136752,89.516837,1,train
AMZN,60,2018-06-04,20:30:00,2018-06-04T20:30:00+00:00,1665.000000,1665.840000,1664.970000,1665.560000,34,0.870000,0.034234,1661.532000,1655.168000,1646.900500,1656.444370,0.104243,87.843803,1,train
AMZN,60,2018-06-05,12:30:00,2018-06-05T12:30:00+00:00,1672.490000,1673.200000,1670.420000,1672.000000,458,2.780000,0.386657,1664.734000,1658.198000,1649.040500,1659.272666,0.111277,89.451974,1,train
AMZN,60,2018-06-05,13:30:00,2018-06-05T13:30:00+00:00,1672.000000,1685.210000,1670.170000,1684.890000,5526,15.040000,0.770933,1669.948000,1661.939000,1651.785000,1663.930363,0.213669,92.345521,0,train
AMZN,60,2018-06-05,14:30:00,2018-06-05T14:30:00+00:00,1684.970000,1686.910000,1679.310000,1682.990000,4347,7.600000,-0.112767,1674.086000,1665.221000,1654.399500,1667.395752,0.238873,89.885536,0,train
AMZN,60,2018-06-05,15:30:00,2018-06-05T15:30:00+00:00,1683.000000,1684.000000,1678.050000,1682.430000,3672,5.950000,-0.033274,1677.574000,1668.344000,1656.630000,1670.129251,0.246670,93.626707,1,train
AMZN,60,2018-06-05,16:30:00,2018-06-05T16:30:00+00:00,1682.460000,1689.380000,1681.090000,1688.540000,3394,8.290000,0.363165,1682.170000,1671.851000,1659.157000,1673.476660,0.251823,95.247295,1,train
AMZN,60,2018-06-05,17:30:00,2018-06-05T17:30:00+00:00,1688.540000,1697.960000,1686.970000,1696.480000,4348,10.990000,0.470229,1687.066000,1675.900000,1661.817500,1677.659086,0.263479,95.437685,0,train
AMZN,60,2018-06-05,18:30:00,2018-06-05T18:30:00+00:00,1696.470000,1698.860000,1694.570000,1695.930000,4401,4.290000,-0.032420,1689.274000,1679.611000,1664.353000,1680.981070,0.277083,94.186945,0,train
AMZN,60,2018-06-05,19:30:00,2018-06-05T19:30:00+00:00,1695.930000,1697.720000,1693.000000,1695.790000,4175,4.720000,-0.008255,1691.834000,1682.960000,1666.878500,1683.673603,0.286554,93.810179,0,train
AMZN,60,2018-06-05,20:30:00,2018-06-05T20:30:00+00:00,1695.770000,1696.600000,1693.220000,1694.130000,85,3.380000,-0.097889,1694.174000,1685.874000,1669.352000,1685.574766,0.301767,90.433572,1,train
AMZN,60,2018-06-06,12:30:00,2018-06-06T12:30:00+00:00,1705.280000,1706.490000,1702.340000,1703.770000,485,4.150000,0.569024,1697.220000,1689.695000,1672.431500,1688.882990,0.321008,91.620209,0,train
AMZN,60,2018-06-06,13:30:00,2018-06-06T13:30:00+00:00,1703.800000,1714.180000,1686.050000,1691.540000,7488,28.130000,-0.717820,1696.232000,1691.649000,1674.923500,1689.366083,0.431253,74.491018,1,train
AMZN,60,2018-06-06,14:30:00,2018-06-06T14:30:00+00:00,1691.530000,1706.590000,1687.000000,1704.590000,5325,19.590000,0.771486,1697.964000,1693.619000,1677.779000,1692.134068,0.431346,77.687574,0,train
AMZN,60,2018-06-06,15:30:00,2018-06-06T15:30:00+00:00,1704.590000,1705.000000,1698.320000,1700.370000,2736,6.680000,-0.247567,1698.880000,1695.357000,1680.289000,1693.631510,0.441321,72.708601,0,train
AMZN,60,2018-06-06,16:30:00,2018-06-06T16:30:00+00:00,1700.210000,1701.140000,1689.770000,1695.700000,2843,11.370000,-0.274646,1699.194000,1696.684000,1682.514000,1694.007599,0.455999,68.378049,1,train
AMZN,60,2018-06-06,17:30:00,2018-06-06T17:30:00+00:00,1696.030000,1697.710000,1690.970000,1697.320000,2829,6.740000,0.095536,1697.904000,1697.562000,1684.706500,1694.609854,0.445229,66.403213,0,train
AMZN,60,2018-06-06,18:30:00,2018-06-06T18:30:00+00:00,1697.330000,1699.160000,1689.980000,1692.130000,3254,9.180000,-0.305776,1698.022000,1697.127000,1686.513500,1694.158971,0.431808,55.210132,1,train
AMZN,60,2018-06-06,19:30:00,2018-06-06T19:30:00+00:00,1692.130000,1696.990000,1689.090000,1695.010000,3492,7.900000,0.170200,1696.106000,1697.035000,1688.323000,1694.313704,0.436145,58.529662,1,train
AMZN,60,2018-06-06,20:30:00,2018-06-06T20:30:00+00:00,1695.230000,1696.750000,1694.980000,1695.490000,44,1.770000,0.028318,1695.130000,1697.005000,1689.982500,1694.527576,0.436264,59.278204,1,train
AMZN,60,2018-06-07,12:30:00,2018-06-07T12:30:00+00:00,1697.090000,1698.600000,1693.690000,1697.810000,826,4.910000,0.136834,1695.552000,1697.373000,1691.623500,1695.124380,0.436780,56.960505,0,train
AMZN,60,2018-06-07,13:30:00,2018-06-07T13:30:00+00:00,1697.810000,1699.790000,1682.350000,1683.660000,5020,17.440000,-0.833427,1692.820000,1695.362000,1692.528500,1693.039947,0.465999,41.195055,1,train
AMZN,60,2018-06-07,14:30:00,2018-06-07T14:30:00+00:00,1683.660000,1691.080000,1675.970000,1689.100000,5151,15.110000,0.323106,1692.214000,1695.118000,1693.383500,1692.323593,0.432072,45.604325,1,train
AMZN,60,2018-06-07,15:30:00,2018-06-07T15:30:00+00:00,1689.120000,1692.280000,1684.970000,1692.000000,2641,7.310000,0.171689,1691.612000,1693.859000,1693.739000,1692.264758,0.343541,47.644500,0,train
AMZN,60,2018-06-07,16:30:00,2018-06-07T16:30:00+00:00,1691.990000,1692.370000,1680.970000,1681.000000,2819,11.400000,-0.650118,1688.714000,1691.922000,1693.639500,1690.216620,0.387027,42.688495,1,train
AMZN,60,2018-06-07,17:30:00,2018-06-07T17:30:00+00:00,1681.030000,1684.910000,1679.180000,1684.530000,2872,5.730000,0.209994,1686.058000,1690.805000,1693.744500,1689.182689,0.394915,38.503824,1,train
AMZN,60,2018-06-07,18:30:00,2018-06-07T18:30:00+00:00,1684.550000,1690.690000,1683.630000,1688.270000,2767,7.060000,0.222020,1686.980000,1689.900000,1693.731000,1689.016746,0.402592,47.825509,0,train
AMZN,60,2018-06-07,19:30:00,2018-06-07T19:30:00+00:00,1688.420000,1691.810000,1687.880000,1687.970000,2232,3.930000,-0.017770,1686.754000,1689.484000,1693.305500,1688.826428,0.392656,36.691224,1,train
AMZN,60,2018-06-07,20:30:00,2018-06-07T20:30:00+00:00,1687.980000,1688.500000,1687.970000,1688.280000,24,0.530000,0.018365,1686.010000,1688.811000,1692.923000,1688.727078,0.387214,39.671963,0,train
AMZN,60,2018-06-08,12:30:00,2018-06-08T12:30:00+00:00,1679.500000,1681.990000,1677.970000,1679.010000,742,4.020000,-0.549080,1685.612000,1687.163000,1692.084000,1686.960336,0.417879,36.781245,1,train
AMZN,60,2018-06-08,13:30:00,2018-06-08T13:30:00+00:00,1681.180000,1684.520000,1673.010000,1682.190000,5266,11.510000,0.189397,1685.144000,1685.601000,1691.487000,1686.093003,0.421460,38.305766,1,train
AMZN,60,2018-06-08,14:30:00,2018-06-08T14:30:00+00:00,1682.210000,1688.860000,1678.430000,1686.900000,3601,10.430000,0.279992,1684.870000,1685.925000,1690.643500,1686.239729,0.343580,45.927426,1,train
AMZN,60,2018-06-08,15:30:00,2018-06-08T15:30:00+00:00,1686.930000,1688.230000,1684.570000,1687.000000,2342,3.660000,0.005928,1684.676000,1685.715000,1690.416500,1686.377960,0.326690,43.480384,0,train
AMZN,60,2018-06-08,16:30:00,2018-06-08T16:30:00+00:00,1687.170000,1689.290000,1686.320000,1686.570000,2174,2.970000,-0.025489,1684.334000,1685.172000,1689.515500,1686.412877,0.320261,42.733790,0,train
AMZN,60,2018-06-08,17:30:00,2018-06-08T17:30:00+00:00,1686.580000,1687.600000,1683.600000,1685.530000,2590,4.000000,-0.061664,1685.638000,1685.625000,1688.773500,1686.252354,0.237324,39.783694,0,train
AMZN,60,2018-06-08,18:30:00,2018-06-08T18:30:00+00:00,1685.520000,1685.880000,1681.770000,1683.200000,2676,4.110000,-0.138235,1685.840000,1685.492000,1688.148500,1685.697380,0.233026,49.523612,0,train
AMZN,60,2018-06-08,19:30:00,2018-06-08T19:30:00+00:00,1683.210000,1684.990000,1682.130000,1682.310000,2407,2.860000,-0.052875,1684.922000,1684.896000,1687.398000,1685.081493,0.218696,42.236451,0,train
AMZN,60,2018-06-11,12:30:00,2018-06-11T12:30:00+00:00,1679.570000,1683.800000,1677.970000,1681.540000,811,5.830000,-0.045770,1683.830000,1684.253000,1686.868500,1684.437585,0.218628,37.427885,1,train
AMZN,60,2018-06-11,13:30:00,2018-06-11T13:30:00+00:00,1681.170000,1694.200000,1680.080000,1686.820000,3867,14.120000,0.313998,1683.880000,1684.107000,1686.459000,1684.870751,0.245433,58.110368,1,train
AMZN,60,2018-06-11,14:30:00,2018-06-11T14:30:00+00:00,1686.970000,1690.000000,1685.520000,1687.990000,2603,4.480000,0.069361,1684.372000,1685.005000,1686.084000,1685.437888,0.155483,55.161098,1,train
AMZN,60,2018-06-11,15:30:00,2018-06-11T15:30:00+00:00,1687.970000,1693.350000,1686.250000,1692.750000,2086,7.100000,0.281992,1686.282000,1686.061000,1685.831000,1686.767363,0.166822,56.485235,0,train
AMZN,60,2018-06-11,16:30:00,2018-06-11T16:30:00+00:00,1692.730000,1693.150000,1689.470000,1692.050000,1616,3.680000,-0.041353,1688.230000,1686.576000,1686.250500,1687.727842,0.150468,55.838580,1,train
AMZN,60,2018-06-11,17:30:00,2018-06-11T17:30:00+00:00,1692.030000,1693.740000,1689.750000,1692.460000,1735,3.990000,0.024231,1690.414000,1687.122000,1686.418500,1688.588234,0.150246,55.964612,1,train
AMZN,60,2018-06-11,18:30:00,2018-06-11T18:30:00+00:00,1692.830000,1693.830000,1691.230000,1693.290000,1776,2.600000,0.049041,1691.708000,1687.794000,1686.483000,1689.443101,0.148896,76.842105,0,train
AMZN,60,2018-06-11,19:30:00,2018-06-11T19:30:00+00:00,1693.300000,1693.627000,1686.970000,1688.320000,1834,6.657000,-0.293511,1691.774000,1688.073000,1686.849000,1689.238901,0.181044,60.796055,1,train
AMZN,60,2018-06-11,20:30:00,2018-06-11T20:30:00+00:00,1688.340000,1689.250000,1687.000000,1689.250000,16,2.250000,0.055084,1691.074000,1688.678000,1687.085000,1689.240919,0.172796,54.774482,1,train
AMZN,60,2018-06-12,12:30:00,2018-06-12T12:30:00+00:00,1692.090000,1696.190000,1692.070000,1692.100000,337,4.120000,0.168714,1691.084000,1689.657000,1687.276500,1689.760752,0.174331,59.320175,1,train
AMZN,60,2018-06-12,13:30:00,2018-06-12T13:30:00+00:00,1691.580000,1699.410000,1690.970000,1693.050000,3829,8.440000,0.056143,1691.202000,1690.808000,1687.530500,1690.358797,0.170516,61.621234,1,train
AMZN,60,2018-06-12,14:30:00,2018-06-12T14:30:00+00:00,1693.070000,1697.490000,1692.050000,1696.000000,2448,5.440000,0.174242,1691.744000,1691.726000,1687.916500,1691.384470,0.152972,67.573011,1,train
AMZN,60,2018-06-12,15:30:00,2018-06-12T15:30:00+00:00,1695.990000,1698.310000,1694.990000,1696.510000,1772,3.320000,0.030071,1693.382000,1692.578000,1688.791500,1692.316385,0.153050,73.793350,0,train
AMZN,60,2018-06-12,16:30:00,2018-06-12T16:30:00+00:00,1696.510000,1697.390000,1694.980000,1695.790000,1987,2.410000,-0.042440,1694.690000,1692.882000,1689.471500,1692.947951,0.131369,74.244604,0,train
AMZN,60,2018-06-12,17:30:00,2018-06-12T17:30:00+00:00,1695.820000,1697.420000,1693.530000,1694.290000,2125,3.890000,-0.088454,1695.128000,1693.106000,1689.841000,1693.191960,0.134540,72.344900,1,train
AMZN,60,2018-06-12,18:30:00,2018-06-12T18:30:00+00:00,1694.310000,1695.750000,1691.500000,1695.530000,2202,4.250000,0.073187,1695.624000,1693.413000,1690.267500,1693.617058,0.135866,67.782768,1,train
AMZN,60,2018-06-12,19:30:00,2018-06-12T19:30:00+00:00,1695.560000,1698.967000,1693.470000,1697.050000,2120,5.497000,0.089647,1695.834000,1693.789000,1690.791500,1694.241229,0.137487,68.236715,1,train
AMZN,60,2018-06-12,20:30:00,2018-06-12T20:30:00+00:00,1697.280000,1698.620000,1697.020000,1698.000000,24,1.600000,0.055979,1696.132000,1694.757000,1691.415000,1694.924642,0.081192,62.482168,1,train
AMZN,60,2018-06-13,12:30:00,2018-06-13T12:30:00+00:00,1703.520000,1704.150000,1702.060000,1702.680000,159,2.090000,0.275618,1697.510000,1696.100000,1692.389000,1696.334707,0.106542,71.251499,1,train
AMZN,60,2018-06-13,13:30:00,2018-06-13T13:30:00+00:00,1702.670000,1708.350000,1700.980000,1705.760000,4085,7.370000,0.180891,1699.804000,1697.466000,1693.561500,1698.048397,0.107740,74.024566,1,train
AMZN,60,2018-06-13,14:30:00,2018-06-13T14:30:00+00:00,1705.760000,1712.580000,1704.990000,1712.580000,2751,7.590000,0.399822,1703.214000,1699.419000,1695.113500,1700.690507,0.146834,78.645679,0,train
AMZN,60,2018-06-13,15:30:00,2018-06-13T15:30:00+00:00,1712.580000,1713.740000,1708.080000,1712.080000,2428,5.660000,-0.029196,1706.220000,1701.027000,1696.376500,1702.761324,0.151704,90.684932,0,train
AMZN,60,2018-06-13,16:30:00,2018-06-13T16:30:00+00:00,1711.950000,1712.120000,1706.670000,1707.660000,2121,5.450000,-0.258166,1708.152000,1702.142000,1697.360000,1703.651992,0.188281,78.158458,0,train
AMZN,60,2018-06-13,17:30:00,2018-06-13T17:30:00+00:00,1707.640000,1712.010000,1703.480000,1703.950000,2745,8.530000,-0.217256,1708.406000,1702.958000,1697.920000,1703.706175,0.206655,67.660209,1,train
AMZN,60,2018-06-13,18:30:00,2018-06-13T18:30:00+00:00,1703.970000,1712.753000,1700.030000,1709.150000,3231,12.723000,0.305173,1709.084000,1704.444000,1698.775000,1704.695962,0.215050,71.296296,0,train
AMZN,60,2018-06-13,19:30:00,2018-06-13T19:30:00+00:00,1709.130000,1709.660000,1702.100000,1703.100000,2224,7.560000,-0.353977,1707.188000,1705.201000,1699.307000,1704.405787,0.256630,58.679707,1,train
AMZN,60,2018-06-13,20:30:00,2018-06-13T20:30:00+00:00,1703.100000,1703.500000,1702.070000,1703.490000,29,1.430000,0.022899,1705.470000,1705.845000,1699.817000,1704.239280,0.256203,58.558117,1,train
AMZN,60,2018-06-14,12:30:00,2018-06-14T12:30:00+00:00,1710.000000,1712.440000,1708.490000,1712.040000,527,3.950000,0.501911,1706.346000,1707.249000,1701.003000,1705.657593,0.295448,66.714668,1,train
AMZN,60,2018-06-14,13:30:00,2018-06-14T13:30:00+00:00,1712.470000,1718.120000,1708.960000,1717.300000,4120,9.160000,0.307236,1709.016000,1708.711000,1702.405500,1707.774394,0.297900,71.968684,0,train
AMZN,60,2018-06-14,14:30:00,2018-06-14T14:30:00+00:00,1717.300000,1718.270000,1711.980000,1716.270000,3036,6.290000,-0.059978,1710.440000,1709.762000,1703.614000,1709.319050,0.299104,69.881135,1,train
AMZN,60,2018-06-14,15:30:00,2018-06-14T15:30:00+00:00,1716.260000,1719.630000,1715.430000,1717.180000,2652,4.200000,0.053022,1713.256000,1710.222000,1704.820500,1710.748313,0.274670,69.524733,1,train
AMZN,60,2018-06-14,16:30:00,2018-06-14T16:30:00+00:00,1717.190000,1719.850000,1716.220000,1719.170000,2076,3.630000,0.115888,1716.392000,1710.931000,1705.979000,1712.279529,0.275194,70.127401,1,train
AMZN,60,2018-06-14,17:30:00,2018-06-14T17:30:00+00:00,1719.200000,1721.940000,1717.470000,1719.320000,2598,4.470000,0.008725,1717.848000,1712.097000,1707.119500,1713.559615,0.255091,67.311694,1,train
AMZN,60,2018-06-14,18:30:00,2018-06-14T18:30:00+00:00,1719.350000,1721.170000,1717.760000,1721.170000,2393,3.410000,0.107601,1718.622000,1713.819000,1708.388500,1714.943321,0.234532,66.453128,1,train
AMZN,60,2018-06-14,19:30:00,2018-06-14T19:30:00+00:00,1721.180000,1724.950000,1720.850000,1723.500000,2738,4.100000,0.135373,1720.068000,1715.254000,1709.849000,1716.499081,0.224006,62.895607,1,train
AMZN,60,2018-06-14,20:30:00,2018-06-14T20:30:00+00:00,1723.480000,1724.430000,1723.470000,1723.970000,24,0.960000,0.027270,1721.426000,1717.341000,1711.271000,1717.857430,0.166189,64.051052,0,train
AMZN,60,2018-06-15,12:30:00,2018-06-15T12:30:00+00:00,1719.040000,1719.040000,1712.770000,1713.170000,752,6.270000,-0.626461,1720.226000,1718.309000,1712.077000,1717.005170,0.289975,55.658246,1,train
AMZN,60,2018-06-15,13:30:00,2018-06-15T13:30:00+00:00,1713.170000,1720.210000,1708.180000,1716.530000,4928,12.030000,0.196128,1719.668000,1718.758000,1713.003500,1716.918775,0.251410,63.011998,0,train
AMZN,60,2018-06-15,14:30:00,2018-06-15T14:30:00+00:00,1716.400000,1719.500000,1714.830000,1714.990000,3006,4.670000,-0.089716,1718.432000,1718.527000,1713.619000,1716.568089,0.232805,56.535363,1,train
AMZN,60,2018-06-15,15:30:00,2018-06-15T15:30:00+00:00,1715.000000,1718.700000,1715.000000,1717.670000,2127,3.700000,0.156269,1717.266000,1718.667000,1714.214500,1716.768436,0.237965,67.634955,1,train
AMZN,60,2018-06-15,16:30:00,2018-06-15T16:30:00+00:00,1717.660000,1718.860000,1716.970000,1718.480000,1886,1.890000,0.047157,1716.168000,1718.797000,1714.509500,1717.079630,0.237850,67.960700,0,train
AMZN,60,2018-06-15,17:30:00,2018-06-15T17:30:00+00:00,1718.470000,1719.050000,1715.120000,1717.180000,2393,3.930000,-0.075648,1716.970000,1718.598000,1714.764500,1717.097879,0.235885,57.453596,0,train
AMZN,60,2018-06-15,18:30:00,2018-06-15T18:30:00+00:00,1717.310000,1718.970000,1715.680000,1716.250000,2381,3.290000,-0.054159,1716.914000,1718.291000,1715.194000,1716.943719,0.236129,48.258706,0,train
AMZN,60,2018-06-15,19:30:00,2018-06-15T19:30:00+00:00,1716.250000,1716.630000,1712.530000,1715.930000,2648,4.100000,-0.018645,1717.102000,1717.767000,1715.793000,1716.759407,0.232029,49.422554,0,train
AMZN,60,2018-06-18,12:30:00,2018-06-18T12:30:00+00:00,1703.860000,1707.250000,1702.970000,1703.000000,880,4.280000,-0.753527,1714.168000,1715.717000,1715.485500,1714.257696,0.316445,32.899180,1,train
AMZN,60,2018-06-18,13:30:00,2018-06-18T13:30:00+00:00,1703.000000,1722.490000,1702.930000,1720.980000,4068,19.560000,1.055784,1714.668000,1715.418000,1716.379500,1715.479933,0.489268,51.575283,1,train
AMZN,60,2018-06-18,14:30:00,2018-06-18T14:30:00+00:00,1721.310000,1726.395000,1719.990000,1724.880000,2582,6.405000,0.226615,1716.208000,1716.589000,1717.449000,1717.189036,0.443265,54.542484,0,train
AMZN,60,2018-06-18,15:30:00,2018-06-18T15:30:00+00:00,1724.800000,1725.527000,1721.030000,1721.500000,1967,4.497000,-0.195956,1717.258000,1717.086000,1717.922000,1717.972848,0.448087,50.263032,1,train
AMZN,60,2018-06-18,16:30:00,2018-06-18T16:30:00+00:00,1721.410000,1725.190000,1718.200000,1723.750000,1767,6.990000,0.130700,1718.822000,1717.962000,1718.244500,1719.023239,0.446974,50.199521,0,train
AMZN,60,2018-06-18,17:30:00,2018-06-18T17:30:00+00:00,1723.580000,1724.310000,1721.770000,1723.170000,1597,2.540000,-0.033648,1722.856000,1718.512000,1718.589500,1719.777196,0.446079,49.362651,1,train
AMZN,60,2018-06-18,18:30:00,2018-06-18T18:30:00+00:00,1723.190000,1724.355000,1721.290000,1723.300000,1512,3.065000,0.007544,1723.320000,1718.994000,1718.895500,1720.417706,0.446114,59.723555,0,train
AMZN,60,2018-06-18,19:30:00,2018-06-18T19:30:00+00:00,1723.300000,1726.000000,1720.990000,1723.190000,1641,5.010000,-0.006383,1722.982000,1719.595000,1719.096500,1720.921759,0.444846,56.818182,0,train
AMZN,60,2018-06-18,20:30:00,2018-06-18T20:30:00+00:00,1723.180000,1724.920000,1723.170000,1723.170000,29,1.750000,-0.001161,1723.316000,1720.287000,1719.289000,1721.330530,0.443969,58.643280,0,train
AMZN,60,2018-06-19,12:30:00,2018-06-19T12:30:00+00:00,1705.500000,1710.550000,1705.370000,1708.700000,605,5.180000,-0.839731,1720.306000,1719.564000,1718.665500,1719.034070,0.524818,42.412451,0,train
AMZN,60,2018-06-19,13:30:00,2018-06-19T13:30:00+00:00,1708.210000,1717.575000,1700.760000,1702.190000,5426,16.815000,-0.380991,1716.110000,1719.483000,1717.600000,1715.971512,0.479920,37.432495,1,train
AMZN,60,2018-06-19,14:30:00,2018-06-19T14:30:00+00:00,1702.220000,1716.000000,1700.280000,1714.090000,4044,15.720000,0.699099,1714.268000,1718.794000,1717.106000,1715.629419,0.398831,47.951200,1,train
AMZN,60,2018-06-19,15:30:00,2018-06-19T15:30:00+00:00,1714.130000,1716.110000,1711.070000,1714.420000,2699,5.040000,0.019252,1712.514000,1717.748000,1717.168500,1715.409525,0.388726,48.776901,0,train
AMZN,60,2018-06-19,16:30:00,2018-06-19T16:30:00+00:00,1714.420000,1715.130000,1711.630000,1713.830000,2075,3.500000,-0.034414,1710.646000,1716.981000,1717.033500,1715.122338,0.385800,48.601492,1,train
AMZN,60,2018-06-19,17:30:00,2018-06-19T17:30:00+00:00,1713.960000,1727.310000,1712.530000,1725.280000,3057,14.780000,0.668094,1713.962000,1717.134000,1717.548000,1716.969186,0.445624,65.135870,1,train
AMZN,60,2018-06-19,18:30:00,2018-06-19T18:30:00+00:00,1725.420000,1731.150000,1725.390000,1726.330000,3348,5.760000,0.060860,1718.790000,1717.450000,1717.981000,1718.671152,0.445603,54.720311,1,train
AMZN,60,2018-06-19,19:30:00,2018-06-19T19:30:00+00:00,1726.360000,1736.000000,1726.180000,1733.700000,2684,9.820000,0.426917,1722.712000,1718.490000,1718.742000,1721.403670,0.463747,57.332890,1,train
AMZN,60,2018-06-19,20:30:00,2018-06-19T20:30:00+00:00,1733.670000,1734.180000,1733.330000,1734.000000,32,0.850000,0.017304,1726.628000,1719.571000,1719.583000,1723.693912,0.463424,60.953382,1,train
AMZN,60,2018-06-20,12:30:00,2018-06-20T12:30:00+00:00,1743.470000,1744.660000,1740.970000,1741.200000,471,3.690000,0.415225,1732.102000,1721.374000,1720.830500,1726.876837,0.475515,64.070311,1,train
AMZN,60,2018-06-20,13:30:00,2018-06-20T13:30:00+00:00,1741.170000,1752.750000,1741.170000,1747.800000,5062,11.580000,0.379049,1736.606000,1725.284000,1722.424000,1730.681048,0.344590,68.102308,1,train
AMZN,60,2018-06-20,14:30:00,2018-06-20T14:30:00+00:00,1747.790000,1752.630000,1746.970000,1750.880000,3529,5.660000,0.176222,1741.516000,1730.153000,1724.818000,1734.353585,0.272950,69.428008,1,train
AMZN,60,2018-06-20,15:30:00,2018-06-20T15:30:00+00:00,1750.870000,1760.250000,1750.470000,1760.250000,3750,9.780000,0.535159,1746.826000,1734.769000,1726.781500,1739.062024,0.249041,73.093220,0,train
AMZN,60,2018-06-20,16:30:00,2018-06-20T16:30:00+00:00,1759.550000,1762.930000,1756.850000,1757.370000,3275,6.080000,-0.163613,1751.500000,1739.064000,1728.406000,1742.390747,0.274604,70.577617,1,train
AMZN,60,2018-06-20,17:30:00,2018-06-20T17:30:00+00:00,1757.370000,1760.290000,1756.800000,1758.590000,2966,3.490000,0.069422,1754.978000,1743.540000,1730.260500,1745.336066,0.264513,85.712241,0,train
AMZN,60,2018-06-20,18:30:00,2018-06-20T18:30:00+00:00,1758.610000,1759.540000,1749.570000,1750.900000,3692,9.970000,-0.437282,1755.598000,1746.102000,1731.618000,1746.347690,0.302542,84.288329,0,train
AMZN,60,2018-06-20,19:30:00,2018-06-20T19:30:00+00:00,1750.920000,1754.310000,1747.090000,1750.270000,2668,7.220000,-0.035981,1755.476000,1748.496000,1732.973000,1747.060837,0.307153,80.271084,0,train
AMZN,60,2018-06-20,20:30:00,2018-06-20T20:30:00+00:00,1750.580000,1750.580000,1749.560000,1749.560000,5,1.020000,-0.040565,1753.338000,1750.082000,1734.286000,1747.515231,0.293612,79.215165,1,train
AMZN,60,2018-06-21,12:30:00,2018-06-21T12:30:00+00:00,1755.470000,1759.000000,1753.550000,1759.000000,466,5.450000,0.539564,1753.664000,1752.582000,1736.076500,1749.603370,0.323841,82.736628,0,train
AMZN,60,2018-06-21,13:30:00,2018-06-21T13:30:00+00:00,1758.000000,1762.460000,1717.420000,1734.100000,5919,45.040000,-1.415577,1748.766000,1751.872000,1736.623000,1746.784576,0.574105,55.349345,1,train
AMZN,60,2018-06-21,14:30:00,2018-06-21T14:30:00+00:00,1734.100000,1742.170000,1721.120000,1738.180000,4707,21.050000,0.235281,1746.222000,1750.910000,1738.097000,1745.220108,0.564177,56.932257,0,train
AMZN,60,2018-06-21,15:30:00,2018-06-21T15:30:00+00:00,1738.150000,1747.670000,1733.370000,1734.500000,3037,14.300000,-0.211716,1743.068000,1749.272000,1739.712500,1743.270997,0.559929,50.489117,0,train
AMZN,60,2018-06-21,16:30:00,2018-06-21T16:30:00+00:00,1734.470000,1737.290000,1730.470000,1734.370000,2655,6.820000,-0.007495,1740.030000,1746.684000,1740.726500,1741.652634,0.516987,50.226688,1,train
AMZN,60,2018-06-21,17:30:00,2018-06-21T17:30:00+00:00,1734.390000,1739.320000,1731.660000,1734.950000,2634,7.660000,0.033442,1735.220000,1744.442000,1741.753000,1740.433973,0.520021,45.832778,0,train
AMZN,60,2018-06-21,18:30:00,2018-06-21T18:30:00+00:00,1734.930000,1737.690000,1727.970000,1732.330000,3025,9.720000,-0.151013,1734.866000,1741.816000,1742.678000,1738.960524,0.515417,39.107168,0,train
AMZN,60,2018-06-21,19:30:00,2018-06-21T19:30:00+00:00,1732.350000,1732.350000,1726.770000,1728.970000,2448,5.580000,-0.193958,1733.024000,1739.623000,1742.862500,1737.144065,0.505959,34.633188,0,train
AMZN,60,2018-06-21,20:30:00,2018-06-21T20:30:00+00:00,1728.970000,1729.330000,1727.990000,1728.250000,33,1.340000,-0.041643,1731.774000,1737.421000,1742.958500,1735.526962,0.505852,24.457216,1,train
AMZN,60,2018-06-22,12:30:00,2018-06-22T12:30:00+00:00,1738.880000,1744.000000,1738.100000,1742.620000,444,5.900000,0.831477,1733.424000,1736.727000,1743.404500,1736.816605,0.590225,40.051261,0,train
AMZN,60,2018-06-22,13:30:00,2018-06-22T13:30:00+00:00,1742.590000,1742.979000,1720.510000,1722.840000,4893,22.469000,-1.135072,1731.002000,1733.111000,1742.846500,1734.275404,0.643281,30.715288,1,train
AMZN,60,2018-06-22,14:30:00,2018-06-22T14:30:00+00:00,1722.590000,1728.300000,1719.390000,1726.870000,3580,8.910000,0.233916,1729.910000,1732.388000,1742.130000,1732.928967,0.492322,36.504549,1,train
AMZN,60,2018-06-22,15:30:00,2018-06-22T15:30:00+00:00,1726.900000,1733.500000,1725.310000,1730.200000,2350,8.190000,0.192834,1730.156000,1731.590000,1741.250000,1732.432791,0.489855,39.060286,1,train
AMZN,60,2018-06-22,16:30:00,2018-06-22T16:30:00+00:00,1730.230000,1731.090000,1728.270000,1730.440000,1875,2.820000,0.013871,1730.594000,1731.184000,1740.228000,1732.070466,0.486503,39.524436,0,train
AMZN,60,2018-06-22,17:30:00,2018-06-22T17:30:00+00:00,1730.410000,1730.827000,1724.830000,1725.150000,2485,5.997000,-0.305703,1727.100000,1730.262000,1738.473000,1730.812199,0.494563,30.570543,0,train
AMZN,60,2018-06-22,18:30:00,2018-06-22T18:30:00+00:00,1725.120000,1725.490000,1719.000000,1719.630000,2794,6.490000,-0.319972,1726.458000,1728.730000,1736.586000,1728.779072,0.500358,39.317880,0,train
AMZN,60,2018-06-22,19:30:00,2018-06-22T19:30:00+00:00,1719.650000,1720.710000,1711.990000,1715.060000,3181,8.720000,-0.265755,1724.096000,1727.003000,1734.409500,1726.284695,0.503283,33.054823,0,train
AMZN,60,2018-06-25,12:30:00,2018-06-25T12:30:00+00:00,1704.500000,1705.730000,1700.960000,1701.490000,239,4.770000,-0.791226,1718.354000,1724.255000,1731.939000,1721.776569,0.549154,28.869543,0,train
AMZN,60,2018-06-25,13:30:00,2018-06-25T13:30:00+00:00,1701.470000,1704.999000,1658.560000,1673.100000,6515,46.439000,-1.668538,1706.886000,1718.740000,1728.080500,1712.926284,0.723822,21.199586,0,train
AMZN,60,2018-06-25,14:30:00,2018-06-25T14:30:00+00:00,1673.100000,1681.980000,1666.330000,1667.000000,4950,15.650000,-0.364593,1695.256000,1711.178000,1723.952500,1704.576050,0.600455,19.635356,0,train
AMZN,60,2018-06-25,15:30:00,2018-06-25T15:30:00+00:00,1666.980000,1677.323000,1651.150000,1662.720000,5546,26.173000,-0.256749,1683.874000,1705.166000,1719.138500,1696.965859,0.549749,19.348305,0,train
AMZN,60,2018-06-25,16:30:00,2018-06-25T16:30:00+00:00,1662.720000,1665.668000,1653.320000,1657.470000,4342,12.348000,-0.315748,1672.356000,1698.226000,1715.307000,1689.784794,0.510611,19.031532,1,train
AMZN,60,2018-06-25,17:30:00,2018-06-25T17:30:00+00:00,1657.500000,1665.915000,1656.970000,1658.090000,3122,8.945000,0.037406,1663.676000,1691.015000,1711.302500,1684.022104,0.492323,19.585573,0,train
AMZN,60,2018-06-25,18:30:00,2018-06-25T18:30:00+00:00,1658.080000,1658.144000,1648.130000,1650.580000,3725,10.014000,-0.452931,1659.172000,1683.029000,1707.106500,1677.941722,0.467740,7.577434,1,train
AMZN,60,2018-06-25,19:30:00,2018-06-25T19:30:00+00:00,1650.600000,1665.520000,1646.170000,1663.190000,3576,19.350000,0.763974,1658.410000,1676.833000,1703.547500,1675.259590,0.610202,20.560655,0,train
AMZN,60,2018-06-25,20:30:00,2018-06-25T20:30:00+00:00,1663.200000,1665.020000,1661.970000,1661.980000,68,3.050000,-0.072752,1658.262000,1671.068000,1699.899000,1672.845119,0.617126,17.057569,1,train
AMZN,60,2018-06-26,12:30:00,2018-06-26T12:30:00+00:00,1672.500000,1673.670000,1669.970000,1671.240000,312,3.700000,0.557167,1661.016000,1666.686000,1696.844500,1672.553280,0.679634,21.767861,1,train
AMZN,60,2018-06-26,13:30:00,2018-06-26T13:30:00+00:00,1671.240000,1686.999000,1663.270000,1681.680000,5786,23.729000,0.624686,1665.734000,1664.705000,1694.480000,1674.212683,0.702924,28.729716,0,train
AMZN,60,2018-06-26,14:30:00,2018-06-26T14:30:00+00:00,1681.480000,1684.050000,1671.970000,1678.510000,3637,12.080000,-0.188502,1671.320000,1665.246000,1691.993000,1674.994014,0.449595,29.271111,1,train
AMZN,60,2018-06-26,15:30:00,2018-06-26T15:30:00+00:00,1678.510000,1689.780000,1675.690000,1687.710000,3123,14.090000,0.548105,1676.224000,1667.317000,1689.247500,1677.306011,0.452501,36.262696,1,train
AMZN,60,2018-06-26,16:30:00,2018-06-26T16:30:00+00:00,1687.850000,1700.148000,1687.850000,1698.000000,3474,12.298000,0.609702,1683.428000,1670.845000,1688.005500,1681.068555,0.454346,43.002461,0,train
AMZN,60,2018-06-26,17:30:00,2018-06-26T17:30:00+00:00,1697.900000,1701.450000,1694.180000,1694.310000,2649,7.270000,-0.217314,1688.042000,1674.529000,1686.377500,1683.476090,0.442577,46.795215,0,train
AMZN,60,2018-06-26,18:30:00,2018-06-26T18:30:00+00:00,1694.210000,1698.070000,1686.980000,1688.540000,2850,11.090000,-0.340552,1689.414000,1677.574000,1684.294500,1684.396801,0.474948,58.635347,1,train
AMZN,60,2018-06-26,19:30:00,2018-06-26T19:30:00+00:00,1688.550000,1695.660000,1688.470000,1691.500000,2528,7.190000,0.175299,1692.012000,1681.666000,1682.347500,1685.688292,0.419810,64.201252,0,train
AMZN,60,2018-06-26,20:30:00,2018-06-26T20:30:00+00:00,1691.910000,1691.910000,1689.980000,1690.000000,39,1.930000,-0.088679,1692.470000,1684.347000,1680.590000,1686.472239,0.388322,66.339243,1,train
AMZN,60,2018-06-27,12:30:00,2018-06-27T12:30:00+00:00,1696.990000,1709.050000,1696.980000,1707.010000,1162,12.070000,1.006509,1694.272000,1688.850000,1679.959000,1690.206377,0.459653,76.007980,1,train
AMZN,60,2018-06-27,13:30:00,2018-06-27T13:30:00+00:00,1708.080000,1710.230000,1702.090000,1707.620000,5051,8.140000,0.035735,1696.934000,1692.488000,1679.587000,1693.372490,0.452810,76.005460,0,train
AMZN,60,2018-06-27,14:30:00,2018-06-27T14:30:00+00:00,1707.590000,1711.930000,1692.310000,1693.000000,4032,19.620000,-0.856162,1697.826000,1693.620000,1679.162500,1693.304765,0.538520,70.725034,1,train
AMZN,60,2018-06-27,15:30:00,2018-06-27T15:30:00+00:00,1693.000000,1700.250000,1689.980000,1693.650000,3111,10.270000,0.038393,1698.256000,1695.134000,1680.190000,1693.367535,0.531223,66.851073,0,train
AMZN,60,2018-06-27,16:30:00,2018-06-27T16:30:00+00:00,1693.650000,1694.256000,1667.970000,1675.440000,4012,26.286000,-1.075193,1695.344000,1693.907000,1680.612000,1690.107983,0.617132,56.267461,0,train
AMZN,60,2018-06-27,17:30:00,2018-06-27T17:30:00+00:00,1675.460000,1680.400000,1668.360000,1673.370000,3563,12.040000,-0.123550,1688.616000,1691.444000,1681.144500,1687.064713,0.568914,51.062980,0,train
AMZN,60,2018-06-27,18:30:00,2018-06-27T18:30:00+00:00,1672.990000,1679.280000,1661.980000,1671.570000,4244,17.300000,-0.107567,1681.406000,1689.170000,1681.849500,1684.247493,0.568413,44.478427,0,train
AMZN,60,2018-06-27,19:30:00,2018-06-27T19:30:00+00:00,1671.560000,1672.990000,1657.970000,1660.590000,3042,15.020000,-0.656867,1674.924000,1686.375000,1681.974500,1679.946130,0.589617,40.982287,1,train
AMZN,60,2018-06-27,20:30:00,2018-06-27T20:30:00+00:00,1660.600000,1661.500000,1659.270000,1660.990000,69,2.230000,0.024088,1668.392000,1683.324000,1682.495000,1676.499561,0.581801,35.247350,1,train
AMZN,60,2018-06-28,12:30:00,2018-06-28T12:30:00+00:00,1657.290000,1674.510000,1656.560000,1666.970000,931,17.950000,0.360026,1666.698000,1681.021000,1682.684000,1674.766914,0.606436,32.011594,1,train
AMZN,60,2018-06-28,13:30:00,2018-06-28T13:30:00+00:00,1671.490000,1679.935000,1661.170000,1671.590000,5496,18.765000,0.277150,1666.342000,1677.479000,1683.164500,1674.189293,0.485666,36.969488,1,train
AMZN,60,2018-06-28,14:30:00,2018-06-28T14:30:00+00:00,1671.610000,1684.550000,1664.000000,1682.690000,4438,20.550000,0.664038,1668.566000,1674.986000,1683.737000,1675.734876,0.556268,46.838180,1,train
AMZN,60,2018-06-28,15:30:00,2018-06-28T15:30:00+00:00,1682.700000,1698.480000,1682.690000,1688.980000,4142,15.790000,0.373806,1674.244000,1674.584000,1684.102000,1678.143081,0.516228,48.685309,1,train
AMZN,60,2018-06-28,16:30:00,2018-06-28T16:30:00+00:00,1688.970000,1695.140000,1686.080000,1693.820000,3182,9.060000,0.286563,1680.810000,1674.601000,1684.867500,1680.993430,0.525368,51.925791,1,train
AMZN,60,2018-06-28,17:30:00,2018-06-28T17:30:00+00:00,1693.790000,1695.820000,1691.440000,1695.000000,3508,4.380000,0.069665,1686.416000,1676.557000,1685.232000,1683.540079,0.364646,42.795441,1,train
AMZN,60,2018-06-28,18:30:00,2018-06-28T18:30:00+00:00,1694.830000,1705.360000,1694.000000,1701.990000,4211,11.360000,0.412389,1692.496000,1679.419000,1685.431500,1686.894610,0.364791,46.862811,0,train
AMZN,60,2018-06-28,19:30:00,2018-06-28T19:30:00+00:00,1702.080000,1704.660000,1699.040000,1701.460000,2767,5.620000,-0.031140,1696.250000,1682.408000,1685.789000,1689.542863,0.359078,55.592279,0,train
AMZN,60,2018-06-28,20:30:00,2018-06-28T20:30:00+00:00,1701.460000,1702.050000,1700.300000,1700.300000,36,1.750000,-0.068177,1698.514000,1686.379000,1686.377000,1691.498706,0.233192,54.366382,1,train
AMZN,60,2018-06-29,12:30:00,2018-06-29T12:30:00+00:00,1715.000000,1717.120000,1714.600000,1714.600000,497,2.520000,0.841028,1702.670000,1691.740000,1687.532000,1695.698941,0.287218,77.104097,0,train
AMZN,60,2018-06-29,13:30:00,2018-06-29T13:30:00+00:00,1714.600000,1723.220000,1710.380000,1714.090000,5791,12.840000,-0.029745,1706.488000,1696.452000,1688.736500,1699.042770,0.306745,78.805886,0,train
AMZN,60,2018-06-29,14:30:00,2018-06-29T14:30:00+00:00,1714.100000,1717.930000,1711.620000,1714.010000,4058,6.310000,-0.004667,1708.892000,1700.694000,1689.086500,1701.764085,0.319664,80.771462,0,train
AMZN,60,2018-06-29,15:30:00,2018-06-29T15:30:00+00:00,1714.000000,1714.770000,1700.970000,1701.420000,4438,13.800000,-0.734535,1708.884000,1702.567000,1688.776500,1701.701524,0.411744,78.928723,1,train
AMZN,60,2018-06-29,16:30:00,2018-06-29T16:30:00+00:00,1701.430000,1703.370000,1694.200000,1702.500000,3706,9.170000,0.063476,1709.324000,1703.919000,1689.251500,1701.846701,0.401342,79.129825,1,train
AMZN,60,2018-06-29,17:30:00,2018-06-29T17:30:00+00:00,1702.480000,1708.210000,1700.240000,1707.710000,3029,7.970000,0.306021,1707.946000,1705.308000,1689.954500,1702.912756,0.402498,78.901816,0,train
AMZN,60,2018-06-29,18:30:00,2018-06-29T18:30:00+00:00,1707.720000,1711.260000,1704.050000,1706.500000,3417,7.210000,-0.070855,1706.428000,1706.458000,1691.507500,1703.564982,0.405435,76.025048,0,train
AMZN,60,2018-06-29,19:30:00,2018-06-29T19:30:00+00:00,1706.380000,1707.000000,1698.760000,1698.760000,2673,8.240000,-0.453560,1703.378000,1706.135000,1692.777000,1702.691349,0.416132,62.611835,0,train
AMZN,60,2018-07-02,12:30:00,2018-07-02T12:30:00+00:00,1685.220000,1686.750000,1677.010000,1685.670000,420,9.740000,-0.770562,1700.228000,1704.556000,1693.482000,1699.596558,0.479545,47.652815,1,train
AMZN,60,2018-07-02,13:30:00,2018-07-02T13:30:00+00:00,1683.020000,1701.760000,1678.250000,1701.520000,4871,23.510000,0.940279,1700.032000,1704.678000,1695.528500,1699.946275,0.580548,54.722767,0,train
AMZN,60,2018-07-02,14:30:00,2018-07-02T14:30:00+00:00,1701.530000,1702.870000,1691.420000,1695.940000,3081,11.450000,-0.327942,1697.678000,1702.812000,1697.276000,1699.217861,0.507413,50.547020,0,train
AMZN,60,2018-07-02,15:30:00,2018-07-02T15:30:00+00:00,1695.960000,1695.970000,1690.980000,1693.000000,1969,4.990000,-0.173355,1694.978000,1700.703000,1698.577500,1698.087341,0.506977,44.509588,0,train
AMZN,60,2018-07-02,16:30:00,2018-07-02T16:30:00+00:00,1692.970000,1694.470000,1688.380000,1689.030000,2014,6.090000,-0.234495,1693.032000,1698.205000,1699.449500,1696.440552,0.506247,42.714805,1,train
AMZN,60,2018-07-02,17:30:00,2018-07-02T17:30:00+00:00,1689.000000,1709.080000,1688.970000,1708.180000,2814,20.110000,1.133787,1697.534000,1698.881000,1700.724000,1698.574997,0.600678,53.814134,0,train
AMZN,60,2018-07-02,18:30:00,2018-07-02T18:30:00+00:00,1708.170000,1711.000000,1702.860000,1707.080000,2795,8.140000,-0.064396,1698.646000,1699.339000,1701.629000,1700.121361,0.601513,45.826859,1,train
AMZN,60,2018-07-02,19:30:00,2018-07-02T19:30:00+00:00,1707.080000,1713.710000,1705.210000,1713.260000,2197,8.500000,0.362022,1702.110000,1699.894000,1702.601000,1702.510205,0.604637,49.566670,0,train
AMZN,60,2018-07-02,20:30:00,2018-07-02T20:30:00+00:00,1713.460000,1713.640000,1713.020000,1713.030000,23,0.620000,-0.013425,1706.116000,1700.547000,1703.502500,1704.422895,0.603801,49.489158,1,train
AMZN,60,2018-07-03,12:30:00,2018-07-03T12:30:00+00:00,1722.990000,1724.700000,1717.980000,1722.860000,332,6.720000,0.573837,1712.882000,1702.957000,1704.546000,1707.775096,0.597899,61.507085,0,train
AMZN,60,2018-07-03,13:30:00,2018-07-03T13:30:00+00:00,1723.960000,1724.880000,1704.450000,1712.000000,5289,20.430000,-0.630347,1713.646000,1705.590000,1705.073000,1708.543260,0.575323,54.614338,0,train
AMZN,60,2018-07-03,14:30:00,2018-07-03T14:30:00+00:00,1711.970000,1717.010000,1704.470000,1707.490000,4084,12.540000,-0.263435,1713.728000,1706.187000,1705.432500,1708.351758,0.516005,49.892410,0,train
AMZN,60,2018-07-03,15:30:00,2018-07-03T15:30:00+00:00,1707.490000,1707.670000,1698.210000,1702.190000,3854,9.460000,-0.310397,1711.514000,1706.812000,1704.812000,1707.231439,0.514657,47.973291,0,train
AMZN,60,2018-07-03,16:30:00,2018-07-03T16:30:00+00:00,1702.210000,1703.280000,1692.350000,1693.600000,2518,10.930000,-0.504644,1707.628000,1706.872000,1703.787500,1704.752995,0.539820,47.592834,1,train
AMZN,60,2018-07-05,12:30:00,2018-07-05T12:30:00+00:00,1707.870000,1708.000000,1705.330000,1705.330000,183,2.670000,0.692607,1704.122000,1708.502000,1703.353500,1704.857905,0.572754,59.289359,0,train
AMZN,60,2018-07-05,13:30:00,2018-07-05T13:30:00+00:00,1705.340000,1710.210000,1691.460000,1694.310000,5089,18.750000,-0.646209,1700.584000,1707.115000,1702.998000,1702.940104,0.484769,46.430340,1,train
AMZN,60,2018-07-05,14:30:00,2018-07-05T14:30:00+00:00,1694.290000,1698.220000,1682.120000,1696.250000,4737,16.100000,0.114501,1698.336000,1706.032000,1702.685500,1701.723722,0.488712,50.159219,1,train
AMZN,60,2018-07-05,15:30:00,2018-07-05T15:30:00+00:00,1696.100000,1702.290000,1692.220000,1699.050000,3345,10.070000,0.165070,1697.708000,1704.611000,1702.252500,1701.237590,0.473430,53.111820,1,train
AMZN,60,2018-07-05,16:30:00,2018-07-05T16:30:00+00:00,1699.070000,1704.160000,1697.480000,1702.610000,2727,6.680000,0.209529,1699.510000,1703.569000,1702.058000,1701.487119,0.482200,57.014463,0,train
AMZN,60,2018-07-05,17:30:00,2018-07-05T17:30:00+00:00,1702.580000,1703.660000,1693.770000,1699.560000,3106,9.890000,-0.179137,1698.356000,1701.239000,1702.098000,1701.136734,0.427976,44.659232,1,train
AMZN,60,2018-07-05,18:30:00,2018-07-05T18:30:00+00:00,1699.630000,1704.170000,1697.030000,1701.020000,2827,7.140000,0.085905,1699.698000,1700.141000,1702.865500,1701.115510,0.394540,46.262028,0,train
AMZN,60,2018-07-05,19:30:00,2018-07-05T19:30:00+00:00,1701.050000,1702.990000,1697.970000,1699.100000,2289,5.020000,-0.112873,1700.268000,1699.302000,1702.744500,1700.749053,0.388900,40.781250,1,train
AMZN,60,2018-07-05,20:30:00,2018-07-05T20:30:00+00:00,1699.170000,1699.250000,1698.520000,1699.230000,28,0.730000,0.007651,1700.304000,1699.006000,1702.909000,1700.472862,0.377959,41.003911,0,train
AMZN,60,2018-07-06,12:30:00,2018-07-06T12:30:00+00:00,1696.280000,1703.310000,1691.060000,1691.090000,602,12.250000,-0.479041,1698.000000,1698.755000,1702.813500,1698.766887,0.374356,28.822824,1,train
AMZN,60,2018-07-06,13:30:00,2018-07-06T13:30:00+00:00,1692.050000,1708.490000,1691.500000,1707.000000,4843,16.990000,0.940813,1699.488000,1698.922000,1703.712000,1700.263817,0.430452,46.877342,1,train
AMZN,60,2018-07-06,14:30:00,2018-07-06T14:30:00+00:00,1707.340000,1710.770000,1704.420000,1710.560000,3961,6.350000,0.208553,1701.396000,1700.547000,1703.831000,1702.135850,0.365496,51.940336,1,train
AMZN,60,2018-07-06,15:30:00,2018-07-06T15:30:00+00:00,1710.550000,1714.530000,1710.200000,1714.170000,3746,4.330000,0.211042,1704.410000,1702.339000,1704.185500,1704.323877,0.367307,57.737019,0,train
AMZN,60,2018-07-06,16:30:00,2018-07-06T16:30:00+00:00,1714.110000,1715.220000,1712.570000,1713.140000,3488,2.650000,-0.060087,1707.192000,1703.748000,1704.179500,1705.926809,0.370156,63.985113,0,train
AMZN,60,2018-07-06,17:30:00,2018-07-06T17:30:00+00:00,1713.140000,1713.180000,1707.470000,1710.990000,3088,5.710000,-0.125501,1711.172000,1704.586000,1704.077500,1706.847389,0.372609,54.694758,1,train
AMZN,60,2018-07-06,18:30:00,2018-07-06T18:30:00+00:00,1710.980000,1713.840000,1707.740000,1712.560000,3463,6.100000,0.091760,1712.284000,1705.886000,1703.562500,1707.886045,0.363866,67.951997,0,train
AMZN,60,2018-07-06,19:30:00,2018-07-06T19:30:00+00:00,1712.530000,1713.380000,1708.500000,1710.350000,2894,4.880000,-0.129047,1712.242000,1706.819000,1703.480000,1708.334037,0.369574,63.796477,1,train
AMZN,60,2018-07-09,12:30:00,2018-07-09T12:30:00+00:00,1720.280000,1722.000000,1717.010000,1721.500000,326,4.990000,0.651913,1713.708000,1709.059000,1704.180500,1710.727849,0.408030,68.881413,0,train
AMZN,60,2018-07-09,13:30:00,2018-07-09T13:30:00+00:00,1723.810000,1725.720000,1716.180000,1721.010000,4695,9.540000,-0.028464,1715.282000,1711.237000,1705.121500,1712.597331,0.409409,66.317843,1,train
AMZN,60,2018-07-09,14:30:00,2018-07-09T14:30:00+00:00,1720.980000,1731.650000,1718.610000,1728.600000,4398,13.040000,0.441020,1718.804000,1714.988000,1706.871500,1715.506907,0.357928,73.834537,0,train
AMZN,60,2018-07-09,15:30:00,2018-07-09T15:30:00+00:00,1728.570000,1730.570000,1725.970000,1726.590000,3136,4.600000,-0.116279,1721.610000,1716.947000,1707.934500,1717.522015,0.265666,70.798764,1,train
AMZN,60,2018-07-09,16:30:00,2018-07-09T16:30:00+00:00,1726.600000,1728.910000,1723.570000,1727.500000,2846,5.340000,0.052705,1725.040000,1718.641000,1709.594000,1719.336194,0.264102,73.486603,1,train
AMZN,60,2018-07-09,17:30:00,2018-07-09T17:30:00+00:00,1727.520000,1730.900000,1727.500000,1730.190000,2738,3.400000,0.155716,1726.778000,1720.243000,1711.291000,1721.309613,0.262063,74.563631,1,train
AMZN,60,2018-07-09,18:30:00,2018-07-09T18:30:00+00:00,1730.190000,1733.890000,1729.630000,1733.090000,3308,4.260000,0.167612,1729.194000,1722.238000,1712.993000,1723.451502,0.257093,86.344756,1,train
AMZN,60,2018-07-09,19:30:00,2018-07-09T19:30:00+00:00,1733.060000,1739.230000,1732.680000,1738.020000,2926,6.550000,0.284463,1731.078000,1724.941000,1714.763500,1726.100320,0.246757,83.141026,1,train
AMZN,60,2018-07-09,20:30:00,2018-07-09T20:30:00+00:00,1738.690000,1739.240000,1737.990000,1738.980000,41,1.250000,0.055235,1733.556000,1727.583000,1716.734500,1728.442080,0.248099,82.149321,0,train
AMZN,60,2018-07-10,12:30:00,2018-07-10T12:30:00+00:00,1738.300000,1739.220000,1732.590000,1738.300000,420,6.630000,-0.039103,1735.716000,1730.378000,1718.598500,1730.234429,0.238149,79.234311,1,train
AMZN,60,2018-07-10,13:30:00,2018-07-10T13:30:00+00:00,1738.300000,1744.900000,1731.010000,1743.480000,5352,13.890000,0.297992,1738.374000,1732.576000,1720.817500,1732.642714,0.175350,83.399384,0,train
AMZN,60,2018-07-10,14:30:00,2018-07-10T14:30:00+00:00,1743.500000,1749.780000,1742.680000,1743.080000,4366,7.100000,-0.022943,1740.372000,1734.783000,1723.010000,1734.540403,0.174814,86.741470,1,train
AMZN,60,2018-07-10,15:30:00,2018-07-10T15:30:00+00:00,1743.070000,1747.440000,1742.290000,1745.880000,2839,5.150000,0.160635,1741.944000,1736.511000,1725.749500,1736.602148,0.137461,87.104677,0,train
AMZN,60,2018-07-10,16:30:00,2018-07-10T16:30:00+00:00,1745.860000,1747.000000,1742.070000,1742.490000,2908,4.930000,-0.194171,1742.646000,1738.101000,1727.524000,1737.672666,0.152444,84.874132,0,train
AMZN,60,2018-07-10,17:30:00,2018-07-10T17:30:00+00:00,1742.480000,1742.740000,1732.130000,1741.090000,3513,10.610000,-0.080345,1743.204000,1739.460000,1729.050500,1738.294000,0.161758,76.961189,0,train
AMZN,60,2018-07-10,18:30:00,2018-07-10T18:30:00+00:00,1741.100000,1744.140000,1739.970000,1740.100000,3098,4.170000,-0.056861,1742.528000,1740.451000,1730.347000,1738.622363,0.164430,75.916373,1,train
AMZN,60,2018-07-10,19:30:00,2018-07-10T19:30:00+00:00,1740.130000,1743.610000,1739.000000,1742.850000,2569,4.610000,0.158037,1742.482000,1741.427000,1731.832500,1739.391025,0.163743,72.272585,0,train
AMZN,60,2018-07-10,20:30:00,2018-07-10T20:30:00+00:00,1742.870000,1743.000000,1737.970000,1738.000000,60,5.030000,-0.278280,1740.906000,1741.425000,1733.183000,1739.138111,0.173050,66.379558,0,train
AMZN,60,2018-07-11,12:30:00,2018-07-11T12:30:00+00:00,1734.680000,1737.000000,1730.970000,1735.050000,723,6.030000,-0.169735,1739.418000,1741.032000,1734.307500,1738.394818,0.179574,60.238676,1,train
AMZN,60,2018-07-11,13:30:00,2018-07-11T13:30:00+00:00,1735.060000,1752.000000,1734.310000,1751.410000,5745,17.690000,0.942912,1741.482000,1742.343000,1736.360500,1740.761215,0.353630,70.993273,0,train
AMZN,60,2018-07-11,14:30:00,2018-07-11T14:30:00+00:00,1750.970000,1751.510000,1742.540000,1744.070000,4265,8.970000,-0.419091,1742.276000,1742.402000,1737.489000,1741.362812,0.375575,59.985449,1,train
AMZN,60,2018-07-11,15:30:00,2018-07-11T15:30:00+00:00,1744.080000,1748.550000,1742.160000,1746.800000,4452,6.390000,0.156530,1743.066000,1742.774000,1738.778500,1742.351392,0.378421,58.317545,1,train
AMZN,60,2018-07-11,16:30:00,2018-07-11T16:30:00+00:00,1746.780000,1752.960000,1746.240000,1751.420000,3549,6.720000,0.264484,1745.750000,1743.328000,1739.919500,1744.000230,0.384032,61.020553,0,train
AMZN,60,2018-07-11,17:30:00,2018-07-11T17:30:00+00:00,1751.500000,1752.300000,1745.320000,1749.110000,2953,6.980000,-0.131893,1748.562000,1743.990000,1741.045500,1744.929279,0.380439,59.307732,1,train
AMZN,60,2018-07-11,18:30:00,2018-07-11T18:30:00+00:00,1749.100000,1752.670000,1748.340000,1751.480000,3273,4.330000,0.135497,1748.576000,1745.029000,1742.244500,1746.120319,0.379063,57.238509,1,train
AMZN,60,2018-07-11,19:30:00,2018-07-11T19:30:00+00:00,1751.460000,1756.730000,1751.460000,1753.030000,2792,5.270000,0.088497,1750.368000,1746.322000,1743.386500,1747.376625,0.376857,58.819358,0,train
AMZN,60,2018-07-11,20:30:00,2018-07-11T20:30:00+00:00,1753.030000,1755.470000,1753.000000,1753.000000,32,2.470000,-0.001711,1751.608000,1747.337000,1744.382000,1748.399057,0.376317,56.636838,1,train
AMZN,60,2018-07-12,12:30:00,2018-07-12T12:30:00+00:00,1762.900000,1765.250000,1762.870000,1764.690000,270,2.380000,0.666857,1754.262000,1750.006000,1745.715500,1751.361046,0.400203,67.920568,1,train
AMZN,60,2018-07-12,13:30:00,2018-07-12T13:30:00+00:00,1764.680000,1779.450000,1762.240000,1779.000000,5898,17.210000,0.810907,1760.240000,1754.401000,1747.716500,1756.386311,0.431215,75.323981,1,train
AMZN,60,2018-07-12,14:30:00,2018-07-12T14:30:00+00:00,1778.970000,1784.550000,1775.220000,1784.110000,5609,9.330000,0.287240,1766.766000,1757.671000,1750.007000,1761.426981,0.358003,77.865012,1,train
AMZN,60,2018-07-12,15:30:00,2018-07-12T15:30:00+00:00,1784.180000,1786.820000,1780.510000,1786.000000,4749,6.310000,0.105935,1773.360000,1761.864000,1752.133000,1765.894803,0.291830,77.621303,1,train
AMZN,60,2018-07-12,16:30:00,2018-07-12T16:30:00+00:00,1786.000000,1793.340000,1785.180000,1792.950000,5026,8.160000,0.389138,1781.350000,1766.479000,1754.626500,1770.813930,0.293858,84.253834,1,train
AMZN,60,2018-07-12,17:30:00,2018-07-12T17:30:00+00:00,1792.970000,1797.780000,1785.580000,1794.580000,5502,12.200000,0.090912,1787.328000,1770.795000,1757.061500,1775.135033,0.298747,87.729750,0,train
AMZN,60,2018-07-12,18:30:00,2018-07-12T18:30:00+00:00,1794.680000,1796.740000,1791.100000,1794.110000,4891,5.640000,-0.026190,1790.350000,1775.295000,1759.642500,1778.585027,0.285542,83.888889,1,train
AMZN,60,2018-07-12,19:30:00,2018-07-12T19:30:00+00:00,1794.080000,1797.530000,1792.600000,1796.970000,3152,4.930000,0.159411,1792.922000,1779.844000,1762.436500,1781.927750,0.284531,95.198223,0,train
AMZN,60,2018-07-12,20:30:00,2018-07-12T20:30:00+00:00,1796.990000,1797.200000,1796.490000,1796.770000,31,0.710000,-0.011130,1795.076000,1784.218000,1765.270000,1784.626341,0.292717,94.624040,1,train
AMZN,60,2018-07-13,12:30:00,2018-07-13T12:30:00+00:00,1804.480000,1804.500000,1801.170000,1803.190000,361,3.330000,0.357308,1797.124000,1789.237000,1768.287000,1788.001551,0.280569,94.791486,1,train
AMZN,60,2018-07-13,13:30:00,2018-07-13T13:30:00+00:00,1803.200000,1815.000000,1795.470000,1807.970000,6797,19.530000,0.265086,1799.802000,1793.565000,1771.785500,1791.632178,0.246156,98.838367,1,train
AMZN,60,2018-07-13,14:30:00,2018-07-13T14:30:00+00:00,1808.320000,1811.390000,1803.310000,1811.190000,3926,8.080000,0.178100,1803.218000,1796.784000,1775.592500,1795.188146,0.144072,98.854525,1,train
AMZN,60,2018-07-13,15:30:00,2018-07-13T15:30:00+00:00,1811.030000,1815.190000,1809.070000,1812.480000,4591,6.120000,0.071224,1806.320000,1799.621000,1778.646000,1798.332119,0.142320,98.849630,0,train
AMZN,60,2018-07-13,16:30:00,2018-07-13T16:30:00+00:00,1812.500000,1812.700000,1805.790000,1806.780000,3134,6.910000,-0.314486,1808.322000,1801.699000,1781.781500,1799.868098,0.206864,90.423933,1,train
AMZN,60,2018-07-13,17:30:00,2018-07-13T17:30:00+00:00,1806.780000,1809.540000,1805.470000,1806.860000,2721,4.070000,0.004428,1809.056000,1803.090000,1784.784500,1801.139353,0.185031,88.399199,1,train
AMZN,60,2018-07-13,18:30:00,2018-07-13T18:30:00+00:00,1806.830000,1810.380000,1805.140000,1810.150000,3456,5.240000,0.182084,1809.492000,1804.647000,1787.721000,1802.777652,0.187990,85.486443,1,train
AMZN,60,2018-07-13,19:30:00,2018-07-13T19:30:00+00:00,1810.180000,1814.550000,1810.010000,1812.560000,3130,4.540000,0.133138,1809.766000,1806.492000,1790.893500,1804.556261,0.184081,84.535081,1,train
AMZN,60,2018-07-16,12:30:00,2018-07-16T12:30:00+00:00,1817.970000,1822.650000,1817.970000,1822.000000,395,4.680000,0.520810,1811.670000,1808.995000,1794.419500,1807.727850,0.226972,86.930652,1,train
AMZN,60,2018-07-16,13:30:00,2018-07-16T13:30:00+00:00,1821.970000,1830.760000,1816.620000,1826.740000,6171,14.140000,0.260154,1815.662000,1811.992000,1798.105000,1811.184604,0.223262,86.309908,0,train
AMZN,60,2018-07-16,14:30:00,2018-07-16T14:30:00+00:00,1826.720000,1831.370000,1822.970000,1825.640000,4504,8.400000,-0.060217,1819.418000,1814.237000,1801.737000,1813.812858,0.222505,83.760870,1,train
AMZN,60,2018-07-16,15:30:00,2018-07-16T15:30:00+00:00,1825.670000,1833.310000,1825.370000,1832.690000,3776,7.940000,0.386166,1823.926000,1816.709000,1805.137000,1817.245066,0.234029,86.686953,1,train
AMZN,60,2018-07-16,16:30:00,2018-07-16T16:30:00+00:00,1832.970000,1834.530000,1830.670000,1834.190000,3313,3.860000,0.081847,1828.252000,1819.009000,1807.896500,1820.325963,0.234091,86.333463,1,train
AMZN,60,2018-07-16,17:30:00,2018-07-16T17:30:00+00:00,1834.330000,1841.660000,1833.470000,1838.400000,4526,8.190000,0.229529,1831.532000,1821.601000,1810.611000,1823.612151,0.235286,87.687851,0,train
AMZN,60,2018-07-16,18:30:00,2018-07-16T18:30:00+00:00,1838.400000,1840.010000,1814.920000,1817.000000,5294,25.090000,-1.164056,1829.584000,1822.623000,1812.161000,1822.409942,0.462367,59.834781,0,train
AMZN,60,2018-07-16,19:30:00,2018-07-16T19:30:00+00:00,1817.140000,1828.200000,1789.970000,1798.830000,3840,38.230000,-1.000000,1824.222000,1821.820000,1812.455000,1818.122680,0.571395,44.533493,0,train
AMZN,60,2018-07-16,20:30:00,2018-07-16T20:30:00+00:00,1798.850000,1800.470000,1792.970000,1795.980000,559,7.500000,-0.158436,1816.880000,1820.403000,1812.525000,1814.096738,0.566613,40.862670,1,train
AMZN,60,2018-07-17,12:30:00,2018-07-17T12:30:00+00:00,1810.470000,1812.000000,1803.740000,1810.190000,797,8.260000,0.791211,1812.080000,1820.166000,1813.329000,1813.386422,0.628572,48.809152,1,train
AMZN,60,2018-07-17,13:30:00,2018-07-17T13:30:00+00:00,1806.980000,1822.370000,1797.530000,1815.420000,5767,24.840000,0.288920,1807.484000,1819.508000,1814.251500,1813.756164,0.610786,54.515050,1,train
AMZN,60,2018-07-17,14:30:00,2018-07-17T14:30:00+00:00,1815.420000,1839.410000,1815.390000,1838.290000,4653,24.020000,1.259764,1811.742000,1820.663000,1816.327500,1818.216861,0.733779,63.264962,1,train
AMZN,60,2018-07-17,15:30:00,2018-07-17T15:30:00+00:00,1838.300000,1850.970000,1837.590000,1849.560000,4323,13.380000,0.613070,1821.888000,1823.055000,1818.646000,1823.915614,0.751637,65.583234,0,train
AMZN,60,2018-07-17,16:30:00,2018-07-17T16:30:00+00:00,1849.590000,1850.220000,1840.180000,1847.150000,3196,10.040000,-0.130301,1832.122000,1824.501000,1820.605000,1828.140047,0.750035,63.677343,1,train
AMZN,60,2018-07-17,17:30:00,2018-07-17T17:30:00+00:00,1847.260000,1850.020000,1845.110000,1847.220000,2889,4.910000,0.003790,1839.528000,1825.804000,1822.406500,1831.609130,0.750433,60.770413,1,train
AMZN,60,2018-07-17,18:30:00,2018-07-17T18:30:00+00:00,1847.060000,1851.240000,1841.120000,1848.500000,3756,10.120000,0.069293,1846.144000,1826.814000,1824.207500,1834.680197,0.748436,59.575779,0,train
AMZN,60,2018-07-17,19:30:00,2018-07-17T19:30:00+00:00,1848.500000,1850.890000,1842.970000,1845.750000,3066,7.920000,-0.148769,1847.636000,1829.689000,1826.156000,1836.692889,0.622632,58.722998,1,train
AMZN,60,2018-07-17,20:30:00,2018-07-17T20:30:00+00:00,1845.830000,1847.520000,1845.830000,1846.600000,42,1.690000,0.046052,1847.044000,1834.466000,1828.143000,1838.494182,0.477190,56.376639,1,train
AMZN,60,2018-07-18,12:30:00,2018-07-18T12:30:00+00:00,1844.150000,1849.000000,1844.140000,1847.970000,372,4.860000,0.074190,1847.208000,1839.665000,1830.034000,1840.217058,0.459687,56.324582,0,train
AMZN,60,2018-07-18,13:30:00,2018-07-18T13:30:00+00:00,1847.000000,1858.530000,1831.240000,1839.870000,6269,27.290000,-0.438319,1845.738000,1842.633000,1831.399500,1840.153956,0.473967,50.651422,1,train
AMZN,60,2018-07-18,14:30:00,2018-07-18T14:30:00+00:00,1839.660000,1849.100000,1834.160000,1847.720000,3850,14.940000,0.426661,1845.582000,1845.863000,1832.685500,1841.529601,0.479972,65.471394,0,train
AMZN,60,2018-07-18,15:30:00,2018-07-18T15:30:00+00:00,1847.750000,1849.350000,1837.790000,1840.620000,2846,11.560000,-0.384257,1844.556000,1846.096000,1833.379500,1841.364219,0.324465,73.687790,1,train
AMZN,60,2018-07-18,16:30:00,2018-07-18T16:30:00+00:00,1840.600000,1844.740000,1839.100000,1844.320000,2475,5.640000,0.201019,1844.100000,1845.572000,1834.313500,1841.901633,0.259465,77.139007,0,train
AMZN,60,2018-07-18,17:30:00,2018-07-18T17:30:00+00:00,1844.390000,1845.580000,1841.970000,1843.580000,2504,3.610000,-0.040123,1843.222000,1845.215000,1834.858000,1842.206791,0.257073,72.086255,0,train
AMZN,60,2018-07-18,18:30:00,2018-07-18T18:30:00+00:00,1843.580000,1844.660000,1842.660000,1843.000000,2607,2.000000,-0.031461,1843.848000,1844.793000,1835.298500,1842.351011,0.256967,69.438963,0,train
AMZN,60,2018-07-18,19:30:00,2018-07-18T19:30:00+00:00,1843.000000,1844.650000,1839.970000,1840.220000,2089,4.680000,-0.150841,1842.348000,1843.965000,1835.389500,1841.963554,0.257651,51.897738,1,train
AMZN,60,2018-07-18,20:30:00,2018-07-18T20:30:00+00:00,1841.250000,1841.250000,1840.190000,1840.520000,43,1.060000,0.016302,1842.328000,1843.442000,1836.565500,1841.701090,0.255514,38.665998,0,train
AMZN,60,2018-07-19,12:30:00,2018-07-19T12:30:00+00:00,1829.980000,1833.240000,1824.970000,1827.980000,794,8.270000,-0.681329,1839.060000,1841.580000,1838.023000,1839.206346,0.325904,30.833833,1,train
AMZN,60,2018-07-19,13:30:00,2018-07-19T13:30:00+00:00,1827.990000,1840.440000,1827.500000,1832.570000,5492,12.940000,0.251097,1836.858000,1840.040000,1839.852500,1837.999738,0.340915,36.567027,1,train
AMZN,60,2018-07-19,14:30:00,2018-07-19T14:30:00+00:00,1832.790000,1835.380000,1827.090000,1832.860000,3932,8.290000,0.015825,1834.830000,1839.339000,1840.986000,1837.065240,0.317806,35.394098,0,train
AMZN,60,2018-07-19,15:30:00,2018-07-19T15:30:00+00:00,1832.790000,1835.400000,1826.040000,1827.470000,3613,9.360000,-0.294076,1832.280000,1837.314000,1841.588500,1835.320651,0.280306,33.730865,0,train
AMZN,60,2018-07-19,16:30:00,2018-07-19T16:30:00+00:00,1827.750000,1828.010000,1816.720000,1827.010000,4491,11.290000,-0.025171,1829.578000,1835.953000,1841.024500,1833.809624,0.263750,32.443090,0,train
AMZN,60,2018-07-19,17:30:00,2018-07-19T17:30:00+00:00,1827.010000,1832.490000,1822.180000,1822.970000,3200,10.310000,-0.221126,1828.576000,1833.818000,1839.695000,1831.838783,0.248187,28.617858,0,train
AMZN,60,2018-07-19,18:30:00,2018-07-19T18:30:00+00:00,1823.010000,1823.450000,1811.260000,1815.600000,3994,12.190000,-0.404285,1825.182000,1831.020000,1838.117500,1828.886277,0.262127,28.979733,1,train
AMZN,60,2018-07-19,19:30:00,2018-07-19T19:30:00+00:00,1815.630000,1816.580000,1811.240000,1815.680000,2681,5.340000,0.004406,1821.746000,1828.288000,1836.540500,1826.485136,0.264204,17.934347,0,train
AMZN,60,2018-07-19,20:30:00,2018-07-19T20:30:00+00:00,1815.550000,1816.770000,1814.970000,1814.970000,83,1.800000,-0.039104,1819.246000,1825.763000,1834.864000,1824.391475,0.266467,20.564609,1,train
AMZN,60,2018-07-20,12:30:00,2018-07-20T12:30:00+00:00,1821.580000,1826.500000,1819.380000,1824.050000,1122,7.120000,0.500284,1818.654000,1824.116000,1833.779000,1824.329388,0.333161,29.295199,1,train
AMZN,60,2018-07-20,13:30:00,2018-07-20T13:30:00+00:00,1824.050000,1833.790000,1820.980000,1830.460000,5139,12.810000,0.351416,1820.152000,1824.364000,1832.972000,1825.444045,0.285996,37.989747,1,train
AMZN,60,2018-07-20,14:30:00,2018-07-20T14:30:00+00:00,1830.460000,1834.590000,1827.980000,1831.600000,3727,6.610000,0.062279,1823.352000,1824.267000,1832.153500,1826.563310,0.274604,39.670170,0,train
AMZN,60,2018-07-20,15:30:00,2018-07-20T15:30:00+00:00,1831.710000,1832.310000,1819.220000,1821.180000,3606,13.090000,-0.568902,1824.452000,1823.099000,1831.219000,1825.584526,0.326952,34.845591,0,train
AMZN,60,2018-07-20,16:30:00,2018-07-20T16:30:00+00:00,1821.250000,1822.150000,1814.480000,1814.730000,2803,7.670000,-0.354166,1824.404000,1821.825000,1829.569500,1823.610976,0.332173,31.303465,1,train
AMZN,60,2018-07-20,17:30:00,2018-07-20T17:30:00+00:00,1814.730000,1820.200000,1814.470000,1816.420000,2162,5.730000,0.093127,1822.878000,1820.766000,1828.359500,1822.303526,0.336009,40.055058,0,train
AMZN,60,2018-07-20,18:30:00,2018-07-20T18:30:00+00:00,1816.520000,1817.040000,1810.120000,1810.470000,3170,6.920000,-0.327567,1818.880000,1819.516000,1826.667000,1820.151976,0.343370,31.422327,1,train
AMZN,60,2018-07-20,19:30:00,2018-07-20T19:30:00+00:00,1810.500000,1816.380000,1810.480000,1813.670000,2698,5.900000,0.176750,1815.294000,1819.323000,1825.171500,1818.973435,0.329051,34.620933,0,train
AMZN,60,2018-07-23,12:30:00,2018-07-23T12:30:00+00:00,1817.000000,1818.000000,1808.070000,1809.540000,531,9.930000,-0.227715,1812.966000,1818.709000,1823.498500,1817.258265,0.336023,35.334533,0,train
AMZN,60,2018-07-23,13:30:00,2018-07-23T13:30:00+00:00,1811.540000,1818.500000,1769.800000,1798.230000,6138,48.700000,-0.625021,1809.666000,1817.035000,1821.399000,1813.798580,0.384694,30.008336,1,train
AMZN,60,2018-07-23,14:30:00,2018-07-23T14:30:00+00:00,1798.240000,1804.440000,1793.380000,1802.500000,3374,11.060000,0.237456,1806.882000,1814.880000,1819.498000,1811.744293,0.346853,35.826063,1,train
AMZN,60,2018-07-23,15:30:00,2018-07-23T15:30:00+00:00,1802.500000,1808.000000,1802.110000,1804.050000,2596,5.890000,0.085992,1805.598000,1812.239000,1818.301500,1810.345331,0.315675,41.301401,0,train
AMZN,60,2018-07-23,16:30:00,2018-07-23T16:30:00+00:00,1804.040000,1806.360000,1800.550000,1802.110000,2386,5.810000,-0.107536,1803.286000,1809.290000,1816.778500,1808.847998,0.307767,40.058608,0,train
AMZN,60,2018-07-23,17:30:00,2018-07-23T17:30:00+00:00,1802.120000,1803.150000,1797.300000,1799.530000,2655,5.850000,-0.143166,1801.284000,1807.125000,1815.112000,1807.153816,0.272630,38.990302,1,train
AMZN,60,2018-07-23,18:30:00,2018-07-23T18:30:00+00:00,1799.520000,1800.980000,1797.180000,1799.990000,2936,3.800000,0.025562,1801.636000,1805.651000,1813.738000,1805.851304,0.262522,30.439024,1,train
AMZN,60,2018-07-23,19:30:00,2018-07-23T19:30:00+00:00,1800.000000,1816.990000,1797.480000,1812.480000,2743,19.510000,0.693893,1803.632000,1805.257000,1813.011500,1807.056522,0.358168,36.697248,0,train
AMZN,60,2018-07-23,20:30:00,2018-07-23T20:30:00+00:00,1812.070000,1813.500000,1809.970000,1812.000000,206,3.530000,-0.026483,1805.222000,1805.410000,1812.463000,1807.955336,0.341829,35.355649,1,train
AMZN,60,2018-07-24,12:30:00,2018-07-24T12:30:00+00:00,1826.980000,1829.370000,1824.000000,1829.000000,340,5.370000,0.938190,1810.600000,1806.943000,1813.133000,1811.781638,0.450794,55.319728,1,train
AMZN,60,2018-07-24,13:30:00,2018-07-24T13:30:00+00:00,1828.980000,1839.520000,1825.090000,1838.500000,5198,14.430000,0.519410,1818.394000,1809.839000,1814.274000,1816.639522,0.455078,65.525800,0,train
AMZN,60,2018-07-24,14:30:00,2018-07-24T14:30:00+00:00,1838.480000,1839.670000,1825.230000,1828.500000,3840,14.440000,-0.543922,1824.096000,1812.866000,1814.950500,1818.795973,0.440010,57.117605,0,train
AMZN,60,2018-07-24,15:30:00,2018-07-24T15:30:00+00:00,1828.500000,1829.340000,1818.190000,1819.580000,3271,11.150000,-0.487832,1825.516000,1814.574000,1814.727000,1818.938523,0.484777,55.186155,0,train
AMZN,60,2018-07-24,16:30:00,2018-07-24T16:30:00+00:00,1819.570000,1821.960000,1809.160000,1812.690000,3729,12.800000,-0.378659,1825.654000,1815.438000,1813.838500,1817.802428,0.507515,49.464598,1,train
AMZN,60,2018-07-24,17:30:00,2018-07-24T17:30:00+00:00,1813.170000,1818.200000,1809.080000,1817.770000,3983,9.120000,0.280246,1823.408000,1817.004000,1813.147000,1817.796532,0.509043,54.450092,1,train
AMZN,60,2018-07-24,18:30:00,2018-07-24T18:30:00+00:00,1817.770000,1825.410000,1816.470000,1823.080000,3981,8.940000,0.292116,1820.324000,1819.359000,1813.242000,1818.757163,0.505705,64.369145,1,train
AMZN,60,2018-07-24,19:30:00,2018-07-24T19:30:00+00:00,1823.080000,1830.740000,1820.090000,1828.000000,2918,10.650000,0.269873,1820.224000,1822.160000,1813.905500,1820.437679,0.505933,64.634986,1,train
AMZN,60,2018-07-24,20:30:00,2018-07-24T20:30:00+00:00,1828.980000,1829.080000,1827.990000,1829.000000,18,1.090000,0.054705,1822.108000,1823.812000,1814.534500,1821.994464,0.469443,64.410304,1,train
AMZN,60,2018-07-25,12:30:00,2018-07-25T12:30:00+00:00,1827.000000,1832.440000,1826.970000,1829.500000,332,5.470000,0.027337,1825.470000,1825.562000,1815.486000,1823.359107,0.468243,66.087161,1,train
AMZN,60,2018-07-25,13:30:00,2018-07-25T13:30:00+00:00,1829.290000,1837.490000,1822.980000,1830.850000,4214,14.510000,0.073791,1828.086000,1825.747000,1816.345000,1824.721088,0.363889,68.665077,1,train
AMZN,60,2018-07-25,14:30:00,2018-07-25T14:30:00+00:00,1830.800000,1836.270000,1829.040000,1835.790000,2863,7.230000,0.269820,1830.628000,1825.476000,1817.657500,1826.733617,0.332310,70.253451,1,train
AMZN,60,2018-07-25,15:30:00,2018-07-25T15:30:00+00:00,1835.790000,1839.800000,1834.540000,1838.110000,2961,5.260000,0.126376,1832.650000,1826.437000,1819.651500,1828.802050,0.276520,66.385373,1,train
AMZN,60,2018-07-25,16:30:00,2018-07-25T16:30:00+00:00,1838.630000,1844.830000,1838.230000,1843.230000,2590,6.600000,0.278547,1835.496000,1828.802000,1821.688000,1831.425314,0.207672,68.847314,1,train
AMZN,60,2018-07-25,17:30:00,2018-07-25T17:30:00+00:00,1843.240000,1849.060000,1841.140000,1848.500000,2879,7.920000,0.285911,1839.296000,1832.383000,1823.910500,1834.529802,0.110722,63.709224,0,train
AMZN,60,2018-07-25,18:30:00,2018-07-25T18:30:00+00:00,1848.510000,1852.100000,1847.070000,1847.800000,3420,5.030000,-0.037869,1842.686000,1835.386000,1826.195000,1836.942566,0.128119,57.461489,1,train
AMZN,60,2018-07-25,19:30:00,2018-07-25T19:30:00+00:00,1847.810000,1864.410000,1841.250000,1850.000000,3543,23.160000,0.119061,1845.528000,1838.078000,1828.718500,1839.316645,0.120352,69.717535,0,train
AMZN,60,2018-07-25,20:30:00,2018-07-25T20:30:00+00:00,1850.000000,1852.400000,1848.130000,1848.140000,206,4.270000,-0.100541,1847.534000,1840.092000,1831.126000,1840.920891,0.134428,80.088496,0,train
AMZN,60,2018-07-26,12:30:00,2018-07-26T12:30:00+00:00,1838.680000,1841.010000,1836.070000,1838.000000,783,4.940000,-0.548660,1846.488000,1840.992000,1832.402000,1840.389820,0.248700,74.955630,0,train
AMZN,60,2018-07-26,13:30:00,2018-07-26T13:30:00+00:00,1838.990000,1844.110000,1817.990000,1823.080000,7341,26.120000,-0.811752,1841.404000,1840.350000,1832.956000,1837.242580,0.369281,54.384806,1,train
AMZN,60,2018-07-26,14:30:00,2018-07-26T14:30:00+00:00,1823.080000,1828.550000,1818.970000,1828.060000,5371,9.580000,0.273164,1837.456000,1840.071000,1832.909000,1835.573020,0.380976,54.134839,0,train
AMZN,60,2018-07-26,15:30:00,2018-07-26T15:30:00+00:00,1828.080000,1831.000000,1822.470000,1823.030000,4724,8.530000,-0.275155,1832.062000,1838.795000,1832.135500,1833.292471,0.374697,45.880988,0,train
AMZN,60,2018-07-26,16:30:00,2018-07-26T16:30:00+00:00,1822.720000,1823.090000,1804.520000,1812.390000,5676,18.570000,-0.583644,1824.912000,1836.223000,1831.330000,1829.492022,0.399962,38.130627,1,train
AMZN,60,2018-07-26,17:30:00,2018-07-26T17:30:00+00:00,1812.370000,1818.200000,1811.230000,1815.540000,4636,6.970000,0.173804,1820.420000,1833.454000,1831.128000,1826.955290,0.389002,40.388323,0,train
AMZN,60,2018-07-26,18:30:00,2018-07-26T18:30:00+00:00,1815.540000,1817.250000,1806.180000,1809.880000,6058,11.070000,-0.311753,1817.780000,1829.592000,1830.987500,1823.850692,0.359266,36.370727,1,train
AMZN,60,2018-07-26,19:30:00,2018-07-26T19:30:00+00:00,1809.880000,1891.480000,1704.980000,1834.980000,7920,186.500000,1.386832,1819.164000,1828.310000,1831.848000,1825.874203,0.621813,49.582861,1,train
AMZN,60,2018-07-26,20:30:00,2018-07-26T20:30:00+00:00,1835.050000,1876.230000,1829.990000,1870.560000,2316,46.240000,1.938986,1828.670000,1830.366000,1834.222000,1833.998893,0.890765,62.447257,1,train
AMZN,60,2018-07-27,12:30:00,2018-07-27T12:30:00+00:00,1887.250000,1889.840000,1875.490000,1877.000000,1502,14.350000,0.344282,1841.592000,1833.252000,1836.672000,1841.817276,0.889960,62.823726,0,train
AMZN,60,2018-07-27,13:30:00,2018-07-27T13:30:00+00:00,1873.970000,1879.240000,1841.010000,1841.010000,8400,38.230000,-1.917421,1846.686000,1833.553000,1837.272500,1841.670499,1.092936,47.693824,1,train
AMZN,60,2018-07-27,14:30:00,2018-07-27T14:30:00+00:00,1841.280000,1847.170000,1830.190000,1842.150000,6331,16.980000,0.061923,1853.140000,1835.460000,1837.905000,1841.757681,1.053100,48.265062,0,train
AMZN,60,2018-07-27,15:30:00,2018-07-27T15:30:00+00:00,1842.160000,1845.840000,1829.190000,1829.190000,4663,16.650000,-0.703526,1851.982000,1835.573000,1837.822000,1839.472648,1.081112,44.005991,0,train
AMZN,60,2018-07-27,16:30:00,2018-07-27T16:30:00+00:00,1829.210000,1831.040000,1806.390000,1818.620000,5937,24.650000,-0.577851,1841.594000,1835.132000,1836.963500,1835.681257,1.094186,41.903456,0,train
AMZN,60,2018-07-27,17:30:00,2018-07-27T17:30:00+00:00,1818.620000,1825.840000,1812.570000,1816.000000,4314,13.270000,-0.144065,1829.394000,1835.493000,1835.858000,1832.102847,1.077680,43.706374,1,train
AMZN,60,2018-07-27,18:30:00,2018-07-27T18:30:00+00:00,1815.990000,1823.690000,1811.980000,1816.530000,4602,11.710000,0.029185,1824.498000,1835.592000,1834.523000,1829.271420,1.076432,47.958102,1,train
AMZN,60,2018-07-27,19:30:00,2018-07-27T19:30:00+00:00,1816.560000,1821.120000,1816.330000,1817.380000,2940,4.790000,0.046793,1819.544000,1836.342000,1832.967000,1827.109344,1.070455,46.582619,1,train
AMZN,60,2018-07-30,12:30:00,2018-07-30T12:30:00+00:00,1826.440000,1826.810000,1820.470000,1824.270000,558,6.340000,0.379117,1818.560000,1835.271000,1831.790500,1826.593099,0.973281,50.392107,0,train
AMZN,60,2018-07-30,13:30:00,2018-07-30T13:30:00+00:00,1826.290000,1829.030000,1781.990000,1810.000000,7714,47.040000,-0.782231,1816.836000,1829.215000,1829.790500,1823.576172,0.694575,49.261206,0,train
AMZN,60,2018-07-30,14:30:00,2018-07-30T14:30:00+00:00,1810.000000,1811.020000,1791.670000,1793.770000,4217,19.350000,-0.896685,1812.390000,1820.892000,1827.072000,1818.156868,0.671926,43.773952,0,train
AMZN,60,2018-07-30,15:30:00,2018-07-30T15:30:00+00:00,1793.750000,1799.000000,1786.070000,1786.100000,3711,12.930000,-0.427591,1806.304000,1815.401000,1824.477000,1812.328347,0.433334,43.276408,0,train
AMZN,60,2018-07-30,16:30:00,2018-07-30T16:30:00+00:00,1786.100000,1786.370000,1766.010000,1779.080000,4789,20.360000,-0.393035,1798.644000,1809.094000,1822.277000,1806.283193,0.414409,32.394810,1,train
AMZN,60,2018-07-30,17:30:00,2018-07-30T17:30:00+00:00,1779.160000,1788.850000,1775.520000,1780.990000,3507,13.330000,0.107359,1789.988000,1804.274000,1819.923500,1801.684430,0.416223,14.197778,0,train
AMZN,60,2018-07-30,18:30:00,2018-07-30T18:30:00+00:00,1781.010000,1783.980000,1775.090000,1776.290000,3393,8.890000,-0.263898,1783.246000,1800.041000,1817.586500,1797.067261,0.401664,9.177138,1,train
AMZN,60,2018-07-30,19:30:00,2018-07-30T19:30:00+00:00,1776.300000,1780.910000,1774.260000,1779.550000,3084,6.650000,0.183529,1780.402000,1796.396000,1815.944500,1793.882305,0.422670,16.089164,1,train
AMZN,60,2018-07-30,20:30:00,2018-07-30T20:30:00+00:00,1779.520000,1782.000000,1779.520000,1781.300000,65,2.480000,0.098339,1779.442000,1792.873000,1814.232500,1791.594613,0.427407,16.650225,1,train
AMZN,60,2018-07-31,12:30:00,2018-07-31T12:30:00+00:00,1790.080000,1794.000000,1783.300000,1784.000000,788,10.700000,0.151575,1780.426000,1789.535000,1812.938500,1790.213774,0.435202,22.094603,0,train
AMZN,60,2018-07-31,13:30:00,2018-07-31T13:30:00+00:00,1784.760000,1801.030000,1739.300000,1755.080000,6930,61.730000,-1.621076,1775.244000,1782.616000,1808.943500,1783.825815,0.582257,18.012485,1,train
AMZN,60,2018-07-31,14:30:00,2018-07-31T14:30:00+00:00,1755.330000,1777.890000,1755.330000,1772.670000,4370,22.560000,1.002234,1774.520000,1778.883000,1804.049000,1781.797485,0.706884,31.043836,1,train
AMZN,60,2018-07-31,15:30:00,2018-07-31T15:30:00+00:00,1772.700000,1795.990000,1772.700000,1793.100000,4293,23.290000,1.152499,1777.230000,1778.816000,1799.854000,1783.852488,0.777847,41.269841,0,train
AMZN,60,2018-07-31,16:30:00,2018-07-31T16:30:00+00:00,1793.070000,1793.100000,1775.270000,1777.190000,3558,17.830000,-0.887290,1776.408000,1777.925000,1796.663000,1782.641126,0.818386,36.536013,1,train
AMZN,60,2018-07-31,17:30:00,2018-07-31T17:30:00+00:00,1777.080000,1784.670000,1774.270000,1782.210000,2811,10.400000,0.282468,1776.050000,1778.238000,1793.666000,1782.562740,0.814518,35.730764,0,train
AMZN,60,2018-07-31,18:30:00,2018-07-31T18:30:00+00:00,1782.190000,1783.010000,1773.780000,1776.270000,3066,9.230000,-0.333294,1780.288000,1777.766000,1791.020000,1781.418605,0.821193,37.871269,0,train
AMZN,60,2018-07-31,19:30:00,2018-07-31T19:30:00+00:00,1776.240000,1780.000000,1770.970000,1770.990000,2476,9.030000,-0.297252,1779.952000,1777.236000,1788.638500,1779.522495,0.822345,41.108509,1,train
AMZN,60,2018-07-31,20:30:00,2018-07-31T20:30:00+00:00,1776.850000,1787.580000,1770.970000,1787.380000,316,16.610000,0.925471,1778.808000,1778.019000,1787.207500,1780.951132,0.875204,50.467768,0,train
AMZN,60,2018-08-01,12:30:00,2018-08-01T12:30:00+00:00,1784.330000,1786.120000,1781.980000,1783.990000,177,4.140000,-0.189663,1780.168000,1778.288000,1785.580500,1781.503654,0.878074,51.843231,1,train
AMZN,60,2018-08-01,13:30:00,2018-08-01T13:30:00+00:00,1784.170000,1797.000000,1777.180000,1794.000000,5657,19.820000,0.561102,1782.526000,1779.288000,1784.411500,1783.775717,0.894366,54.604006,0,train
AMZN,60,2018-08-01,14:30:00,2018-08-01T14:30:00+00:00,1793.970000,1796.450000,1783.810000,1788.100000,4638,12.640000,-0.328874,1784.892000,1782.590000,1782.603000,1784.561950,0.695899,54.144150,0,train
AMZN,60,2018-08-01,15:30:00,2018-08-01T15:30:00+00:00,1788.100000,1788.120000,1776.020000,1780.690000,4411,12.100000,-0.414406,1786.832000,1783.392000,1781.137500,1783.857959,0.654879,50.388707,1,train
AMZN,60,2018-08-01,16:30:00,2018-08-01T16:30:00+00:00,1780.660000,1788.480000,1778.770000,1783.280000,3401,9.710000,0.145449,1786.012000,1782.410000,1780.613000,1783.752876,0.531884,50.671277,1,train
AMZN,60,2018-08-01,17:30:00,2018-08-01T17:30:00+00:00,1783.280000,1791.000000,1776.350000,1790.630000,4140,14.650000,0.412162,1787.340000,1783.754000,1780.839500,1785.003262,0.459374,52.179057,1,train
AMZN,60,2018-08-01,18:30:00,2018-08-01T18:30:00+00:00,1790.620000,1797.000000,1787.470000,1796.270000,4190,9.530000,0.314973,1787.794000,1785.160000,1781.699000,1787.051760,0.461106,65.983702,0,train
AMZN,60,2018-08-01,19:30:00,2018-08-01T19:30:00+00:00,1796.300000,1798.310000,1793.970000,1796.240000,2913,4.340000,-0.001670,1789.422000,1787.157000,1782.461500,1788.722349,0.439535,60.589451,0,train
AMZN,60,2018-08-01,20:30:00,2018-08-01T20:30:00+00:00,1796.450000,1796.450000,1795.170000,1796.140000,38,1.280000,-0.005567,1792.512000,1789.672000,1783.454000,1790.071013,0.418479,51.671064,0,train
AMZN,60,2018-08-02,12:30:00,2018-08-02T12:30:00+00:00,1786.580000,1787.990000,1785.970000,1786.740000,195,2.020000,-0.523345,1793.204000,1789.608000,1783.813500,1789.465374,0.364352,55.654233,1,train
AMZN,60,2018-08-02,13:30:00,2018-08-02T13:30:00+00:00,1789.120000,1805.000000,1785.970000,1804.410000,5417,19.030000,0.988952,1795.960000,1791.650000,1784.969000,1792.182579,0.471987,61.431514,1,train
AMZN,60,2018-08-02,14:30:00,2018-08-02T14:30:00+00:00,1804.250000,1809.050000,1800.100000,1807.610000,4277,8.950000,0.177343,1798.228000,1793.011000,1786.149500,1794.987564,0.446593,66.606613,1,train
AMZN,60,2018-08-02,15:30:00,2018-08-02T15:30:00+00:00,1807.590000,1816.910000,1807.480000,1816.500000,4027,9.430000,0.491810,1802.280000,1795.851000,1789.220500,1798.898916,0.439167,73.226498,1,train
AMZN,60,2018-08-02,16:30:00,2018-08-02T16:30:00+00:00,1816.510000,1829.710000,1814.640000,1829.590000,4194,15.070000,0.720617,1808.970000,1800.741000,1792.066500,1804.479113,0.420921,72.293229,0,train
AMZN,60,2018-08-02,17:30:00,2018-08-02T17:30:00+00:00,1829.760000,1832.860000,1825.070000,1828.900000,3847,7.790000,-0.037713,1817.402000,1805.303000,1793.856500,1808.919275,0.430910,74.415570,1,train
AMZN,60,2018-08-02,18:30:00,2018-08-02T18:30:00+00:00,1829.000000,1836.330000,1828.990000,1832.760000,3958,7.340000,0.211056,1823.072000,1809.516000,1796.635000,1813.253952,0.427374,72.582149,1,train
AMZN,60,2018-08-02,19:30:00,2018-08-02T19:30:00+00:00,1832.780000,1835.380000,1829.280000,1834.000000,3033,6.100000,0.067658,1828.350000,1813.289000,1799.224500,1817.025961,0.429296,78.277477,0,train
AMZN,60,2018-08-02,20:30:00,2018-08-02T20:30:00+00:00,1833.990000,1834.950000,1833.970000,1833.980000,39,0.980000,-0.001091,1831.846000,1817.063000,1802.110000,1820.108513,0.429265,86.119019,1,train
AMZN,60,2018-08-03,12:30:00,2018-08-03T12:30:00+00:00,1839.060000,1841.350000,1835.970000,1835.990000,716,5.380000,0.109598,1833.126000,1821.048000,1805.360000,1822.996056,0.424387,86.009018,0,train
AMZN,60,2018-08-03,13:30:00,2018-08-03T13:30:00+00:00,1838.530000,1840.250000,1823.700000,1834.870000,5673,16.550000,-0.061003,1834.320000,1825.861000,1807.734500,1825.154955,0.353634,83.034648,0,train
AMZN,60,2018-08-03,14:30:00,2018-08-03T14:30:00+00:00,1834.890000,1836.000000,1825.520000,1829.230000,3504,10.480000,-0.307379,1833.614000,1828.343000,1809.996500,1825.895872,0.291632,74.611708,0,train
AMZN,60,2018-08-03,15:30:00,2018-08-03T15:30:00+00:00,1829.050000,1829.270000,1824.470000,1825.030000,2651,4.800000,-0.229605,1831.820000,1830.085000,1811.548000,1825.738441,0.313001,70.237593,0,train
AMZN,60,2018-08-03,16:30:00,2018-08-03T16:30:00+00:00,1825.000000,1827.570000,1821.540000,1823.810000,2919,6.030000,-0.066848,1829.786000,1830.816000,1813.333500,1825.387815,0.283002,69.148789,1,train
AMZN,60,2018-08-03,17:30:00,2018-08-03T17:30:00+00:00,1823.820000,1828.630000,1822.720000,1828.310000,2980,5.910000,0.246736,1828.250000,1830.688000,1815.714500,1825.919122,0.175865,80.861173,0,train
AMZN,60,2018-08-03,18:30:00,2018-08-03T18:30:00+00:00,1828.310000,1828.640000,1822.280000,1823.490000,2363,6.360000,-0.263631,1825.974000,1830.147000,1817.725000,1825.477463,0.193859,67.504587,0,train
AMZN,60,2018-08-03,19:30:00,2018-08-03T19:30:00+00:00,1823.470000,1824.740000,1821.620000,1822.940000,2183,3.120000,-0.030162,1824.716000,1829.165000,1819.340500,1825.016106,0.174665,64.783028,1,train
AMZN,60,2018-08-06,12:30:00,2018-08-06T12:30:00+00:00,1825.250000,1827.300000,1822.870000,1825.000000,758,4.430000,0.113004,1824.710000,1828.265000,1820.777000,1825.013178,0.178704,59.440249,1,train
AMZN,60,2018-08-06,13:30:00,2018-08-06T13:30:00+00:00,1825.800000,1834.380000,1818.770000,1828.040000,5184,15.610000,0.166575,1825.556000,1827.671000,1822.367000,1825.563509,0.191135,47.783815,0,train
AMZN,60,2018-08-06,14:30:00,2018-08-06T14:30:00+00:00,1828.050000,1829.910000,1823.000000,1827.760000,3223,6.910000,-0.015317,1825.446000,1826.848000,1823.948000,1825.962871,0.184811,48.350694,1,train
AMZN,60,2018-08-06,15:30:00,2018-08-06T15:30:00+00:00,1827.780000,1841.230000,1826.380000,1836.300000,3517,14.850000,0.467239,1828.008000,1826.991000,1826.426000,1827.842349,0.245260,54.510703,1,train
AMZN,60,2018-08-06,16:30:00,2018-08-06T16:30:00+00:00,1836.330000,1846.400000,1836.330000,1845.500000,3437,10.070000,0.501007,1832.520000,1828.618000,1828.480500,1831.052831,0.262365,62.182203,0,train
AMZN,60,2018-08-06,17:30:00,2018-08-06T17:30:00+00:00,1845.580000,1846.080000,1838.790000,1843.540000,2634,7.290000,-0.106204,1836.228000,1830.469000,1830.277000,1833.323225,0.248242,59.727310,1,train
AMZN,60,2018-08-06,18:30:00,2018-08-06T18:30:00+00:00,1843.500000,1845.850000,1841.980000,1845.380000,2758,3.870000,0.099808,1839.696000,1832.626000,1831.721000,1835.515366,0.241198,59.587503,1,train
AMZN,60,2018-08-06,19:30:00,2018-08-06T19:30:00+00:00,1845.410000,1847.900000,1844.870000,1846.010000,2498,3.030000,0.034139,1843.346000,1834.396000,1832.542000,1837.423481,0.237928,61.489274,1,train
AMZN,60,2018-08-06,20:30:00,2018-08-06T20:30:00+00:00,1846.110000,1847.700000,1846.080000,1847.110000,42,1.620000,0.059588,1845.508000,1836.758000,1833.452500,1839.184667,0.202926,70.345926,1,train
AMZN,60,2018-08-07,12:30:00,2018-08-07T12:30:00+00:00,1852.990000,1854.480000,1851.980000,1854.340000,185,2.500000,0.391422,1847.276000,1839.898000,1834.531500,1841.940182,0.209867,81.200766,1,train
AMZN,60,2018-08-07,13:30:00,2018-08-07T13:30:00+00:00,1854.490000,1858.340000,1846.070000,1857.950000,5133,12.270000,0.194678,1850.158000,1843.193000,1835.729000,1844.851058,0.208941,84.582658,0,train
AMZN,60,2018-08-07,14:30:00,2018-08-07T14:30:00+00:00,1857.970000,1859.880000,1852.220000,1854.440000,4095,7.660000,-0.188918,1851.970000,1845.833000,1836.752000,1846.594502,0.239372,77.010544,1,train
AMZN,60,2018-08-07,15:30:00,2018-08-07T15:30:00+00:00,1854.430000,1862.210000,1852.980000,1860.600000,3447,9.230000,0.332176,1854.888000,1849.117000,1837.982500,1849.140956,0.238937,87.326494,1,train
AMZN,60,2018-08-07,16:30:00,2018-08-07T16:30:00+00:00,1860.570000,1866.600000,1859.510000,1863.330000,3322,7.090000,0.146727,1858.132000,1851.820000,1839.405500,1851.720782,0.216329,88.918867,1,train
AMZN,60,2018-08-07,17:30:00,2018-08-07T17:30:00+00:00,1863.320000,1869.210000,1863.130000,1867.170000,3370,6.080000,0.206083,1860.698000,1853.987000,1841.302500,1854.529731,0.179606,89.286380,0,train
AMZN,60,2018-08-07,18:30:00,2018-08-07T18:30:00+00:00,1867.210000,1869.700000,1865.550000,1865.990000,3459,4.150000,-0.063197,1862.306000,1856.232000,1843.350500,1856.613416,0.174099,86.624204,0,train
AMZN,60,2018-08-07,19:30:00,2018-08-07T19:30:00+00:00,1866.070000,1866.410000,1860.970000,1861.530000,2832,5.440000,-0.239015,1863.724000,1857.847000,1845.236500,1857.507341,0.208339,80.157171,0,train
AMZN,60,2018-08-07,20:30:00,2018-08-07T20:30:00+00:00,1861.730000,1862.220000,1861.470000,1861.480000,46,0.750000,-0.002686,1863.900000,1859.394000,1846.895000,1858.229642,0.209706,76.505263,0,train
AMZN,60,2018-08-08,12:30:00,2018-08-08T12:30:00+00:00,1860.000000,1860.950000,1854.970000,1858.990000,204,5.980000,-0.133765,1863.032000,1860.582000,1848.670000,1858.367889,0.220795,66.535916,1,train
AMZN,60,2018-08-08,13:30:00,2018-08-08T13:30:00+00:00,1861.700000,1872.360000,1854.170000,1871.000000,4321,18.190000,0.646050,1863.798000,1862.248000,1851.073000,1860.664637,0.271553,77.006294,1,train
AMZN,60,2018-08-08,14:30:00,2018-08-08T14:30:00+00:00,1870.610000,1887.670000,1870.470000,1882.590000,4765,17.200000,0.619455,1867.118000,1864.712000,1853.952500,1864.651066,0.318878,80.706387,0,train
AMZN,60,2018-08-08,15:30:00,2018-08-08T15:30:00+00:00,1882.570000,1887.050000,1875.890000,1881.950000,3903,11.160000,-0.033996,1871.202000,1867.463000,1856.648000,1867.796327,0.305000,79.653465,1,train
AMZN,60,2018-08-08,16:30:00,2018-08-08T16:30:00+00:00,1881.780000,1886.900000,1881.470000,1883.390000,3173,5.430000,0.076516,1875.584000,1869.742000,1859.429500,1870.631540,0.298471,79.766984,1,train
AMZN,60,2018-08-08,17:30:00,2018-08-08T17:30:00+00:00,1883.470000,1886.730000,1882.090000,1886.360000,3109,4.640000,0.157694,1881.058000,1872.045000,1861.932500,1873.491260,0.298591,78.246295,1,train
AMZN,60,2018-08-08,18:30:00,2018-08-08T18:30:00+00:00,1886.370000,1887.900000,1884.470000,1887.860000,3532,3.430000,0.079518,1884.430000,1874.114000,1864.050500,1876.103758,0.297373,77.405168,0,train
AMZN,60,2018-08-08,19:30:00,2018-08-08T19:30:00+00:00,1887.850000,1891.200000,1884.490000,1885.090000,3473,6.710000,-0.146727,1884.930000,1876.024000,1866.128000,1877.737620,0.303901,78.469255,0,train
AMZN,60,2018-08-08,20:30:00,2018-08-08T20:30:00+00:00,1885.090000,1885.740000,1882.970000,1882.980000,94,2.770000,-0.111931,1885.136000,1878.169000,1868.008000,1878.690780,0.290399,72.478907,0,train
AMZN,60,2018-08-09,12:30:00,2018-08-09T12:30:00+00:00,1883.390000,1885.760000,1881.970000,1882.370000,169,3.790000,-0.032395,1884.932000,1880.258000,1869.826000,1879.359729,0.291885,69.974822,1,train
AMZN,60,2018-08-09,13:30:00,2018-08-09T13:30:00+00:00,1882.380000,1899.740000,1877.140000,1897.970000,5684,22.600000,0.828742,1887.254000,1884.156000,1872.369000,1882.743415,0.353925,75.917200,0,train
AMZN,60,2018-08-09,14:30:00,2018-08-09T14:30:00+00:00,1898.000000,1899.770000,1893.980000,1897.560000,3785,5.790000,-0.021602,1889.194000,1886.812000,1874.530000,1885.437340,0.323868,76.913896,1,train
AMZN,60,2018-08-09,15:30:00,2018-08-09T15:30:00+00:00,1897.560000,1902.570000,1896.170000,1900.010000,3433,6.400000,0.129113,1892.178000,1888.554000,1876.633000,1888.086914,0.277230,83.968927,1,train
AMZN,60,2018-08-09,16:30:00,2018-08-09T16:30:00+00:00,1900.010000,1907.410000,1899.610000,1907.090000,3785,7.800000,0.372630,1897.000000,1891.068000,1879.265500,1891.542021,0.286289,85.817496,1,train
AMZN,60,2018-08-09,17:30:00,2018-08-09T17:30:00+00:00,1907.050000,1914.440000,1906.770000,1908.730000,4042,7.670000,0.085995,1902.272000,1893.602000,1881.672000,1894.667108,0.286096,89.589303,0,train
AMZN,60,2018-08-09,18:30:00,2018-08-09T18:30:00+00:00,1908.770000,1913.390000,1899.030000,1901.570000,3806,14.360000,-0.375119,1902.992000,1895.123000,1883.584000,1895.922179,0.327791,76.367086,0,train
AMZN,60,2018-08-09,19:30:00,2018-08-09T19:30:00+00:00,1901.810000,1904.480000,1895.210000,1896.020000,2894,9.270000,-0.291864,1902.684000,1895.939000,1885.026500,1895.939965,0.348349,62.930868,0,train
AMZN,60,2018-08-09,20:30:00,2018-08-09T20:30:00+00:00,1896.020000,1896.500000,1895.210000,1896.000000,54,1.290000,-0.001055,1901.882000,1897.030000,1886.527000,1895.950880,0.342498,63.691288,0,train
AMZN,60,2018-08-10,12:30:00,2018-08-10T12:30:00+00:00,1891.230000,1891.740000,1884.990000,1888.470000,257,6.750000,-0.397152,1898.158000,1897.579000,1887.874000,1894.590720,0.369089,54.425087,1,train
AMZN,60,2018-08-10,13:30:00,2018-08-10T13:30:00+00:00,1888.490000,1898.710000,1885.980000,1890.990000,5173,12.730000,0.133441,1894.610000,1898.441000,1889.349500,1893.936044,0.369712,54.064969,1,train
AMZN,60,2018-08-10,14:30:00,2018-08-10T14:30:00+00:00,1891.000000,1895.700000,1888.480000,1893.680000,3177,7.220000,0.142254,1893.032000,1898.012000,1891.084000,1893.889490,0.253874,55.005160,1,train
AMZN,60,2018-08-10,15:30:00,2018-08-10T15:30:00+00:00,1893.690000,1895.110000,1889.970000,1893.770000,2670,5.140000,0.004753,1892.582000,1897.633000,1892.222500,1893.867765,0.254019,57.825460,0,train
AMZN,60,2018-08-10,16:30:00,2018-08-10T16:30:00+00:00,1893.830000,1894.070000,1890.410000,1892.100000,3025,3.660000,-0.088184,1891.802000,1896.842000,1892.698000,1893.546353,0.249122,58.287895,0,train
AMZN,60,2018-08-10,17:30:00,2018-08-10T17:30:00+00:00,1892.070000,1892.770000,1878.970000,1878.970000,3426,13.800000,-0.693938,1889.902000,1894.030000,1892.549000,1890.896107,0.278711,47.482973,1,train
AMZN,60,2018-08-10,18:30:00,2018-08-10T18:30:00+00:00,1878.990000,1888.370000,1878.280000,1886.990000,3348,10.090000,0.426830,1889.102000,1891.856000,1892.729000,1890.185906,0.327149,40.843896,0,train
AMZN,60,2018-08-10,19:30:00,2018-08-10T19:30:00+00:00,1886.980000,1888.000000,1885.250000,1885.990000,2042,2.750000,-0.052994,1887.564000,1890.298000,1892.710500,1889.423014,0.314183,40.445912,1,train
AMZN,60,2018-08-13,12:30:00,2018-08-13T12:30:00+00:00,1893.470000,1899.000000,1892.070000,1897.990000,769,6.930000,0.636271,1888.408000,1890.495000,1893.217000,1890.980648,0.376200,48.559201,1,train
AMZN,60,2018-08-13,13:30:00,2018-08-13T13:30:00+00:00,1899.340000,1924.760000,1896.410000,1920.650000,5333,28.350000,1.193895,1894.118000,1892.960000,1894.995000,1896.375075,0.530198,57.913165,0,train
AMZN,60,2018-08-13,14:30:00,2018-08-13T14:30:00+00:00,1920.680000,1923.600000,1907.350000,1907.380000,4104,16.250000,-0.690912,1899.800000,1894.851000,1896.215000,1898.375971,0.569373,49.306341,0,train
AMZN,60,2018-08-13,15:30:00,2018-08-13T15:30:00+00:00,1907.380000,1912.750000,1898.990000,1903.100000,4082,13.760000,-0.224392,1903.022000,1896.062000,1897.251500,1899.234885,0.578292,50.810124,1,train
AMZN,60,2018-08-13,16:30:00,2018-08-13T16:30:00+00:00,1903.100000,1910.150000,1898.210000,1907.060000,3284,11.940000,0.208082,1907.236000,1897.400000,1897.706000,1900.657633,0.579638,55.945713,1,train
AMZN,60,2018-08-13,17:30:00,2018-08-13T17:30:00+00:00,1906.760000,1909.000000,1902.740000,1907.140000,2676,6.260000,0.004195,1909.066000,1898.737000,1898.185000,1901.836245,0.579645,55.995694,0,train
AMZN,60,2018-08-13,18:30:00,2018-08-13T18:30:00+00:00,1907.170000,1907.820000,1893.640000,1894.240000,3332,14.180000,-0.676406,1903.784000,1898.951000,1897.896500,1900.455110,0.625709,52.935789,1,train
AMZN,60,2018-08-13,19:30:00,2018-08-13T19:30:00+00:00,1894.430000,1898.900000,1894.060000,1897.000000,2307,4.840000,0.145705,1901.708000,1900.754000,1897.392000,1899.826908,0.574539,53.050452,0,train
AMZN,60,2018-08-13,20:30:00,2018-08-13T20:30:00+00:00,1896.990000,1897.040000,1896.850000,1896.990000,32,0.190000,-0.000527,1900.486000,1901.754000,1896.805000,1899.311107,0.563061,51.727017,1,train
AMZN,60,2018-08-14,12:30:00,2018-08-14T12:30:00+00:00,1916.100000,1918.500000,1913.970000,1918.000000,471,4.530000,1.107544,1902.674000,1904.955000,1897.626500,1902.709087,0.651194,60.376874,0,train
AMZN,60,2018-08-14,13:30:00,2018-08-14T13:30:00+00:00,1918.000000,1919.900000,1899.990000,1907.640000,6175,19.910000,-0.540146,1902.774000,1905.920000,1898.207500,1903.605617,0.663811,56.194196,1,train
AMZN,60,2018-08-14,14:30:00,2018-08-14T14:30:00+00:00,1907.620000,1914.830000,1907.370000,1910.680000,4550,7.460000,0.159359,1906.062000,1904.923000,1898.941500,1904.891868,0.534149,63.745124,1,train
AMZN,60,2018-08-14,15:30:00,2018-08-14T15:30:00+00:00,1910.690000,1916.870000,1909.380000,1916.580000,4133,7.490000,0.308791,1909.978000,1905.843000,1900.347000,1907.016983,0.492990,63.066325,0,train
AMZN,60,2018-08-14,16:30:00,2018-08-14T16:30:00+00:00,1916.570000,1919.170000,1913.360000,1914.910000,3895,5.810000,-0.087134,1913.562000,1907.024000,1901.543000,1908.452077,0.486392,62.695347,0,train
AMZN,60,2018-08-14,17:30:00,2018-08-14T17:30:00+00:00,1914.900000,1917.780000,1912.070000,1912.480000,3284,5.710000,-0.126899,1912.458000,1907.566000,1902.483000,1909.184427,0.486821,56.944311,1,train
AMZN,60,2018-08-14,18:30:00,2018-08-14T18:30:00+00:00,1912.800000,1921.000000,1912.770000,1919.640000,4095,8.230000,0.374383,1914.858000,1908.816000,1903.776500,1911.085440,0.498620,49.431498,1,train
AMZN,60,2018-08-14,19:30:00,2018-08-14T19:30:00+00:00,1919.660000,1920.700000,1917.590000,1920.010000,2941,3.110000,0.019274,1916.724000,1911.393000,1905.172000,1912.708087,0.426818,58.316871,0,train
AMZN,60,2018-08-14,20:30:00,2018-08-14T20:30:00+00:00,1919.240000,1920.810000,1918.980000,1919.650000,47,1.830000,-0.018750,1917.338000,1913.658000,1907.206000,1913.970253,0.429564,61.491460,0,train
AMZN,60,2018-08-15,12:30:00,2018-08-15T12:30:00+00:00,1912.000000,1912.030000,1904.500000,1907.990000,699,7.530000,-0.607402,1915.954000,1914.758000,1908.256000,1912.882934,0.487395,50.583365,0,train
AMZN,60,2018-08-15,13:30:00,2018-08-15T13:30:00+00:00,1910.750000,1915.540000,1870.290000,1870.290000,7061,45.250000,-1.975901,1907.516000,1909.987000,1907.471000,1905.138765,0.685403,34.296429,1,train
AMZN,60,2018-08-15,14:30:00,2018-08-15T14:30:00+00:00,1870.320000,1893.860000,1869.780000,1891.990000,5748,24.080000,1.160248,1901.986000,1908.422000,1907.171000,1902.748080,0.805645,49.108063,0,train
AMZN,60,2018-08-15,15:30:00,2018-08-15T15:30:00+00:00,1892.000000,1897.680000,1879.260000,1889.670000,4525,18.420000,-0.122622,1895.918000,1906.321000,1905.622000,1900.370247,0.801283,47.084096,0,train
AMZN,60,2018-08-15,16:30:00,2018-08-15T16:30:00+00:00,1889.650000,1894.630000,1882.110000,1883.590000,3699,12.520000,-0.321749,1888.706000,1903.022000,1904.432500,1897.319293,0.789600,44.914997,0,train
AMZN,60,2018-08-15,17:30:00,2018-08-15T17:30:00+00:00,1883.600000,1887.160000,1877.130000,1879.500000,3520,10.030000,-0.217139,1883.008000,1899.481000,1903.252500,1894.079422,0.789142,33.237548,1,train
AMZN,60,2018-08-15,18:30:00,2018-08-15T18:30:00+00:00,1879.480000,1889.080000,1877.290000,1885.750000,3678,11.790000,0.332535,1886.100000,1896.808000,1902.187000,1892.564981,0.806007,40.115596,0,train
AMZN,60,2018-08-15,19:30:00,2018-08-15T19:30:00+00:00,1885.770000,1889.390000,1880.470000,1884.500000,2807,8.920000,-0.066287,1884.602000,1893.294000,1901.055000,1891.098621,0.786714,37.984211,0,train
AMZN,60,2018-08-15,20:30:00,2018-08-15T20:30:00+00:00,1884.630000,1884.980000,1882.600000,1883.330000,85,2.380000,-0.062085,1883.334000,1889.626000,1900.509500,1889.686145,0.784822,34.046637,1,train
AMZN,60,2018-08-16,12:30:00,2018-08-16T12:30:00+00:00,1902.880000,1904.680000,1897.970000,1902.990000,514,6.710000,1.043896,1887.214000,1887.960000,1900.809000,1892.105027,0.877090,45.122750,0,train
AMZN,60,2018-08-16,13:30:00,2018-08-16T13:30:00+00:00,1902.970000,1904.740000,1891.030000,1899.750000,5171,13.710000,-0.170258,1891.264000,1887.136000,1900.947000,1893.495022,0.858788,44.825624,0,train
AMZN,60,2018-08-16,14:30:00,2018-08-16T14:30:00+00:00,1899.730000,1902.520000,1891.780000,1899.470000,3379,10.740000,-0.014739,1894.008000,1890.054000,1900.020500,1894.581382,0.527648,41.315767,1,train
AMZN,60,2018-08-16,15:30:00,2018-08-16T15:30:00+00:00,1899.470000,1902.880000,1898.550000,1901.670000,2718,4.330000,0.115822,1897.442000,1891.022000,1899.722000,1895.870222,0.393009,42.226178,0,train
AMZN,60,2018-08-16,16:30:00,2018-08-16T16:30:00+00:00,1901.690000,1903.220000,1896.370000,1897.410000,2448,6.850000,-0.224014,1900.258000,1891.796000,1899.058500,1896.150181,0.399265,40.874774,0,train
AMZN,60,2018-08-16,17:30:00,2018-08-16T17:30:00+00:00,1897.430000,1898.580000,1888.050000,1888.230000,2568,10.530000,-0.483817,1897.306000,1892.260000,1897.641000,1894.710148,0.418480,41.723907,1,train
AMZN,60,2018-08-16,18:30:00,2018-08-16T18:30:00+00:00,1888.260000,1892.240000,1884.490000,1889.190000,2840,7.750000,0.050841,1895.194000,1893.229000,1896.355000,1893.706485,0.409712,61.435140,0,train
AMZN,60,2018-08-16,19:30:00,2018-08-16T19:30:00+00:00,1889.170000,1889.170000,1883.530000,1884.980000,2564,5.640000,-0.222847,1892.296000,1893.152000,1894.980000,1892.119851,0.405104,44.620107,1,train
AMZN,60,2018-08-16,20:30:00,2018-08-16T20:30:00+00:00,1885.170000,1888.590000,1884.970000,1887.350000,88,3.620000,0.125731,1889.432000,1893.437000,1893.365500,1891.252606,0.406338,48.220859,0,train
AMZN,60,2018-08-17,12:30:00,2018-08-17T12:30:00+00:00,1881.110000,1885.210000,1881.090000,1883.780000,165,4.120000,-0.189154,1886.706000,1893.482000,1891.554000,1889.893950,0.411006,50.151539,0,train
AMZN,60,2018-08-17,13:30:00,2018-08-17T13:30:00+00:00,1883.780000,1887.360000,1855.440000,1859.980000,5793,31.920000,-1.263417,1881.056000,1889.181000,1888.570500,1884.455050,0.409469,38.155340,1,train
AMZN,60,2018-08-17,14:30:00,2018-08-17T14:30:00+00:00,1860.000000,1870.290000,1859.970000,1869.580000,4231,10.320000,0.516135,1877.134000,1886.164000,1886.650000,1881.750496,0.472782,40.571429,1,train
AMZN,60,2018-08-17,15:30:00,2018-08-17T15:30:00+00:00,1869.580000,1878.280000,1868.930000,1874.050000,3227,9.350000,0.239091,1874.948000,1883.622000,1886.838000,1880.350405,0.487955,44.127234,0,train
AMZN,60,2018-08-17,16:30:00,2018-08-17T16:30:00+00:00,1874.070000,1874.240000,1867.620000,1870.120000,2592,6.620000,-0.209706,1871.502000,1880.467000,1885.744500,1878.490332,0.480267,42.799520,1,train
AMZN,60,2018-08-17,17:30:00,2018-08-17T17:30:00+00:00,1870.140000,1881.700000,1869.350000,1880.550000,3646,12.350000,0.557718,1870.856000,1878.781000,1885.288500,1878.864817,0.530763,36.400000,0,train
AMZN,60,2018-08-17,18:30:00,2018-08-17T18:30:00+00:00,1880.480000,1882.580000,1876.990000,1879.410000,3420,5.590000,-0.060621,1874.742000,1877.899000,1885.079500,1878.963941,0.512239,37.350746,1,train
AMZN,60,2018-08-17,19:30:00,2018-08-17T19:30:00+00:00,1879.410000,1882.890000,1878.690000,1881.130000,2283,4.200000,0.091518,1877.052000,1877.093000,1885.161000,1879.357770,0.513251,38.795210,1,train
AMZN,60,2018-08-20,12:30:00,2018-08-20T12:30:00+00:00,1889.140000,1891.000000,1886.970000,1890.290000,376,4.030000,0.486941,1880.300000,1877.624000,1885.388000,1881.345448,0.534052,43.592342,0,train
AMZN,60,2018-08-20,13:30:00,2018-08-20T13:30:00+00:00,1890.290000,1890.870000,1866.050000,1871.710000,4981,24.820000,-0.982918,1880.618000,1876.060000,1884.748500,1879.593548,0.619996,37.538790,1,train
AMZN,60,2018-08-20,14:30:00,2018-08-20T14:30:00+00:00,1871.740000,1879.220000,1869.130000,1878.150000,3353,10.090000,0.344070,1880.138000,1875.497000,1884.489500,1879.331085,0.632506,44.979079,0,train
AMZN,60,2018-08-20,15:30:00,2018-08-20T15:30:00+00:00,1878.140000,1885.050000,1872.540000,1878.070000,2921,12.510000,-0.004260,1879.870000,1877.306000,1883.243500,1879.101797,0.461475,44.412060,1,train
AMZN,60,2018-08-20,16:30:00,2018-08-20T16:30:00+00:00,1878.080000,1880.920000,1876.000000,1878.940000,2239,4.920000,0.046324,1879.432000,1878.242000,1882.203000,1879.072379,0.437443,46.859401,1,train
AMZN,60,2018-08-20,17:30:00,2018-08-20T17:30:00+00:00,1878.930000,1882.720000,1877.400000,1881.460000,2293,5.320000,0.134118,1877.666000,1878.983000,1881.302500,1879.506492,0.433666,46.942166,0,train
AMZN,60,2018-08-20,18:30:00,2018-08-20T18:30:00+00:00,1881.480000,1883.170000,1877.110000,1878.530000,2215,6.060000,-0.155730,1879.030000,1879.824000,1880.145500,1879.328948,0.430533,47.256193,0,train
AMZN,60,2018-08-20,19:30:00,2018-08-20T19:30:00+00:00,1878.270000,1880.430000,1874.980000,1876.000000,1918,5.450000,-0.134680,1878.600000,1879.369000,1879.075000,1878.723685,0.393091,60.766129,0,train
AMZN,60,2018-08-20,20:30:00,2018-08-20T20:30:00+00:00,1875.970000,1876.270000,1874.990000,1875.730000,41,1.280000,-0.014392,1878.132000,1879.001000,1878.450000,1878.179378,0.392878,54.725680,1,train
AMZN,60,2018-08-21,12:30:00,2018-08-21T12:30:00+00:00,1881.010000,1881.500000,1878.970000,1880.340000,227,2.530000,0.245771,1878.412000,1878.922000,1878.007500,1878.572219,0.400646,54.822880,1,train
AMZN,60,2018-08-21,13:30:00,2018-08-21T13:30:00+00:00,1879.000000,1895.300000,1874.210000,1893.170000,4348,21.090000,0.682323,1880.754000,1879.210000,1878.417000,1881.226361,0.430845,65.551208,0,train
AMZN,60,2018-08-21,14:30:00,2018-08-21T14:30:00+00:00,1893.180000,1894.890000,1888.290000,1889.360000,3282,6.600000,-0.201250,1882.920000,1880.975000,1878.517500,1882.705204,0.270557,56.526893,1,train
AMZN,60,2018-08-21,15:30:00,2018-08-21T15:30:00+00:00,1889.340000,1897.560000,1888.610000,1897.000000,2646,8.950000,0.404370,1887.120000,1882.860000,1879.178500,1885.304258,0.277331,61.886741,0,train
AMZN,60,2018-08-21,16:30:00,2018-08-21T16:30:00+00:00,1896.980000,1897.370000,1894.060000,1895.170000,2301,3.310000,-0.096468,1891.008000,1884.570000,1880.938000,1887.098029,0.282674,59.473684,0,train
AMZN,60,2018-08-21,17:30:00,2018-08-21T17:30:00+00:00,1895.160000,1895.800000,1890.310000,1891.110000,1887,5.490000,-0.214229,1893.162000,1885.787000,1882.014500,1887.827479,0.298802,50.594203,0,train
AMZN,60,2018-08-21,18:30:00,2018-08-21T18:30:00+00:00,1891.070000,1891.070000,1879.490000,1884.150000,3195,11.580000,-0.368038,1891.358000,1886.056000,1882.519500,1887.158846,0.326778,60.840014,0,train
AMZN,60,2018-08-21,19:30:00,2018-08-21T19:30:00+00:00,1884.150000,1887.470000,1880.680000,1881.710000,2144,6.790000,-0.129501,1889.828000,1886.374000,1883.099000,1886.168147,0.325359,53.334582,0,train
AMZN,60,2018-08-21,20:30:00,2018-08-21T20:30:00+00:00,1881.710000,1882.120000,1870.000000,1870.490000,137,12.120000,-0.596266,1884.526000,1885.823000,1882.596000,1883.317575,0.377841,44.125852,1,train
AMZN,60,2018-08-22,12:30:00,2018-08-22T12:30:00+00:00,1877.750000,1880.050000,1874.970000,1876.530000,437,5.080000,0.322910,1880.798000,1885.903000,1882.452000,1882.083470,0.393978,48.270914,1,train
AMZN,60,2018-08-22,13:30:00,2018-08-22T13:30:00+00:00,1876.500000,1895.500000,1876.500000,1890.730000,4647,19.000000,0.756716,1880.722000,1886.942000,1882.932000,1883.655566,0.456801,55.696203,1,train
AMZN,60,2018-08-22,14:30:00,2018-08-22T14:30:00+00:00,1890.720000,1899.590000,1890.720000,1899.400000,3198,8.870000,0.458553,1883.772000,1887.565000,1883.387500,1886.518191,0.427238,61.979107,1,train
AMZN,60,2018-08-22,15:30:00,2018-08-22T15:30:00+00:00,1899.360000,1904.140000,1896.550000,1900.010000,3299,7.590000,0.032115,1887.432000,1888.630000,1884.802500,1888.971247,0.419279,64.092030,0,train
AMZN,60,2018-08-22,16:30:00,2018-08-22T16:30:00+00:00,1900.010000,1901.380000,1895.600000,1898.700000,2595,5.780000,-0.068947,1893.074000,1888.800000,1885.830000,1890.740111,0.402073,63.319030,0,train
AMZN,60,2018-08-22,17:30:00,2018-08-22T17:30:00+00:00,1898.580000,1901.240000,1896.800000,1897.670000,2227,4.440000,-0.054248,1897.302000,1889.050000,1886.810000,1892.000091,0.401055,60.483969,1,train
AMZN,60,2018-08-22,18:30:00,2018-08-22T18:30:00+00:00,1897.720000,1901.630000,1895.930000,1900.640000,2455,5.700000,0.156508,1899.284000,1890.003000,1887.895000,1893.570984,0.394708,55.131199,1,train
AMZN,60,2018-08-22,19:30:00,2018-08-22T19:30:00+00:00,1900.660000,1905.800000,1900.660000,1903.790000,2598,5.140000,0.165734,1900.162000,1891.967000,1889.011500,1895.428987,0.366856,60.002773,0,train
AMZN,60,2018-08-22,20:30:00,2018-08-22T20:30:00+00:00,1904.770000,1905.070000,1903.500000,1903.500000,46,1.570000,-0.015233,1900.860000,1894.146000,1890.260000,1896.896444,0.360487,55.016981,1,train
AMZN,60,2018-08-23,12:30:00,2018-08-23T12:30:00+00:00,1906.970000,1907.900000,1903.980000,1904.010000,290,3.920000,0.026793,1901.922000,1897.498000,1891.660500,1898.189817,0.264919,56.965017,1,train
AMZN,60,2018-08-23,13:30:00,2018-08-23T13:30:00+00:00,1904.010000,1918.990000,1903.800000,1918.710000,4574,15.190000,0.772055,1906.130000,1901.716000,1893.809500,1901.920760,0.323743,68.623482,0,train
AMZN,60,2018-08-23,14:30:00,2018-08-23T14:30:00+00:00,1918.700000,1919.390000,1900.690000,1907.760000,4554,18.700000,-0.570696,1907.554000,1903.419000,1895.180500,1902.982440,0.351536,65.117172,1,train
AMZN,60,2018-08-23,15:30:00,2018-08-23T15:30:00+00:00,1907.760000,1911.590000,1901.650000,1911.310000,3001,9.940000,0.186082,1909.058000,1904.610000,1896.087500,1904.496542,0.329700,68.686869,0,train
AMZN,60,2018-08-23,16:30:00,2018-08-23T16:30:00+00:00,1911.330000,1911.850000,1906.470000,1910.270000,2204,5.380000,-0.054413,1910.412000,1905.636000,1897.133000,1905.546261,0.331730,78.817734,1,train
AMZN,60,2018-08-23,17:30:00,2018-08-23T17:30:00+00:00,1910.280000,1912.140000,1907.570000,1911.670000,2248,4.570000,0.073288,1911.944000,1906.933000,1897.866500,1906.659668,0.328893,77.291084,0,train
AMZN,60,2018-08-23,18:30:00,2018-08-23T18:30:00+00:00,1911.660000,1913.190000,1909.170000,1909.950000,2770,4.020000,-0.089974,1910.192000,1908.161000,1898.605500,1907.257910,0.330565,68.516378,0,train
AMZN,60,2018-08-23,19:30:00,2018-08-23T19:30:00+00:00,1909.930000,1910.720000,1901.010000,1903.000000,2500,9.710000,-0.363884,1909.240000,1908.397000,1899.200000,1906.483745,0.354646,53.587086,0,train
AMZN,60,2018-08-23,20:30:00,2018-08-23T20:30:00+00:00,1903.000000,1903.000000,1901.720000,1901.750000,39,1.280000,-0.065686,1907.328000,1908.193000,1900.080000,1905.623064,0.351103,51.711924,1,train
AMZN,60,2018-08-24,12:30:00,2018-08-24T12:30:00+00:00,1908.990000,1911.380000,1908.990000,1910.070000,247,2.390000,0.437492,1907.288000,1908.850000,1901.498000,1906.431598,0.378496,59.830538,1,train
AMZN,60,2018-08-24,13:30:00,2018-08-24T13:30:00+00:00,1910.100000,1914.890000,1907.470000,1914.550000,4035,7.420000,0.234546,1907.864000,1909.904000,1903.701000,1907.907671,0.383656,63.772846,0,train
AMZN,60,2018-08-24,14:30:00,2018-08-24T14:30:00+00:00,1914.710000,1915.780000,1910.300000,1912.420000,3195,5.480000,-0.111253,1908.358000,1909.275000,1905.495500,1908.728094,0.290924,59.745202,0,train
AMZN,60,2018-08-24,15:30:00,2018-08-24T15:30:00+00:00,1912.680000,1914.380000,1910.470000,1910.570000,2622,3.910000,-0.096736,1909.872000,1909.556000,1906.487500,1909.062986,0.224522,55.732161,0,train
AMZN,60,2018-08-24,16:30:00,2018-08-24T16:30:00+00:00,1910.570000,1910.570000,1905.190000,1906.970000,2534,5.380000,-0.188425,1910.916000,1909.122000,1906.866000,1908.682443,0.224038,52.778223,1,train
AMZN,60,2018-08-24,17:30:00,2018-08-24T17:30:00+00:00,1906.970000,1909.000000,1904.020000,1908.280000,2349,4.980000,0.068695,1910.558000,1908.923000,1907.279500,1908.609272,0.225468,53.375494,0,train
AMZN,60,2018-08-24,18:30:00,2018-08-24T18:30:00+00:00,1908.100000,1909.030000,1903.490000,1904.320000,2399,5.540000,-0.207517,1908.512000,1908.188000,1907.560500,1907.829404,0.231326,36.297848,1,train
AMZN,60,2018-08-24,19:30:00,2018-08-24T19:30:00+00:00,1904.320000,1906.280000,1902.570000,1905.380000,1790,3.710000,0.055663,1907.104000,1907.731000,1907.946000,1907.384058,0.232292,47.207884,1,train
AMZN,60,2018-08-27,12:30:00,2018-08-27T12:30:00+00:00,1913.170000,1914.800000,1911.970000,1914.690000,237,2.830000,0.488616,1907.928000,1908.900000,1908.648500,1908.712411,0.249382,53.493179,1,train
AMZN,60,2018-08-27,13:30:00,2018-08-27T13:30:00+00:00,1914.380000,1917.940000,1909.100000,1915.740000,4405,8.840000,0.054839,1909.682000,1910.299000,1909.246000,1909.990155,0.245431,55.651994,1,train
AMZN,60,2018-08-27,14:30:00,2018-08-27T14:30:00+00:00,1915.800000,1920.750000,1915.250000,1917.020000,3539,5.500000,0.066815,1911.430000,1910.994000,1909.922000,1911.268308,0.209764,55.541744,1,train
AMZN,60,2018-08-27,15:30:00,2018-08-27T15:30:00+00:00,1917.050000,1920.270000,1915.630000,1918.190000,2582,4.640000,0.061032,1914.204000,1911.358000,1910.631000,1912.526798,0.198435,58.633697,1,train
AMZN,60,2018-08-27,16:30:00,2018-08-27T16:30:00+00:00,1918.180000,1919.740000,1917.160000,1919.000000,2168,2.580000,0.042227,1916.928000,1912.016000,1910.645500,1913.703744,0.193089,69.240019,1,train
AMZN,60,2018-08-27,17:30:00,2018-08-27T17:30:00+00:00,1918.990000,1920.500000,1918.280000,1919.200000,1892,2.220000,0.010422,1917.830000,1912.879000,1911.217500,1914.703063,0.187899,71.527264,1,train
AMZN,60,2018-08-27,18:30:00,2018-08-27T18:30:00+00:00,1919.370000,1923.660000,1918.970000,1923.540000,2434,4.690000,0.226136,1919.390000,1914.536000,1911.829000,1916.309779,0.175972,68.426813,1,train
AMZN,60,2018-08-27,19:30:00,2018-08-27T19:30:00+00:00,1923.380000,1928.250000,1923.070000,1927.200000,2557,5.180000,0.190274,1921.426000,1916.428000,1912.675500,1918.289819,0.178768,67.702211,1,train
AMZN,60,2018-08-27,20:30:00,2018-08-27T20:30:00+00:00,1927.970000,1929.400000,1927.170000,1928.830000,130,2.230000,0.084579,1923.554000,1918.879000,1913.533500,1920.206216,0.143540,73.289810,1,train
AMZN,60,2018-08-28,12:30:00,2018-08-28T12:30:00+00:00,1935.410000,1938.150000,1934.160000,1937.290000,372,3.990000,0.438608,1927.212000,1922.070000,1914.900500,1923.312358,0.170609,81.931166,0,train
AMZN,60,2018-08-28,13:30:00,2018-08-28T13:30:00+00:00,1937.310000,1940.020000,1928.600000,1934.580000,4659,11.420000,-0.139886,1930.288000,1924.059000,1916.479500,1925.361020,0.153622,83.711844,1,train
AMZN,60,2018-08-28,14:30:00,2018-08-28T14:30:00+00:00,1934.590000,1939.170000,1932.340000,1938.920000,3229,6.830000,0.224338,1933.364000,1926.377000,1918.338000,1927.826289,0.156970,84.834015,0,train
AMZN,60,2018-08-28,15:30:00,2018-08-28T15:30:00+00:00,1939.000000,1939.000000,1933.110000,1933.700000,2569,5.890000,-0.269222,1934.664000,1928.045000,1919.519500,1928.894237,0.199843,82.471264,1,train
AMZN,60,2018-08-28,16:30:00,2018-08-28T16:30:00+00:00,1933.860000,1935.960000,1932.370000,1934.130000,2384,3.590000,0.022237,1935.724000,1929.639000,1920.498500,1929.846194,0.200774,82.223717,1,train
AMZN,60,2018-08-28,17:30:00,2018-08-28T17:30:00+00:00,1934.000000,1941.440000,1933.480000,1939.850000,2383,7.960000,0.295740,1936.236000,1931.724000,1921.870000,1931.665068,0.210812,80.667967,0,train
AMZN,60,2018-08-28,18:30:00,2018-08-28T18:30:00+00:00,1939.850000,1940.650000,1936.200000,1936.970000,2672,4.450000,-0.148465,1936.714000,1933.501000,1923.190000,1932.629601,0.224551,74.772462,0,train
AMZN,60,2018-08-28,19:30:00,2018-08-28T19:30:00+00:00,1936.990000,1937.660000,1930.500000,1931.850000,2079,7.160000,-0.264330,1935.300000,1934.332000,1924.434000,1932.487855,0.244757,65.881345,0,train
AMZN,60,2018-08-28,20:30:00,2018-08-28T20:30:00+00:00,1932.800000,1933.680000,1931.830000,1931.830000,23,1.850000,-0.001035,1934.926000,1934.795000,1925.611500,1932.368245,0.239419,64.975845,1,train
AMZN,60,2018-08-29,12:30:00,2018-08-29T12:30:00+00:00,1953.430000,1956.100000,1952.070000,1952.980000,476,4.030000,1.094817,1938.696000,1937.210000,1928.044500,1936.115837,0.415839,75.789314,1,train
AMZN,60,2018-08-29,13:30:00,2018-08-29T13:30:00+00:00,1953.430000,1963.820000,1948.440000,1963.620000,5456,15.380000,0.544808,1943.450000,1939.843000,1930.956500,1941.116594,0.425963,79.101153,1,train
AMZN,60,2018-08-29,14:30:00,2018-08-29T14:30:00+00:00,1963.600000,1978.080000,1962.060000,1976.760000,4370,16.020000,0.669172,1951.408000,1944.061000,1934.060000,1947.597213,0.444205,81.261748,1,train
AMZN,60,2018-08-29,15:30:00,2018-08-29T15:30:00+00:00,1976.880000,1983.640000,1971.510000,1982.330000,4171,12.130000,0.281774,1961.504000,1948.402000,1937.389500,1953.912265,0.444684,81.672986,1,train
AMZN,60,2018-08-29,16:30:00,2018-08-29T16:30:00+00:00,1982.330000,1989.930000,1977.990000,1987.730000,3907,11.940000,0.272407,1972.684000,1953.805000,1940.925000,1960.060944,0.409743,82.433921,1,train
AMZN,60,2018-08-29,17:30:00,2018-08-29T17:30:00+00:00,1987.500000,1997.160000,1986.990000,1990.440000,4273,10.170000,0.136336,1980.176000,1959.436000,1944.537500,1965.584409,0.403409,81.246326,1,train
AMZN,60,2018-08-29,18:30:00,2018-08-29T18:30:00+00:00,1990.410000,1996.770000,1987.450000,1994.210000,4353,9.320000,0.189405,1986.294000,1964.872000,1948.298000,1970.789062,0.404586,84.624318,1,train
AMZN,60,2018-08-29,19:30:00,2018-08-29T19:30:00+00:00,1994.040000,1998.490000,1990.520000,1998.000000,3200,7.970000,0.190050,1990.542000,1970.975000,1952.238000,1975.736505,0.378294,84.525479,1,train
AMZN,60,2018-08-29,20:30:00,2018-08-29T20:30:00+00:00,1998.000000,1998.890000,1997.670000,1998.500000,91,1.220000,0.025025,1993.776000,1977.640000,1955.986000,1979.875322,0.338323,90.079169,0,train
AMZN,60,2018-08-30,12:30:00,2018-08-30T12:30:00+00:00,1998.870000,1999.280000,1990.880000,1997.300000,568,8.400000,-0.060045,1995.690000,1984.187000,1959.491000,1983.043446,0.345379,88.702365,1,train
AMZN,60,2018-08-30,13:30:00,2018-08-30T13:30:00+00:00,1997.290000,2010.930000,1987.200000,2010.160000,6883,23.730000,0.643869,1999.634000,1989.905000,1963.557500,1987.973728,0.251829,89.611268,1,train
AMZN,60,2018-08-30,14:30:00,2018-08-30T14:30:00+00:00,2010.170000,2025.370000,2007.370000,2013.000000,6229,18.000000,0.141282,2003.392000,1994.843000,1967.343000,1992.523959,0.238301,92.853117,1,train
AMZN,60,2018-08-30,15:30:00,2018-08-30T15:30:00+00:00,2012.980000,2021.800000,2009.250000,2020.550000,4275,12.550000,0.375062,2007.902000,1999.222000,1971.641500,1997.619603,0.194862,98.661400,1,train
AMZN,60,2018-08-30,16:30:00,2018-08-30T16:30:00+00:00,2020.550000,2024.650000,2018.150000,2021.460000,4417,6.500000,0.045037,2012.494000,2003.135000,1975.768500,2001.954221,0.200749,98.696077,0,train
AMZN,60,2018-08-30,17:30:00,2018-08-30T17:30:00+00:00,2021.470000,2021.480000,2001.160000,2004.810000,5177,20.320000,-0.823662,2013.996000,2004.843000,1979.324000,2002.473453,0.376548,79.606992,0,train
AMZN,60,2018-08-30,18:30:00,2018-08-30T18:30:00+00:00,2004.810000,2010.260000,1990.270000,2002.460000,5651,19.990000,-0.117218,2012.456000,2006.045000,1982.740500,2002.471007,0.381306,74.507824,1,train
AMZN,60,2018-08-30,19:30:00,2018-08-30T19:30:00+00:00,2002.440000,2004.000000,1998.580000,2003.250000,2781,5.420000,0.039451,2010.506000,2006.949000,1985.910500,2002.612642,0.378629,69.801166,0,train
AMZN,60,2018-08-30,20:30:00,2018-08-30T20:30:00+00:00,2003.750000,2003.890000,2002.980000,2003.010000,78,0.910000,-0.011981,2006.998000,2007.450000,1989.212500,2002.684889,0.375459,66.796621,1,train
AMZN,60,2018-08-31,12:30:00,2018-08-31T12:30:00+00:00,2008.000000,2010.750000,2004.970000,2005.980000,400,5.780000,0.148277,2003.902000,2008.198000,1992.919000,2003.284000,0.377452,65.432099,1,train
AMZN,60,2018-08-31,13:30:00,2018-08-31T13:30:00+00:00,2004.500000,2021.980000,2004.500000,2015.970000,5004,17.480000,0.498011,2006.134000,2010.065000,1997.126000,2005.590546,0.401813,69.221503,0,train
AMZN,60,2018-08-31,14:30:00,2018-08-31T14:30:00+00:00,2015.980000,2021.330000,2008.970000,2009.140000,3685,12.360000,-0.338795,2007.470000,2009.963000,1999.934000,2006.235901,0.371350,60.745646,1,train
AMZN,60,2018-08-31,15:30:00,2018-08-31T15:30:00+00:00,2009.180000,2013.740000,2007.720000,2011.920000,2976,6.020000,0.138368,2009.204000,2009.855000,2002.349000,2007.269374,0.371224,60.166521,0,train
AMZN,60,2018-08-31,16:30:00,2018-08-31T16:30:00+00:00,2011.910000,2013.930000,2008.630000,2009.690000,2211,5.300000,-0.110839,2010.540000,2008.769000,2003.995500,2007.709487,0.346996,57.971221,0,train
AMZN,60,2018-08-31,17:30:00,2018-08-31T17:30:00+00:00,2009.700000,2010.860000,2004.740000,2006.240000,2684,6.120000,-0.171668,2010.592000,2007.247000,2005.191000,2007.442308,0.346937,56.170624,1,train
AMZN,60,2018-08-31,18:30:00,2018-08-31T18:30:00+00:00,2006.240000,2012.800000,2004.970000,2007.170000,3421,7.830000,0.046355,2008.832000,2007.483000,2006.163000,2007.392797,0.226528,47.529334,1,train
AMZN,60,2018-08-31,19:30:00,2018-08-31T19:30:00+00:00,2007.180000,2013.990000,2007.180000,2013.560000,2825,6.810000,0.318359,2009.716000,2008.593000,2007.319000,2008.514107,0.240375,50.437090,1,train
AMZN,60,2018-09-04,12:30:00,2018-09-04T12:30:00+00:00,2022.990000,2025.120000,2019.970000,2024.430000,406,5.150000,0.539840,2012.218000,2010.711000,2008.830000,2011.407906,0.284655,52.879193,1,train
AMZN,60,2018-09-04,13:30:00,2018-09-04T13:30:00+00:00,2026.470000,2034.130000,2012.970000,2032.000000,6497,21.160000,0.373932,2016.680000,2013.610000,2010.530000,2015.151923,0.292982,57.117774,1,train
AMZN,60,2018-09-04,14:30:00,2018-09-04T14:30:00+00:00,2032.050000,2049.510000,2028.970000,2047.080000,5293,20.540000,0.742126,2024.848000,2017.720000,2012.959000,2020.957028,0.348776,79.163792,0,train
AMZN,60,2018-09-04,15:30:00,2018-09-04T15:30:00+00:00,2047.080000,2050.170000,2023.320000,2030.280000,5078,26.850000,-0.820681,2029.470000,2019.151000,2014.608000,2022.652114,0.457444,66.003221,1,train
AMZN,60,2018-09-04,16:30:00,2018-09-04T16:30:00+00:00,2030.300000,2044.000000,2029.150000,2039.900000,3740,14.850000,0.473826,2034.738000,2022.227000,2016.095000,2025.788093,0.448511,69.138381,1,train
AMZN,60,2018-09-04,17:30:00,2018-09-04T17:30:00+00:00,2039.900000,2042.190000,2032.760000,2040.160000,3200,9.430000,0.012746,2037.884000,2025.051000,2017.453000,2028.401167,0.450719,69.395427,1,train
AMZN,60,2018-09-04,18:30:00,2018-09-04T18:30:00+00:00,2040.130000,2043.840000,2039.110000,2041.800000,3488,4.730000,0.080386,2039.844000,2028.262000,2018.515500,2030.837318,0.442864,68.964422,0,train
AMZN,60,2018-09-04,19:30:00,2018-09-04T19:30:00+00:00,2041.810000,2042.440000,2036.980000,2038.480000,2714,5.460000,-0.162602,2038.124000,2031.486000,2019.366500,2032.226897,0.442119,62.823288,0,train
AMZN,60,2018-09-04,20:30:00,2018-09-04T20:30:00+00:00,2038.500000,2040.290000,2038.040000,2038.050000,83,2.250000,-0.021094,2039.678000,2034.574000,2021.028500,2033.285643,0.444560,67.764532,1,train
AMZN,60,2018-09-05,12:30:00,2018-09-05T12:30:00+00:00,2035.980000,2040.610000,2034.970000,2040.230000,366,5.640000,0.106965,2039.744000,2037.241000,2022.917000,2034.548253,0.440871,67.525071,0,train
AMZN,60,2018-09-05,13:30:00,2018-09-05T13:30:00+00:00,2039.500000,2039.500000,1999.520000,2006.950000,8763,39.980000,-1.631189,2033.102000,2035.493000,2023.102000,2029.530389,0.684984,48.774817,0,train
AMZN,60,2018-09-05,14:30:00,2018-09-05T14:30:00+00:00,2006.980000,2013.130000,1993.200000,1999.380000,7401,19.930000,-0.377189,2024.618000,2032.231000,2022.920500,2024.048500,0.670144,47.041573,1,train
AMZN,60,2018-09-05,15:30:00,2018-09-05T15:30:00+00:00,1999.290000,2012.240000,1998.300000,2009.000000,5407,13.940000,0.481149,2018.722000,2028.423000,2023.071500,2021.312409,0.635298,50.734173,0,train
AMZN,60,2018-09-05,16:30:00,2018-09-05T16:30:00+00:00,2009.000000,2014.000000,2001.720000,2008.000000,4711,12.280000,-0.049776,2012.712000,2026.195000,2022.673000,2018.891971,0.595201,47.668568,0,train
AMZN,60,2018-09-05,17:30:00,2018-09-05T17:30:00+00:00,2008.020000,2010.260000,1999.970000,2001.250000,4717,10.290000,-0.336155,2004.916000,2022.330000,2022.278500,2015.684340,0.561270,39.932245,0,train
AMZN,60,2018-09-05,18:30:00,2018-09-05T18:30:00+00:00,2001.240000,2004.040000,1990.150000,1992.340000,5906,13.890000,-0.445222,2001.994000,2017.548000,2021.299500,2011.439915,0.561602,32.972694,1,train
AMZN,60,2018-09-05,19:30:00,2018-09-05T19:30:00+00:00,1992.280000,1997.340000,1989.760000,1995.220000,3831,7.580000,0.144554,2001.162000,2012.890000,2020.576000,2008.490839,0.565961,25.129484,1,train
AMZN,60,2018-09-05,20:30:00,2018-09-05T20:30:00+00:00,1996.110000,1997.500000,1995.220000,1997.000000,69,2.280000,0.089213,1998.762000,2008.742000,2020.114000,2006.401596,0.574780,31.353653,1,train
AMZN,60,2018-09-06,12:30:00,2018-09-06T12:30:00+00:00,2010.010000,2010.100000,2005.020000,2006.000000,358,5.080000,0.450676,1998.362000,2005.537000,2020.055500,2006.328578,0.609747,30.873392,0,train
AMZN,60,2018-09-06,13:30:00,2018-09-06T13:30:00+00:00,2005.980000,2006.460000,1972.450000,1980.120000,7944,34.010000,-1.290130,1994.136000,1999.526000,2018.383500,2001.563382,0.696506,23.721989,0,train
AMZN,60,2018-09-06,14:30:00,2018-09-06T14:30:00+00:00,1980.130000,1980.240000,1954.310000,1963.580000,7448,25.930000,-0.835303,1988.384000,1995.189000,2015.341000,1994.657313,0.558918,19.715038,0,train
AMZN,60,2018-09-06,15:30:00,2018-09-06T15:30:00+00:00,1963.580000,1965.880000,1951.980000,1953.580000,5798,13.900000,-0.509274,1980.056000,1990.609000,2011.420000,1987.188710,0.564660,18.745398,0,train
AMZN,60,2018-09-06,16:30:00,2018-09-06T16:30:00+00:00,1953.500000,1954.030000,1935.170000,1945.330000,6360,18.860000,-0.422302,1969.722000,1984.242000,2006.332500,1979.578036,0.507625,17.724868,1,train
AMZN,60,2018-09-06,17:30:00,2018-09-06T17:30:00+00:00,1945.310000,1956.000000,1944.170000,1950.990000,5185,11.830000,0.290953,1958.720000,1978.541000,2002.368000,1974.380211,0.538314,19.671017,1,train
AMZN,60,2018-09-06,18:30:00,2018-09-06T18:30:00+00:00,1950.970000,1964.330000,1948.650000,1962.450000,5017,15.680000,0.587394,1955.186000,1974.661000,1998.495500,1972.211082,0.604023,32.242618,0,train
AMZN,60,2018-09-06,19:30:00,2018-09-06T19:30:00+00:00,1962.570000,1963.680000,1956.000000,1956.080000,3074,7.680000,-0.324594,1953.686000,1971.035000,1994.291500,1969.278158,0.599636,32.554392,0,train
AMZN,60,2018-09-06,20:30:00,2018-09-06T20:30:00+00:00,1956.070000,1956.470000,1954.220000,1954.500000,124,2.250000,-0.080774,1953.870000,1966.963000,1989.926500,1966.591220,0.590165,26.520765,0,train
AMZN,60,2018-09-07,12:30:00,2018-09-07T12:30:00+00:00,1944.970000,1946.970000,1934.970000,1937.710000,922,12.000000,-0.859043,1952.346000,1961.034000,1984.888000,1961.340089,0.613465,23.344710,1,train
AMZN,60,2018-09-07,13:30:00,2018-09-07T13:30:00+00:00,1937.720000,1967.000000,1937.120000,1958.740000,6893,29.880000,1.085302,1953.896000,1956.308000,1980.922500,1960.867346,0.722754,35.454732,1,train
AMZN,60,2018-09-07,14:30:00,2018-09-07T14:30:00+00:00,1958.330000,1974.050000,1957.740000,1973.090000,6158,16.310000,0.732614,1956.024000,1955.605000,1977.565500,1963.089646,0.676456,43.649799,0,train
AMZN,60,2018-09-07,15:30:00,2018-09-07T15:30:00+00:00,1973.280000,1975.030000,1956.000000,1958.280000,5332,19.030000,-0.750599,1956.464000,1955.075000,1975.132000,1962.215165,0.665746,38.703364,1,train
AMZN,60,2018-09-07,16:30:00,2018-09-07T16:30:00+00:00,1958.280000,1965.600000,1953.270000,1959.190000,4238,12.330000,0.046469,1957.402000,1955.636000,1973.122500,1961.665135,0.643661,38.375453,1,train
AMZN,60,2018-09-07,17:30:00,2018-09-07T17:30:00+00:00,1959.180000,1960.790000,1953.280000,1960.560000,3477,7.510000,0.069927,1961.972000,1957.159000,1970.700500,1961.464202,0.623695,35.341935,0,train
AMZN,60,2018-09-07,18:30:00,2018-09-07T18:30:00+00:00,1960.570000,1961.010000,1955.570000,1957.410000,4446,5.440000,-0.160668,1961.706000,1957.801000,1968.171000,1960.727074,0.623054,41.415287,0,train
AMZN,60,2018-09-07,19:30:00,2018-09-07T19:30:00+00:00,1957.380000,1958.730000,1951.970000,1952.200000,2949,6.760000,-0.266168,1957.528000,1956.776000,1965.718500,1959.176697,0.596824,45.295188,1,train
AMZN,60,2018-09-10,12:30:00,2018-09-10T12:30:00+00:00,1968.000000,1970.590000,1967.070000,1970.000000,373,3.520000,0.911792,1959.872000,1958.168000,1964.601500,1961.144570,0.658655,56.377194,0,train
AMZN,60,2018-09-10,13:30:00,2018-09-10T13:30:00+00:00,1970.000000,1972.520000,1931.570000,1937.800000,6629,40.950000,-1.634518,1955.594000,1956.498000,1961.730500,1956.900103,0.853401,47.534220,1,train
AMZN,60,2018-09-10,14:30:00,2018-09-10T14:30:00+00:00,1937.820000,1949.830000,1933.080000,1948.600000,5158,16.750000,0.557333,1953.202000,1957.587000,1959.310500,1955.390993,0.827336,49.242856,0,train
AMZN,60,2018-09-10,15:30:00,2018-09-10T15:30:00+00:00,1948.610000,1948.840000,1937.080000,1937.600000,3682,11.760000,-0.564508,1949.240000,1955.473000,1955.890500,1952.156267,0.761878,42.104594,0,train
AMZN,60,2018-09-10,16:30:00,2018-09-10T16:30:00+00:00,1937.630000,1940.940000,1931.970000,1937.500000,3973,8.970000,-0.005161,1946.300000,1951.914000,1953.759500,1949.491491,0.705285,43.851754,1,train
AMZN,60,2018-09-10,17:30:00,2018-09-10T17:30:00+00:00,1937.490000,1939.700000,1935.030000,1938.130000,3437,4.670000,0.032516,1939.926000,1949.899000,1952.487000,1947.425766,0.677781,44.548785,1,train
AMZN,60,2018-09-10,18:30:00,2018-09-10T18:30:00+00:00,1938.160000,1942.800000,1935.850000,1939.150000,3331,6.950000,0.052628,1940.196000,1947.895000,1951.765500,1945.921081,0.677933,50.535794,0,train
AMZN,60,2018-09-10,19:30:00,2018-09-10T19:30:00+00:00,1939.150000,1941.470000,1936.470000,1938.390000,2626,5.000000,-0.039192,1938.154000,1945.678000,1951.418500,1944.551794,0.675756,41.083165,1,train
AMZN,60,2018-09-10,20:30:00,2018-09-10T20:30:00+00:00,1939.490000,1940.000000,1938.400000,1939.390000,92,1.600000,0.051589,1938.512000,1943.876000,1950.838500,1943.613286,0.677375,33.277094,0,train
AMZN,60,2018-09-11,12:30:00,2018-09-11T12:30:00+00:00,1931.980000,1932.010000,1924.320000,1925.550000,419,7.690000,-0.713626,1936.122000,1941.211000,1948.993500,1940.329052,0.704514,33.600561,1,train
AMZN,60,2018-09-11,13:30:00,2018-09-11T13:30:00+00:00,1925.550000,1956.860000,1916.520000,1951.220000,6852,40.340000,1.333126,1938.740000,1939.333000,1948.750500,1942.309224,0.782377,46.800482,1,train
AMZN,60,2018-09-11,14:30:00,2018-09-11T14:30:00+00:00,1951.240000,1965.060000,1941.020000,1963.300000,5287,24.040000,0.619100,1943.570000,1941.883000,1949.190500,1946.125729,0.589903,51.012864,1,train
AMZN,60,2018-09-11,15:30:00,2018-09-11T15:30:00+00:00,1963.300000,1973.470000,1962.700000,1967.750000,4984,10.770000,0.226659,1949.442000,1943.798000,1950.692500,1950.057415,0.572445,53.785882,0,train
AMZN,60,2018-09-11,16:30:00,2018-09-11T16:30:00+00:00,1967.720000,1970.740000,1963.540000,1963.540000,4007,7.200000,-0.213950,1954.272000,1946.392000,1950.932500,1952.508794,0.536907,54.182650,1,train
AMZN,60,2018-09-11,17:30:00,2018-09-11T17:30:00+00:00,1964.040000,1978.230000,1961.990000,1977.190000,3808,16.240000,0.695173,1964.600000,1950.361000,1951.137500,1956.996286,0.561784,52.735713,1,train
AMZN,60,2018-09-11,18:30:00,2018-09-11T18:30:00+00:00,1977.170000,1981.600000,1974.060000,1981.030000,4107,7.540000,0.194215,1970.562000,1954.651000,1952.275000,1961.366052,0.558605,70.975255,1,train
AMZN,60,2018-09-11,19:30:00,2018-09-11T19:30:00+00:00,1981.020000,1988.530000,1979.970000,1986.010000,3599,8.560000,0.251384,1975.104000,1959.337000,1953.616000,1965.846770,0.555492,69.237890,1,train
AMZN,60,2018-09-11,20:30:00,2018-09-11T20:30:00+00:00,1986.000000,1986.600000,1985.870000,1986.490000,63,0.730000,0.024169,1978.852000,1964.147000,1954.912500,1969.600084,0.552300,78.191673,1,train
AMZN,60,2018-09-12,12:30:00,2018-09-12T12:30:00+00:00,1993.000000,1994.000000,1985.000000,1992.910000,575,9.000000,0.323183,1984.726000,1969.499000,1956.687500,1973.838251,0.548299,79.780716,0,train
AMZN,60,2018-09-12,13:30:00,2018-09-12T13:30:00+00:00,1994.000000,1999.460000,1967.360000,1971.500000,6961,32.100000,-1.074308,1983.588000,1974.094000,1957.652500,1973.413114,0.626734,64.660399,1,train
AMZN,60,2018-09-12,14:30:00,2018-09-12T14:30:00+00:00,1971.880000,1992.810000,1962.250000,1988.130000,5743,30.560000,0.843520,1985.008000,1977.785000,1958.559000,1976.088912,0.545530,68.922887,0,train
AMZN,60,2018-09-12,15:30:00,2018-09-12T15:30:00+00:00,1988.120000,1991.920000,1973.100000,1984.230000,3571,18.820000,-0.196164,1984.652000,1979.878000,1960.880500,1977.569110,0.534913,67.290284,0,train
AMZN,60,2018-09-12,16:30:00,2018-09-12T16:30:00+00:00,1984.260000,1987.210000,1979.280000,1982.910000,2908,7.930000,-0.066525,1983.936000,1981.394000,1962.596000,1978.540181,0.535683,66.375677,0,train
AMZN,60,2018-09-12,17:30:00,2018-09-12T17:30:00+00:00,1982.930000,1984.250000,1976.620000,1979.000000,2805,7.630000,-0.197185,1981.154000,1982.940000,1964.666000,1978.623784,0.534693,71.736478,1,train
AMZN,60,2018-09-12,18:30:00,2018-09-12T18:30:00+00:00,1979.000000,1987.090000,1977.000000,1986.290000,3640,10.090000,0.368368,1984.112000,1983.850000,1967.105500,1980.017642,0.501879,66.768672,1,train
AMZN,60,2018-09-12,19:30:00,2018-09-12T19:30:00+00:00,1986.290000,1991.330000,1986.150000,1989.970000,2672,5.180000,0.185270,1984.480000,1984.744000,1969.697500,1981.827161,0.501595,63.866071,1,train
AMZN,60,2018-09-12,20:30:00,2018-09-12T20:30:00+00:00,1990.220000,1990.420000,1989.970000,1989.980000,42,0.450000,0.000503,1985.630000,1985.141000,1972.239000,1983.309496,0.496438,62.117083,1,train
AMZN,60,2018-09-13,12:30:00,2018-09-13T12:30:00+00:00,1991.000000,1999.700000,1990.970000,1999.690000,397,8.730000,0.487945,1988.986000,1986.461000,1975.304000,1986.287769,0.517955,68.589941,0,train
AMZN,60,2018-09-13,13:30:00,2018-09-13T13:30:00+00:00,1999.880000,2008.570000,1992.270000,1995.690000,6231,16.300000,-0.200031,1992.324000,1986.739000,1978.119000,1987.997266,0.515675,60.561772,1,train
AMZN,60,2018-09-13,14:30:00,2018-09-13T14:30:00+00:00,1995.690000,2000.000000,1990.300000,1996.320000,4591,9.700000,0.031568,1994.330000,1989.221000,1981.657500,1989.510490,0.347109,59.061278,0,train
AMZN,60,2018-09-13,15:30:00,2018-09-13T15:30:00+00:00,1996.310000,2000.220000,1993.870000,1994.110000,3441,6.350000,-0.110704,1995.158000,1989.819000,1983.802000,1990.346765,0.243579,54.963235,0,train
AMZN,60,2018-09-13,16:30:00,2018-09-13T16:30:00+00:00,1993.990000,1996.000000,1981.870000,1988.190000,3440,14.130000,-0.296874,1994.800000,1990.215000,1985.046500,1989.954626,0.255761,50.976563,0,train
AMZN,60,2018-09-13,17:30:00,2018-09-13T17:30:00+00:00,1988.210000,1992.010000,1983.050000,1986.490000,3335,8.960000,-0.085505,1992.160000,1990.573000,1985.983500,1989.324694,0.256545,46.100583,1,train
AMZN,60,2018-09-13,18:30:00,2018-09-13T18:30:00+00:00,1986.500000,1990.000000,1984.270000,1986.720000,3731,5.730000,0.011578,1990.366000,1991.345000,1987.142500,1988.851113,0.245307,62.446843,1,train
AMZN,60,2018-09-13,19:30:00,2018-09-13T19:30:00+00:00,1986.710000,1989.790000,1984.240000,1989.050000,2420,5.550000,0.117279,1988.912000,1991.621000,1987.735500,1988.887274,0.219349,50.982067,0,test
AMZN,60,2018-09-13,20:30:00,2018-09-13T20:30:00+00:00,1989.640000,1989.640000,1988.970000,1989.000000,31,0.670000,-0.002514,1987.890000,1991.524000,1988.134000,1988.907770,0.210944,55.547802,1,test
AMZN,60,2018-09-14,12:30:00,2018-09-14T12:30:00+00:00,1994.970000,1995.480000,1990.500000,1990.500000,125,4.980000,0.075415,1988.352000,1991.576000,1988.358500,1989.197266,0.212473,58.790827,0,test
AMZN,60,2018-09-14,13:30:00,2018-09-14T13:30:00+00:00,1990.740000,1993.230000,1970.470000,1978.290000,5968,22.760000,-0.613414,1986.712000,1989.436000,1987.948500,1987.214127,0.218427,49.310278,0,test
AMZN,60,2018-09-14,14:30:00,2018-09-14T14:30:00+00:00,1978.310000,1981.950000,1972.110000,1975.850000,4312,9.840000,-0.123339,1984.538000,1987.452000,1987.095500,1985.147922,0.216144,38.803089,0,test
AMZN,60,2018-09-14,15:30:00,2018-09-14T15:30:00+00:00,1975.850000,1977.900000,1961.770000,1965.230000,4702,16.130000,-0.537490,1979.774000,1984.343000,1986.782000,1981.526482,0.250015,26.904406,1,test
AMZN,60,2018-09-14,16:30:00,2018-09-14T16:30:00+00:00,1965.240000,1969.510000,1959.080000,1965.810000,3596,10.430000,0.029513,1975.136000,1981.513000,1985.666000,1978.668940,0.256714,27.674118,1,test
AMZN,60,2018-09-14,17:30:00,2018-09-14T17:30:00+00:00,1965.830000,1968.260000,1962.980000,1966.690000,3316,5.280000,0.044765,1970.374000,1979.363000,1984.789000,1976.490951,0.256625,13.576159,1,test
AMZN,60,2018-09-14,18:30:00,2018-09-14T18:30:00+00:00,1966.650000,1972.120000,1965.270000,1968.060000,4033,6.850000,0.069660,1968.328000,1977.520000,1984.046500,1974.958050,0.262779,17.623623,1,test
AMZN,60,2018-09-14,19:30:00,2018-09-14T19:30:00+00:00,1968.060000,1970.730000,1966.990000,1968.190000,3068,3.740000,0.006605,1966.796000,1975.667000,1983.506000,1973.727496,0.262564,16.646905,0,test
AMZN,60,2018-09-17,12:30:00,2018-09-17T12:30:00+00:00,1956.970000,1957.800000,1952.570000,1952.590000,317,5.230000,-0.792606,1964.268000,1972.021000,1981.821000,1969.884315,0.330364,12.634989,0,test
AMZN,60,2018-09-17,13:30:00,2018-09-17T13:30:00+00:00,1955.180000,1956.190000,1887.320000,1918.410000,8904,68.870000,-1.750495,1954.788000,1964.962000,1978.243000,1960.525348,0.586562,8.375089,1,test
AMZN,60,2018-09-17,14:30:00,2018-09-17T14:30:00+00:00,1917.520000,1929.610000,1905.150000,1921.240000,6070,24.460000,0.147518,1945.698000,1958.036000,1974.806000,1953.382558,0.592906,11.595056,1,test
AMZN,60,2018-09-17,15:30:00,2018-09-17T15:30:00+00:00,1921.210000,1932.440000,1920.510000,1929.540000,4818,11.930000,0.432013,1937.994000,1953.161000,1971.298500,1949.047547,0.632520,19.264674,0,test
AMZN,60,2018-09-17,16:30:00,2018-09-17T16:30:00+00:00,1930.070000,1930.630000,1917.970000,1920.080000,4457,12.660000,-0.490272,1928.372000,1947.584000,1967.518000,1943.780721,0.635162,15.566650,1,test
AMZN,60,2018-09-17,17:30:00,2018-09-17T17:30:00+00:00,1920.150000,1929.990000,1915.080000,1922.470000,4493,14.910000,0.124474,1922.348000,1943.308000,1963.825500,1939.906044,0.640292,17.543175,0,test
AMZN,60,2018-09-17,18:30:00,2018-09-17T18:30:00+00:00,1922.460000,1925.530000,1906.540000,1909.760000,4863,18.990000,-0.661129,1920.618000,1937.703000,1959.608000,1934.424945,0.647845,14.494283,0,test
AMZN,60,2018-09-17,19:30:00,2018-09-17T19:30:00+00:00,1909.780000,1910.570000,1904.610000,1908.480000,3544,5.960000,-0.067024,1918.066000,1931.882000,1955.622500,1929.707682,0.642427,16.035808,0,test
AMZN,60,2018-09-17,20:30:00,2018-09-17T20:30:00+00:00,1908.500000,1909.070000,1908.070000,1908.070000,93,1.000000,-0.021483,1913.772000,1925.883000,1951.701500,1925.773558,0.637255,16.358944,1,test
AMZN,60,2018-09-18,12:30:00,2018-09-18T12:30:00+00:00,1921.100000,1926.500000,1915.970000,1916.980000,577,10.530000,0.466964,1913.152000,1920.762000,1948.214500,1924.174730,0.677786,25.638695,1,test
AMZN,60,2018-09-18,13:30:00,2018-09-18T13:30:00+00:00,1917.740000,1949.550000,1915.970000,1945.000000,6817,33.580000,1.461674,1917.658000,1920.003000,1946.012000,1927.961142,0.837475,41.772752,1,test
AMZN,60,2018-09-18,14:30:00,2018-09-18T14:30:00+00:00,1945.000000,1957.460000,1941.970000,1956.580000,5440,15.490000,0.595373,1927.022000,1923.820000,1944.391000,1933.164571,0.598151,46.314792,0,test
AMZN,60,2018-09-18,15:30:00,2018-09-18T15:30:00+00:00,1956.580000,1957.840000,1948.240000,1948.250000,4505,9.600000,-0.425743,1934.976000,1926.521000,1942.278500,1935.907376,0.630223,43.127732,0,test
AMZN,60,2018-09-18,16:30:00,2018-09-18T16:30:00+00:00,1948.240000,1951.000000,1932.790000,1934.420000,3836,18.210000,-0.709868,1940.246000,1927.009000,1940.085000,1935.636944,0.673683,39.301780,1,test
AMZN,60,2018-09-18,17:30:00,2018-09-18T17:30:00+00:00,1934.430000,1942.410000,1928.880000,1941.300000,3558,13.530000,0.355662,1945.110000,1929.131000,1938.357500,1936.666591,0.654304,46.214204,1,test
AMZN,60,2018-09-18,18:30:00,2018-09-18T18:30:00+00:00,1941.270000,1943.970000,1936.190000,1943.080000,3514,7.780000,0.091691,1944.726000,1931.192000,1937.250000,1937.832665,0.654316,60.568932,0,test
AMZN,60,2018-09-18,19:30:00,2018-09-18T19:30:00+00:00,1943.060000,1943.510000,1938.000000,1941.000000,2606,5.510000,-0.107047,1941.610000,1934.316000,1936.009500,1938.408544,0.603368,58.520179,0,test
AMZN,60,2018-09-18,20:30:00,2018-09-18T20:30:00+00:00,1940.980000,1941.270000,1939.470000,1939.500000,55,1.800000,-0.077280,1939.860000,1937.418000,1934.650000,1938.606991,0.603813,54.562111,0,test
AMZN,60,2018-09-19,12:30:00,2018-09-19T12:30:00+00:00,1935.000000,1941.880000,1934.990000,1937.240000,227,6.890000,-0.116525,1940.424000,1940.335000,1933.109000,1938.358447,0.607774,58.415065,0,test
AMZN,60,2018-09-19,13:30:00,2018-09-19T13:30:00+00:00,1941.250000,1941.250000,1904.210000,1911.460000,7049,37.040000,-1.330759,1934.456000,1939.783000,1930.272500,1933.467820,0.753219,45.608297,1,test
AMZN,60,2018-09-19,14:30:00,2018-09-19T14:30:00+00:00,1911.440000,1925.310000,1906.230000,1917.320000,5447,19.080000,0.306572,1929.304000,1937.015000,1928.509000,1930.531853,0.564644,53.189873,0,test
AMZN,60,2018-09-19,15:30:00,2018-09-19T15:30:00+00:00,1917.790000,1921.520000,1911.110000,1912.600000,4660,10.410000,-0.246177,1923.624000,1932.617000,1928.218500,1927.271516,0.501782,51.689355,0,test
AMZN,60,2018-09-19,16:30:00,2018-09-19T16:30:00+00:00,1912.600000,1915.640000,1908.120000,1912.000000,4681,7.520000,-0.031371,1918.124000,1928.992000,1927.756500,1924.494877,0.499829,51.608941,1,test
AMZN,60,2018-09-19,17:30:00,2018-09-19T17:30:00+00:00,1912.100000,1920.180000,1910.470000,1917.990000,4044,9.710000,0.313285,1914.274000,1927.349000,1927.179000,1923.312172,0.485302,50.423622,1,test
AMZN,60,2018-09-19,18:30:00,2018-09-19T18:30:00+00:00,1917.970000,1922.120000,1912.490000,1921.200000,5217,9.630000,0.167363,1916.222000,1925.339000,1927.235000,1922.928141,0.469743,37.394068,1,test
AMZN,60,2018-09-19,19:30:00,2018-09-19T19:30:00+00:00,1921.170000,1930.420000,1919.170000,1925.530000,3691,11.250000,0.225380,1917.864000,1923.584000,1927.388000,1923.401206,0.477735,32.185886,0,test
AMZN,60,2018-09-19,20:30:00,2018-09-19T20:30:00+00:00,1926.070000,1926.270000,1924.970000,1924.970000,78,1.300000,-0.029083,1920.338000,1921.981000,1928.148500,1923.686441,0.478055,35.336357,1,test
AMZN,60,2018-09-20,12:30:00,2018-09-20T12:30:00+00:00,1936.980000,1944.500000,1936.980000,1941.350000,481,7.520000,0.850922,1926.208000,1922.166000,1929.792000,1926.897997,0.561816,54.229220,0,test
AMZN,60,2018-09-20,13:30:00,2018-09-20T13:30:00+00:00,1941.900000,1947.840000,1932.230000,1941.240000,6369,15.610000,-0.005666,1930.858000,1922.566000,1931.450500,1929.505634,0.560112,49.960085,1,test
AMZN,60,2018-09-20,14:30:00,2018-09-20T14:30:00+00:00,1941.260000,1950.110000,1939.990000,1948.090000,4638,10.120000,0.352867,1936.236000,1926.229000,1933.006000,1932.884610,0.301742,53.122273,0,test
AMZN,60,2018-09-20,15:30:00,2018-09-20T15:30:00+00:00,1948.290000,1954.560000,1945.760000,1946.830000,4324,8.800000,-0.064679,1940.496000,1929.180000,1933.097500,1935.420135,0.308622,53.670822,0,test
AMZN,60,2018-09-20,16:30:00,2018-09-20T16:30:00+00:00,1946.650000,1947.210000,1941.970000,1945.250000,3205,5.240000,-0.081158,1944.552000,1932.445000,1932.531000,1937.207383,0.288655,53.616807,0,test
AMZN,60,2018-09-20,17:30:00,2018-09-20T17:30:00+00:00,1945.240000,1949.790000,1943.980000,1944.770000,3178,5.810000,-0.024675,1945.236000,1935.722000,1932.357000,1938.582405,0.288144,54.844936,1,test
AMZN,60,2018-09-20,18:30:00,2018-09-20T18:30:00+00:00,1944.790000,1949.910000,1943.130000,1947.630000,3873,6.780000,0.147061,1946.514000,1938.686000,1933.017500,1940.227422,0.283750,83.007848,0,test
AMZN,60,2018-09-20,19:30:00,2018-09-20T19:30:00+00:00,1947.630000,1947.820000,1942.570000,1945.950000,3095,5.250000,-0.086259,1946.086000,1941.161000,1933.250000,1941.267891,0.293571,78.284924,0,test
AMZN,60,2018-09-20,20:30:00,2018-09-20T20:30:00+00:00,1942.600000,1946.590000,1942.570000,1945.490000,60,4.020000,-0.023639,1945.818000,1943.157000,1933.370500,1942.035547,0.294996,85.480043,1,test
AMZN,60,2018-09-21,12:30:00,2018-09-21T12:30:00+00:00,1950.000000,1958.000000,1948.000000,1953.990000,422,10.000000,0.436908,1947.566000,1946.059000,1934.020000,1944.209084,0.308222,88.700461,0,test
AMZN,60,2018-09-21,13:30:00,2018-09-21T13:30:00+00:00,1951.970000,1956.870000,1932.580000,1933.490000,5988,24.290000,-1.049135,1945.310000,1945.273000,1933.719500,1942.260160,0.400174,61.271088,1,test
AMZN,60,2018-09-21,14:30:00,2018-09-21T14:30:00+00:00,1933.500000,1935.620000,1924.450000,1935.300000,4911,11.170000,0.093613,1942.844000,1944.679000,1933.622500,1940.994676,0.402342,60.466152,0,test
AMZN,60,2018-09-21,15:30:00,2018-09-21T15:30:00+00:00,1935.300000,1936.400000,1930.470000,1931.650000,4131,5.930000,-0.188601,1939.984000,1943.035000,1934.632000,1939.295644,0.380972,54.589082,0,test
AMZN,60,2018-09-21,16:30:00,2018-09-21T16:30:00+00:00,1931.650000,1932.210000,1927.970000,1928.970000,3625,4.240000,-0.138741,1936.680000,1941.249000,1935.214500,1937.418254,0.381273,52.906977,0,test
AMZN,60,2018-09-21,17:30:00,2018-09-21T17:30:00+00:00,1929.000000,1930.670000,1925.310000,1927.010000,3538,5.360000,-0.101609,1931.284000,1939.425000,1935.935000,1935.525844,0.381267,36.815006,0,test
AMZN,60,2018-09-21,18:30:00,2018-09-21T18:30:00+00:00,1927.020000,1927.910000,1915.180000,1917.150000,4643,12.730000,-0.511674,1928.016000,1936.663000,1936.192500,1932.184782,0.402035,31.217839,0,test
AMZN,60,2018-09-21,19:30:00,2018-09-21T19:30:00+00:00,1917.170000,1917.820000,1910.610000,1915.190000,4008,7.210000,-0.102235,1923.994000,1933.419000,1936.052500,1929.094821,0.389643,22.231600,0,test
AMZN,60,2018-09-24,12:30:00,2018-09-24T12:30:00+00:00,1901.250000,1904.000000,1898.970000,1902.980000,386,5.030000,-0.637535,1918.260000,1929.122000,1935.141500,1924.346672,0.415095,18.763357,1,test
AMZN,60,2018-09-24,13:30:00,2018-09-24T13:30:00+00:00,1903.000000,1916.620000,1864.990000,1904.660000,6827,51.630000,0.088283,1913.398000,1925.039000,1934.098000,1920.767277,0.422489,21.126761,1,test
AMZN,60,2018-09-24,14:30:00,2018-09-24T14:30:00+00:00,1904.670000,1921.260000,1898.000000,1919.880000,4566,23.260000,0.799093,1911.972000,1921.628000,1933.843500,1920.605954,0.493728,35.363989,0,test
AMZN,60,2018-09-24,15:30:00,2018-09-24T15:30:00+00:00,1919.550000,1923.330000,1912.230000,1914.000000,3928,11.100000,-0.306269,1911.342000,1919.679000,1932.476000,1919.404871,0.393224,30.902896,1,test
AMZN,60,2018-09-24,16:30:00,2018-09-24T16:30:00+00:00,1914.000000,1923.390000,1913.130000,1920.000000,3713,10.260000,0.313480,1912.304000,1918.149000,1931.414000,1919.513077,0.411031,35.953232,1,test
AMZN,60,2018-09-24,17:30:00,2018-09-24T17:30:00+00:00,1920.000000,1929.070000,1920.000000,1923.990000,3718,9.070000,0.207813,1916.506000,1917.383000,1930.209000,1920.327063,0.418293,38.790407,1,test
AMZN,60,2018-09-24,18:30:00,2018-09-24T18:30:00+00:00,1924.010000,1930.420000,1923.440000,1928.320000,3904,6.980000,0.225053,1921.238000,1917.318000,1929.283500,1921.780324,0.424424,36.007849,1,test
AMZN,60,2018-09-24,19:30:00,2018-09-24T19:30:00+00:00,1928.330000,1936.430000,1928.020000,1934.000000,2937,8.410000,0.294557,1924.062000,1918.017000,1928.721000,1924.002083,0.432562,50.331556,1,test
AMZN,60,2018-09-24,20:30:00,2018-09-24T20:30:00+00:00,1933.990000,1935.950000,1933.180000,1934.080000,81,2.770000,0.004137,1928.078000,1919.710000,1928.186500,1925.834432,0.388353,49.188614,1,test
AMZN,60,2018-09-25,12:30:00,2018-09-25T12:30:00+00:00,1945.230000,1945.250000,1939.220000,1942.400000,452,6.030000,0.430179,1932.558000,1922.431000,1927.925000,1928.846353,0.395704,56.731371,1,test
AMZN,60,2018-09-25,13:30:00,2018-09-25T13:30:00+00:00,1943.000000,1957.370000,1940.070000,1944.910000,6280,17.300000,0.129222,1936.742000,1926.624000,1927.873000,1931.767016,0.287348,60.002510,1,test
AMZN,60,2018-09-25,14:30:00,2018-09-25T14:30:00+00:00,1944.890000,1951.710000,1938.980000,1949.580000,4310,12.730000,0.240114,1940.994000,1931.116000,1928.077500,1935.005741,0.283688,63.697051,1,test
AMZN,60,2018-09-25,15:30:00,2018-09-25T15:30:00+00:00,1949.590000,1956.990000,1948.020000,1955.220000,4102,8.970000,0.289293,1945.238000,1934.650000,1928.139000,1938.681061,0.205961,74.350774,1,test
AMZN,60,2018-09-25,16:30:00,2018-09-25T16:30:00+00:00,1955.200000,1958.730000,1951.660000,1956.990000,3677,7.070000,0.090527,1949.820000,1938.949000,1929.314000,1942.009959,0.122653,76.801744,1,test
AMZN,60,2018-09-25,17:30:00,2018-09-25T17:30:00+00:00,1956.990000,1967.780000,1954.550000,1967.460000,3955,13.230000,0.535005,1954.832000,1943.695000,1930.922000,1946.637239,0.156311,92.287513,1,test
AMZN,60,2018-09-25,18:30:00,2018-09-25T18:30:00+00:00,1967.490000,1969.250000,1964.590000,1967.800000,4448,4.660000,0.017281,1959.410000,1948.076000,1932.729500,1950.485014,0.172106,92.149533,1,test
AMZN,60,2018-09-25,19:30:00,2018-09-25T19:30:00+00:00,1967.810000,1975.750000,1966.690000,1974.470000,3723,9.060000,0.338957,1964.388000,1952.691000,1935.004500,1954.845920,0.175800,91.137905,0,test
AMZN,60,2018-09-25,20:30:00,2018-09-25T20:30:00+00:00,1974.690000,1974.690000,1972.970000,1972.970000,77,1.720000,-0.075970,1967.938000,1956.588000,1937.302500,1958.141207,0.199723,97.579474,0,test
AMZN,60,2018-09-26,12:30:00,2018-09-26T12:30:00+00:00,1976.990000,1976.990000,1968.430000,1968.430000,476,8.560000,-0.230110,1970.226000,1960.023000,1939.866500,1960.011897,0.235724,90.018179,1,test
AMZN,60,2018-09-26,13:30:00,2018-09-26T13:30:00+00:00,1968.470000,1975.000000,1961.460000,1969.920000,5774,13.540000,0.075695,1970.718000,1962.775000,1942.603000,1961.813370,0.219418,89.588002,1,test
AMZN,60,2018-09-26,14:30:00,2018-09-26T14:30:00+00:00,1970.110000,1988.140000,1969.150000,1988.000000,5501,18.990000,0.917804,1974.758000,1967.084000,1946.854000,1966.574576,0.329038,91.583055,0,test
AMZN,60,2018-09-26,15:30:00,2018-09-26T15:30:00+00:00,1987.980000,1991.800000,1984.980000,1987.330000,4203,6.820000,-0.033702,1977.330000,1970.859000,1950.987500,1970.348289,0.338424,89.947566,0,test
AMZN,60,2018-09-26,16:30:00,2018-09-26T16:30:00+00:00,1987.310000,1987.710000,1978.110000,1981.610000,3806,9.600000,-0.287823,1979.058000,1973.498000,1954.074000,1972.395873,0.367996,82.829120,1,test
AMZN,60,2018-09-26,17:30:00,2018-09-26T17:30:00+00:00,1981.600000,1995.000000,1978.390000,1991.210000,4056,16.610000,0.484455,1983.614000,1976.920000,1957.934500,1975.816623,0.383492,83.127460,0,test
AMZN,60,2018-09-26,18:30:00,2018-09-26T18:30:00+00:00,1991.220000,1994.500000,1981.990000,1988.870000,4846,12.510000,-0.117516,1987.404000,1979.061000,1961.378000,1978.189965,0.370568,79.904762,0,test
AMZN,60,2018-09-26,19:30:00,2018-09-26T19:30:00+00:00,1988.900000,1988.900000,1970.470000,1975.970000,3666,18.430000,-0.648610,1984.998000,1979.878000,1963.977000,1977.786335,0.441837,66.144623,0,test
AMZN,60,2018-09-26,20:30:00,2018-09-26T20:30:00+00:00,1976.000000,1977.030000,1974.970000,1975.750000,78,2.060000,-0.011134,1982.682000,1980.006000,1966.348500,1977.416092,0.429416,63.451710,1,test
AMZN,60,2018-09-27,12:30:00,2018-09-27T12:30:00+00:00,1989.310000,1992.990000,1986.720000,1992.990000,316,6.270000,0.872580,1984.958000,1982.008000,1969.298000,1980.247712,0.506773,69.612116,1,test
AMZN,60,2018-09-27,13:30:00,2018-09-27T13:30:00+00:00,1990.290000,2008.150000,1988.070000,2003.920000,7155,20.080000,0.548422,1987.500000,1985.557000,1972.790000,1984.551764,0.509847,69.763660,1,test
AMZN,60,2018-09-27,14:30:00,2018-09-27T14:30:00+00:00,2003.950000,2011.910000,2001.400000,2004.470000,5329,10.510000,0.027446,1990.620000,1989.012000,1975.893500,1988.173261,0.511171,69.832342,1,test
AMZN,60,2018-09-27,15:30:00,2018-09-27T15:30:00+00:00,2004.480000,2011.580000,2003.180000,2011.110000,4384,8.400000,0.331260,1997.648000,1991.323000,1979.203500,1992.343578,0.445987,69.822549,1,test
AMZN,60,2018-09-27,16:30:00,2018-09-27T16:30:00+00:00,2011.100000,2013.610000,2009.250000,2011.370000,4506,4.360000,0.012928,2004.772000,1993.727000,1982.293000,1995.802927,0.444483,71.057249,1,test
AMZN,60,2018-09-27,17:30:00,2018-09-27T17:30:00+00:00,2011.340000,2015.690000,2010.450000,2013.140000,4405,5.240000,0.088000,2008.802000,1996.880000,1985.189000,1998.955122,0.421342,75.285601,0,test
AMZN,60,2018-09-27,18:30:00,2018-09-27T18:30:00+00:00,2013.110000,2014.250000,2007.260000,2011.020000,4137,6.990000,-0.105308,2010.222000,1998.861000,1987.890500,2001.148736,0.411861,73.079515,1,test
AMZN,60,2018-09-27,19:30:00,2018-09-27T19:30:00+00:00,2011.020000,2015.550000,2010.180000,2012.000000,3439,5.370000,0.048731,2011.728000,2001.174000,1990.117500,2003.121693,0.405419,66.680567,1,test
AMZN,60,2018-09-27,20:30:00,2018-09-27T20:30:00+00:00,2011.260000,2013.250000,2010.980000,2012.060000,120,2.270000,0.002982,2011.918000,2004.783000,1992.330500,2004.746840,0.309911,67.334922,0,test
AMZN,60,2018-09-28,12:30:00,2018-09-28T12:30:00+00:00,2001.000000,2004.050000,2000.970000,2003.910000,275,3.080000,-0.405058,2010.426000,2007.599000,1993.802500,2004.594687,0.358376,65.116594,1,test
AMZN,60,2018-09-28,13:30:00,2018-09-28T13:30:00+00:00,2003.900000,2010.990000,1996.010000,2007.990000,6179,14.980000,0.203602,2009.396000,2009.099000,1995.553500,2005.212017,0.254179,62.294842,1,test
AMZN,60,2018-09-28,14:30:00,2018-09-28T14:30:00+00:00,2007.980000,2026.250000,2006.340000,2020.380000,5591,19.910000,0.617035,2011.268000,2010.745000,1998.151000,2007.969832,0.268871,70.123898,0,test
AMZN,60,2018-09-28,15:30:00,2018-09-28T15:30:00+00:00,2020.400000,2021.590000,2009.370000,2009.980000,3881,12.220000,-0.514755,2010.864000,2011.296000,2000.154000,2008.335317,0.329063,72.436997,1,test
AMZN,60,2018-09-28,16:30:00,2018-09-28T16:30:00+00:00,2010.000000,2013.850000,2002.980000,2013.120000,3790,10.870000,0.156220,2011.076000,2011.497000,2001.410000,2009.205259,0.315512,73.739042,0,test
AMZN,60,2018-09-28,17:30:00,2018-09-28T17:30:00+00:00,2013.240000,2014.540000,2001.230000,2005.990000,3580,13.310000,-0.354177,2011.492000,2010.959000,2002.343000,2008.620667,0.335889,59.475219,1,test
AMZN,60,2018-09-28,18:30:00,2018-09-28T18:30:00+00:00,2006.000000,2007.650000,1999.970000,2007.410000,3701,7.680000,0.070788,2011.376000,2010.386000,2003.633000,2008.400546,0.335282,52.953122,0,test
AMZN,60,2018-09-28,19:30:00,2018-09-28T19:30:00+00:00,2007.540000,2007.540000,2001.630000,2002.680000,2908,5.910000,-0.235627,2007.836000,2009.552000,2004.206500,2007.360446,0.341103,48.585428,1,test
AMZN,60,2018-10-01,12:30:00,2018-10-01T12:30:00+00:00,2023.480000,2023.490000,2019.970000,2021.100000,292,3.520000,0.919768,2010.060000,2010.462000,2005.818000,2009.858547,0.457816,56.655563,1,test
AMZN,60,2018-10-01,13:30:00,2018-10-01T13:30:00+00:00,2021.080000,2033.190000,2018.170000,2029.490000,5930,15.020000,0.415120,2013.334000,2012.205000,2008.494000,2013.427902,0.471841,60.892041,0,test
AMZN,60,2018-10-01,14:30:00,2018-10-01T14:30:00+00:00,2029.480000,2029.670000,2020.200000,2025.810000,4793,9.470000,-0.181326,2017.298000,2014.395000,2010.997000,2015.679193,0.450734,57.445058,0,test
AMZN,60,2018-10-01,15:30:00,2018-10-01T15:30:00+00:00,2025.800000,2029.430000,2021.370000,2021.860000,3984,8.060000,-0.194984,2020.188000,2015.782000,2012.440500,2016.802976,0.459051,56.235619,0,test
AMZN,60,2018-10-01,16:30:00,2018-10-01T16:30:00+00:00,2021.870000,2022.840000,2015.290000,2021.320000,3780,7.550000,-0.026708,2023.916000,2015.876000,2013.310500,2017.624253,0.416995,55.388529,0,test
AMZN,60,2018-10-01,17:30:00,2018-10-01T17:30:00+00:00,2021.320000,2021.510000,2014.220000,2014.330000,3149,7.290000,-0.345814,2022.562000,2016.311000,2013.803500,2017.025298,0.396497,51.215073,0,test
AMZN,60,2018-10-01,18:30:00,2018-10-01T18:30:00+00:00,2014.350000,2014.530000,2004.970000,2006.940000,3868,9.560000,-0.366871,2018.052000,2015.693000,2013.595000,2015.191607,0.411106,51.635186,0,test
AMZN,60,2018-10-01,19:30:00,2018-10-01T19:30:00+00:00,2006.910000,2009.000000,2003.500000,2004.280000,2918,5.500000,-0.132540,2013.746000,2015.522000,2013.240500,2013.207679,0.397433,47.966678,1,test
AMZN,60,2018-10-01,20:30:00,2018-10-01T20:30:00+00:00,2004.290000,2005.450000,2004.260000,2004.970000,74,1.190000,0.034426,2010.368000,2015.278000,2012.832000,2011.709919,0.396800,40.311832,0,test
AMZN,60,2018-10-02,12:30:00,2018-10-02T12:30:00+00:00,2005.000000,2005.000000,1994.970000,1997.580000,426,10.030000,-0.368584,2005.620000,2014.768000,2012.160000,2009.140843,0.407236,41.897543,1,test
AMZN,60,2018-10-02,13:30:00,2018-10-02T13:30:00+00:00,1998.070000,2001.000000,1978.970000,1998.800000,7025,22.030000,0.061074,2002.514000,2012.538000,2011.500000,2007.260690,0.243604,40.402145,1,test
AMZN,60,2018-10-02,14:30:00,2018-10-02T14:30:00+00:00,1999.110000,2012.710000,1997.250000,2010.190000,5206,15.460000,0.569842,2003.164000,2010.608000,2011.406500,2007.793291,0.282512,52.662947,0,test
AMZN,60,2018-10-02,15:30:00,2018-10-02T15:30:00+00:00,2010.170000,2013.030000,2005.770000,2006.200000,4418,7.260000,-0.198489,2003.548000,2008.647000,2011.521000,2007.503602,0.283145,49.257031,0,test
AMZN,60,2018-10-02,16:30:00,2018-10-02T16:30:00+00:00,2006.220000,2007.190000,1996.590000,1998.060000,4493,10.600000,-0.405742,2002.166000,2006.267000,2011.024500,2005.786584,0.298678,47.277228,0,test
AMZN,60,2018-10-02,17:30:00,2018-10-02T17:30:00+00:00,1998.060000,1999.900000,1990.490000,1991.640000,5041,9.410000,-0.321312,2000.978000,2003.299000,2009.587500,2003.214477,0.303175,29.777595,0,test
AMZN,60,2018-10-02,18:30:00,2018-10-02T18:30:00+00:00,1991.610000,1992.590000,1965.520000,1974.460000,6529,27.070000,-0.862606,1996.110000,1999.312000,2007.811500,1997.986391,0.376043,16.293030,0,test
AMZN,60,2018-10-02,19:30:00,2018-10-02T19:30:00+00:00,1974.460000,1978.050000,1969.890000,1971.930000,3630,8.160000,-0.128136,1988.458000,1995.811000,2005.752000,1993.248865,0.371761,16.525845,1,test
AMZN,60,2018-10-02,20:30:00,2018-10-02T20:30:00+00:00,1971.910000,1974.170000,1971.900000,1974.000000,94,2.270000,0.104973,1982.018000,1992.783000,2004.152500,1989.749071,0.382230,19.554707,1,test
AMZN,60,2018-10-03,12:30:00,2018-10-03T12:30:00+00:00,1983.500000,1985.300000,1979.970000,1980.000000,260,5.330000,0.303951,1978.406000,1990.286000,2002.782000,1987.976513,0.405582,25.422317,0,test
AMZN,60,2018-10-03,13:30:00,2018-10-03T13:30:00+00:00,1980.480000,1989.310000,1974.470000,1976.810000,6405,14.840000,-0.161111,1975.440000,1988.209000,2001.488500,1985.946238,0.396923,26.625966,0,test
AMZN,60,2018-10-03,14:30:00,2018-10-03T14:30:00+00:00,1976.820000,1980.010000,1949.620000,1962.990000,7138,30.390000,-0.699106,1973.146000,1984.628000,1998.583000,1981.772376,0.433002,24.651055,0,test
AMZN,60,2018-10-03,15:30:00,2018-10-03T15:30:00+00:00,1962.980000,1969.290000,1956.500000,1959.710000,4970,12.790000,-0.167092,1970.702000,1979.580000,1995.094000,1977.761035,0.345020,24.476005,1,test
AMZN,60,2018-10-03,16:30:00,2018-10-03T16:30:00+00:00,1959.700000,1968.670000,1955.580000,1964.390000,4953,13.090000,0.238811,1968.780000,1975.399000,1992.023000,1975.329938,0.378820,27.776561,0,test
AMZN,60,2018-10-03,17:30:00,2018-10-03T17:30:00+00:00,1964.400000,1967.370000,1956.530000,1960.660000,3961,10.840000,-0.189881,1964.912000,1971.659000,1988.963000,1972.662677,0.372508,28.936559,0,test
AMZN,60,2018-10-03,18:30:00,2018-10-03T18:30:00+00:00,1960.680000,1964.220000,1954.710000,1958.380000,5739,9.510000,-0.116287,1961.226000,1968.333000,1985.816000,1970.065826,0.369998,27.215333,0,test
AMZN,60,2018-10-03,19:30:00,2018-10-03T19:30:00+00:00,1958.380000,1960.210000,1952.100000,1953.480000,3437,8.110000,-0.250207,1959.324000,1966.235000,1982.773500,1967.050221,0.282535,15.509062,0,test
AMZN,60,2018-10-03,20:30:00,2018-10-03T20:30:00+00:00,1953.480000,1954.000000,1951.110000,1951.110000,135,2.890000,-0.121322,1957.604000,1964.153000,1979.982000,1964.151999,0.282485,15.820821,0,test
AMZN,60,2018-10-04,12:30:00,2018-10-04T12:30:00+00:00,1944.750000,1950.210000,1943.480000,1949.070000,304,6.730000,-0.104556,1954.540000,1961.660000,1977.221500,1961.409818,0.272722,17.116391,0,test
AMZN,60,2018-10-04,13:30:00,2018-10-04T13:30:00+00:00,1949.090000,1954.850000,1921.250000,1921.500000,8224,33.600000,-1.414521,1946.708000,1955.810000,1973.048000,1954.153487,0.453036,13.331242,0,test
AMZN,60,2018-10-04,14:30:00,2018-10-04T14:30:00+00:00,1921.470000,1927.000000,1916.580000,1919.340000,7638,10.420000,-0.112412,1938.900000,1950.063000,1969.136000,1947.823762,0.454935,15.814934,0,test
AMZN,60,2018-10-04,15:30:00,2018-10-04T15:30:00+00:00,1919.330000,1919.350000,1898.850000,1906.100000,7671,20.500000,-0.689820,1929.424000,1944.374000,1964.501000,1940.237624,0.454024,13.960364,1,test
AMZN,60,2018-10-04,16:30:00,2018-10-04T16:30:00+00:00,1906.100000,1911.490000,1902.320000,1908.080000,6146,9.170000,0.103877,1920.818000,1939.211000,1959.395500,1934.390783,0.470155,13.875493,0,test
AMZN,60,2018-10-04,17:30:00,2018-10-04T17:30:00+00:00,1908.350000,1908.360000,1896.470000,1903.300000,6484,11.890000,-0.250514,1911.664000,1933.102000,1954.250500,1928.737913,0.436047,7.398356,1,test
AMZN,60,2018-10-04,18:30:00,2018-10-04T18:30:00+00:00,1903.270000,1916.690000,1901.720000,1903.580000,6775,14.970000,0.014711,1908.080000,1927.394000,1949.526500,1924.163747,0.447204,7.966938,1,test
AMZN,60,2018-10-04,19:30:00,2018-10-04T19:30:00+00:00,1903.560000,1914.480000,1901.370000,1909.990000,3794,13.110000,0.336734,1906.210000,1922.555000,1945.444000,1921.586702,0.488278,16.750314,1,test
AMZN,60,2018-10-04,20:30:00,2018-10-04T20:30:00+00:00,1910.220000,1911.540000,1909.970000,1910.350000,75,1.570000,0.018848,1907.060000,1918.242000,1942.238500,1919.543666,0.495551,17.856213,1,test
AMZN,60,2018-10-05,12:30:00,2018-10-05T12:30:00+00:00,1903.470000,1916.020000,1895.000000,1915.100000,1031,21.020000,0.248646,1908.464000,1914.641000,1939.397000,1918.735726,0.517230,17.931034,0,test
AMZN,60,2018-10-05,13:30:00,2018-10-05T13:30:00+00:00,1918.130000,1928.880000,1893.810000,1912.810000,8092,35.070000,-0.119576,1910.366000,1911.015000,1936.337500,1917.658322,0.516992,18.273439,0,test
AMZN,60,2018-10-05,14:30:00,2018-10-05T14:30:00+00:00,1913.520000,1913.520000,1887.970000,1890.070000,7146,25.550000,-1.188827,1907.664000,1907.872000,1931.841000,1912.642263,0.459107,14.373631,0,test
AMZN,60,2018-10-05,15:30:00,2018-10-05T15:30:00+00:00,1890.130000,1893.600000,1872.090000,1878.480000,7204,21.510000,-0.613205,1901.362000,1903.786000,1926.924500,1906.430943,0.479725,13.436037,0,test
AMZN,60,2018-10-05,16:30:00,2018-10-05T16:30:00+00:00,1878.500000,1879.370000,1864.980000,1866.950000,6649,14.390000,-0.613794,1892.682000,1899.871000,1922.122500,1899.252589,0.471884,12.334407,1,test
AMZN,60,2018-10-05,17:30:00,2018-10-05T17:30:00+00:00,1866.940000,1889.320000,1862.840000,1888.420000,6882,26.480000,1.150004,1887.346000,1897.905000,1918.558000,1897.283028,0.635785,26.877621,1,test
AMZN,60,2018-10-05,18:30:00,2018-10-05T18:30:00+00:00,1888.420000,1902.510000,1887.090000,1891.740000,7862,15.420000,0.175808,1883.132000,1896.749000,1914.925500,1896.275204,0.638983,36.080449,0,test
AMZN,60,2018-10-05,19:30:00,2018-10-05T19:30:00+00:00,1891.750000,1897.110000,1885.970000,1889.560000,3892,11.140000,-0.115238,1883.030000,1895.347000,1911.370500,1895.054258,0.638637,36.073700,0,test
AMZN,60,2018-10-08,12:30:00,2018-10-08T12:30:00+00:00,1880.740000,1881.130000,1873.970000,1873.970000,391,7.160000,-0.825060,1882.128000,1891.745000,1907.150000,1891.220757,0.661281,35.297886,1,test
AMZN,60,2018-10-08,13:30:00,2018-10-08T13:30:00+00:00,1873.990000,1901.540000,1854.540000,1896.930000,7354,47.000000,1.225206,1888.124000,1890.403000,1904.322500,1892.258801,0.798961,45.719770,0,test
AMZN,60,2018-10-08,14:30:00,2018-10-08T14:30:00+00:00,1897.200000,1898.630000,1859.130000,1860.580000,6796,39.500000,-1.916254,1882.556000,1884.951000,1899.796000,1886.499019,0.977176,36.800148,0,test
AMZN,60,2018-10-08,15:30:00,2018-10-08T15:30:00+00:00,1860.560000,1861.470000,1833.520000,1850.600000,7283,27.950000,-0.536392,1874.328000,1878.730000,1894.872500,1879.971925,0.978268,34.555737,0,test
AMZN,60,2018-10-08,16:30:00,2018-10-08T16:30:00+00:00,1850.580000,1852.340000,1830.630000,1834.000000,5636,21.710000,-0.897006,1863.216000,1873.123000,1890.497500,1871.613393,0.953707,29.090309,1,test
AMZN,60,2018-10-08,17:30:00,2018-10-08T17:30:00+00:00,1834.000000,1859.640000,1833.370000,1853.600000,5919,26.270000,1.068702,1859.142000,1870.635000,1887.210500,1868.338231,1.036389,35.879572,1,test
AMZN,60,2018-10-08,18:30:00,2018-10-08T18:30:00+00:00,1853.330000,1878.050000,1853.300000,1858.670000,5987,24.750000,0.273522,1851.490000,1869.807000,1884.839000,1866.580370,1.028166,35.981517,1,test
AMZN,60,2018-10-08,19:30:00,2018-10-08T19:30:00+00:00,1860.890000,1872.410000,1857.990000,1866.490000,3282,14.420000,0.420731,1852.672000,1867.614000,1882.759500,1866.563939,0.957867,38.800774,1,test
AMZN,60,2018-10-08,20:30:00,2018-10-08T20:30:00+00:00,1868.560000,1869.480000,1866.460000,1868.750000,94,3.020000,0.121083,1856.302000,1865.315000,1881.032000,1866.961405,0.956191,44.278660,0,test
AMZN,60,2018-10-09,12:30:00,2018-10-09T12:30:00+00:00,1852.000000,1860.470000,1851.970000,1858.060000,318,8.500000,-0.572040,1861.114000,1862.165000,1878.756000,1865.342968,0.966892,44.493582,1,test
AMZN,60,2018-10-09,13:30:00,2018-10-09T13:30:00+00:00,1858.080000,1886.670000,1851.990000,1885.440000,7599,34.680000,1.473580,1867.482000,1863.312000,1877.528500,1868.996974,1.060873,54.593332,1,test
AMZN,60,2018-10-09,14:30:00,2018-10-09T14:30:00+00:00,1885.980000,1896.430000,1874.970000,1887.280000,6618,21.460000,0.097590,1873.204000,1862.347000,1876.375000,1872.321160,0.980896,49.686192,0,test
AMZN,60,2018-10-09,15:30:00,2018-10-09T15:30:00+00:00,1887.280000,1891.520000,1873.210000,1879.970000,5077,18.310000,-0.387330,1875.900000,1864.286000,1874.618500,1873.711858,0.748798,46.829715,0,test
AMZN,60,2018-10-09,16:30:00,2018-10-09T16:30:00+00:00,1879.980000,1881.690000,1856.990000,1868.190000,5086,24.700000,-0.626606,1875.788000,1866.045000,1872.387500,1872.707884,0.757889,44.526968,0,test
AMZN,60,2018-10-09,17:30:00,2018-10-09T17:30:00+00:00,1867.970000,1872.160000,1860.100000,1868.030000,4751,12.060000,-0.008564,1877.782000,1869.448000,1871.285500,1871.857360,0.676045,48.348165,0,test
AMZN,60,2018-10-09,18:30:00,2018-10-09T18:30:00+00:00,1868.000000,1873.310000,1862.420000,1865.980000,4754,10.890000,-0.109741,1873.890000,1870.686000,1870.660500,1870.788749,0.603960,40.260558,1,test
AMZN,60,2018-10-09,19:30:00,2018-10-09T19:30:00+00:00,1865.970000,1873.720000,1864.780000,1869.890000,2940,8.940000,0.209541,1870.412000,1871.808000,1870.807500,1870.625340,0.601879,53.681297,1,test
AMZN,60,2018-10-09,20:30:00,2018-10-09T20:30:00+00:00,1870.170000,1871.230000,1869.870000,1870.730000,50,1.360000,0.044922,1868.564000,1872.232000,1869.923000,1870.644369,0.588565,58.579831,0,test
AMZN,60,2018-10-10,12:30:00,2018-10-10T12:30:00+00:00,1863.050000,1863.390000,1855.970000,1857.700000,533,7.420000,-0.696520,1866.466000,1871.127000,1868.221000,1868.290847,0.629016,60.418498,0,test
AMZN,60,2018-10-10,13:30:00,2018-10-10T13:30:00+00:00,1857.750000,1858.190000,1814.020000,1831.770000,9629,44.170000,-1.395812,1859.214000,1868.498000,1865.331500,1861.650693,0.746800,40.909469,0,test
AMZN,60,2018-10-10,14:30:00,2018-10-10T14:30:00+00:00,1831.000000,1834.290000,1792.600000,1813.470000,9322,41.690000,-0.999034,1848.712000,1861.301000,1862.306500,1852.890567,0.531542,33.045761,0,test
AMZN,60,2018-10-10,15:30:00,2018-10-10T15:30:00+00:00,1813.480000,1818.930000,1795.520000,1811.980000,7369,23.410000,-0.082163,1837.130000,1853.771000,1858.059000,1845.452282,0.516144,28.534299,1,test
AMZN,60,2018-10-10,16:30:00,2018-10-10T16:30:00+00:00,1811.970000,1814.700000,1797.410000,1812.500000,6598,17.290000,0.028698,1825.484000,1847.024000,1855.655000,1839.460958,0.534189,27.541324,0,test
AMZN,60,2018-10-10,17:30:00,2018-10-10T17:30:00+00:00,1812.500000,1820.000000,1794.970000,1802.980000,6851,25.030000,-0.525241,1814.540000,1840.503000,1853.274000,1832.828057,0.529585,27.801064,0,test
AMZN,60,2018-10-10,18:30:00,2018-10-10T18:30:00+00:00,1802.950000,1806.300000,1773.010000,1781.400000,7978,33.290000,-1.196907,1804.466000,1831.840000,1850.644000,1823.477501,0.574992,6.012177,0,test
AMZN,60,2018-10-10,19:30:00,2018-10-10T19:30:00+00:00,1781.400000,1783.010000,1739.970000,1740.120000,6287,43.040000,-2.317279,1789.796000,1819.254000,1844.970000,1808.321592,0.800072,3.341788,0,test
AMZN,60,2018-10-10,20:30:00,2018-10-10T20:30:00+00:00,1741.470000,1743.010000,1733.970000,1735.000000,687,9.040000,-0.294233,1774.400000,1805.765000,1838.786500,1794.990393,0.751304,3.388850,0,test
AMZN,60,2018-10-11,12:30:00,2018-10-11T12:30:00+00:00,1722.730000,1743.750000,1720.200000,1723.970000,1718,23.550000,-0.635735,1756.694000,1791.089000,1831.660500,1782.077594,0.701109,3.405273,1,test
AMZN,60,2018-10-11,13:30:00,2018-10-11T13:30:00+00:00,1724.000000,1754.000000,1687.390000,1729.240000,9855,66.610000,0.305690,1741.946000,1778.243000,1824.685000,1772.470759,0.785867,6.592857,0,test
AMZN,60,2018-10-11,14:30:00,2018-10-11T14:30:00+00:00,1730.050000,1742.000000,1685.980000,1707.710000,8175,56.020000,-1.245056,1727.208000,1765.837000,1817.167500,1760.696076,0.772609,5.876777,1,test
AMZN,60,2018-10-11,15:30:00,2018-10-11T15:30:00+00:00,1707.710000,1739.370000,1696.530000,1729.660000,7436,42.840000,1.285347,1725.116000,1757.456000,1809.378500,1755.053153,0.982342,14.478950,1,test
AMZN,60,2018-10-11,16:30:00,2018-10-11T16:30:00+00:00,1729.640000,1734.890000,1714.070000,1734.770000,6576,20.820000,0.295434,1725.070000,1749.735000,1801.753000,1751.365307,1.005785,16.289795,0,test
AMZN,60,2018-10-11,17:30:00,2018-10-11T17:30:00+00:00,1734.790000,1738.390000,1702.020000,1709.160000,6224,36.370000,-1.476276,1722.108000,1739.401000,1793.212500,1743.691615,1.041497,15.333271,1,test
AMZN,60,2018-10-11,18:30:00,2018-10-11T18:30:00+00:00,1708.990000,1729.400000,1685.070000,1718.240000,8547,44.330000,0.531255,1719.908000,1730.927000,1785.715000,1739.064048,1.099677,21.242211,1,test
AMZN,60,2018-10-11,19:30:00,2018-10-11T19:30:00+00:00,1718.240000,1731.000000,1708.200000,1726.610000,4875,22.800000,0.487126,1723.688000,1725.448000,1778.644000,1736.799676,1.105732,26.832391,1,test
AMZN,60,2018-10-11,20:30:00,2018-10-11T20:30:00+00:00,1728.490000,1733.000000,1726.590000,1730.980000,236,6.410000,0.253097,1723.952000,1724.534000,1771.894000,1735.741553,0.857151,28.722286,1,test
AMZN,60,2018-10-12,12:30:00,2018-10-12T12:30:00+00:00,1789.980000,1806.840000,1780.090000,1805.000000,1805,26.750000,4.276190,1737.998000,1731.534000,1768.649500,1748.333998,1.604635,48.578684,0,test
AMZN,60,2018-10-12,13:30:00,2018-10-12T13:30:00+00:00,1805.000000,1808.080000,1779.070000,1782.000000,8744,29.010000,-1.274238,1752.566000,1737.337000,1764.213000,1754.455089,1.662431,46.217366,1,test
AMZN,60,2018-10-12,14:30:00,2018-10-12T14:30:00+00:00,1782.000000,1795.230000,1781.730000,1784.260000,6305,13.500000,0.126824,1765.770000,1742.839000,1760.541000,1759.874164,1.663849,50.554264,0,test
AMZN,60,2018-10-12,15:30:00,2018-10-12T15:30:00+00:00,1784.280000,1785.170000,1755.120000,1760.020000,7494,30.050000,-1.358546,1772.452000,1748.070000,1756.953500,1759.900680,1.676098,54.129316,1,test
AMZN,60,2018-10-12,16:30:00,2018-10-12T16:30:00+00:00,1760.140000,1775.860000,1742.060000,1764.000000,6769,33.800000,0.226134,1779.056000,1751.504000,1754.480000,1760.646011,1.641038,56.046201,1,test
AMZN,60,2018-10-12,17:30:00,2018-10-12T17:30:00+00:00,1764.000000,1767.320000,1754.150000,1764.240000,6761,13.170000,0.013605,1770.904000,1754.451000,1752.093000,1761.299463,1.641803,58.791425,1,test
AMZN,60,2018-10-12,18:30:00,2018-10-12T18:30:00+00:00,1764.220000,1780.980000,1756.470000,1779.200000,6558,24.510000,0.847957,1770.344000,1761.455000,1750.428000,1764.554106,1.542723,60.464142,1,test
AMZN,60,2018-10-12,19:30:00,2018-10-12T19:30:00+00:00,1779.560000,1792.030000,1776.080000,1788.560000,3777,15.950000,0.526079,1771.204000,1768.487000,1749.707000,1768.918814,1.542680,67.843743,1,test
AMZN,60,2018-10-15,12:30:00,2018-10-15T12:30:00+00:00,1795.280000,1799.140000,1789.970000,1793.470000,754,9.170000,0.274523,1777.894000,1775.173000,1750.310500,1773.382666,1.543001,65.228390,0,test
AMZN,60,2018-10-15,13:30:00,2018-10-15T13:30:00+00:00,1793.500000,1794.510000,1733.170000,1749.990000,7303,61.340000,-2.424351,1775.092000,1777.074000,1750.804000,1769.129454,1.783220,53.070034,1,test
AMZN,60,2018-10-15,14:30:00,2018-10-15T14:30:00+00:00,1750.000000,1774.500000,1747.330000,1772.990000,5728,27.170000,1.314293,1776.842000,1773.873000,1752.703500,1769.831372,1.150567,63.012191,0,test
AMZN,60,2018-10-15,15:30:00,2018-10-15T15:30:00+00:00,1773.000000,1775.290000,1749.350000,1761.380000,3901,25.940000,-0.654826,1773.278000,1771.811000,1754.574000,1768.294759,1.100253,58.704600,1,test
AMZN,60,2018-10-15,16:30:00,2018-10-15T16:30:00+00:00,1761.380000,1773.220000,1759.570000,1764.000000,4200,13.650000,0.148747,1768.366000,1769.785000,1756.312000,1767.513893,1.100801,57.723611,1,test
AMZN,60,2018-10-15,17:30:00,2018-10-15T17:30:00+00:00,1763.890000,1780.500000,1762.580000,1764.060000,4995,17.920000,0.003401,1762.484000,1770.189000,1759.129500,1766.885913,1.009436,56.957180,1,test
AMZN,60,2018-10-15,18:30:00,2018-10-15T18:30:00+00:00,1764.060000,1781.080000,1762.150000,1768.790000,4763,18.930000,0.268131,1766.244000,1770.668000,1761.086000,1767.232110,1.010441,39.252004,0,test
AMZN,60,2018-10-15,19:30:00,2018-10-15T19:30:00+00:00,1768.820000,1772.900000,1753.980000,1756.860000,3190,18.920000,-0.674472,1763.018000,1769.930000,1762.190500,1765.346272,1.034945,42.012962,0,test
AMZN,60,2018-10-15,20:30:00,2018-10-15T20:30:00+00:00,1758.540000,1758.540000,1754.020000,1754.990000,111,4.520000,-0.106440,1761.740000,1767.509000,1764.482000,1763.463314,0.987167,40.677750,1,test
AMZN,60,2018-10-16,12:30:00,2018-10-16T12:30:00+00:00,1778.970000,1786.010000,1778.940000,1782.990000,394,7.070000,1.595451,1765.538000,1766.952000,1767.719500,1767.013620,1.115955,57.144635,0,test
AMZN,60,2018-10-16,13:30:00,2018-10-16T13:30:00+00:00,1782.790000,1791.000000,1765.630000,1766.810000,7014,25.370000,-0.907464,1766.088000,1764.286000,1769.729500,1766.976598,1.142911,50.812374,1,test
AMZN,60,2018-10-16,14:30:00,2018-10-16T14:30:00+00:00,1766.830000,1789.670000,1761.690000,1789.340000,6410,27.980000,1.275180,1770.198000,1768.221000,1772.647500,1771.042671,0.894415,56.427986,0,test
AMZN,60,2018-10-16,15:30:00,2018-10-16T15:30:00+00:00,1789.370000,1790.010000,1782.270000,1786.570000,4657,7.740000,-0.154806,1776.140000,1769.579000,1771.726000,1773.865822,0.812760,52.013111,1,test
AMZN,60,2018-10-16,16:30:00,2018-10-16T16:30:00+00:00,1786.600000,1811.690000,1784.970000,1806.250000,5483,26.720000,1.101552,1786.392000,1774.066000,1772.938500,1779.753854,0.826156,54.574132,1,test
AMZN,60,2018-10-16,17:30:00,2018-10-16T17:30:00+00:00,1806.230000,1812.990000,1803.970000,1808.400000,4924,9.020000,0.119031,1791.474000,1778.506000,1774.145500,1784.962245,0.826634,53.916374,1,test
AMZN,60,2018-10-16,18:30:00,2018-10-16T18:30:00+00:00,1808.420000,1815.240000,1801.080000,1812.560000,4702,14.160000,0.230038,1800.624000,1783.356000,1776.772500,1789.980018,0.822157,70.678829,1,test
AMZN,60,2018-10-16,19:30:00,2018-10-16T19:30:00+00:00,1812.590000,1847.470000,1812.470000,1835.000000,4351,35.000000,1.238028,1809.756000,1789.977000,1780.322500,1798.165469,0.876706,70.569893,1,test
AMZN,60,2018-10-16,20:30:00,2018-10-16T20:30:00+00:00,1834.990000,1841.250000,1834.980000,1841.250000,246,6.270000,0.340599,1820.692000,1798.416000,1784.173000,1805.999020,0.797298,77.471280,0,test
AMZN,60,2018-10-17,12:30:00,2018-10-17T12:30:00+00:00,1831.110000,1841.510000,1825.490000,1840.970000,614,16.020000,-0.015207,1827.636000,1807.014000,1787.261500,1812.357380,0.790422,76.906943,0,test
AMZN,60,2018-10-17,13:30:00,2018-10-17T13:30:00+00:00,1842.750000,1844.440000,1810.130000,1822.330000,6991,34.310000,-1.012510,1830.422000,1810.948000,1788.950000,1814.170584,0.812253,68.027969,1,test
AMZN,60,2018-10-17,14:30:00,2018-10-17T14:30:00+00:00,1822.350000,1832.360000,1806.970000,1831.000000,5805,25.390000,0.475765,1834.110000,1817.367000,1790.826500,1817.230478,0.709985,68.788886,0,test
AMZN,60,2018-10-17,15:30:00,2018-10-17T15:30:00+00:00,1830.980000,1837.480000,1824.040000,1826.730000,5262,13.440000,-0.233206,1832.456000,1821.106000,1794.663500,1818.957664,0.651735,72.126164,1,test
AMZN,60,2018-10-17,16:30:00,2018-10-17T16:30:00+00:00,1826.730000,1835.180000,1821.460000,1830.220000,4028,13.720000,0.191052,1830.250000,1825.471000,1797.525000,1821.005361,0.639347,73.581594,0,test
AMZN,60,2018-10-17,17:30:00,2018-10-17T17:30:00+00:00,1830.420000,1835.520000,1812.980000,1816.410000,4673,22.540000,-0.754554,1825.338000,1826.487000,1800.276500,1820.169841,0.631952,61.498761,1,test
AMZN,60,2018-10-17,18:30:00,2018-10-17T18:30:00+00:00,1816.440000,1832.490000,1814.470000,1829.740000,4201,18.020000,0.733865,1826.820000,1828.621000,1803.563500,1821.909870,0.667471,72.085351,1,test
AMZN,60,2018-10-17,19:30:00,2018-10-17T19:30:00+00:00,1830.310000,1834.490000,1822.280000,1831.490000,3144,12.210000,0.095642,1826.918000,1830.514000,1806.935000,1823.651712,0.666348,67.318596,1,test
AMZN,60,2018-10-17,20:30:00,2018-10-17T20:30:00+00:00,1831.480000,1833.880000,1831.480000,1831.500000,47,2.400000,0.000546,1827.872000,1830.164000,1810.070500,1825.078673,0.534638,68.889263,0,test
AMZN,60,2018-10-18,12:30:00,2018-10-18T12:30:00+00:00,1818.850000,1824.260000,1817.970000,1819.040000,256,6.290000,-0.680317,1825.636000,1827.943000,1813.179500,1823.980733,0.555657,55.724644,0,test
AMZN,60,2018-10-18,13:30:00,2018-10-18T13:30:00+00:00,1814.990000,1829.120000,1813.270000,1818.970000,5588,15.850000,-0.003848,1826.148000,1825.743000,1816.378500,1823.069690,0.555906,54.820761,0,test
AMZN,60,2018-10-18,14:30:00,2018-10-18T14:30:00+00:00,1819.150000,1827.240000,1798.170000,1800.470000,4977,29.070000,-1.017059,1820.294000,1823.557000,1817.252500,1818.960656,0.556720,45.123820,0,test
AMZN,60,2018-10-18,15:30:00,2018-10-18T15:30:00+00:00,1800.470000,1801.260000,1782.740000,1794.630000,5570,18.520000,-0.324360,1812.922000,1819.920000,1818.643500,1814.536900,0.517849,31.200522,0,test
AMZN,60,2018-10-18,16:30:00,2018-10-18T16:30:00+00:00,1794.640000,1798.050000,1774.370000,1779.000000,4520,23.680000,-0.870932,1802.422000,1815.147000,1818.126500,1808.075646,0.560047,23.340471,1,test
AMZN,60,2018-10-18,17:30:00,2018-10-18T17:30:00+00:00,1779.010000,1787.170000,1770.480000,1783.470000,5222,16.690000,0.251265,1795.308000,1810.472000,1817.971500,1803.601892,0.565765,26.227882,0,test
AMZN,60,2018-10-18,18:30:00,2018-10-18T18:30:00+00:00,1783.480000,1788.570000,1772.120000,1776.640000,5155,16.450000,-0.382961,1786.842000,1806.495000,1816.491000,1798.699730,0.541120,29.066251,0,test
AMZN,60,2018-10-18,19:30:00,2018-10-18T19:30:00+00:00,1776.640000,1779.000000,1767.790000,1772.900000,4238,11.210000,-0.210510,1781.328000,1800.811000,1814.716000,1794.008870,0.426444,22.120921,0,test
AMZN,60,2018-10-18,20:30:00,2018-10-18T20:30:00+00:00,1772.900000,1773.720000,1770.370000,1770.980000,160,3.350000,-0.108297,1776.598000,1794.760000,1812.637000,1789.821803,0.409191,22.631321,1,test
AMZN,60,2018-10-19,12:30:00,2018-10-19T12:30:00+00:00,1786.000000,1789.500000,1782.220000,1785.550000,432,7.280000,0.822708,1777.908000,1790.165000,1810.164500,1789.045111,0.544310,30.222262,1,test
AMZN,60,2018-10-19,13:30:00,2018-10-19T13:30:00+00:00,1787.920000,1808.980000,1782.520000,1800.980000,7206,26.460000,0.864160,1781.410000,1788.359000,1808.151000,1791.215091,0.622861,43.264950,0,test
AMZN,60,2018-10-19,14:30:00,2018-10-19T14:30:00+00:00,1801.700000,1805.970000,1789.980000,1791.830000,4909,15.990000,-0.508057,1784.448000,1785.645000,1805.694000,1791.326893,0.634690,32.825949,0,test
AMZN,60,2018-10-19,15:30:00,2018-10-19T15:30:00+00:00,1791.820000,1793.840000,1758.230000,1766.730000,5662,35.610000,-1.400803,1783.214000,1782.271000,1802.914000,1786.854730,0.701165,25.785223,1,test
AMZN,60,2018-10-19,16:30:00,2018-10-19T16:30:00+00:00,1766.750000,1773.890000,1760.230000,1769.470000,5474,13.660000,0.155089,1782.912000,1779.755000,1799.837500,1783.693870,0.707079,27.270062,0,test
AMZN,60,2018-10-19,17:30:00,2018-10-19T17:30:00+00:00,1769.440000,1770.580000,1752.990000,1760.280000,4999,17.590000,-0.519365,1777.858000,1777.883000,1796.515000,1779.436803,0.674630,27.939631,1,test
AMZN,60,2018-10-19,18:30:00,2018-10-19T18:30:00+00:00,1760.330000,1765.610000,1755.400000,1765.100000,5501,10.210000,0.273820,1770.682000,1776.046000,1793.259000,1776.830111,0.675985,30.471979,0,test
AMZN,60,2018-10-19,19:30:00,2018-10-19T19:30:00+00:00,1765.120000,1769.110000,1761.970000,1763.070000,3459,7.140000,-0.115008,1764.930000,1774.689000,1790.592000,1774.328273,0.668858,34.603985,1,test
AMZN,60,2018-10-22,12:30:00,2018-10-22T12:30:00+00:00,1783.740000,1784.660000,1778.030000,1780.010000,328,6.630000,0.960824,1767.586000,1775.400000,1788.105500,1775.361314,0.741082,44.485516,0,test
AMZN,60,2018-10-22,13:30:00,2018-10-22T13:30:00+00:00,1781.640000,1785.250000,1755.470000,1766.990000,6311,29.780000,-0.731457,1767.090000,1775.001000,1784.880500,1773.839257,0.780333,45.378992,1,test
AMZN,60,2018-10-22,14:30:00,2018-10-22T14:30:00+00:00,1766.970000,1809.000000,1764.100000,1799.070000,5483,44.900000,1.815517,1774.848000,1776.353000,1783.259000,1778.426665,0.945180,54.950495,0,test
AMZN,60,2018-10-22,15:30:00,2018-10-22T15:30:00+00:00,1799.070000,1802.000000,1784.400000,1788.880000,4591,17.600000,-0.566404,1779.604000,1775.143000,1781.751000,1780.327271,0.921174,53.803132,0,test
AMZN,60,2018-10-22,16:30:00,2018-10-22T16:30:00+00:00,1789.220000,1794.630000,1782.480000,1785.490000,3420,12.150000,-0.189504,1784.088000,1774.509000,1780.077000,1781.265949,0.909531,53.920409,0,test
AMZN,60,2018-10-22,17:30:00,2018-10-22T17:30:00+00:00,1785.490000,1792.070000,1780.140000,1781.130000,3820,11.930000,-0.244191,1784.312000,1775.949000,1779.110000,1781.241231,0.780471,53.113306,1,test
AMZN,60,2018-10-22,18:30:00,2018-10-22T18:30:00+00:00,1781.130000,1797.060000,1779.980000,1795.480000,4887,17.080000,0.805668,1790.010000,1778.550000,1779.152500,1783.830098,0.813479,53.049942,0,test
AMZN,60,2018-10-22,19:30:00,2018-10-22T19:30:00+00:00,1795.480000,1802.870000,1788.510000,1790.940000,3510,14.360000,-0.252857,1788.384000,1781.616000,1779.749500,1785.122808,0.793264,46.695194,1,test
AMZN,60,2018-10-22,20:30:00,2018-10-22T20:30:00+00:00,1790.950000,1792.150000,1790.530000,1790.970000,38,1.620000,0.001675,1788.802000,1784.203000,1780.124500,1786.185934,0.794189,49.698837,0,test
AMZN,60,2018-10-23,12:30:00,2018-10-23T12:30:00+00:00,1751.970000,1756.950000,1734.970000,1742.660000,816,21.980000,-2.697421,1780.236000,1782.162000,1778.425500,1778.272127,1.203661,42.749563,0,test
AMZN,60,2018-10-23,13:30:00,2018-10-23T13:30:00+00:00,1742.220000,1750.760000,1713.970000,1724.000000,7640,36.790000,-1.070777,1768.810000,1776.561000,1775.980500,1768.404468,1.173960,37.502061,1,test
AMZN,60,2018-10-23,14:30:00,2018-10-23T14:30:00+00:00,1724.000000,1743.280000,1719.170000,1738.110000,6358,24.110000,0.818445,1757.336000,1773.673000,1774.337000,1762.896383,1.214194,44.066799,0,test
AMZN,60,2018-10-23,15:30:00,2018-10-23T15:30:00+00:00,1738.110000,1739.890000,1722.470000,1737.900000,4879,17.420000,-0.012082,1746.728000,1767.556000,1771.954500,1758.351586,1.003381,42.536494,0,test
AMZN,60,2018-10-23,16:30:00,2018-10-23T16:30:00+00:00,1738.080000,1753.250000,1734.980000,1736.770000,4982,18.270000,-0.065021,1735.888000,1762.345000,1768.744000,1754.427661,1.003379,42.747629,1,test
AMZN,60,2018-10-23,17:30:00,2018-10-23T17:30:00+00:00,1737.380000,1762.010000,1731.140000,1756.480000,4182,30.870000,1.134865,1738.652000,1759.444000,1766.976500,1754.800814,1.100873,43.609104,1,test
AMZN,60,2018-10-23,18:30:00,2018-10-23T18:30:00+00:00,1756.450000,1775.800000,1756.450000,1769.480000,5174,19.350000,0.740117,1747.748000,1758.279000,1767.114000,1757.469757,1.135778,50.676373,1,test
AMZN,60,2018-10-23,19:30:00,2018-10-23T19:30:00+00:00,1769.550000,1771.740000,1764.630000,1771.470000,3069,7.110000,0.112462,1754.420000,1755.878000,1767.214000,1760.015255,1.097603,41.037797,0,test
AMZN,60,2018-10-23,20:30:00,2018-10-23T20:30:00+00:00,1771.480000,1771.500000,1767.970000,1767.980000,85,3.530000,-0.197012,1760.436000,1753.582000,1767.599000,1761.463391,1.097045,42.904671,1,test
AMZN,60,2018-10-24,12:30:00,2018-10-24T12:30:00+00:00,1778.350000,1779.310000,1771.020000,1772.530000,361,8.290000,0.257356,1767.588000,1751.738000,1767.970500,1763.475502,1.103248,45.634600,0,test
AMZN,60,2018-10-24,13:30:00,2018-10-24T13:30:00+00:00,1773.550000,1776.010000,1749.620000,1753.470000,6429,26.390000,-1.075299,1766.986000,1752.819000,1767.490500,1761.656319,0.737043,41.522619,0,test
AMZN,60,2018-10-24,14:30:00,2018-10-24T14:30:00+00:00,1753.500000,1760.100000,1732.980000,1733.000000,4911,27.120000,-1.167399,1759.690000,1753.719000,1765.140000,1756.446080,0.754015,31.543188,1,test
AMZN,60,2018-10-24,15:30:00,2018-10-24T15:30:00+00:00,1733.000000,1749.120000,1729.940000,1736.690000,4613,19.180000,0.212926,1752.734000,1753.577000,1763.625000,1752.854065,0.708820,33.893474,0,test
AMZN,60,2018-10-24,16:30:00,2018-10-24T16:30:00+00:00,1736.690000,1741.130000,1722.860000,1724.480000,4702,18.270000,-0.703062,1744.034000,1752.235000,1759.895500,1747.695144,0.742374,31.590897,0,test
AMZN,60,2018-10-24,17:30:00,2018-10-24T17:30:00+00:00,1724.470000,1729.890000,1704.240000,1717.150000,5811,25.650000,-0.425056,1732.958000,1750.273000,1756.309000,1742.141482,0.750522,40.863835,0,test
AMZN,60,2018-10-24,18:30:00,2018-10-24T18:30:00+00:00,1717.330000,1719.030000,1692.120000,1692.460000,6901,26.910000,-1.437848,1720.756000,1743.871000,1751.657500,1733.108485,0.716159,39.171931,0,test
AMZN,60,2018-10-24,19:30:00,2018-10-24T19:30:00+00:00,1692.450000,1699.250000,1656.200000,1683.000000,5572,43.050000,-0.558950,1710.756000,1735.223000,1746.751000,1723.997851,0.601388,30.456061,1,test
AMZN,60,2018-10-24,20:30:00,2018-10-24T20:30:00+00:00,1683.470000,1691.500000,1675.970000,1690.980000,523,15.530000,0.474153,1701.614000,1727.174000,1741.526000,1717.994606,0.651023,34.229632,1,test
AMZN,60,2018-10-25,12:30:00,2018-10-25T12:30:00+00:00,1702.060000,1703.470000,1690.990000,1701.020000,818,12.480000,0.593739,1696.922000,1720.478000,1737.030000,1714.908314,0.730019,38.663030,1,test
AMZN,60,2018-10-25,13:30:00,2018-10-25T13:30:00+00:00,1701.050000,1734.370000,1691.980000,1728.220000,7189,42.390000,1.599041,1699.136000,1716.047000,1733.892500,1717.328620,0.950708,41.444660,1,test
AMZN,60,2018-10-25,14:30:00,2018-10-25T14:30:00+00:00,1728.020000,1751.120000,1727.070000,1745.870000,5710,24.050000,1.021282,1709.818000,1715.287000,1734.053000,1722.517962,0.978942,43.048113,1,test
AMZN,60,2018-10-25,15:30:00,2018-10-25T15:30:00+00:00,1746.460000,1760.200000,1741.980000,1750.920000,4779,18.220000,0.289254,1723.402000,1717.079000,1735.399000,1727.681969,0.897377,44.056227,0,test
AMZN,60,2018-10-25,16:30:00,2018-10-25T16:30:00+00:00,1750.930000,1760.030000,1742.120000,1747.000000,4449,17.910000,-0.223882,1734.606000,1718.110000,1735.843500,1731.194338,0.902242,43.946913,1,test
AMZN,60,2018-10-25,17:30:00,2018-10-25T17:30:00+00:00,1747.000000,1774.770000,1742.370000,1774.000000,5059,32.400000,1.545507,1749.202000,1723.062000,1737.648500,1738.977186,0.967949,50.375479,1,test
AMZN,60,2018-10-25,18:30:00,2018-10-25T18:30:00+00:00,1773.850000,1792.380000,1771.070000,1787.490000,6741,21.310000,0.760428,1761.056000,1730.096000,1740.184500,1747.797697,0.943232,58.944158,0,test
AMZN,60,2018-10-25,19:30:00,2018-10-25T19:30:00+00:00,1787.490000,1794.080000,1661.970000,1683.970000,7927,132.110000,-5.791361,1748.676000,1729.247000,1736.559000,1736.192662,2.137542,41.027706,0,test
AMZN,60,2018-10-25,20:30:00,2018-10-25T20:30:00+00:00,1683.990000,1691.480000,1647.970000,1653.680000,2318,43.510000,-1.798726,1729.228000,1726.315000,1730.769000,1721.190359,2.206529,36.157156,0,test
AMZN,60,2018-10-26,12:30:00,2018-10-26T12:30:00+00:00,1631.100000,1668.080000,1631.090000,1648.600000,2414,36.990000,-0.307194,1709.548000,1722.077000,1724.625500,1707.992112,2.195659,37.037923,0,test
AMZN,60,2018-10-26,13:30:00,2018-10-26T13:30:00+00:00,1648.600000,1663.890000,1602.980000,1632.950000,9480,60.910000,-0.949290,1681.338000,1715.270000,1717.874000,1694.348092,2.185440,36.014218,1,test
AMZN,60,2018-10-26,14:30:00,2018-10-26T14:30:00+00:00,1633.360000,1644.340000,1612.970000,1640.070000,7435,31.370000,0.436021,1651.854000,1706.455000,1711.251000,1684.479348,2.097262,40.758511,1,test
AMZN,60,2018-10-26,15:30:00,2018-10-26T15:30:00+00:00,1640.090000,1653.720000,1631.370000,1651.000000,6795,22.350000,0.666435,1645.260000,1696.968000,1706.127500,1678.392194,2.071472,44.384389,1,test
AMZN,60,2018-10-26,16:30:00,2018-10-26T16:30:00+00:00,1651.000000,1697.660000,1648.970000,1668.000000,7543,48.690000,1.029679,1648.124000,1688.676000,1702.877500,1676.502704,2.117030,46.091039,0,test
AMZN,60,2018-10-26,17:30:00,2018-10-26T17:30:00+00:00,1668.000000,1668.050000,1635.970000,1647.190000,6495,32.080000,-1.247602,1647.842000,1678.695000,1698.402500,1671.173121,2.128888,41.167011,0,test
AMZN,60,2018-10-26,18:30:00,2018-10-26T18:30:00+00:00,1647.220000,1654.020000,1629.060000,1633.070000,7302,24.960000,-0.857217,1647.866000,1664.602000,1693.832000,1664.245281,1.995562,33.686521,1,test
AMZN,60,2018-10-26,19:30:00,2018-10-26T19:30:00+00:00,1633.970000,1644.000000,1627.980000,1639.100000,4733,16.020000,0.369243,1647.672000,1649.763000,1689.929500,1659.673412,1.965047,30.934609,1,test
AMZN,60,2018-10-29,12:30:00,2018-10-29T12:30:00+00:00,1666.000000,1668.210000,1655.020000,1658.710000,656,13.190000,1.196388,1649.214000,1647.237000,1688.242000,1659.498246,1.031214,34.348372,0,test
AMZN,60,2018-10-29,13:30:00,2018-10-29T13:30:00+00:00,1658.710000,1665.330000,1625.970000,1632.220000,7787,39.360000,-1.597024,1642.058000,1645.091000,1685.703000,1654.538565,0.996695,31.903891,0,test
AMZN,60,2018-10-29,14:30:00,2018-10-29T14:30:00+00:00,1632.250000,1635.670000,1585.940000,1600.010000,8328,49.730000,-1.973386,1632.622000,1640.232000,1681.154500,1644.624280,1.156758,23.012254,0,test
AMZN,60,2018-10-29,15:30:00,2018-10-29T15:30:00+00:00,1600.630000,1609.300000,1549.970000,1553.600000,8483,59.330000,-2.900607,1616.728000,1632.297000,1673.783500,1628.074411,1.415478,17.082782,1,test
AMZN,60,2018-10-29,16:30:00,2018-10-29T16:30:00+00:00,1553.600000,1583.280000,1549.970000,1567.060000,7540,33.310000,0.866375,1602.320000,1624.996000,1665.725500,1616.980882,1.452738,27.958976,0,test
AMZN,60,2018-10-29,17:30:00,2018-10-29T17:30:00+00:00,1568.390000,1582.640000,1547.970000,1548.990000,7159,34.670000,-1.153115,1580.376000,1614.795000,1655.881500,1604.618903,1.411458,29.309459,0,test
AMZN,60,2018-10-29,18:30:00,2018-10-29T18:30:00+00:00,1548.980000,1551.000000,1505.970000,1517.390000,9593,45.030000,-2.040039,1557.410000,1599.734000,1644.205000,1588.759103,1.343354,26.528568,1,test
AMZN,60,2018-10-29,19:30:00,2018-10-29T19:30:00+00:00,1517.350000,1542.880000,1494.970000,1536.210000,6028,47.910000,1.240288,1544.650000,1588.636000,1633.665500,1579.204720,1.500004,32.888779,0,test
AMZN,60,2018-10-29,20:30:00,2018-10-29T20:30:00+00:00,1536.210000,1537.000000,1529.970000,1529.970000,238,7.030000,-0.406194,1539.924000,1578.326000,1621.464000,1570.252953,1.501028,30.464869,0,test
AMZN,60,2018-10-30,12:30:00,2018-10-30T12:30:00+00:00,1524.990000,1525.000000,1481.070000,1486.150000,2230,43.930000,-2.864108,1523.742000,1563.031000,1606.397000,1554.961507,1.604218,23.807557,1,test
AMZN,60,2018-10-30,13:30:00,2018-10-30T13:30:00+00:00,1485.000000,1539.990000,1476.220000,1520.380000,9474,63.770000,2.303267,1518.020000,1549.198000,1598.217500,1548.673960,1.796446,27.762714,1,test
AMZN,60,2018-10-30,14:30:00,2018-10-30T14:30:00+00:00,1520.390000,1532.570000,1488.990000,1524.720000,8095,43.580000,0.285455,1519.486000,1538.448000,1591.769500,1544.318695,1.808347,30.588049,0,test
AMZN,60,2018-10-30,15:30:00,2018-10-30T15:30:00+00:00,1524.810000,1537.250000,1512.080000,1523.990000,6536,25.170000,-0.047878,1517.042000,1530.846000,1585.539000,1540.622568,1.755189,31.943985,0,test
AMZN,60,2018-10-30,16:30:00,2018-10-30T16:30:00+00:00,1524.010000,1530.190000,1496.340000,1498.610000,6889,33.850000,-1.665365,1510.770000,1525.347000,1578.822000,1532.983920,1.602039,28.144737,1,test
AMZN,60,2018-10-30,17:30:00,2018-10-30T17:30:00+00:00,1498.590000,1512.190000,1484.030000,1500.940000,6416,28.160000,0.155477,1513.728000,1518.735000,1571.865500,1527.157752,1.557306,24.062079,1,test
AMZN,60,2018-10-30,18:30:00,2018-10-30T18:30:00+00:00,1500.950000,1524.780000,1495.270000,1519.430000,6828,29.510000,1.231895,1513.538000,1515.779000,1565.287000,1525.752707,1.614021,30.955999,1,test
AMZN,60,2018-10-30,19:30:00,2018-10-30T19:30:00+00:00,1519.430000,1542.900000,1515.750000,1540.000000,5175,27.150000,1.353797,1516.594000,1518.040000,1558.887000,1528.343124,1.534472,39.453056,0,test
AMZN,60,2018-10-30,20:30:00,2018-10-30T20:30:00+00:00,1540.000000,1550.000000,1536.480000,1540.000000,485,13.520000,0.000000,1519.796000,1518.419000,1553.527500,1530.462556,1.486714,47.143817,1,test
AMZN,60,2018-10-31,12:30:00,2018-10-31T12:30:00+00:00,1560.480000,1567.570000,1559.370000,1566.490000,876,8.200000,1.720130,1533.372000,1522.071000,1550.198500,1537.013000,1.566571,49.886504,1,test
AMZN,60,2018-10-31,13:30:00,2018-10-31T13:30:00+00:00,1569.080000,1621.090000,1564.970000,1613.820000,8664,56.120000,3.021405,1555.948000,1534.838000,1548.934500,1550.977909,1.359680,61.561508,0,test
AMZN,60,2018-10-31,14:30:00,2018-10-31T14:30:00+00:00,1613.820000,1623.450000,1583.300000,1601.000000,7519,40.150000,-0.794388,1572.262000,1542.900000,1546.049000,1560.072835,1.340945,65.981115,0,test
AMZN,60,2018-10-31,15:30:00,2018-10-31T15:30:00+00:00,1601.000000,1602.100000,1577.380000,1590.520000,5490,24.720000,-0.654591,1582.366000,1549.480000,1543.964000,1565.608683,1.391676,60.722606,1,test
AMZN,60,2018-10-31,16:30:00,2018-10-31T16:30:00+00:00,1590.700000,1613.520000,1590.030000,1607.010000,5659,23.490000,1.036768,1595.768000,1557.782000,1544.314000,1573.136195,1.392383,64.618596,1,test
AMZN,60,2018-10-31,17:30:00,2018-10-31T17:30:00+00:00,1607.010000,1612.870000,1598.440000,1609.700000,5757,14.430000,0.167392,1604.410000,1568.891000,1547.119000,1579.784160,1.173125,77.780276,0,test
AMZN,60,2018-10-31,18:30:00,2018-10-31T18:30:00+00:00,1609.700000,1614.500000,1601.850000,1607.700000,6100,12.650000,-0.124247,1603.186000,1579.567000,1549.151000,1584.859767,1.191374,72.962028,0,test
AMZN,60,2018-10-31,19:30:00,2018-10-31T19:30:00+00:00,1607.670000,1609.300000,1594.190000,1598.000000,4176,15.110000,-0.603346,1602.586000,1587.424000,1551.601500,1587.248900,1.239981,68.741688,1,test
AMZN,60,2018-10-31,20:30:00,2018-10-31T20:30:00+00:00,1599.250000,1600.130000,1597.970000,1599.480000,78,2.160000,0.092616,1604.378000,1593.372000,1555.706000,1589.472737,1.208623,69.233121,1,test
AMZN,60,2018-11-01,12:30:00,2018-11-01T12:30:00+00:00,1622.600000,1624.920000,1614.380000,1624.000000,664,10.540000,1.532998,1607.776000,1601.772000,1560.095500,1595.750421,1.250688,82.087108,0,test
AMZN,60,2018-11-01,13:30:00,2018-11-01T13:30:00+00:00,1624.000000,1630.180000,1598.200000,1616.110000,7895,31.980000,-0.485837,1609.058000,1606.734000,1564.402500,1599.452163,1.213291,78.656382,0,test
AMZN,60,2018-11-01,14:30:00,2018-11-01T14:30:00+00:00,1616.140000,1628.020000,1606.970000,1614.460000,6097,21.050000,-0.102097,1610.410000,1606.798000,1570.818000,1602.180860,0.756205,75.807941,1,test
AMZN,60,2018-11-01,15:30:00,2018-11-01T15:30:00+00:00,1614.460000,1627.370000,1613.710000,1626.000000,5176,13.660000,0.714790,1616.010000,1609.298000,1576.099000,1606.511613,0.728699,74.560201,1,test
AMZN,60,2018-11-01,16:30:00,2018-11-01T16:30:00+00:00,1625.970000,1652.810000,1624.140000,1651.750000,5954,28.670000,1.583641,1626.464000,1615.421000,1582.450500,1614.736774,0.792513,77.822039,1,test
AMZN,60,2018-11-01,17:30:00,2018-11-01T17:30:00+00:00,1651.690000,1670.000000,1642.120000,1667.970000,6188,27.880000,0.981989,1635.258000,1621.517000,1589.649500,1624.415543,0.787653,76.626784,0,test
AMZN,60,2018-11-01,18:30:00,2018-11-01T18:30:00+00:00,1667.870000,1669.520000,1658.430000,1662.540000,5505,11.090000,-0.325545,1644.544000,1626.801000,1597.846000,1631.347262,0.817021,66.386385,0,test
AMZN,60,2018-11-01,19:30:00,2018-11-01T19:30:00+00:00,1662.520000,1669.970000,1655.740000,1661.490000,3956,14.230000,-0.063156,1653.950000,1632.180000,1605.873500,1636.827760,0.813497,72.094382,0,test
AMZN,60,2018-11-01,20:30:00,2018-11-01T20:30:00+00:00,1661.520000,1661.520000,1641.970000,1649.550000,660,19.550000,-0.718632,1658.660000,1637.335000,1612.379500,1639.140894,0.828906,71.333574,1,test
AMZN,60,2018-11-02,12:30:00,2018-11-02T12:30:00+00:00,1683.700000,1684.270000,1667.970000,1679.470000,1237,16.300000,1.813828,1664.204000,1645.334000,1619.353000,1646.473459,0.946551,73.870075,0,test
AMZN,60,2018-11-02,13:30:00,2018-11-02T13:30:00+00:00,1675.070000,1696.890000,1667.210000,1668.880000,7988,29.680000,-0.630556,1664.386000,1649.822000,1625.797000,1650.547376,0.929586,68.530812,0,test
AMZN,60,2018-11-02,14:30:00,2018-11-02T14:30:00+00:00,1668.880000,1674.560000,1654.130000,1663.600000,6831,20.430000,-0.316380,1664.598000,1654.571000,1630.652500,1652.920580,0.915577,67.151448,1,test
AMZN,60,2018-11-02,15:30:00,2018-11-02T15:30:00+00:00,1663.580000,1676.030000,1662.620000,1670.160000,4580,13.410000,0.394326,1666.332000,1660.141000,1633.469500,1656.055020,0.905125,72.575397,0,test
AMZN,60,2018-11-02,16:30:00,2018-11-02T16:30:00+00:00,1670.160000,1670.730000,1654.850000,1667.340000,4927,15.880000,-0.168846,1669.890000,1664.275000,1636.786500,1658.106835,0.907971,71.053611,1,test
AMZN,60,2018-11-02,17:30:00,2018-11-02T17:30:00+00:00,1667.310000,1671.560000,1651.680000,1668.030000,4914,19.880000,0.041383,1667.602000,1665.903000,1640.662000,1659.911046,0.779059,66.030729,0,test
AMZN,60,2018-11-02,18:30:00,2018-11-02T18:30:00+00:00,1668.010000,1671.610000,1659.480000,1666.790000,5500,12.130000,-0.074339,1667.184000,1665.785000,1643.651000,1661.161765,0.715315,69.390878,0,test
AMZN,60,2018-11-02,19:30:00,2018-11-02T19:30:00+00:00,1666.800000,1667.310000,1659.940000,1665.420000,3030,7.370000,-0.082194,1667.548000,1666.073000,1646.437000,1661.935990,0.707285,69.539877,0,test
AMZN,60,2018-11-05,13:30:00,2018-11-05T13:30:00+00:00,1654.970000,1660.240000,1654.970000,1657.570000,315,5.270000,-0.471353,1665.030000,1665.681000,1648.930500,1661.142173,0.724166,62.457580,0,test
AMZN,60,2018-11-05,14:30:00,2018-11-05T14:30:00+00:00,1657.000000,1657.040000,1608.170000,1612.580000,6662,48.870000,-2.714214,1654.078000,1661.984000,1649.659500,1652.312687,1.109911,36.581021,0,test
AMZN,60,2018-11-05,15:30:00,2018-11-05T15:30:00+00:00,1613.240000,1616.690000,1596.200000,1600.070000,5526,20.490000,-0.775775,1640.486000,1654.044000,1649.689000,1642.814017,0.855351,26.131890,1,test
AMZN,60,2018-11-05,16:30:00,2018-11-05T16:30:00+00:00,1600.100000,1614.380000,1596.630000,1609.260000,4030,17.750000,0.574350,1628.980000,1648.082000,1648.952000,1636.713287,0.914569,31.753425,0,test
AMZN,60,2018-11-05,17:30:00,2018-11-05T17:30:00+00:00,1609.240000,1611.950000,1603.020000,1605.480000,4044,8.930000,-0.234891,1616.992000,1642.270000,1648.420500,1631.034507,0.915357,31.170578,1,test
AMZN,60,2018-11-05,18:30:00,2018-11-05T18:30:00+00:00,1605.500000,1629.300000,1603.020000,1626.230000,4214,26.280000,1.292448,1610.724000,1637.877000,1649.009000,1630.160960,1.033115,42.598705,0,test
AMZN,60,2018-11-05,19:30:00,2018-11-05T19:30:00+00:00,1626.260000,1636.110000,1620.480000,1625.940000,4234,15.630000,-0.017833,1613.396000,1633.737000,1649.006000,1629.393513,1.035717,29.075131,1,test
AMZN,60,2018-11-05,20:30:00,2018-11-05T20:30:00+00:00,1625.940000,1629.740000,1619.030000,1626.500000,2966,10.710000,0.034442,1618.682000,1629.584000,1647.743500,1628.867420,1.035506,32.024092,0,test
AMZN,60,2018-11-05,21:30:00,2018-11-05T21:30:00+00:00,1626.500000,1627.000000,1624.970000,1625.370000,43,2.030000,-0.069474,1621.904000,1625.442000,1645.613500,1628.231525,1.035597,33.192649,0,test
AMZN,60,2018-11-06,13:30:00,2018-11-06T13:30:00+00:00,1616.470000,1619.960000,1614.970000,1618.980000,299,4.990000,-0.393141,1624.604000,1620.798000,1643.435500,1626.549430,1.034785,27.465657,1,test
AMZN,60,2018-11-06,14:30:00,2018-11-06T14:30:00+00:00,1618.970000,1664.470000,1614.520000,1650.640000,6636,49.950000,1.955552,1629.486000,1620.105000,1642.893000,1630.929533,1.247094,44.136236,0,test
AMZN,60,2018-11-06,15:30:00,2018-11-06T15:30:00+00:00,1650.650000,1652.610000,1635.130000,1638.540000,5575,17.480000,-0.733049,1632.006000,1622.701000,1642.342500,1632.313255,0.876432,40.413497,1,test
AMZN,60,2018-11-06,16:30:00,2018-11-06T16:30:00+00:00,1638.560000,1651.820000,1635.420000,1649.320000,4071,16.400000,0.657903,1636.570000,1627.626000,1640.835000,1635.405390,0.821281,44.652586,0,test
AMZN,60,2018-11-06,17:30:00,2018-11-06T17:30:00+00:00,1649.420000,1654.850000,1640.120000,1641.500000,3777,14.730000,-0.474135,1639.796000,1630.850000,1639.466000,1636.513501,0.849739,42.956419,0,test
AMZN,60,2018-11-06,18:30:00,2018-11-06T18:30:00+00:00,1641.500000,1645.890000,1620.120000,1621.810000,4020,25.770000,-1.199513,1640.362000,1632.483000,1637.376500,1633.840137,0.953264,40.156353,1,test
AMZN,60,2018-11-06,19:30:00,2018-11-06T19:30:00+00:00,1621.810000,1641.310000,1620.470000,1640.000000,4373,20.840000,1.121586,1638.234000,1633.860000,1635.868500,1634.960112,0.930890,58.854301,1,test
AMZN,60,2018-11-06,20:30:00,2018-11-06T20:30:00+00:00,1639.990000,1645.990000,1635.070000,1645.000000,2815,10.920000,0.304878,1639.526000,1635.766000,1634.751500,1636.785546,0.932397,65.248083,0,test
AMZN,60,2018-11-06,21:30:00,2018-11-06T21:30:00+00:00,1645.240000,1645.570000,1644.960000,1645.000000,39,0.610000,0.000000,1638.662000,1637.616000,1633.600000,1638.279083,0.932814,62.936152,1,test
AMZN,60,2018-11-07,13:30:00,2018-11-07T13:30:00+00:00,1667.980000,1671.530000,1662.970000,1671.510000,451,8.560000,1.611550,1644.664000,1642.230000,1633.836000,1644.321068,1.040694,70.522782,1,test
AMZN,60,2018-11-07,14:30:00,2018-11-07T14:30:00+00:00,1671.520000,1713.290000,1663.470000,1711.490000,7673,49.820000,2.391849,1662.600000,1651.481000,1636.139500,1656.533601,1.199528,73.670183,1,test
AMZN,60,2018-11-07,15:30:00,2018-11-07T15:30:00+00:00,1711.420000,1730.650000,1710.070000,1714.640000,6455,20.580000,0.184050,1677.528000,1657.881000,1638.993000,1667.098401,1.097610,74.240271,1,test
AMZN,60,2018-11-07,16:30:00,2018-11-07T16:30:00+00:00,1714.660000,1734.680000,1714.540000,1727.510000,4989,20.140000,0.750595,1694.030000,1666.778000,1644.739500,1678.082328,1.027497,75.864188,1,test
AMZN,60,2018-11-07,17:30:00,2018-11-07T17:30:00+00:00,1727.520000,1743.980000,1727.000000,1742.000000,4532,16.980000,0.838780,1713.430000,1676.046000,1651.836000,1689.703723,1.031488,77.951397,1,test
AMZN,60,2018-11-07,18:30:00,2018-11-07T18:30:00+00:00,1741.990000,1743.530000,1731.270000,1742.960000,4425,12.260000,0.055109,1727.720000,1686.192000,1658.521000,1699.386682,0.985485,80.506890,1,test
AMZN,60,2018-11-07,19:30:00,2018-11-07T19:30:00+00:00,1743.020000,1749.280000,1737.680000,1747.370000,4691,11.600000,0.253018,1734.896000,1698.748000,1665.615500,1708.110922,0.774215,77.487923,1,test
AMZN,60,2018-11-07,20:30:00,2018-11-07T20:30:00+00:00,1747.320000,1760.000000,1745.780000,1756.000000,4073,14.220000,0.493885,1743.168000,1710.348000,1672.104000,1716.818027,0.766249,84.050325,0,test
AMZN,60,2018-11-07,21:30:00,2018-11-07T21:30:00+00:00,1756.000000,1756.990000,1754.970000,1754.970000,351,2.020000,-0.058656,1748.660000,1721.345000,1678.555500,1723.754749,0.794565,82.461746,0,test
AMZN,60,2018-11-08,13:30:00,2018-11-08T13:30:00+00:00,1752.770000,1755.460000,1748.170000,1749.270000,529,7.290000,-0.324792,1750.114000,1731.772000,1684.694000,1728.393886,0.830025,83.550215,1,test
AMZN,60,2018-11-08,14:30:00,2018-11-08T14:30:00+00:00,1751.680000,1779.360000,1724.980000,1771.830000,7268,54.380000,1.289681,1755.888000,1741.804000,1692.017000,1736.291361,0.792683,95.883288,0,test
AMZN,60,2018-11-08,15:30:00,2018-11-08T15:30:00+00:00,1771.860000,1783.800000,1761.470000,1770.360000,5317,22.330000,-0.082965,1760.486000,1747.691000,1699.586000,1742.485659,0.498416,94.412646,0,test
AMZN,60,2018-11-08,16:30:00,2018-11-08T16:30:00+00:00,1770.370000,1772.110000,1763.470000,1763.630000,5085,8.640000,-0.380149,1762.012000,1752.590000,1705.235500,1746.330085,0.547528,89.945451,0,test
AMZN,60,2018-11-08,17:30:00,2018-11-08T17:30:00+00:00,1763.620000,1764.630000,1750.470000,1750.500000,4526,14.160000,-0.744487,1761.118000,1754.889000,1710.833500,1747.088251,0.606720,82.638287,1,test
AMZN,60,2018-11-08,18:30:00,2018-11-08T18:30:00+00:00,1750.470000,1770.250000,1747.060000,1755.970000,5930,23.190000,0.312482,1762.458000,1756.286000,1716.166000,1748.703115,0.559799,80.039835,0,test
AMZN,60,2018-11-08,19:30:00,2018-11-08T19:30:00+00:00,1755.970000,1756.850000,1741.080000,1741.500000,6093,15.770000,-0.824046,1756.392000,1756.140000,1721.166000,1747.393457,0.629115,63.039889,1,test
AMZN,60,2018-11-08,20:30:00,2018-11-08T20:30:00+00:00,1741.510000,1755.460000,1740.790000,1754.240000,3333,14.670000,0.731553,1753.168000,1756.827000,1727.787500,1748.638283,0.668052,65.883202,0,test
AMZN,60,2018-11-08,21:30:00,2018-11-08T21:30:00+00:00,1754.050000,1754.050000,1752.070000,1752.540000,50,1.980000,-0.096908,1750.950000,1756.481000,1733.414500,1749.347686,0.649439,61.027403,0,test
AMZN,60,2018-11-09,13:30:00,2018-11-09T13:30:00+00:00,1737.470000,1738.000000,1734.370000,1734.520000,377,3.630000,-1.028222,1747.754000,1754.436000,1737.890500,1746.651743,0.724275,46.803965,0,test
AMZN,60,2018-11-09,14:30:00,2018-11-09T14:30:00+00:00,1734.490000,1742.660000,1715.000000,1724.000000,7117,27.660000,-0.606508,1741.360000,1751.909000,1741.840500,1742.533245,0.738686,42.510665,0,test
AMZN,60,2018-11-09,15:30:00,2018-11-09T15:30:00+00:00,1723.990000,1729.330000,1711.470000,1719.810000,6208,17.860000,-0.243039,1737.022000,1746.707000,1744.255500,1738.401746,0.540942,39.094650,0,test
AMZN,60,2018-11-09,16:30:00,2018-11-09T16:30:00+00:00,1719.790000,1722.570000,1707.470000,1712.570000,5867,15.100000,-0.420977,1728.688000,1740.928000,1744.309500,1733.705065,0.536679,32.623830,0,test
AMZN,60,2018-11-09,17:30:00,2018-11-09T17:30:00+00:00,1712.570000,1718.150000,1706.980000,1708.370000,5499,11.170000,-0.245245,1719.854000,1735.402000,1743.996000,1729.098689,0.536974,31.816763,0,test
AMZN,60,2018-11-09,18:30:00,2018-11-09T18:30:00+00:00,1708.520000,1710.740000,1701.720000,1702.090000,5163,9.020000,-0.367602,1713.368000,1730.561000,1742.725000,1724.188018,0.516434,31.673400,1,test
AMZN,60,2018-11-09,19:30:00,2018-11-09T19:30:00+00:00,1702.060000,1721.340000,1702.060000,1720.220000,5866,19.280000,1.065161,1712.612000,1726.986000,1741.636000,1723.466561,0.649819,29.238072,0,test
AMZN,60,2018-11-09,20:30:00,2018-11-09T20:30:00+00:00,1720.230000,1721.870000,1710.590000,1712.000000,3569,11.280000,-0.477846,1711.050000,1724.036000,1740.088000,1721.381731,0.621704,27.731990,0,test
AMZN,60,2018-11-12,13:30:00,2018-11-12T13:30:00+00:00,1691.500000,1698.000000,1684.990000,1696.500000,531,13.010000,-0.905374,1707.836000,1718.262000,1737.544500,1716.857780,0.571747,25.992418,0,test
AMZN,60,2018-11-12,14:30:00,2018-11-12T14:30:00+00:00,1697.000000,1707.660000,1656.520000,1665.160000,7262,51.140000,-1.847333,1699.194000,1709.524000,1733.002500,1707.458184,0.735929,22.997089,0,test
AMZN,60,2018-11-12,15:30:00,2018-11-12T15:30:00+00:00,1665.190000,1665.200000,1630.020000,1632.790000,6992,35.180000,-1.943957,1685.334000,1699.351000,1726.893500,1693.882150,0.855204,16.693705,1,test
AMZN,60,2018-11-12,16:30:00,2018-11-12T16:30:00+00:00,1632.800000,1659.560000,1631.470000,1650.200000,6147,28.090000,1.066273,1671.330000,1691.971000,1721.940000,1685.939941,1.004243,25.699989,0,test
AMZN,60,2018-11-12,17:30:00,2018-11-12T17:30:00+00:00,1650.220000,1651.690000,1633.810000,1644.090000,5542,17.880000,-0.370258,1657.748000,1684.399000,1715.553000,1678.330861,1.002387,19.610440,1,test
AMZN,60,2018-11-12,18:30:00,2018-11-12T18:30:00+00:00,1643.890000,1662.290000,1636.050000,1649.970000,4730,26.240000,0.357645,1648.442000,1678.139000,1709.533500,1673.174341,1.034172,22.339680,0,test
AMZN,60,2018-11-12,19:30:00,2018-11-12T19:30:00+00:00,1649.960000,1660.250000,1639.920000,1645.000000,5289,20.330000,-0.301218,1644.410000,1671.802000,1703.602000,1668.051733,1.033592,24.031098,0,test
AMZN,60,2018-11-12,20:30:00,2018-11-12T20:30:00+00:00,1644.990000,1646.210000,1630.180000,1631.740000,4212,16.030000,-0.806079,1644.200000,1664.767000,1697.664000,1661.449600,1.042625,23.655054,1,test
AMZN,60,2018-11-12,21:30:00,2018-11-12T21:30:00+00:00,1631.750000,1634.000000,1630.970000,1633.120000,133,3.030000,0.084572,1640.784000,1656.057000,1691.521500,1656.298764,0.927577,24.841836,1,test
AMZN,60,2018-11-13,13:30:00,2018-11-13T13:30:00+00:00,1650.000000,1652.000000,1644.970000,1645.550000,540,7.030000,0.761120,1641.076000,1649.412000,1686.724000,1654.344443,1.011907,31.118999,0,test
AMZN,60,2018-11-13,14:30:00,2018-11-13T14:30:00+00:00,1649.280000,1666.470000,1613.720000,1626.140000,7521,52.750000,-1.179545,1636.310000,1642.376000,1680.319000,1649.216362,1.030944,28.662619,1,test
AMZN,60,2018-11-13,15:30:00,2018-11-13T15:30:00+00:00,1626.130000,1676.940000,1625.120000,1663.500000,6423,51.820000,2.297465,1640.010000,1642.210000,1675.867000,1651.813387,1.210024,41.377307,0,test
AMZN,60,2018-11-13,16:30:00,2018-11-13T16:30:00+00:00,1663.680000,1663.680000,1645.970000,1649.000000,4862,17.710000,-0.871656,1643.462000,1643.831000,1671.591000,1651.301862,1.056753,33.823930,0,test
AMZN,60,2018-11-13,17:30:00,2018-11-13T17:30:00+00:00,1649.020000,1649.020000,1635.980000,1641.010000,5217,13.040000,-0.484536,1645.040000,1642.912000,1667.441500,1649.430615,1.012693,33.859306,0,test
AMZN,60,2018-11-13,18:30:00,2018-11-13T18:30:00+00:00,1641.030000,1655.100000,1623.990000,1633.220000,5071,31.110000,-0.474708,1642.574000,1641.825000,1663.112000,1646.483230,1.016879,35.089538,0,test
AMZN,60,2018-11-13,19:30:00,2018-11-13T19:30:00+00:00,1632.980000,1638.270000,1625.040000,1629.950000,5291,13.230000,-0.200218,1643.336000,1639.823000,1658.981000,1643.477188,1.006567,40.438820,1,test
AMZN,60,2018-11-13,20:30:00,2018-11-13T20:30:00+00:00,1629.580000,1634.990000,1623.640000,1631.480000,3530,11.350000,0.093868,1636.932000,1638.471000,1655.136500,1641.295881,1.006308,49.572705,1,test
AMZN,60,2018-11-13,21:30:00,2018-11-13T21:30:00+00:00,1632.480000,1637.000000,1631.460000,1635.000000,114,5.540000,0.215755,1634.132000,1638.797000,1651.782000,1640.151176,0.975569,44.548063,1,test
AMZN,60,2018-11-14,13:30:00,2018-11-14T13:30:00+00:00,1644.220000,1657.090000,1644.220000,1655.990000,662,12.870000,1.283792,1637.128000,1641.084000,1648.570500,1643.030962,1.054341,53.856624,0,test
AMZN,60,2018-11-14,14:30:00,2018-11-14T14:30:00+00:00,1655.980000,1671.800000,1629.090000,1640.400000,7665,42.710000,-0.941431,1638.564000,1640.569000,1644.990500,1642.552605,1.080772,47.082139,0,test
AMZN,60,2018-11-14,15:30:00,2018-11-14T15:30:00+00:00,1640.480000,1645.730000,1617.970000,1622.730000,5919,27.760000,-1.077176,1637.120000,1640.228000,1641.302000,1638.948495,1.069055,43.698002,1,test
AMZN,60,2018-11-14,16:30:00,2018-11-14T16:30:00+00:00,1622.760000,1629.670000,1614.420000,1625.220000,5434,15.250000,0.153445,1635.868000,1636.400000,1639.305000,1636.452405,0.707366,48.035198,0,test
AMZN,60,2018-11-14,17:30:00,2018-11-14T17:30:00+00:00,1625.220000,1625.720000,1613.720000,1619.360000,5215,12.000000,-0.360567,1632.740000,1633.436000,1638.633500,1633.344695,0.673531,45.962441,0,test
AMZN,60,2018-11-14,18:30:00,2018-11-14T18:30:00+00:00,1619.350000,1620.980000,1597.970000,1607.530000,7018,23.010000,-0.730536,1623.048000,1630.088000,1636.500000,1628.651114,0.690209,38.804476,1,test
AMZN,60,2018-11-14,19:30:00,2018-11-14T19:30:00+00:00,1607.490000,1620.900000,1601.120000,1610.090000,7087,19.780000,0.159251,1616.986000,1627.775000,1634.800000,1625.276366,0.691673,44.753187,0,test
AMZN,60,2018-11-14,20:30:00,2018-11-14T20:30:00+00:00,1610.810000,1612.810000,1590.970000,1594.490000,4343,21.840000,-0.968890,1611.338000,1624.229000,1632.026000,1619.678845,0.740079,23.698453,1,test
AMZN,60,2018-11-14,21:30:00,2018-11-14T21:30:00+00:00,1595.770000,1598.780000,1594.480000,1597.380000,207,4.300000,0.181249,1605.770000,1620.819000,1629.645000,1615.624510,0.744663,28.416123,0,test
AMZN,60,2018-11-15,13:30:00,2018-11-15T13:30:00+00:00,1590.000000,1594.740000,1574.040000,1580.230000,1067,20.700000,-1.073633,1597.944000,1615.342000,1627.069500,1609.189144,0.774086,26.394283,0,test
AMZN,60,2018-11-15,14:30:00,2018-11-15T14:30:00+00:00,1579.000000,1588.490000,1550.690000,1552.240000,7897,37.800000,-1.771261,1586.886000,1604.967000,1623.025500,1598.834754,0.657178,22.814556,1,test
AMZN,60,2018-11-15,15:30:00,2018-11-15T15:30:00+00:00,1552.100000,1579.060000,1546.250000,1575.640000,6718,32.810000,1.507499,1579.996000,1598.491000,1619.530000,1594.617526,0.932296,33.938605,1,test
AMZN,60,2018-11-15,16:30:00,2018-11-15T16:30:00+00:00,1575.630000,1584.500000,1564.350000,1577.510000,6091,20.150000,0.118682,1576.600000,1593.969000,1617.098500,1591.507067,0.911982,34.071188,1,test
AMZN,60,2018-11-15,17:30:00,2018-11-15T17:30:00+00:00,1577.650000,1597.250000,1567.630000,1597.250000,5589,29.620000,1.251339,1576.574000,1591.172000,1613.786000,1592.551237,1.028410,39.831924,1,test
AMZN,60,2018-11-15,18:30:00,2018-11-15T18:30:00+00:00,1597.220000,1617.330000,1594.350000,1616.700000,6453,22.980000,1.217718,1583.868000,1590.906000,1612.171000,1596.941921,1.113295,39.328589,0,test
AMZN,60,2018-11-15,19:30:00,2018-11-15T19:30:00+00:00,1616.680000,1624.880000,1596.970000,1605.200000,6433,27.910000,-0.711326,1594.460000,1590.673000,1610.380500,1598.443390,1.111931,40.222222,1,test
AMZN,60,2018-11-15,20:30:00,2018-11-15T20:30:00+00:00,1605.470000,1620.980000,1605.180000,1610.040000,3898,15.800000,0.301520,1601.340000,1590.668000,1609.221500,1600.551864,1.115228,46.204463,0,test
AMZN,60,2018-11-15,21:30:00,2018-11-15T21:30:00+00:00,1611.020000,1614.500000,1610.010000,1610.020000,258,4.490000,-0.001242,1607.842000,1592.221000,1608.225000,1602.273344,1.062020,45.385549,0,test
AMZN,60,2018-11-16,13:30:00,2018-11-16T13:30:00+00:00,1588.000000,1602.000000,1583.520000,1586.470000,786,18.480000,-1.462715,1605.686000,1591.130000,1605.974500,1599.400008,1.170135,40.983607,1,test
AMZN,60,2018-11-16,14:30:00,2018-11-16T14:30:00+00:00,1586.500000,1609.650000,1573.500000,1601.280000,7527,36.150000,0.933519,1602.602000,1593.235000,1604.288500,1599.741825,1.149353,48.314182,0,test
AMZN,60,2018-11-16,15:30:00,2018-11-16T15:30:00+00:00,1601.570000,1613.950000,1584.260000,1592.090000,6214,29.690000,-0.573916,1599.980000,1597.220000,1601.093500,1598.350584,0.977889,45.312500,0,test
AMZN,60,2018-11-16,16:30:00,2018-11-16T16:30:00+00:00,1592.090000,1595.010000,1576.980000,1582.180000,5405,18.030000,-0.622452,1594.408000,1597.874000,1598.182500,1595.410478,0.904749,46.696366,1,test
AMZN,60,2018-11-16,17:30:00,2018-11-16T17:30:00+00:00,1582.150000,1606.490000,1579.640000,1589.180000,5369,26.850000,0.442428,1590.240000,1599.041000,1596.505000,1594.277664,0.913425,47.846865,1,test
AMZN,60,2018-11-16,18:30:00,2018-11-16T18:30:00+00:00,1589.240000,1593.720000,1584.010000,1592.130000,4636,9.710000,0.185630,1591.372000,1598.529000,1594.850500,1593.887179,0.818488,53.376461,1,test
AMZN,60,2018-11-16,19:30:00,2018-11-16T19:30:00+00:00,1592.320000,1602.670000,1592.320000,1599.260000,5627,10.350000,0.447828,1590.968000,1596.785000,1593.845500,1594.864056,0.718251,65.132595,0,test
AMZN,60,2018-11-16,20:30:00,2018-11-16T20:30:00+00:00,1599.120000,1600.680000,1592.490000,1593.560000,3840,8.190000,-0.356415,1591.262000,1595.621000,1593.147000,1594.626955,0.693357,56.508790,0,test
AMZN,60,2018-11-19,13:30:00,2018-11-19T13:30:00+00:00,1591.140000,1591.140000,1577.050000,1577.050000,460,14.090000,-1.036045,1590.236000,1592.322000,1591.495000,1591.431145,0.740979,49.848982,0,test
AMZN,60,2018-11-19,14:30:00,2018-11-19T14:30:00+00:00,1575.980000,1580.630000,1533.310000,1541.540000,7655,47.320000,-2.251672,1580.708000,1585.474000,1588.847500,1582.360028,0.976692,33.426548,0,test
AMZN,60,2018-11-19,15:30:00,2018-11-19T15:30:00+00:00,1541.560000,1554.690000,1533.970000,1541.000000,5725,20.720000,-0.035030,1570.482000,1580.927000,1586.028500,1574.840023,0.910997,24.624564,0,test
AMZN,60,2018-11-19,16:30:00,2018-11-19T16:30:00+00:00,1540.980000,1543.470000,1519.980000,1525.000000,6136,23.490000,-1.038287,1555.630000,1573.299000,1583.267000,1565.778200,0.827092,23.903423,0,test
AMZN,60,2018-11-19,17:30:00,2018-11-19T17:30:00+00:00,1525.000000,1529.600000,1508.970000,1519.960000,5607,20.630000,-0.330492,1540.910000,1566.086000,1581.653000,1557.447618,0.827727,20.726635,1,test
AMZN,60,2018-11-19,18:30:00,2018-11-19T18:30:00+00:00,1519.870000,1533.690000,1510.770000,1522.070000,5352,22.920000,0.138819,1529.914000,1560.075000,1578.974500,1551.015324,0.845878,21.801860,0,test
AMZN,60,2018-11-19,19:30:00,2018-11-19T19:30:00+00:00,1522.060000,1537.080000,1517.180000,1521.980000,5846,19.900000,-0.005913,1526.002000,1553.355000,1576.198000,1545.736174,0.808295,25.662314,0,test
AMZN,60,2018-11-19,20:30:00,2018-11-19T20:30:00+00:00,1522.280000,1524.410000,1503.350000,1511.460000,4379,21.060000,-0.691205,1520.094000,1545.288000,1571.908500,1539.504143,0.781426,14.968799,1,test
AMZN,60,2018-11-19,21:30:00,2018-11-19T21:30:00+00:00,1512.140000,1514.000000,1511.030000,1512.500000,132,2.970000,0.068808,1517.594000,1536.612000,1566.698500,1534.594299,0.737445,16.851312,0,test
AMZN,60,2018-11-20,13:30:00,2018-11-20T13:30:00+00:00,1459.970000,1460.990000,1433.300000,1435.090000,1884,27.690000,-5.118017,1500.620000,1520.765000,1558.193000,1516.502608,1.613168,10.786457,1,test
AMZN,60,2018-11-20,14:30:00,2018-11-20T14:30:00+00:00,1437.500000,1498.420000,1419.990000,1486.860000,9925,78.430000,3.607439,1493.578000,1511.746000,1552.034000,1511.113043,2.179947,27.978650,1,test
AMZN,60,2018-11-20,15:30:00,2018-11-20T15:30:00+00:00,1486.860000,1526.150000,1482.850000,1505.690000,7599,43.300000,1.266427,1490.320000,1508.161000,1546.817500,1510.127035,2.161403,32.586624,1,test
AMZN,60,2018-11-20,16:30:00,2018-11-20T16:30:00+00:00,1505.510000,1534.180000,1505.480000,1526.000000,6232,28.700000,1.348883,1493.228000,1506.661000,1543.794000,1513.013029,2.217690,35.985921,0,test
AMZN,60,2018-11-20,17:30:00,2018-11-20T17:30:00+00:00,1525.970000,1528.350000,1498.980000,1502.000000,5575,29.370000,-1.572739,1491.128000,1504.361000,1538.830000,1511.010660,2.249683,33.631293,0,test
AMZN,60,2018-11-20,18:30:00,2018-11-20T18:30:00+00:00,1501.850000,1506.850000,1489.990000,1497.940000,5683,16.860000,-0.270306,1503.698000,1502.159000,1534.122500,1508.634176,2.249164,35.198144,1,test
AMZN,60,2018-11-20,19:30:00,2018-11-20T19:30:00+00:00,1497.920000,1512.010000,1489.380000,1505.170000,6092,22.630000,0.482663,1507.360000,1500.469000,1530.272000,1508.004326,2.256225,42.389621,0,test
AMZN,60,2018-11-20,20:30:00,2018-11-20T20:30:00+00:00,1505.170000,1506.970000,1491.970000,1496.000000,3958,15.000000,-0.609234,1505.422000,1497.871000,1525.613000,1505.821721,2.261834,40.912028,0,test
AMZN,60,2018-11-20,21:30:00,2018-11-20T21:30:00+00:00,1496.000000,1496.620000,1495.000000,1495.100000,115,1.620000,-0.060160,1499.242000,1496.235000,1520.761500,1503.872317,2.253806,43.569339,1,test
AMZN,60,2018-11-21,13:30:00,2018-11-21T13:30:00+00:00,1533.470000,1542.230000,1524.970000,1540.000000,696,17.260000,3.003144,1506.842000,1498.985000,1517.798500,1510.440987,2.457921,53.679224,0,test
AMZN,60,2018-11-21,14:30:00,2018-11-21T14:30:00+00:00,1539.990000,1549.620000,1517.470000,1528.990000,7663,32.150000,-0.714935,1513.052000,1508.375000,1514.570000,1513.813535,1.664021,51.230266,1,test
AMZN,60,2018-11-21,15:30:00,2018-11-21T15:30:00+00:00,1528.980000,1541.560000,1521.240000,1534.200000,5585,20.320000,0.340748,1518.858000,1513.109000,1512.427500,1517.520165,1.299165,52.133678,0,test
AMZN,60,2018-11-21,16:30:00,2018-11-21T16:30:00+00:00,1534.180000,1538.230000,1529.530000,1531.510000,4524,8.700000,-0.175336,1525.960000,1515.691000,1511.926000,1520.063771,1.262115,53.599253,0,test
AMZN,60,2018-11-21,17:30:00,2018-11-21T17:30:00+00:00,1531.500000,1534.070000,1523.980000,1527.670000,3719,10.090000,-0.250733,1532.474000,1515.858000,1511.259500,1521.446722,1.196804,52.696122,1,test
AMZN,60,2018-11-21,18:30:00,2018-11-21T18:30:00+00:00,1527.790000,1531.170000,1525.100000,1530.340000,3340,6.070000,0.174776,1530.542000,1518.692000,1511.526500,1523.063682,1.058416,73.052907,0,test
AMZN,60,2018-11-21,19:30:00,2018-11-21T19:30:00+00:00,1530.370000,1532.120000,1520.990000,1524.500000,4389,11.130000,-0.381615,1529.644000,1521.348000,1511.753500,1523.324830,1.064387,61.714179,0,test
AMZN,60,2018-11-21,20:30:00,2018-11-21T20:30:00+00:00,1524.150000,1524.150000,1512.480000,1512.500000,3493,11.670000,-0.787143,1525.304000,1522.081000,1511.275000,1521.356679,1.099554,52.213482,1,test
AMZN,60,2018-11-21,21:30:00,2018-11-21T21:30:00+00:00,1512.510000,1513.630000,1512.100000,1513.510000,69,1.530000,0.066777,1521.704000,1523.832000,1510.851500,1519.930010,1.074752,45.357913,1,test
AMZN,60,2018-11-23,13:30:00,2018-11-23T13:30:00+00:00,1518.010000,1518.820000,1506.970000,1516.870000,550,11.850000,0.222001,1519.544000,1526.009000,1511.122000,1519.373645,1.073154,56.528229,0,test
AMZN,60,2018-11-23,14:30:00,2018-11-23T14:30:00+00:00,1516.870000,1535.760000,1514.140000,1516.090000,6447,21.620000,-0.051422,1516.694000,1523.618000,1511.301500,1518.776619,0.384509,58.204502,0,test
AMZN,60,2018-11-23,15:30:00,2018-11-23T15:30:00+00:00,1516.100000,1523.500000,1511.480000,1515.700000,4777,12.020000,-0.025724,1514.934000,1522.289000,1515.332000,1518.217233,0.331202,55.073721,0,test
AMZN,60,2018-11-23,16:30:00,2018-11-23T16:30:00+00:00,1515.710000,1518.470000,1509.260000,1512.660000,4908,9.210000,-0.200567,1514.966000,1520.135000,1516.622000,1517.206827,0.295923,58.531340,0,test
AMZN,60,2018-11-23,17:30:00,2018-11-23T17:30:00+00:00,1512.770000,1512.780000,1501.160000,1501.160000,3268,11.620000,-0.760250,1512.496000,1517.100000,1516.395500,1514.289222,0.355329,52.799335,1,test
AMZN,60,2018-11-26,13:30:00,2018-11-26T13:30:00+00:00,1533.000000,1539.230000,1530.970000,1539.000000,590,8.260000,2.520717,1516.922000,1518.233000,1517.045500,1518.782091,0.928834,49.505831,1,test
AMZN,60,2018-11-26,14:30:00,2018-11-26T14:30:00+00:00,1538.520000,1557.990000,1524.170000,1549.960000,8010,33.820000,0.712151,1523.696000,1520.195000,1519.443500,1524.450802,0.950366,60.367843,1,test
AMZN,60,2018-11-26,15:30:00,2018-11-26T15:30:00+00:00,1549.940000,1568.410000,1543.970000,1562.280000,6352,24.440000,0.794859,1533.012000,1523.973000,1522.660500,1531.328838,0.952606,62.971175,0,test
AMZN,60,2018-11-26,16:30:00,2018-11-26T16:30:00+00:00,1562.270000,1562.640000,1550.970000,1552.990000,4680,11.670000,-0.594644,1541.078000,1528.022000,1525.051500,1535.267231,0.931039,59.352142,1,test
AMZN,60,2018-11-26,17:30:00,2018-11-26T17:30:00+00:00,1552.990000,1559.690000,1540.830000,1558.220000,4564,18.860000,0.336770,1552.490000,1532.493000,1528.162500,1539.440462,0.928454,63.142046,1,test
AMZN,60,2018-11-26,18:30:00,2018-11-26T18:30:00+00:00,1558.220000,1569.400000,1554.980000,1567.500000,5092,14.420000,0.595551,1558.190000,1537.556000,1531.782500,1544.542196,0.932678,65.125366,1,test
AMZN,60,2018-11-26,19:30:00,2018-11-26T19:30:00+00:00,1567.470000,1581.950000,1567.020000,1574.110000,6039,14.930000,0.421691,1563.020000,1543.358000,1533.488000,1549.918160,0.922975,70.067147,0,test
AMZN,60,2018-11-26,20:30:00,2018-11-26T20:30:00+00:00,1574.140000,1584.240000,1566.970000,1569.090000,4477,17.270000,-0.318910,1564.382000,1548.697000,1535.493000,1553.403949,0.941762,74.260482,0,test
AMZN,60,2018-11-26,21:30:00,2018-11-26T21:30:00+00:00,1569.700000,1570.000000,1566.050000,1566.080000,228,3.950000,-0.191831,1567.000000,1554.039000,1537.087000,1555.708686,0.941198,72.157127,1,test
AMZN,60,2018-11-27,13:30:00,2018-11-27T13:30:00+00:00,1567.500000,1576.400000,1565.000000,1574.510000,663,11.400000,0.538287,1570.258000,1561.374000,1539.237000,1559.127107,0.856522,73.298302,1,test
AMZN,60,2018-11-27,14:30:00,2018-11-27T14:30:00+00:00,1574.510000,1596.980000,1557.970000,1582.930000,7693,39.010000,0.534770,1573.344000,1565.767000,1542.000000,1563.454905,0.477559,75.445409,1,test
AMZN,60,2018-11-27,15:30:00,2018-11-27T15:30:00+00:00,1582.950000,1595.180000,1577.970000,1589.360000,5849,17.210000,0.406209,1576.394000,1569.707000,1544.951000,1568.164923,0.456330,76.808851,0,test
AMZN,60,2018-11-27,16:30:00,2018-11-27T16:30:00+00:00,1589.000000,1589.760000,1575.770000,1576.960000,4688,13.990000,-0.780188,1577.968000,1571.175000,1547.574000,1569.764028,0.516144,71.909500,1,test
AMZN,60,2018-11-27,17:30:00,2018-11-27T17:30:00+00:00,1577.150000,1583.030000,1572.680000,1579.130000,4785,10.350000,0.137607,1580.578000,1573.789000,1550.905500,1571.466932,0.455895,78.371298,1,test
AMZN,60,2018-11-27,18:30:00,2018-11-27T18:30:00+00:00,1579.100000,1592.860000,1578.300000,1592.310000,4820,14.560000,0.834637,1584.138000,1577.198000,1554.845500,1575.256580,0.501298,73.640798,0,test
AMZN,60,2018-11-27,19:30:00,2018-11-27T19:30:00+00:00,1592.300000,1593.280000,1576.980000,1577.120000,5381,16.300000,-0.953960,1582.976000,1578.160000,1557.858000,1575.595384,0.601098,61.608822,1,test
AMZN,60,2018-11-27,20:30:00,2018-11-27T20:30:00+00:00,1577.130000,1584.450000,1574.990000,1583.390000,3808,9.460000,0.397560,1581.782000,1579.088000,1561.223000,1577.012587,0.599544,59.515009,1,test
AMZN,60,2018-11-27,21:30:00,2018-11-27T21:30:00+00:00,1583.380000,1584.980000,1582.140000,1584.570000,109,2.840000,0.074524,1583.304000,1580.636000,1564.666500,1578.386662,0.584609,65.356934,1,test
AMZN,60,2018-11-28,13:30:00,2018-11-28T13:30:00+00:00,1608.600000,1613.820000,1607.470000,1611.650000,585,6.350000,1.708981,1589.808000,1585.193000,1569.616000,1584.434542,0.761516,71.428571,0,test
AMZN,60,2018-11-28,14:30:00,2018-11-28T14:30:00+00:00,1611.650000,1621.820000,1602.560000,1609.980000,7380,19.260000,-0.103621,1593.342000,1588.740000,1575.057000,1589.079170,0.765292,68.144541,0,test
AMZN,60,2018-11-28,15:30:00,2018-11-28T15:30:00+00:00,1610.000000,1612.190000,1601.230000,1608.750000,5277,10.960000,-0.076398,1599.668000,1591.322000,1578.544500,1592.655685,0.762261,65.508596,1,test
AMZN,60,2018-11-28,16:30:00,2018-11-28T16:30:00+00:00,1608.440000,1644.000000,1607.070000,1642.870000,6857,36.930000,2.120901,1611.564000,1596.673000,1583.190000,1601.785560,0.983436,76.204006,1,test
AMZN,60,2018-11-28,17:30:00,2018-11-28T17:30:00+00:00,1642.860000,1649.310000,1634.380000,1646.520000,6687,14.930000,0.222172,1623.954000,1603.629000,1587.402000,1609.919095,0.904981,78.440107,1,test
AMZN,60,2018-11-28,18:30:00,2018-11-28T18:30:00+00:00,1646.510000,1663.080000,1646.260000,1657.690000,6336,16.820000,0.678401,1633.162000,1611.485000,1592.637000,1618.604714,0.901304,78.849889,1,test
AMZN,60,2018-11-28,19:30:00,2018-11-28T19:30:00+00:00,1657.850000,1673.800000,1657.680000,1671.550000,7204,16.120000,0.836103,1645.476000,1619.409000,1598.303500,1628.231130,0.901366,79.618984,1,test
AMZN,60,2018-11-28,20:30:00,2018-11-28T20:30:00+00:00,1671.530000,1681.380000,1669.720000,1676.000000,5206,11.660000,0.266220,1658.926000,1629.297000,1603.728500,1636.916379,0.754776,79.345617,1,test
AMZN,60,2018-11-28,21:30:00,2018-11-28T21:30:00+00:00,1676.520000,1677.120000,1675.970000,1676.100000,108,1.150000,0.005967,1665.572000,1638.568000,1608.828000,1644.040674,0.776997,86.631688,0,test
AMZN,60,2018-11-29,13:30:00,2018-11-29T13:30:00+00:00,1669.080000,1676.000000,1665.990000,1671.000000,498,10.010000,-0.304278,1670.468000,1647.211000,1613.923500,1648.942369,0.812442,83.226040,0,test
AMZN,60,2018-11-29,14:30:00,2018-11-29T14:30:00+00:00,1670.970000,1681.000000,1659.600000,1661.710000,7979,21.400000,-0.555955,1671.272000,1652.217000,1618.705000,1651.263757,0.763146,75.826139,1,test
AMZN,60,2018-11-29,15:30:00,2018-11-29T15:30:00+00:00,1661.690000,1672.440000,1652.240000,1665.280000,6590,20.200000,0.214839,1670.018000,1657.747000,1623.243500,1653.812165,0.750557,85.913313,1,test
AMZN,60,2018-11-29,16:30:00,2018-11-29T16:30:00+00:00,1665.300000,1677.020000,1662.470000,1676.990000,5419,14.550000,0.703185,1670.216000,1664.571000,1627.946500,1658.026316,0.742856,86.511156,1,test
AMZN,60,2018-11-29,17:30:00,2018-11-29T17:30:00+00:00,1676.970000,1685.000000,1672.500000,1679.230000,5164,12.500000,0.133573,1670.842000,1668.207000,1632.440000,1661.881532,0.441664,86.621789,1,test
AMZN,60,2018-11-29,18:30:00,2018-11-29T18:30:00+00:00,1679.220000,1688.170000,1675.070000,1687.380000,5406,13.100000,0.485341,1674.118000,1672.293000,1637.961000,1666.517617,0.449576,84.325990,0,test
AMZN,60,2018-11-29,19:30:00,2018-11-29T19:30:00+00:00,1687.360000,1689.750000,1682.000000,1686.350000,6545,7.750000,-0.061041,1679.046000,1675.159000,1643.322000,1670.123505,0.431045,84.818091,0,test
AMZN,60,2018-11-29,20:30:00,2018-11-29T20:30:00+00:00,1686.350000,1686.350000,1670.000000,1670.130000,4534,16.350000,-0.961841,1680.016000,1675.017000,1647.213000,1670.124686,0.493842,74.618964,1,test
AMZN,60,2018-11-29,21:30:00,2018-11-29T21:30:00+00:00,1670.150000,1673.260000,1669.020000,1671.790000,85,4.240000,0.099393,1678.976000,1674.596000,1651.946500,1670.427470,0.486332,65.683297,1,test
AMZN,60,2018-11-30,13:30:00,2018-11-30T13:30:00+00:00,1675.000000,1686.330000,1671.980000,1676.970000,595,14.350000,0.309848,1678.524000,1674.683000,1656.625500,1671.617021,0.497778,66.243465,1,test
AMZN,60,2018-11-30,14:30:00,2018-11-30T14:30:00+00:00,1677.000000,1682.690000,1666.930000,1679.890000,6082,15.760000,0.174124,1677.026000,1675.572000,1661.391500,1673.121199,0.487494,62.985494,1,test
AMZN,60,2018-11-30,15:30:00,2018-11-30T15:30:00+00:00,1679.890000,1695.000000,1679.890000,1685.000000,6126,15.110000,0.304187,1676.756000,1677.901000,1665.059000,1675.280981,0.441609,58.764499,0,test
AMZN,60,2018-11-30,16:30:00,2018-11-30T16:30:00+00:00,1684.970000,1691.990000,1682.970000,1683.980000,5442,9.020000,-0.060534,1679.526000,1679.771000,1668.759000,1676.862621,0.445008,55.443383,0,test
AMZN,60,2018-11-30,17:30:00,2018-11-30T17:30:00+00:00,1683.990000,1684.840000,1676.560000,1681.880000,5632,8.280000,-0.124705,1681.544000,1680.260000,1672.415500,1677.774872,0.397396,53.837981,1,test
AMZN,60,2018-11-30,18:30:00,2018-11-30T18:30:00+00:00,1682.150000,1692.020000,1680.640000,1687.980000,5934,11.380000,0.362689,1683.746000,1681.135000,1674.671000,1679.630349,0.410432,61.127130,1,test
AMZN,60,2018-11-30,19:30:00,2018-11-30T19:30:00+00:00,1688.050000,1693.000000,1685.190000,1692.190000,6307,7.810000,0.249411,1686.206000,1681.616000,1676.954500,1681.913922,0.389025,71.398484,0,test
AMZN,60,2018-11-30,20:30:00,2018-11-30T20:30:00+00:00,1692.160000,1695.830000,1687.070000,1691.160000,4704,8.760000,-0.060868,1687.438000,1682.097000,1678.628000,1683.595027,0.389020,68.841002,1,test
AMZN,60,2018-12-03,13:30:00,2018-12-03T13:30:00+00:00,1769.000000,1769.800000,1761.970000,1768.380000,1037,7.830000,4.566097,1704.318000,1691.922000,1683.469500,1699.010477,1.410588,84.052463,1,test
AMZN,60,2018-12-03,14:30:00,2018-12-03T14:30:00+00:00,1769.930000,1778.040000,1748.270000,1769.420000,8841,29.770000,0.058811,1721.826000,1701.685000,1688.140500,1711.812208,1.412188,83.908565,0,test
AMZN,60,2018-12-03,15:30:00,2018-12-03T15:30:00+00:00,1769.500000,1774.340000,1756.990000,1769.020000,6627,17.350000,-0.022606,1738.034000,1710.890000,1692.786500,1722.213625,1.423071,82.593421,0,test
AMZN,60,2018-12-03,16:30:00,2018-12-03T16:30:00+00:00,1769.020000,1772.580000,1756.510000,1764.450000,5561,16.070000,-0.258335,1752.486000,1719.346000,1697.459000,1729.892966,1.442027,80.323032,1,test
AMZN,60,2018-12-03,17:30:00,2018-12-03T17:30:00+00:00,1764.440000,1769.420000,1761.970000,1765.600000,5995,7.450000,0.065176,1767.374000,1727.406000,1702.653500,1736.385154,1.447629,91.979597,0,test
AMZN,60,2018-12-03,18:30:00,2018-12-03T18:30:00+00:00,1765.710000,1766.200000,1755.740000,1763.590000,6081,10.460000,-0.113842,1766.416000,1735.367000,1707.569000,1741.331490,1.449927,90.241978,1,test
AMZN,60,2018-12-03,19:30:00,2018-12-03T19:30:00+00:00,1763.650000,1768.960000,1757.520000,1767.370000,7010,11.440000,0.214336,1766.006000,1743.916000,1712.088000,1746.065764,1.438337,90.120717,1,test
AMZN,60,2018-12-03,20:30:00,2018-12-03T20:30:00+00:00,1767.660000,1773.040000,1764.970000,1770.490000,4705,8.070000,0.176533,1766.300000,1752.167000,1716.651000,1750.506534,1.441600,90.138224,1,test
AMZN,60,2018-12-03,21:30:00,2018-12-03T21:30:00+00:00,1770.500000,1771.400000,1769.970000,1770.510000,104,1.430000,0.001130,1767.512000,1759.999000,1720.807500,1754.143528,1.448278,89.672451,0,test
AMZN,60,2018-12-04,13:30:00,2018-12-04T13:30:00+00:00,1765.970000,1767.050000,1755.970000,1758.120000,399,11.080000,-0.699798,1766.016000,1766.695000,1724.396000,1754.866523,1.487502,81.114655,1,test
AMZN,60,2018-12-04,14:30:00,2018-12-04T14:30:00+00:00,1755.950000,1769.910000,1750.800000,1765.580000,7126,19.110000,0.424317,1766.414000,1766.415000,1729.168500,1756.814428,0.304120,83.614458,0,test
AMZN,60,2018-12-04,15:30:00,2018-12-04T15:30:00+00:00,1765.610000,1765.950000,1750.340000,1751.550000,5745,15.610000,-0.794640,1763.250000,1764.628000,1733.156500,1755.857259,0.388905,74.001359,0,test
AMZN,60,2018-12-04,16:30:00,2018-12-04T16:30:00+00:00,1751.580000,1752.150000,1707.800000,1708.100000,6796,44.350000,-2.480660,1750.772000,1758.536000,1734.713000,1747.174121,0.844247,54.633891,0,test
AMZN,60,2018-12-04,17:30:00,2018-12-04T17:30:00+00:00,1707.990000,1714.380000,1685.090000,1690.640000,7098,29.290000,-1.022188,1734.798000,1751.155000,1735.250500,1736.895190,0.869552,49.861776,1,test
AMZN,60,2018-12-04,18:30:00,2018-12-04T18:30:00+00:00,1690.660000,1709.050000,1670.760000,1694.940000,7111,38.290000,0.254342,1722.162000,1744.089000,1735.747500,1729.266974,0.883300,18.119465,0,test
AMZN,60,2018-12-04,19:30:00,2018-12-04T19:30:00+00:00,1694.910000,1711.460000,1674.040000,1675.350000,6979,37.420000,-1.155793,1704.116000,1735.265000,1735.316000,1719.463888,0.906416,14.828386,0,test
AMZN,60,2018-12-04,20:30:00,2018-12-04T20:30:00+00:00,1675.390000,1676.520000,1664.970000,1670.580000,4835,11.550000,-0.284717,1687.922000,1725.586000,1734.751000,1710.575908,0.875420,14.359160,0,test
AMZN,60,2018-12-04,21:30:00,2018-12-04T21:30:00+00:00,1670.490000,1671.010000,1667.990000,1670.000000,151,3.020000,-0.034718,1680.302000,1715.537000,1733.852000,1703.198470,0.858099,14.786369,0,test
AMZN,60,2018-12-06,13:30:00,2018-12-06T13:30:00+00:00,1631.980000,1633.980000,1612.910000,1613.730000,999,21.070000,-3.369461,1664.920000,1699.859000,1729.929000,1686.931476,1.199037,9.871585,1,test
AMZN,60,2018-12-06,14:30:00,2018-12-06T14:30:00+00:00,1613.500000,1652.800000,1609.770000,1642.960000,8311,43.030000,1.811332,1654.524000,1688.343000,1727.519000,1678.936662,1.479560,22.134442,0,test
AMZN,60,2018-12-06,15:30:00,2018-12-06T15:30:00+00:00,1642.970000,1654.000000,1626.910000,1628.740000,6589,27.090000,-0.865511,1645.202000,1674.659000,1720.537000,1669.809996,1.429396,19.449954,1,test
AMZN,60,2018-12-06,16:30:00,2018-12-06T16:30:00+00:00,1628.760000,1680.220000,1628.560000,1679.680000,7076,51.660000,3.127571,1647.022000,1667.472000,1716.050000,1671.604542,1.892396,33.471661,0,test
AMZN,60,2018-12-06,17:30:00,2018-12-06T17:30:00+00:00,1679.680000,1689.430000,1663.730000,1663.780000,5754,25.700000,-0.946609,1645.778000,1663.040000,1710.788000,1670.181898,1.762916,31.635638,1,test
AMZN,60,2018-12-06,18:30:00,2018-12-06T18:30:00+00:00,1663.740000,1689.580000,1657.340000,1679.970000,5942,32.240000,0.973085,1659.026000,1661.973000,1706.564000,1671.961553,1.778474,36.726791,1,test
AMZN,60,2018-12-06,19:30:00,2018-12-06T19:30:00+00:00,1680.390000,1688.790000,1665.010000,1685.470000,6318,23.780000,0.327387,1667.528000,1661.026000,1702.557500,1674.417634,1.780008,36.302705,1,test
AMZN,60,2018-12-06,20:30:00,2018-12-06T20:30:00+00:00,1685.340000,1702.970000,1684.040000,1698.990000,4800,18.930000,0.802150,1681.578000,1663.390000,1699.327500,1678.885337,1.751302,40.997534,1,test
AMZN,60,2018-12-06,21:30:00,2018-12-06T21:30:00+00:00,1700.250000,1702.000000,1698.980000,1700.030000,103,3.020000,0.061213,1685.648000,1666.335000,1695.960500,1682.729821,1.745078,48.382830,1,test
AMZN,60,2018-12-07,13:30:00,2018-12-07T13:30:00+00:00,1705.970000,1718.500000,1702.970000,1704.990000,794,15.530000,0.291760,1693.890000,1669.834000,1692.685500,1686.777127,1.743488,53.027298,0,test
AMZN,60,2018-12-07,14:30:00,2018-12-07T14:30:00+00:00,1705.580000,1717.930000,1680.870000,1691.440000,8133,37.060000,-0.794726,1696.184000,1677.605000,1688.732000,1687.624922,1.283815,49.289369,0,test
AMZN,60,2018-12-07,15:30:00,2018-12-07T15:30:00+00:00,1691.420000,1692.360000,1652.440000,1658.970000,6858,39.920000,-1.919666,1690.884000,1679.206000,1683.774500,1682.414936,1.391176,46.839546,1,test
AMZN,60,2018-12-07,16:30:00,2018-12-07T16:30:00+00:00,1660.000000,1674.550000,1652.980000,1659.120000,5585,21.570000,0.009042,1682.910000,1682.244000,1678.451500,1678.179493,1.350226,47.748703,1,test
AMZN,60,2018-12-07,17:30:00,2018-12-07T17:30:00+00:00,1659.090000,1669.700000,1645.630000,1662.520000,5421,24.070000,0.204928,1675.408000,1680.528000,1674.000000,1675.332312,0.878316,48.546670,0,test
AMZN,60,2018-12-07,18:30:00,2018-12-07T18:30:00+00:00,1662.550000,1663.490000,1640.660000,1649.000000,5761,22.830000,-0.813223,1664.210000,1679.050000,1671.045000,1670.544619,0.864927,58.217997,0,test
AMZN,60,2018-12-07,19:30:00,2018-12-07T19:30:00+00:00,1649.300000,1651.120000,1629.980000,1638.180000,6735,21.140000,-0.656155,1653.558000,1674.871000,1668.422000,1664.660143,0.793830,48.781731,0,test
AMZN,60,2018-12-07,20:30:00,2018-12-07T20:30:00+00:00,1638.200000,1644.090000,1625.520000,1628.440000,4606,18.570000,-0.594562,1647.452000,1669.168000,1665.097000,1658.074663,0.772743,49.921753,0,test
AMZN,60,2018-12-10,13:30:00,2018-12-10T13:30:00+00:00,1628.980000,1629.990000,1614.970000,1621.990000,571,15.020000,-0.396085,1640.026000,1661.468000,1662.429000,1651.513815,0.660558,30.405543,1,test
AMZN,60,2018-12-10,14:30:00,2018-12-10T14:30:00+00:00,1624.070000,1657.220000,1617.970000,1633.440000,7339,39.250000,0.705923,1634.210000,1654.809000,1660.572000,1648.227667,0.743426,39.373774,0,test
AMZN,60,2018-12-10,15:30:00,2018-12-10T15:30:00+00:00,1633.430000,1639.510000,1590.220000,1600.000000,6694,49.290000,-2.047213,1624.410000,1644.310000,1657.072000,1639.459000,0.861476,25.010937,1,test
AMZN,60,2018-12-10,16:30:00,2018-12-10T16:30:00+00:00,1600.000000,1627.640000,1599.420000,1601.360000,5725,28.220000,0.085000,1617.046000,1635.302000,1656.453500,1632.531909,0.887335,23.019183,1,test
AMZN,60,2018-12-10,17:30:00,2018-12-10T17:30:00+00:00,1601.220000,1635.560000,1600.320000,1617.320000,5546,35.240000,0.996653,1614.822000,1631.137000,1655.171500,1629.766107,0.863226,24.205672,1,test
AMZN,60,2018-12-10,18:30:00,2018-12-10T18:30:00+00:00,1617.330000,1645.030000,1615.900000,1633.600000,5178,29.130000,1.006604,1617.144000,1628.585000,1655.414500,1630.463179,0.949854,30.861423,1,test
AMZN,60,2018-12-10,19:30:00,2018-12-10T19:30:00+00:00,1633.600000,1642.170000,1626.280000,1633.950000,5530,15.890000,0.021425,1617.246000,1625.728000,1653.128000,1631.097146,0.943973,28.974784,1,test
AMZN,60,2018-12-10,20:30:00,2018-12-10T20:30:00+00:00,1634.650000,1648.450000,1634.550000,1642.450000,4013,13.900000,0.520212,1625.736000,1625.073000,1652.061500,1633.161302,0.937039,35.054000,0,test
AMZN,60,2018-12-10,21:30:00,2018-12-10T21:30:00+00:00,1642.450000,1642.500000,1641.000000,1641.030000,53,1.500000,-0.086456,1633.670000,1625.358000,1650.114500,1634.591974,0.912120,43.247516,1,test
AMZN,60,2018-12-11,13:30:00,2018-12-11T13:30:00+00:00,1670.000000,1682.990000,1669.970000,1677.460000,648,13.020000,2.219947,1645.698000,1630.260000,1649.714000,1642.386161,1.113110,55.422185,0,test
AMZN,60,2018-12-11,14:30:00,2018-12-11T14:30:00+00:00,1678.000000,1678.340000,1646.060000,1662.790000,7400,32.280000,-0.874537,1651.536000,1634.340000,1647.904000,1646.095950,1.155938,50.074838,0,test
AMZN,60,2018-12-11,15:30:00,2018-12-11T15:30:00+00:00,1662.760000,1664.590000,1647.260000,1652.710000,6162,17.330000,-0.606210,1655.288000,1636.267000,1645.538000,1647.298504,1.173375,51.048319,0,test
AMZN,60,2018-12-11,16:30:00,2018-12-11T16:30:00+00:00,1652.490000,1657.180000,1632.290000,1639.510000,6212,24.890000,-0.798688,1654.700000,1640.218000,1642.264000,1645.882412,0.964579,50.370825,1,test
AMZN,60,2018-12-11,17:30:00,2018-12-11T17:30:00+00:00,1639.510000,1646.000000,1633.730000,1640.000000,4549,12.270000,0.029887,1654.494000,1644.082000,1639.692000,1644.812883,0.965773,53.398401,0,test
AMZN,60,2018-12-11,18:30:00,2018-12-11T18:30:00+00:00,1639.990000,1642.860000,1619.610000,1638.170000,5498,23.250000,-0.111585,1646.636000,1646.167000,1638.652000,1643.605086,0.932686,54.889399,1,test
AMZN,60,2018-12-11,19:30:00,2018-12-11T19:30:00+00:00,1638.240000,1660.350000,1638.240000,1651.010000,6103,22.110000,0.783801,1644.280000,1647.908000,1638.246500,1644.951434,0.911903,55.265208,0,test
AMZN,60,2018-12-11,20:30:00,2018-12-11T20:30:00+00:00,1650.970000,1659.200000,1641.320000,1642.030000,4244,17.880000,-0.543909,1642.144000,1648.716000,1637.222000,1644.420264,0.935215,64.758761,0,test
AMZN,60,2018-12-11,21:30:00,2018-12-11T21:30:00+00:00,1642.050000,1642.050000,1631.970000,1631.970000,152,10.080000,-0.612656,1640.636000,1647.668000,1636.370500,1642.156580,0.940961,60.129724,1,test
AMZN,60,2018-12-12,13:30:00,2018-12-12T13:30:00+00:00,1663.000000,1672.450000,1660.970000,1666.020000,558,11.480000,2.086435,1645.840000,1650.167000,1637.762500,1646.495383,1.159655,64.392954,1,test
AMZN,60,2018-12-12,14:30:00,2018-12-12T14:30:00+00:00,1667.270000,1687.760000,1660.070000,1680.280000,8043,27.690000,0.855932,1654.262000,1650.449000,1640.354500,1652.638041,0.951640,63.962670,1,test
AMZN,60,2018-12-12,15:30:00,2018-12-12T15:30:00+00:00,1680.320000,1701.510000,1674.040000,1694.470000,7243,27.470000,0.844502,1662.954000,1653.617000,1643.978500,1660.243852,0.926868,66.718232,1,test
AMZN,60,2018-12-12,16:30:00,2018-12-12T16:30:00+00:00,1694.500000,1703.570000,1692.320000,1699.490000,7117,11.250000,0.296258,1674.446000,1658.295000,1647.281000,1667.379515,0.883345,66.065795,1,test
AMZN,60,2018-12-12,17:30:00,2018-12-12T17:30:00+00:00,1699.480000,1704.930000,1696.440000,1702.240000,5864,8.490000,0.161813,1688.500000,1664.568000,1652.393000,1673.717785,0.801046,67.112105,0,test
AMZN,60,2018-12-12,18:30:00,2018-12-12T18:30:00+00:00,1702.270000,1703.490000,1676.100000,1677.210000,6066,27.390000,-1.470415,1690.738000,1668.289000,1656.185500,1674.352733,0.991552,49.925351,0,test
AMZN,60,2018-12-12,19:30:00,2018-12-12T19:30:00+00:00,1677.380000,1683.180000,1667.090000,1669.000000,6730,16.090000,-0.489503,1688.482000,1671.372000,1658.769500,1673.379509,1.012947,51.928691,1,test
AMZN,60,2018-12-12,20:30:00,2018-12-12T20:30:00+00:00,1669.090000,1680.640000,1660.990000,1669.260000,4505,19.650000,0.015578,1683.440000,1673.197000,1660.552500,1672.630507,0.991926,55.473970,0,test
AMZN,60,2018-12-12,21:30:00,2018-12-12T21:30:00+00:00,1669.270000,1669.270000,1665.500000,1669.000000,116,3.770000,-0.015576,1677.342000,1675.894000,1662.305000,1671.970415,0.966716,60.667004,1,test
AMZN,60,2018-12-13,13:30:00,2018-12-13T13:30:00+00:00,1683.790000,1683.790000,1676.970000,1676.990000,359,6.820000,0.478730,1672.292000,1680.396000,1664.032000,1672.883067,0.929787,62.691278,0,test
AMZN,60,2018-12-13,14:30:00,2018-12-13T14:30:00+00:00,1677.000000,1691.330000,1668.960000,1670.710000,7772,22.370000,-0.374480,1670.992000,1680.865000,1665.516000,1672.487964,0.692999,60.833666,0,test
AMZN,60,2018-12-13,15:30:00,2018-12-13T15:30:00+00:00,1670.850000,1671.500000,1644.370000,1656.390000,7730,27.130000,-0.857121,1668.470000,1678.476000,1664.462500,1669.561061,0.677787,51.773704,0,test
AMZN,60,2018-12-13,16:30:00,2018-12-13T16:30:00+00:00,1656.420000,1666.390000,1642.470000,1644.970000,6660,23.920000,-0.689451,1663.612000,1673.526000,1663.571500,1665.089959,0.598960,50.953926,1,test
AMZN,60,2018-12-13,17:30:00,2018-12-13T17:30:00+00:00,1644.990000,1653.530000,1641.490000,1645.350000,6040,12.040000,0.023101,1658.882000,1668.112000,1663.203500,1661.500876,0.574769,54.632322,1,test
AMZN,60,2018-12-13,18:30:00,2018-12-13T18:30:00+00:00,1645.350000,1657.000000,1642.490000,1647.210000,5953,14.510000,0.113046,1652.926000,1662.609000,1663.588500,1658.902535,0.570401,41.619888,1,test
AMZN,60,2018-12-13,19:30:00,2018-12-13T19:30:00+00:00,1647.170000,1655.840000,1641.770000,1651.990000,6148,14.070000,0.290188,1649.182000,1660.087000,1664.188000,1657.645710,0.433383,36.233577,1,test
AMZN,60,2018-12-13,20:30:00,2018-12-13T20:30:00+00:00,1651.980000,1659.600000,1648.110000,1656.980000,4192,11.490000,0.302060,1649.300000,1658.885000,1665.128500,1657.524672,0.436870,29.962587,0,test
AMZN,60,2018-12-13,21:30:00,2018-12-13T21:30:00+00:00,1657.000000,1657.740000,1654.000000,1655.500000,74,3.740000,-0.089319,1651.406000,1657.509000,1665.353000,1657.156550,0.435807,25.563826,0,test
AMZN,60,2018-12-14,13:30:00,2018-12-14T13:30:00+00:00,1633.000000,1642.050000,1632.990000,1635.970000,378,9.060000,-1.179704,1649.530000,1654.206000,1665.050000,1653.304450,0.555243,18.971814,0,test
AMZN,60,2018-12-14,14:30:00,2018-12-14T14:30:00+00:00,1637.230000,1642.030000,1622.210000,1628.010000,7057,19.820000,-0.486561,1645.690000,1649.308000,1664.852000,1648.705459,0.506206,22.581364,1,test
AMZN,60,2018-12-14,15:30:00,2018-12-14T15:30:00+00:00,1628.010000,1639.540000,1624.130000,1628.500000,6762,15.410000,0.030098,1640.992000,1645.087000,1662.976000,1645.031739,0.515220,25.304878,0,test
AMZN,60,2018-12-14,16:30:00,2018-12-14T16:30:00+00:00,1628.510000,1631.990000,1616.530000,1622.140000,6973,15.460000,-0.390543,1634.024000,1641.662000,1660.069000,1640.869605,0.474052,23.257662,0,test
AMZN,60,2018-12-14,17:30:00,2018-12-14T17:30:00+00:00,1622.120000,1626.360000,1617.720000,1618.970000,5593,8.640000,-0.195421,1626.718000,1639.062000,1656.294000,1636.887858,0.442994,22.514009,0,test
AMZN,60,2018-12-14,18:30:00,2018-12-14T18:30:00+00:00,1618.630000,1620.000000,1612.190000,1616.270000,6326,7.810000,-0.166773,1622.778000,1636.154000,1652.133000,1633.139157,0.438400,14.582361,0,test
AMZN,60,2018-12-14,19:30:00,2018-12-14T19:30:00+00:00,1616.290000,1617.450000,1592.970000,1596.140000,7321,24.480000,-1.245460,1616.404000,1631.047000,1646.828000,1626.412037,0.537679,12.553982,0,test
AMZN,60,2018-12-14,20:30:00,2018-12-14T20:30:00+00:00,1595.910000,1598.550000,1584.980000,1591.560000,4653,13.570000,-0.286942,1609.016000,1625.004000,1642.545500,1620.075303,0.495003,13.915173,0,test
AMZN,60,2018-12-17,13:30:00,2018-12-17T13:30:00+00:00,1574.970000,1577.000000,1562.980000,1564.040000,716,14.020000,-1.729121,1597.396000,1615.710000,1637.297500,1609.887066,0.594862,11.800245,1,test
AMZN,60,2018-12-17,14:30:00,2018-12-17T14:30:00+00:00,1564.050000,1569.750000,1526.300000,1566.300000,8610,43.450000,0.144498,1586.862000,1606.790000,1632.149500,1601.962145,0.620089,13.338280,1,test
AMZN,60,2018-12-17,15:30:00,2018-12-17T15:30:00+00:00,1566.320000,1575.980000,1548.980000,1570.490000,6457,27.000000,0.267509,1577.706000,1600.242000,1627.224000,1596.239937,0.625803,15.171600,0,test
AMZN,60,2018-12-17,16:30:00,2018-12-17T16:30:00+00:00,1570.500000,1573.060000,1556.380000,1559.210000,6141,16.680000,-0.718247,1570.320000,1593.362000,1621.335000,1589.507221,0.633365,10.228052,0,test
AMZN,60,2018-12-17,17:30:00,2018-12-17T17:30:00+00:00,1559.620000,1559.620000,1530.830000,1538.000000,5862,28.790000,-1.360304,1559.608000,1584.312000,1614.699500,1580.142272,0.672763,5.223544,0,test
AMZN,60,2018-12-17,18:30:00,2018-12-17T18:30:00+00:00,1538.000000,1541.440000,1522.970000,1525.450000,7018,18.470000,-0.815995,1551.890000,1574.643000,1608.152500,1570.198222,0.673740,4.821788,0,test
AMZN,60,2018-12-17,19:30:00,2018-12-17T19:30:00+00:00,1525.450000,1535.850000,1506.170000,1510.600000,8181,29.680000,-0.973483,1540.750000,1563.806000,1601.434000,1559.362182,0.665337,4.983842,1,test
AMZN,60,2018-12-17,20:30:00,2018-12-17T20:30:00+00:00,1510.600000,1527.300000,1504.980000,1526.500000,5597,22.320000,1.052562,1531.952000,1554.829000,1595.491500,1553.387240,0.855980,15.517359,0,test
AMZN,60,2018-12-17,21:30:00,2018-12-17T21:30:00+00:00,1526.500000,1526.500000,1522.970000,1523.780000,159,3.530000,-0.178185,1524.866000,1547.593000,1589.320000,1548.004105,0.827996,14.957837,1,test
AMZN,60,2018-12-18,13:30:00,2018-12-18T13:30:00+00:00,1541.000000,1544.740000,1539.980000,1540.630000,405,4.760000,1.105803,1525.392000,1542.500000,1583.752000,1546.663359,0.965941,24.513789,0,test
AMZN,60,2018-12-18,14:30:00,2018-12-18T14:30:00+00:00,1540.660000,1550.400000,1525.950000,1534.350000,7214,24.450000,-0.407625,1527.172000,1539.531000,1577.620500,1544.424566,0.833074,24.046129,1,test
AMZN,60,2018-12-18,15:30:00,2018-12-18T15:30:00+00:00,1534.350000,1542.840000,1527.660000,1534.810000,6854,15.180000,0.029980,1532.014000,1536.382000,1571.586000,1542.676463,0.828766,24.667247,1,test
AMZN,60,2018-12-18,16:30:00,2018-12-18T16:30:00+00:00,1534.800000,1553.780000,1533.970000,1549.490000,6952,19.810000,0.956470,1536.612000,1534.282000,1567.262000,1543.915288,0.897701,34.983583,1,test
AMZN,60,2018-12-18,17:30:00,2018-12-18T17:30:00+00:00,1549.520000,1567.310000,1549.140000,1559.010000,7062,18.170000,0.614396,1543.658000,1534.262000,1563.812000,1546.659781,0.899735,39.845261,0,test
AMZN,60,2018-12-18,18:30:00,2018-12-18T18:30:00+00:00,1558.780000,1560.020000,1547.670000,1555.090000,6449,12.350000,-0.251442,1546.550000,1535.971000,1560.141500,1548.192548,0.772464,46.725690,0,test
AMZN,60,2018-12-18,19:30:00,2018-12-18T19:30:00+00:00,1555.100000,1555.440000,1523.470000,1534.120000,7970,31.970000,-1.348475,1546.504000,1536.838000,1555.740500,1545.633903,0.857327,39.644742,1,test
AMZN,60,2018-12-18,20:30:00,2018-12-18T20:30:00+00:00,1534.140000,1559.590000,1534.140000,1537.000000,4543,25.450000,0.187730,1546.942000,1539.478000,1551.642000,1544.064103,0.776636,39.131564,0,test
AMZN,60,2018-12-18,21:30:00,2018-12-18T21:30:00+00:00,1537.000000,1537.000000,1532.000000,1532.000000,222,5.000000,-0.325309,1543.444000,1540.028000,1547.428500,1541.870629,0.724332,40.794370,1,test
AMZN,60,2018-12-19,13:30:00,2018-12-19T13:30:00+00:00,1549.330000,1552.250000,1540.000000,1541.990000,391,12.250000,0.652089,1540.040000,1541.849000,1544.721000,1541.892333,0.744072,51.460789,1,test
AMZN,60,2018-12-19,14:30:00,2018-12-19T14:30:00+00:00,1541.990000,1574.090000,1537.000000,1568.660000,6463,37.090000,1.729583,1542.754000,1544.652000,1543.576000,1546.759182,0.853823,64.337381,0,test
AMZN,60,2018-12-19,15:30:00,2018-12-19T15:30:00+00:00,1568.650000,1575.560000,1556.970000,1560.600000,6096,18.590000,-0.513814,1548.050000,1547.277000,1543.404000,1549.275694,0.862610,67.373176,1,test
AMZN,60,2018-12-19,16:30:00,2018-12-19T16:30:00+00:00,1560.550000,1577.010000,1559.450000,1574.500000,5417,17.560000,0.890683,1555.550000,1551.246000,1543.814000,1553.861932,0.889269,66.913319,0,test
AMZN,60,2018-12-19,17:30:00,2018-12-19T17:30:00+00:00,1574.470000,1579.320000,1565.400000,1568.680000,5223,13.920000,-0.369641,1562.886000,1553.165000,1543.723500,1556.556126,0.872453,65.482759,0,test
AMZN,60,2018-12-19,18:30:00,2018-12-19T18:30:00+00:00,1568.610000,1582.680000,1521.480000,1550.270000,7367,61.200000,-1.173598,1564.542000,1552.291000,1543.276500,1555.413194,0.941829,53.288755,0,test
AMZN,60,2018-12-19,19:30:00,2018-12-19T19:30:00+00:00,1550.560000,1569.710000,1484.150000,1492.990000,9098,85.560000,-3.694840,1549.408000,1546.081000,1541.026000,1544.063522,1.491706,39.532294,1,test
AMZN,60,2018-12-19,20:30:00,2018-12-19T20:30:00+00:00,1493.140000,1506.770000,1487.980000,1495.090000,5262,18.790000,0.140657,1536.306000,1542.178000,1539.508000,1535.159245,1.460113,40.030120,0,test
AMZN,60,2018-12-19,21:30:00,2018-12-19T21:30:00+00:00,1495.100000,1496.500000,1489.970000,1494.970000,249,6.530000,-0.008026,1520.400000,1537.975000,1538.726500,1527.852110,1.454931,35.236135,0,test
AMZN,60,2018-12-20,13:30:00,2018-12-20T13:30:00+00:00,1492.000000,1494.160000,1481.150000,1483.420000,722,13.010000,-0.772591,1503.348000,1533.117000,1536.572500,1519.773544,1.463763,29.753040,1,test
AMZN,60,2018-12-20,14:30:00,2018-12-20T14:30:00+00:00,1483.450000,1508.650000,1479.170000,1490.000000,7945,29.480000,0.443570,1491.294000,1527.918000,1534.883500,1514.360173,1.449924,32.810437,0,test
AMZN,60,2018-12-20,15:30:00,2018-12-20T15:30:00+00:00,1490.000000,1494.310000,1450.220000,1455.700000,7246,44.090000,-2.302013,1483.836000,1516.622000,1530.637000,1503.694687,1.371111,30.652324,1,test
AMZN,60,2018-12-20,16:30:00,2018-12-20T16:30:00+00:00,1455.670000,1461.800000,1432.490000,1461.160000,8227,29.310000,0.375077,1477.050000,1506.678000,1526.977500,1495.961107,1.415217,31.524069,0,test
AMZN,60,2018-12-20,17:30:00,2018-12-20T17:30:00+00:00,1461.150000,1466.800000,1444.830000,1452.030000,7835,21.970000,-0.624846,1468.462000,1494.431000,1522.838500,1487.973633,1.309439,30.902231,1,test
AMZN,60,2018-12-20,18:30:00,2018-12-20T18:30:00+00:00,1452.230000,1459.030000,1433.970000,1458.050000,8708,25.060000,0.414592,1463.388000,1483.368000,1518.266500,1482.532973,1.360475,29.566699,1,test
AMZN,60,2018-12-20,19:30:00,2018-12-20T19:30:00+00:00,1458.020000,1475.190000,1453.470000,1461.960000,7870,21.720000,0.268166,1457.780000,1474.537000,1513.414000,1478.792432,1.383292,20.789531,1,test
AMZN,60,2018-12-20,20:30:00,2018-12-20T20:30:00+00:00,1461.800000,1472.720000,1451.890000,1470.220000,5540,20.830000,0.564995,1460.684000,1472.260000,1509.170500,1477.233808,0.880768,25.284402,1,test
AMZN,60,2018-12-20,21:30:00,2018-12-20T21:30:00+00:00,1471.600000,1478.500000,1468.410000,1478.500000,201,10.090000,0.563181,1464.152000,1470.601000,1506.389500,1477.464025,0.906035,22.915021,0,test
AMZN,60,2018-12-21,13:30:00,2018-12-21T13:30:00+00:00,1473.100000,1485.500000,1454.970000,1464.240000,839,30.530000,-0.964491,1466.594000,1467.528000,1502.751500,1475.059657,0.944022,21.873317,0,test
AMZN,60,2018-12-21,14:30:00,2018-12-21T14:30:00+00:00,1464.030000,1472.370000,1426.130000,1450.220000,8346,46.240000,-0.957493,1465.028000,1464.208000,1498.662500,1470.543355,0.958115,22.403045,0,test
AMZN,60,2018-12-21,15:30:00,2018-12-21T15:30:00+00:00,1450.190000,1452.000000,1411.130000,1426.980000,7028,40.870000,-1.602515,1458.032000,1457.906000,1492.912000,1462.622745,1.016877,27.582694,0,test
AMZN,60,2018-12-21,16:30:00,2018-12-21T16:30:00+00:00,1426.980000,1430.220000,1381.230000,1384.820000,7991,48.990000,-2.954491,1440.952000,1450.818000,1483.720000,1448.476792,1.161269,20.561696,1,test
AMZN,60,2018-12-21,17:30:00,2018-12-21T17:30:00+00:00,1384.560000,1406.200000,1375.620000,1394.240000,7483,30.580000,0.680233,1424.100000,1444.126000,1475.402000,1438.615557,1.190228,24.380691,0,test
AMZN,60,2018-12-21,18:30:00,2018-12-21T18:30:00+00:00,1394.260000,1405.190000,1385.210000,1391.970000,7361,19.980000,-0.162813,1409.646000,1438.120000,1466.275500,1430.134547,1.192139,25.588596,0,test
AMZN,60,2018-12-21,19:30:00,2018-12-21T19:30:00+00:00,1392.000000,1397.810000,1373.170000,1373.170000,8485,24.640000,-1.350604,1394.236000,1429.632000,1456.500000,1419.777356,1.186314,20.723701,1,test
AMZN,60,2018-12-21,20:30:00,2018-12-21T20:30:00+00:00,1373.180000,1381.750000,1364.350000,1377.540000,5083,17.400000,0.318242,1384.348000,1421.190000,1447.863500,1412.097837,1.190445,26.957547,0,test
AMZN,60,2018-12-24,13:30:00,2018-12-24T13:30:00+00:00,1346.580000,1355.000000,1344.720000,1344.720000,830,10.280000,-2.382508,1376.328000,1408.640000,1440.450000,1399.847321,1.237601,20.440699,1,test
AMZN,60,2018-12-24,14:30:00,2018-12-24T14:30:00+00:00,1344.450000,1362.930000,1306.770000,1356.750000,8573,56.160000,0.894610,1368.830000,1396.465000,1433.533000,1392.011445,1.284146,26.163314,1,test
AMZN,60,2018-12-24,15:30:00,2018-12-24T15:30:00+00:00,1356.770000,1395.220000,1351.040000,1363.270000,6732,44.180000,0.480560,1363.090000,1386.368000,1426.948000,1386.785727,1.349258,26.347574,0,test
AMZN,60,2018-12-24,16:30:00,2018-12-24T16:30:00+00:00,1363.260000,1369.550000,1339.580000,1345.350000,5941,29.970000,-1.314486,1357.526000,1375.881000,1420.044500,1379.251959,1.361388,22.801698,0,test
AMZN,60,2018-12-24,17:30:00,2018-12-24T17:30:00+00:00,1345.320000,1355.630000,1339.560000,1342.730000,3628,16.070000,-0.194745,1350.564000,1367.456000,1412.681000,1372.611603,1.334743,19.460547,1,test
AMZN,60,2018-12-26,14:30:00,2018-12-26T14:30:00+00:00,1374.350000,1410.270000,1364.480000,1372.690000,7808,45.790000,2.231275,1356.158000,1366.243000,1408.530500,1372.625857,1.325083,27.038757,1,test
AMZN,60,2018-12-26,15:30:00,2018-12-26T15:30:00+00:00,1372.680000,1396.010000,1363.460000,1394.250000,6524,32.550000,1.570639,1363.658000,1366.244000,1405.185000,1376.557519,1.409098,35.278280,1,test
AMZN,60,2018-12-26,16:30:00,2018-12-26T16:30:00+00:00,1394.390000,1425.310000,1390.070000,1412.900000,6963,35.240000,1.337637,1373.584000,1368.337000,1403.228500,1383.165243,1.467446,42.300074,1,test
AMZN,60,2018-12-26,17:30:00,2018-12-26T17:30:00+00:00,1413.170000,1438.670000,1411.500000,1427.180000,6744,27.170000,1.010687,1389.950000,1373.738000,1401.685000,1391.167926,1.385207,50.042849,1,test
AMZN,60,2018-12-26,18:30:00,2018-12-26T18:30:00+00:00,1427.170000,1440.680000,1422.990000,1430.080000,6262,17.690000,0.203198,1407.420000,1378.992000,1400.091000,1398.242849,1.386394,61.657737,1,test
AMZN,60,2018-12-26,19:30:00,2018-12-26T19:30:00+00:00,1430.070000,1449.980000,1430.070000,1448.200000,7700,19.910000,1.267062,1422.522000,1389.340000,1398.990000,1407.325967,1.005285,63.302436,1,test
AMZN,60,2018-12-26,20:30:00,2018-12-26T20:30:00+00:00,1448.200000,1472.980000,1446.980000,1468.980000,5747,26.000000,1.434885,1437.468000,1400.563000,1398.514000,1418.535791,1.028257,67.397099,1,test
AMZN,60,2018-12-26,21:30:00,2018-12-26T21:30:00+00:00,1469.000000,1471.280000,1468.470000,1469.100000,208,2.810000,0.008169,1448.708000,1411.146000,1398.757000,1427.729284,1.055198,73.668887,0,test
AMZN,60,2018-12-27,13:30:00,2018-12-27T13:30:00+00:00,1450.280000,1452.980000,1434.970000,1450.030000,910,18.010000,-1.298074,1453.278000,1421.614000,1398.747500,1431.783959,1.051627,66.675868,0,test
AMZN,60,2018-12-27,14:30:00,2018-12-27T14:30:00+00:00,1451.050000,1460.940000,1407.970000,1414.580000,8608,52.970000,-2.444777,1450.178000,1428.799000,1398.127500,1428.655967,1.445026,65.878716,1,test
AMZN,60,2018-12-27,15:30:00,2018-12-27T15:30:00+00:00,1414.890000,1434.330000,1409.100000,1431.010000,6558,25.230000,1.161475,1446.740000,1434.631000,1400.437000,1429.083973,1.341115,66.547821,0,test
AMZN,60,2018-12-27,16:30:00,2018-12-27T16:30:00+00:00,1431.030000,1435.750000,1403.410000,1406.650000,6844,32.340000,-1.702294,1434.274000,1435.871000,1401.057500,1425.005069,1.427102,58.954669,0,test
AMZN,60,2018-12-27,17:30:00,2018-12-27T17:30:00+00:00,1406.650000,1415.970000,1404.580000,1406.260000,6312,11.390000,-0.027725,1421.706000,1435.207000,1401.772000,1421.596874,1.358991,63.554230,0,test
AMZN,60,2018-12-27,18:30:00,2018-12-27T18:30:00+00:00,1406.300000,1409.290000,1390.220000,1402.910000,7551,19.070000,-0.238221,1412.282000,1432.780000,1403.259000,1418.199261,1.308274,63.348416,1,test
AMZN,60,2018-12-27,19:30:00,2018-12-27T19:30:00+00:00,1402.710000,1446.590000,1397.310000,1445.190000,8410,49.280000,3.013736,1418.404000,1434.291000,1406.641500,1423.106668,1.652453,65.247750,1,test
AMZN,60,2018-12-27,20:30:00,2018-12-27T20:30:00+00:00,1445.190000,1466.470000,1436.750000,1461.300000,5187,29.720000,1.114732,1424.462000,1435.601000,1412.470500,1430.050910,1.641342,64.432391,0,test
AMZN,60,2018-12-27,21:30:00,2018-12-27T21:30:00+00:00,1461.420000,1461.420000,1454.980000,1457.860000,205,6.440000,-0.235407,1434.704000,1434.489000,1417.526000,1435.107108,1.574271,60.355629,1,test
AMZN,60,2018-12-28,13:30:00,2018-12-28T13:30:00+00:00,1469.970000,1473.250000,1467.970000,1469.970000,591,5.280000,0.830670,1447.446000,1434.576000,1422.861000,1441.445816,1.599788,59.955330,0,test
AMZN,60,2018-12-28,14:30:00,2018-12-28T14:30:00+00:00,1472.880000,1477.670000,1451.440000,1453.000000,8115,26.230000,-1.154445,1457.464000,1434.873000,1428.243500,1443.546577,1.587261,55.004804,1,test
AMZN,60,2018-12-28,15:30:00,2018-12-28T15:30:00+00:00,1453.480000,1472.090000,1448.970000,1470.420000,7164,23.120000,1.198899,1462.510000,1440.457000,1434.628000,1448.432654,1.357114,54.866830,1,test
AMZN,60,2018-12-28,16:30:00,2018-12-28T16:30:00+00:00,1470.620000,1488.900000,1469.250000,1484.480000,7608,19.650000,0.956189,1467.146000,1445.804000,1440.217500,1454.986717,1.345756,53.497924,1,test
AMZN,60,2018-12-28,17:30:00,2018-12-28T17:30:00+00:00,1484.620000,1493.620000,1481.560000,1487.210000,6456,12.060000,0.183903,1473.016000,1453.860000,1444.865500,1460.845495,1.138362,54.039345,1,test
AMZN,60,2018-12-28,18:30:00,2018-12-28T18:30:00+00:00,1487.180000,1502.640000,1481.800000,1499.200000,7283,20.840000,0.806208,1478.862000,1463.154000,1449.180500,1467.819042,1.120585,61.324796,0,test
AMZN,60,2018-12-28,19:30:00,2018-12-28T19:30:00+00:00,1499.320000,1513.240000,1485.080000,1490.100000,9191,28.160000,-0.606990,1486.282000,1471.873000,1452.326500,1471.870125,1.158406,69.796582,0,test
AMZN,60,2018-12-28,20:30:00,2018-12-28T20:30:00+00:00,1489.500000,1490.070000,1472.480000,1477.950000,5111,17.590000,-0.815382,1487.788000,1475.149000,1454.720000,1472.975557,0.873717,62.587150,1,test
AMZN,60,2018-12-31,13:30:00,2018-12-31T13:30:00+00:00,1508.550000,1510.510000,1502.970000,1507.200000,559,7.540000,1.979093,1492.332000,1479.739000,1457.670000,1479.198183,1.004215,76.273844,0,test
AMZN,60,2018-12-31,14:30:00,2018-12-31T14:30:00+00:00,1510.650000,1520.140000,1491.090000,1500.500000,6871,29.050000,-0.444533,1494.990000,1484.003000,1459.246000,1483.071241,1.019003,73.838915,0,test
AMZN,60,2018-12-31,15:30:00,2018-12-31T15:30:00+00:00,1500.500000,1502.240000,1487.190000,1494.620000,5912,15.050000,-0.391869,1494.074000,1486.468000,1460.522000,1485.171015,1.020712,72.905740,1,test
AMZN,60,2018-12-31,16:30:00,2018-12-31T16:30:00+00:00,1494.420000,1514.230000,1487.740000,1512.640000,5896,26.490000,1.205658,1498.582000,1492.432000,1463.652500,1490.165376,0.950607,69.169556,1,test
AMZN,60,2018-12-31,17:30:00,2018-12-31T17:30:00+00:00,1512.610000,1520.140000,1510.120000,1518.950000,5860,10.020000,0.417151,1506.782000,1497.285000,1468.871000,1495.398944,0.909514,67.350870,0,test
AMZN,60,2018-12-31,18:30:00,2018-12-31T18:30:00+00:00,1518.980000,1519.260000,1495.590000,1496.970000,6177,23.670000,-1.447052,1504.736000,1498.534000,1472.169000,1495.684590,1.034306,60.589159,1,test
AMZN,60,2018-12-31,19:30:00,2018-12-31T19:30:00+00:00,1496.990000,1509.430000,1493.470000,1504.720000,5711,15.960000,0.517712,1505.580000,1500.285000,1477.072500,1497.327392,1.043073,59.636182,0,test
AMZN,60,2018-12-31,20:30:00,2018-12-31T20:30:00+00:00,1504.720000,1508.000000,1491.430000,1503.370000,3707,16.570000,-0.089718,1507.330000,1500.702000,1481.928000,1498.426048,1.015897,65.292367,0,test
AMZN,60,2019-01-02,13:30:00,2019-01-02T13:30:00+00:00,1467.540000,1468.280000,1461.140000,1463.560000,607,7.140000,-2.648051,1497.514000,1498.048000,1484.960500,1492.086767,1.318579,48.166560,1,test
AMZN,60,2019-01-02,14:30:00,2019-01-02T14:30:00+00:00,1464.070000,1509.020000,1460.770000,1502.970000,7802,48.250000,2.692749,1494.318000,1500.550000,1487.849500,1494.065536,1.570842,54.352022,1,test
AMZN,60,2019-01-02,15:30:00,2019-01-02T15:30:00+00:00,1502.980000,1530.880000,1497.980000,1524.200000,7568,32.900000,1.412537,1499.764000,1502.250000,1490.994500,1499.544530,1.507655,58.008920,0,test
AMZN,60,2019-01-02,16:30:00,2019-01-02T16:30:00+00:00,1524.300000,1527.000000,1512.480000,1523.980000,6126,14.520000,-0.014434,1503.616000,1504.598000,1494.300500,1503.987343,1.495770,55.653404,1,test
AMZN,60,2019-01-02,17:30:00,2019-01-02T17:30:00+00:00,1523.850000,1548.800000,1523.850000,1546.970000,6843,24.950000,1.508550,1512.336000,1509.833000,1498.150500,1511.802371,1.537243,62.201244,1,test
AMZN,60,2019-01-02,18:30:00,2019-01-02T18:30:00+00:00,1546.980000,1553.020000,1537.850000,1548.000000,6600,15.170000,0.066582,1529.224000,1513.369000,1502.900500,1518.383758,1.509195,65.782003,0,test
AMZN,60,2019-01-02,19:30:00,2019-01-02T19:30:00+00:00,1548.000000,1553.040000,1532.980000,1537.830000,7523,20.060000,-0.656977,1536.196000,1515.257000,1506.271000,1521.919439,1.533343,57.549914,0,test
AMZN,60,2019-01-02,20:30:00,2019-01-02T20:30:00+00:00,1537.850000,1542.030000,1531.480000,1535.990000,4896,10.550000,-0.119649,1538.554000,1519.159000,1508.846500,1524.477722,1.435587,58.962574,0,test
AMZN,60,2019-01-02,21:30:00,2019-01-02T21:30:00+00:00,1535.980000,1537.210000,1502.970000,1505.000000,704,34.240000,-2.017591,1534.758000,1519.187000,1509.736000,1520.936318,1.600748,52.326311,1,test
AMZN,60,2019-01-03,13:30:00,2019-01-03T13:30:00+00:00,1522.340000,1528.510000,1516.130000,1519.000000,706,12.380000,0.930233,1529.164000,1520.750000,1510.726000,1520.584260,1.625747,51.451525,1,test
AMZN,60,2019-01-03,14:30:00,2019-01-03T14:30:00+00:00,1519.010000,1536.920000,1502.110000,1520.620000,8001,34.810000,0.106649,1523.688000,1526.456000,1512.252000,1520.590759,1.307758,50.389477,1,test
AMZN,60,2019-01-03,15:30:00,2019-01-03T15:30:00+00:00,1520.930000,1529.470000,1503.180000,1521.100000,6791,26.290000,0.031566,1520.342000,1528.269000,1514.409500,1520.683348,1.028176,56.254860,1,test
AMZN,60,2019-01-03,16:30:00,2019-01-03T16:30:00+00:00,1521.100000,1535.710000,1517.740000,1524.290000,6329,17.970000,0.209717,1518.002000,1528.278000,1515.264000,1521.339103,0.926070,55.195667,0,test
AMZN,60,2019-01-03,17:30:00,2019-01-03T17:30:00+00:00,1524.430000,1529.250000,1508.530000,1512.550000,5723,20.720000,-0.770195,1519.512000,1527.135000,1515.866500,1519.741084,0.958070,52.309783,1,test
AMZN,60,2019-01-03,18:30:00,2019-01-03T18:30:00+00:00,1512.570000,1518.000000,1505.470000,1517.700000,5788,12.530000,0.340485,1519.252000,1524.208000,1517.020500,1519.369978,0.802685,66.500061,0,test
AMZN,60,2019-01-03,19:30:00,2019-01-03T19:30:00+00:00,1517.680000,1522.190000,1497.980000,1503.300000,7034,24.210000,-0.948804,1515.788000,1519.738000,1516.553500,1516.448164,0.830649,50.118662,0,test
AMZN,60,2019-01-03,20:30:00,2019-01-03T20:30:00+00:00,1503.310000,1511.830000,1497.100000,1500.120000,5120,14.730000,-0.211535,1511.592000,1515.967000,1515.612000,1513.479407,0.820634,40.049587,1,test
AMZN,60,2019-01-03,21:30:00,2019-01-03T21:30:00+00:00,1499.980000,1501.680000,1499.980000,1500.530000,107,1.700000,0.027331,1506.840000,1512.421000,1515.790000,1511.124969,0.824434,40.325109,1,test
AMZN,60,2019-01-04,13:30:00,2019-01-04T13:30:00+00:00,1517.970000,1529.340000,1514.990000,1528.500000,940,14.350000,1.864008,1510.030000,1514.771000,1516.979000,1514.284066,0.802883,42.680510,1,test
AMZN,60,2019-01-04,14:30:00,2019-01-04T14:30:00+00:00,1528.550000,1556.320000,1518.310000,1554.970000,7502,38.010000,1.731763,1517.484000,1518.368000,1519.559000,1521.681508,0.920014,52.298661,1,test
AMZN,60,2019-01-04,15:30:00,2019-01-04T15:30:00+00:00,1554.930000,1565.250000,1550.550000,1563.290000,7278,14.700000,0.535059,1529.482000,1522.635000,1524.545500,1529.246689,0.923182,58.500267,1,test
AMZN,60,2019-01-04,16:30:00,2019-01-04T16:30:00+00:00,1563.170000,1578.800000,1559.520000,1574.660000,7305,19.280000,0.727312,1544.390000,1527.991000,1528.130000,1537.503654,0.928501,62.138238,1,test
AMZN,60,2019-01-04,17:30:00,2019-01-04T17:30:00+00:00,1574.840000,1590.410000,1573.710000,1589.640000,6595,16.700000,0.951316,1562.212000,1534.526000,1531.402000,1546.982990,0.945467,79.536572,0,test
AMZN,60,2019-01-04,18:30:00,2019-01-04T18:30:00+00:00,1589.650000,1593.790000,1578.670000,1587.400000,6747,15.120000,-0.140912,1573.992000,1542.011000,1534.573000,1554.331537,0.875452,76.003650,0,test
AMZN,60,2019-01-04,19:30:00,2019-01-04T19:30:00+00:00,1587.370000,1587.400000,1567.610000,1569.670000,7818,19.790000,-1.116921,1576.932000,1547.208000,1535.708000,1557.120349,1.013147,66.612477,1,test
AMZN,60,2019-01-04,20:30:00,2019-01-04T20:30:00+00:00,1569.660000,1575.680000,1568.260000,1575.660000,4583,7.420000,0.381609,1579.406000,1554.444000,1537.091000,1560.491194,0.906579,67.813765,1,test
AMZN,60,2019-01-07,13:30:00,2019-01-07T13:30:00+00:00,1598.260000,1604.440000,1595.350000,1603.070000,934,9.090000,1.739588,1585.088000,1564.739000,1540.353000,1568.232795,0.951286,72.209066,0,test
AMZN,60,2019-01-07,14:30:00,2019-01-07T14:30:00+00:00,1603.000000,1616.490000,1589.220000,1602.980000,7622,27.270000,-0.005614,1587.756000,1574.984000,1543.702500,1574.550469,0.953813,77.285619,1,test
AMZN,60,2019-01-07,15:30:00,2019-01-07T15:30:00+00:00,1602.980000,1626.040000,1602.980000,1614.120000,7022,23.060000,0.694956,1593.100000,1583.546000,1549.158500,1581.744929,0.857546,78.078043,1,test
AMZN,60,2019-01-07,16:30:00,2019-01-07T16:30:00+00:00,1614.330000,1628.460000,1613.020000,1623.000000,5572,15.440000,0.550145,1603.766000,1590.349000,1554.358500,1589.245851,0.751431,86.015164,1,test
AMZN,60,2019-01-07,17:30:00,2019-01-07T17:30:00+00:00,1623.000000,1626.350000,1621.190000,1624.950000,5283,5.160000,0.120148,1613.624000,1596.515000,1559.575000,1595.737515,0.756525,87.838739,0,test
AMZN,60,2019-01-07,18:30:00,2019-01-07T18:30:00+00:00,1624.950000,1634.140000,1617.260000,1620.370000,6296,16.880000,-0.281855,1617.084000,1601.086000,1564.538500,1600.216148,0.773668,85.430464,1,test
AMZN,60,2019-01-07,19:30:00,2019-01-07T19:30:00+00:00,1620.350000,1632.010000,1618.460000,1630.080000,5752,13.550000,0.599246,1622.504000,1605.130000,1569.828000,1605.645939,0.747769,83.666976,0,test
AMZN,60,2019-01-07,20:30:00,2019-01-07T20:30:00+00:00,1630.200000,1634.050000,1625.280000,1627.970000,4382,8.770000,-0.129441,1625.274000,1609.187000,1575.599000,1609.704860,0.747105,78.853755,1,test
AMZN,60,2019-01-07,21:30:00,2019-01-07T21:30:00+00:00,1628.790000,1629.250000,1627.970000,1629.030000,86,1.280000,0.065112,1626.480000,1615.123000,1581.165500,1613.218521,0.580921,77.566253,1,test
AMZN,60,2019-01-08,13:30:00,2019-01-08T13:30:00+00:00,1656.000000,1663.820000,1655.020000,1662.400000,1075,8.800000,2.048458,1633.970000,1623.797000,1589.120500,1622.160608,0.786354,81.060606,0,test
AMZN,60,2019-01-08,14:30:00,2019-01-08T14:30:00+00:00,1662.380000,1675.310000,1645.980000,1649.000000,9019,29.330000,-0.806064,1639.696000,1628.390000,1596.564500,1627.040498,0.766695,71.251611,0,test
AMZN,60,2019-01-08,15:30:00,2019-01-08T15:30:00+00:00,1649.120000,1651.320000,1616.570000,1643.490000,7854,34.750000,-0.334142,1642.378000,1632.441000,1603.712500,1630.031316,0.787317,69.621493,1,test
AMZN,60,2019-01-08,16:30:00,2019-01-08T16:30:00+00:00,1643.520000,1660.040000,1638.000000,1655.500000,6259,22.040000,0.730762,1647.884000,1636.579000,1610.062500,1634.661986,0.789630,81.276875,0,test
AMZN,60,2019-01-08,17:30:00,2019-01-08T17:30:00+00:00,1655.330000,1658.250000,1645.270000,1653.540000,5291,12.980000,-0.118393,1652.786000,1639.633000,1614.991000,1638.094352,0.790282,79.238624,1,test
AMZN,60,2019-01-08,18:30:00,2019-01-08T18:30:00+00:00,1653.550000,1663.760000,1647.270000,1658.310000,5318,16.490000,0.288472,1651.968000,1642.969000,1619.742000,1641.769925,0.790436,74.986430,0,test
AMZN,60,2019-01-08,19:30:00,2019-01-08T19:30:00+00:00,1658.340000,1661.820000,1652.030000,1656.600000,5855,9.790000,-0.103117,1653.488000,1646.592000,1623.839000,1644.466302,0.780127,73.903352,0,test
AMZN,60,2019-01-08,20:30:00,2019-01-08T20:30:00+00:00,1656.750000,1660.240000,1653.130000,1655.500000,4403,7.110000,-0.066401,1655.890000,1649.134000,1627.132000,1646.472429,0.772925,70.260478,0,test
AMZN,60,2019-01-08,21:30:00,2019-01-08T21:30:00+00:00,1655.500000,1655.570000,1652.970000,1653.000000,74,2.600000,-0.151012,1655.390000,1651.637000,1630.412000,1647.659260,0.773844,65.667433,0,test
AMZN,60,2019-01-09,13:30:00,2019-01-09T13:30:00+00:00,1667.080000,1669.320000,1646.970000,1652.000000,804,22.350000,-0.060496,1655.082000,1653.934000,1634.528500,1648.448485,0.776487,64.268383,1,test
AMZN,60,2019-01-09,14:30:00,2019-01-09T14:30:00+00:00,1651.980000,1666.990000,1641.370000,1656.960000,7711,25.620000,0.300242,1654.812000,1653.390000,1638.593500,1649.996034,0.410154,69.223495,1,test
AMZN,60,2019-01-09,15:30:00,2019-01-09T15:30:00+00:00,1656.960000,1659.620000,1646.470000,1657.360000,5853,13.150000,0.024141,1654.964000,1654.226000,1641.308000,1651.334937,0.307158,65.886327,1,test
AMZN,60,2019-01-09,16:30:00,2019-01-09T16:30:00+00:00,1657.400000,1663.480000,1652.210000,1660.230000,5164,11.270000,0.173167,1655.910000,1655.900000,1644.170500,1652.952221,0.276880,68.621565,0,test
AMZN,60,2019-01-09,17:30:00,2019-01-09T17:30:00+00:00,1660.240000,1663.410000,1656.860000,1659.480000,5321,6.550000,-0.045174,1657.206000,1656.298000,1646.438500,1654.139090,0.168545,67.639903,0,test
AMZN,60,2019-01-09,18:30:00,2019-01-09T18:30:00+00:00,1659.510000,1666.840000,1654.870000,1658.310000,5698,11.970000,-0.070504,1658.468000,1656.775000,1648.204000,1654.897437,0.164681,46.220662,1,test
AMZN,60,2019-01-09,19:30:00,2019-01-09T19:30:00+00:00,1658.320000,1666.770000,1655.430000,1664.260000,6357,11.340000,0.358799,1659.928000,1657.370000,1650.169500,1656.599721,0.177962,66.352336,0,test
AMZN,60,2019-01-09,20:30:00,2019-01-09T20:30:00+00:00,1664.290000,1664.390000,1651.970000,1658.000000,4651,12.420000,-0.376143,1660.056000,1657.510000,1652.051000,1656.854317,0.218090,65.302679,0,test
AMZN,60,2019-01-09,21:30:00,2019-01-09T21:30:00+00:00,1657.980000,1658.000000,1654.970000,1656.600000,86,3.030000,-0.084439,1659.330000,1657.620000,1653.377000,1656.808078,0.218853,51.494565,0,test
AMZN,60,2019-01-10,13:30:00,2019-01-10T13:30:00+00:00,1644.200000,1648.060000,1642.980000,1643.000000,427,5.080000,-0.820959,1656.034000,1656.620000,1654.128500,1654.297518,0.341003,39.120562,1,test
AMZN,60,2019-01-10,14:30:00,2019-01-10T14:30:00+00:00,1643.000000,1644.560000,1621.840000,1643.650000,7715,22.720000,0.039562,1653.102000,1655.785000,1654.859500,1652.361606,0.342456,33.461191,1,test
AMZN,60,2019-01-10,15:30:00,2019-01-10T15:30:00+00:00,1643.840000,1659.540000,1641.170000,1650.720000,5571,18.370000,0.430140,1650.394000,1655.161000,1654.275500,1652.063132,0.359273,44.082126,1,test
AMZN,60,2019-01-10,16:30:00,2019-01-10T16:30:00+00:00,1650.720000,1657.210000,1649.300000,1654.060000,4859,7.910000,0.202336,1649.606000,1654.831000,1654.528500,1652.426199,0.366987,48.613251,0,test
AMZN,60,2019-01-10,17:30:00,2019-01-10T17:30:00+00:00,1654.040000,1662.970000,1643.970000,1650.990000,5725,19.000000,-0.185604,1648.484000,1653.907000,1654.903500,1652.165072,0.363599,48.085350,1,test
AMZN,60,2019-01-10,18:30:00,2019-01-10T18:30:00+00:00,1651.020000,1657.370000,1640.470000,1653.090000,5098,16.900000,0.127196,1650.502000,1653.268000,1654.783000,1652.333241,0.368184,51.016981,1,test
AMZN,60,2019-01-10,19:30:00,2019-01-10T19:30:00+00:00,1653.120000,1655.730000,1648.980000,1654.790000,5470,6.750000,0.102838,1652.730000,1652.916000,1654.845500,1652.779924,0.370555,47.844228,0,test
AMZN,60,2019-01-10,20:30:00,2019-01-10T20:30:00+00:00,1654.820000,1659.670000,1652.750000,1654.500000,3912,6.920000,-0.017525,1653.486000,1651.940000,1654.655000,1653.092665,0.346038,47.152529,0,test
AMZN,60,2019-01-10,21:30:00,2019-01-10T21:30:00+00:00,1653.130000,1655.470000,1653.100000,1654.500000,58,2.370000,0.000000,1653.574000,1651.590000,1654.550000,1653.348544,0.327597,43.949314,0,test
AMZN,60,2019-01-11,13:30:00,2019-01-11T13:30:00+00:00,1643.000000,1649.000000,1640.160000,1640.160000,425,8.840000,-0.866727,1651.408000,1649.946000,1653.783000,1650.950627,0.423801,34.148343,1,test
AMZN,60,2019-01-11,14:30:00,2019-01-11T14:30:00+00:00,1640.170000,1659.620000,1636.130000,1644.800000,7006,23.490000,0.282899,1649.750000,1650.126000,1653.373000,1649.832331,0.352603,39.512498,0,test
AMZN,60,2019-01-11,15:30:00,2019-01-11T15:30:00+00:00,1644.770000,1650.420000,1640.770000,1644.260000,5961,9.650000,-0.032831,1647.644000,1650.187000,1652.986000,1648.819180,0.352706,33.050847,1,test
AMZN,60,2019-01-11,16:30:00,2019-01-11T16:30:00+00:00,1644.240000,1650.170000,1643.200000,1645.660000,5676,6.970000,0.085145,1645.876000,1649.681000,1652.421000,1648.244784,0.321954,38.603620,0,test
AMZN,60,2019-01-11,17:30:00,2019-01-11T17:30:00+00:00,1645.650000,1647.930000,1636.710000,1640.570000,5944,11.220000,-0.309298,1643.090000,1648.332000,1651.581500,1646.849369,0.321543,36.140412,1,test
AMZN,60,2019-01-11,18:30:00,2019-01-11T18:30:00+00:00,1640.850000,1643.230000,1636.580000,1641.100000,5551,6.650000,0.032306,1643.278000,1647.343000,1650.625000,1645.804029,0.321079,47.877569,0,test
AMZN,60,2019-01-11,19:30:00,2019-01-11T19:30:00+00:00,1641.090000,1644.100000,1638.600000,1641.060000,5520,5.500000,-0.002437,1642.530000,1646.140000,1649.704000,1644.941478,0.315263,47.066818,0,test
AMZN,60,2019-01-11,20:30:00,2019-01-11T20:30:00+00:00,1641.050000,1644.360000,1638.980000,1640.080000,3802,5.380000,-0.059717,1641.694000,1644.669000,1648.792500,1644.057573,0.309350,36.022070,0,test
AMZN,60,2019-01-14,13:30:00,2019-01-14T13:30:00+00:00,1614.000000,1620.250000,1609.970000,1614.030000,577,10.280000,-1.588337,1635.368000,1640.622000,1646.281000,1638.598014,0.563521,17.064341,1,test
AMZN,60,2019-01-14,14:30:00,2019-01-14T14:30:00+00:00,1614.010000,1630.000000,1595.150000,1629.340000,6425,34.850000,0.948557,1633.122000,1638.106000,1644.848000,1636.914739,0.677765,35.173264,1,test
AMZN,60,2019-01-14,15:30:00,2019-01-14T15:30:00+00:00,1628.950000,1645.060000,1628.290000,1639.480000,6158,16.770000,0.622338,1632.798000,1638.038000,1643.992000,1637.381150,0.666540,41.603948,0,test
AMZN,60,2019-01-14,16:30:00,2019-01-14T16:30:00+00:00,1639.500000,1647.680000,1635.590000,1635.980000,5267,12.090000,-0.213482,1631.782000,1637.156000,1643.641000,1637.126395,0.661417,38.648159,0,test
AMZN,60,2019-01-14,17:30:00,2019-01-14T17:30:00+00:00,1635.980000,1637.570000,1630.470000,1633.370000,4209,7.100000,-0.159537,1630.440000,1636.067000,1643.127000,1636.443414,0.662227,37.595397,0,test
AMZN,60,2019-01-14,18:30:00,2019-01-14T18:30:00+00:00,1633.370000,1637.520000,1625.210000,1626.490000,4682,12.310000,-0.421215,1632.932000,1634.150000,1641.915500,1634.633703,0.668844,34.785443,0,test
AMZN,60,2019-01-14,19:30:00,2019-01-14T19:30:00+00:00,1626.500000,1630.900000,1622.040000,1624.420000,5716,8.860000,-0.127268,1631.948000,1632.535000,1640.433500,1632.776666,0.665439,40.135372,0,test
AMZN,60,2019-01-14,20:30:00,2019-01-14T20:30:00+00:00,1624.430000,1626.160000,1614.970000,1617.480000,4073,11.190000,-0.427229,1627.548000,1630.173000,1638.758000,1629.995454,0.671368,33.357700,1,test
AMZN,60,2019-01-14,21:30:00,2019-01-14T21:30:00+00:00,1616.910000,1619.000000,1616.910000,1618.000000,78,2.090000,0.032149,1623.952000,1627.867000,1637.003500,1627.814462,0.672260,33.999513,1,test
AMZN,60,2019-01-15,13:30:00,2019-01-15T13:30:00+00:00,1629.000000,1632.990000,1627.970000,1632.000000,408,5.020000,0.865266,1623.678000,1627.059000,1635.864000,1628.575469,0.744222,42.784703,1,test
AMZN,60,2019-01-15,14:30:00,2019-01-15T14:30:00+00:00,1631.490000,1649.480000,1626.120000,1641.270000,7150,23.360000,0.568015,1626.634000,1629.783000,1635.202500,1630.883566,0.529339,50.354108,1,test
AMZN,60,2019-01-15,15:30:00,2019-01-15T15:30:00+00:00,1641.590000,1649.720000,1639.590000,1648.490000,5788,10.130000,0.439903,1631.448000,1631.698000,1634.902000,1634.084736,0.466829,53.501374,1,test
AMZN,60,2019-01-15,16:30:00,2019-01-15T16:30:00+00:00,1648.490000,1667.360000,1648.470000,1662.400000,5927,18.890000,0.843803,1640.432000,1633.990000,1636.014000,1639.232965,0.497654,58.936348,1,test
AMZN,60,2019-01-15,17:30:00,2019-01-15T17:30:00+00:00,1662.430000,1667.110000,1661.070000,1665.620000,4356,6.040000,0.193696,1649.956000,1636.954000,1637.055000,1644.030608,0.481924,60.498191,0,test
AMZN,60,2019-01-15,18:30:00,2019-01-15T18:30:00+00:00,1665.590000,1668.890000,1650.380000,1651.000000,5099,18.510000,-0.877751,1653.756000,1638.717000,1637.392000,1645.297770,0.581503,66.772525,1,test
AMZN,60,2019-01-15,19:30:00,2019-01-15T19:30:00+00:00,1650.990000,1668.500000,1649.970000,1667.860000,5365,18.530000,1.021199,1659.074000,1642.854000,1638.502000,1649.399994,0.613408,67.233357,1,test
AMZN,60,2019-01-15,20:30:00,2019-01-15T20:30:00+00:00,1668.070000,1676.670000,1667.280000,1676.000000,4322,9.390000,0.488051,1664.576000,1648.012000,1640.273500,1654.236359,0.601755,66.636297,0,test
AMZN,60,2019-01-15,21:30:00,2019-01-15T21:30:00+00:00,1676.460000,1676.510000,1674.970000,1675.980000,159,1.540000,-0.001193,1667.292000,1653.862000,1642.017500,1658.189748,0.556792,68.818216,1,test
AMZN,60,2019-01-16,13:30:00,2019-01-16T13:30:00+00:00,1683.090000,1684.840000,1681.130000,1683.000000,358,3.710000,0.418859,1670.768000,1660.362000,1644.114500,1662.700703,0.545003,72.418466,1,test
AMZN,60,2019-01-16,14:30:00,2019-01-16T14:30:00+00:00,1683.000000,1704.370000,1680.080000,1693.270000,8290,24.290000,0.610220,1679.222000,1666.489000,1646.774000,1668.258757,0.526247,79.268934,1,test
AMZN,60,2019-01-16,15:30:00,2019-01-16T15:30:00+00:00,1693.290000,1696.720000,1675.480000,1694.230000,7145,21.240000,0.056695,1684.496000,1671.785000,1650.784000,1672.980801,0.529750,80.897583,0,test
AMZN,60,2019-01-16,16:30:00,2019-01-16T16:30:00+00:00,1694.220000,1696.920000,1685.980000,1689.160000,5096,10.940000,-0.299251,1687.128000,1675.852000,1653.775000,1675.922474,0.561666,82.259226,1,test
AMZN,60,2019-01-16,17:30:00,2019-01-16T17:30:00+00:00,1689.130000,1696.770000,1686.530000,1689.770000,5098,10.240000,0.036113,1689.886000,1678.589000,1656.289500,1678.440206,0.522786,82.273586,1,test
AMZN,60,2019-01-16,18:30:00,2019-01-16T18:30:00+00:00,1689.760000,1694.750000,1686.400000,1692.160000,5399,8.350000,0.141439,1691.718000,1681.243000,1659.098500,1680.934714,0.522725,80.206869,0,test
AMZN,60,2019-01-16,19:30:00,2019-01-16T19:30:00+00:00,1692.190000,1694.740000,1686.980000,1688.770000,5743,7.760000,-0.200336,1690.818000,1685.020000,1661.868500,1682.359311,0.403727,75.346852,0,test
AMZN,60,2019-01-16,20:30:00,2019-01-16T20:30:00+00:00,1688.770000,1689.950000,1675.970000,1679.500000,4354,13.980000,-0.548920,1687.872000,1686.184000,1664.519000,1681.839436,0.363974,66.193211,0,test
AMZN,60,2019-01-16,21:30:00,2019-01-16T21:30:00+00:00,1680.000000,1680.280000,1677.970000,1678.020000,85,2.310000,-0.088121,1685.644000,1686.386000,1667.199000,1681.144993,0.334917,59.373500,1,test
AMZN,60,2019-01-17,13:30:00,2019-01-17T13:30:00+00:00,1680.890000,1683.980000,1678.220000,1679.490000,343,5.760000,0.087603,1683.588000,1686.737000,1670.299500,1680.844086,0.335689,58.501900,1,test
AMZN,60,2019-01-17,14:30:00,2019-01-17T14:30:00+00:00,1678.680000,1690.540000,1677.300000,1684.990000,6095,13.240000,0.327480,1682.154000,1686.936000,1673.649000,1681.597888,0.324733,73.457557,1,test
AMZN,60,2019-01-17,15:30:00,2019-01-17T15:30:00+00:00,1685.040000,1689.810000,1682.100000,1686.640000,4673,7.710000,0.097923,1681.728000,1686.273000,1676.381000,1682.514636,0.252242,66.404612,0,test
AMZN,60,2019-01-17,16:30:00,2019-01-17T16:30:00+00:00,1686.790000,1688.930000,1683.030000,1686.050000,5164,5.900000,-0.034981,1683.038000,1685.455000,1678.620000,1683.157429,0.250036,60.112699,1,test
AMZN,60,2019-01-17,17:30:00,2019-01-17T17:30:00+00:00,1686.030000,1690.450000,1685.150000,1688.500000,4695,5.300000,0.145310,1685.134000,1685.389000,1680.620500,1684.128806,0.239730,62.010744,0,test
AMZN,60,2019-01-17,18:30:00,2019-01-17T18:30:00+00:00,1688.500000,1690.490000,1685.960000,1686.780000,4585,4.530000,-0.101866,1686.592000,1685.090000,1681.839500,1684.610841,0.241154,54.036736,1,test
AMZN,60,2019-01-17,19:30:00,2019-01-17T19:30:00+00:00,1686.790000,1699.840000,1686.160000,1694.310000,7184,13.680000,0.446413,1688.456000,1685.305000,1683.274000,1686.374325,0.279686,51.179673,0,test
AMZN,60,2019-01-17,20:30:00,2019-01-17T20:30:00+00:00,1694.210000,1696.820000,1680.980000,1684.980000,4759,15.840000,-0.550667,1688.124000,1684.926000,1684.973000,1686.120811,0.327276,41.182078,1,test
AMZN,60,2019-01-17,21:30:00,2019-01-17T21:30:00+00:00,1688.380000,1692.100000,1684.980000,1687.020000,163,7.120000,0.121070,1688.318000,1685.678000,1685.931000,1686.284300,0.271190,47.834885,1,test
AMZN,60,2019-01-18,13:30:00,2019-01-18T13:30:00+00:00,1705.970000,1713.150000,1705.500000,1706.980000,547,7.650000,1.183151,1692.014000,1688.574000,1687.480000,1690.047154,0.444461,62.512724,0,test
AMZN,60,2019-01-18,14:30:00,2019-01-18T14:30:00+00:00,1707.000000,1712.810000,1697.280000,1702.630000,7440,15.530000,-0.254836,1695.184000,1690.888000,1688.812500,1692.334945,0.464441,57.401386,1,test
AMZN,60,2019-01-18,15:30:00,2019-01-18T15:30:00+00:00,1702.630000,1711.890000,1701.980000,1709.980000,6320,9.910000,0.431685,1698.318000,1693.387000,1690.161500,1695.543136,0.470299,64.198688,1,test
AMZN,60,2019-01-18,16:30:00,2019-01-18T16:30:00+00:00,1709.980000,1714.860000,1708.770000,1713.200000,6054,6.090000,0.188306,1703.962000,1696.043000,1691.158000,1698.753475,0.470091,74.548368,0,test
AMZN,60,2019-01-18,17:30:00,2019-01-18T17:30:00+00:00,1713.200000,1716.040000,1705.920000,1707.050000,5104,10.120000,-0.358977,1707.968000,1698.143000,1691.799000,1700.261934,0.495310,69.799482,0,test
AMZN,60,2019-01-18,18:30:00,2019-01-18T18:30:00+00:00,1707.030000,1708.270000,1698.050000,1698.330000,5675,10.220000,-0.510823,1706.238000,1699.126000,1692.257500,1699.910674,0.534243,61.693148,0,test
AMZN,60,2019-01-18,19:30:00,2019-01-18T19:30:00+00:00,1698.160000,1699.770000,1694.000000,1696.010000,6698,5.770000,-0.136605,1704.914000,1700.049000,1692.569500,1699.201460,0.535519,57.120703,0,test
AMZN,60,2019-01-18,20:30:00,2019-01-18T20:30:00+00:00,1696.010000,1698.170000,1691.470000,1694.820000,4337,6.700000,-0.070165,1701.882000,1700.100000,1692.702500,1698.404831,0.518299,55.317213,0,test
AMZN,60,2019-01-22,13:30:00,2019-01-22T13:30:00+00:00,1682.770000,1684.560000,1680.860000,1681.840000,314,3.700000,-0.765863,1695.610000,1699.786000,1692.356000,1695.393044,0.547540,47.643041,0,test
AMZN,60,2019-01-22,14:30:00,2019-01-22T14:30:00+00:00,1681.010000,1681.380000,1655.550000,1663.060000,6916,25.830000,-1.116634,1686.812000,1697.390000,1691.534000,1689.514308,0.644152,37.959106,0,test
AMZN,60,2019-01-22,15:30:00,2019-01-22T15:30:00+00:00,1663.180000,1667.520000,1657.270000,1660.890000,5764,10.250000,-0.130482,1679.324000,1692.781000,1690.677500,1684.309889,0.448250,37.798096,0,test
AMZN,60,2019-01-22,16:30:00,2019-01-22T16:30:00+00:00,1660.920000,1663.330000,1646.080000,1653.000000,5079,17.250000,-0.475047,1670.722000,1687.818000,1689.353000,1678.617182,0.452676,30.596524,0,test
AMZN,60,2019-01-22,17:30:00,2019-01-22T17:30:00+00:00,1653.010000,1657.790000,1630.360000,1635.650000,4847,27.430000,-1.049607,1658.888000,1680.385000,1686.886000,1670.804967,0.430475,28.452870,0,test
AMZN,60,2019-01-22,18:30:00,2019-01-22T18:30:00+00:00,1635.490000,1640.370000,1627.280000,1627.400000,4817,13.090000,-0.504387,1648.000000,1671.805000,1683.924000,1662.913155,0.369021,25.298310,0,test
AMZN,60,2019-01-22,19:30:00,2019-01-22T19:30:00+00:00,1627.400000,1631.000000,1609.990000,1625.560000,5929,21.010000,-0.113064,1640.500000,1663.656000,1680.899500,1656.121672,0.388044,10.306162,1,test
AMZN,60,2019-01-22,20:30:00,2019-01-22T20:30:00+00:00,1625.540000,1637.410000,1617.410000,1636.650000,4817,20.000000,0.682226,1635.652000,1657.488000,1678.307000,1652.581368,0.535416,19.817017,0,test
AMZN,60,2019-01-22,21:30:00,2019-01-22T21:30:00+00:00,1636.680000,1636.680000,1632.080000,1633.000000,156,4.600000,-0.223017,1631.652000,1651.187000,1675.618000,1649.021119,0.531953,13.551136,1,test
AMZN,60,2019-01-23,13:30:00,2019-01-23T13:30:00+00:00,1649.510000,1655.580000,1647.050000,1653.110000,741,8.530000,1.231476,1635.144000,1647.016000,1673.558000,1649.764552,0.735554,25.471467,0,test
AMZN,60,2019-01-23,14:30:00,2019-01-23T14:30:00+00:00,1655.960000,1656.740000,1636.020000,1644.160000,6709,20.720000,-0.541404,1638.496000,1643.248000,1671.517000,1648.745543,0.721227,24.902227,0,test
AMZN,60,2019-01-23,15:30:00,2019-01-23T15:30:00+00:00,1644.010000,1649.640000,1629.980000,1632.990000,5143,19.660000,-0.679374,1639.982000,1640.241000,1668.815500,1645.880899,0.672719,24.424612,0,test
AMZN,60,2019-01-23,16:30:00,2019-01-23T16:30:00+00:00,1633.020000,1636.160000,1611.980000,1619.150000,5648,24.180000,-0.847525,1636.482000,1636.067000,1664.424000,1641.020735,0.704296,22.404136,1,test
AMZN,60,2019-01-23,17:30:00,2019-01-23T17:30:00+00:00,1619.150000,1635.980000,1616.580000,1630.980000,4868,19.400000,0.730630,1636.078000,1633.865000,1660.841500,1639.195147,0.762648,28.705804,1,test
AMZN,60,2019-01-23,18:30:00,2019-01-23T18:30:00+00:00,1631.000000,1636.640000,1628.850000,1634.990000,4288,7.790000,0.245864,1632.454000,1633.799000,1657.092000,1638.430575,0.696507,33.378273,1,test
AMZN,60,2019-01-23,19:30:00,2019-01-23T19:30:00+00:00,1635.130000,1643.480000,1628.000000,1643.430000,5280,15.480000,0.516211,1632.308000,1635.402000,1653.603500,1639.339561,0.689427,42.484111,0,test
AMZN,60,2019-01-23,20:30:00,2019-01-23T20:30:00+00:00,1643.440000,1644.050000,1633.680000,1639.000000,3770,10.370000,-0.269558,1633.510000,1636.746000,1650.201000,1639.277823,0.696546,41.761385,1,test
AMZN,60,2019-01-23,21:30:00,2019-01-23T21:30:00+00:00,1639.560000,1642.120000,1636.480000,1642.100000,56,5.640000,0.189140,1638.100000,1637.291000,1647.389500,1639.790946,0.666333,45.744182,0,test
AMZN,60,2019-01-24,13:30:00,2019-01-24T13:30:00+00:00,1647.350000,1650.050000,1632.970000,1638.970000,705,17.080000,-0.190610,1639.698000,1637.888000,1644.537500,1639.641683,0.665015,51.458187,1,test
AMZN,60,2019-01-24,14:30:00,2019-01-24T14:30:00+00:00,1639.000000,1652.610000,1632.990000,1649.180000,6527,19.620000,0.622952,1642.536000,1637.495000,1642.255500,1641.375922,0.563870,59.404145,0,test
AMZN,60,2019-01-24,15:30:00,2019-01-24T15:30:00+00:00,1649.480000,1650.440000,1631.420000,1636.050000,4775,19.020000,-0.796153,1641.060000,1636.684000,1639.966000,1640.407573,0.594830,54.126997,1,test
AMZN,60,2019-01-24,16:30:00,2019-01-24T16:30:00+00:00,1636.070000,1647.410000,1634.970000,1646.270000,4255,12.440000,0.624675,1642.514000,1638.012000,1639.126500,1641.473469,0.583837,53.810807,0,test
AMZN,60,2019-01-24,17:30:00,2019-01-24T17:30:00+00:00,1646.290000,1647.450000,1636.730000,1641.240000,3642,10.720000,-0.305539,1642.342000,1640.221000,1638.144000,1641.431020,0.508153,53.228840,1,test
AMZN,60,2019-01-24,18:30:00,2019-01-24T18:30:00+00:00,1641.380000,1649.350000,1640.520000,1647.650000,4229,8.830000,0.390558,1644.078000,1641.888000,1637.876500,1642.561744,0.474242,47.603161,1,test
AMZN,60,2019-01-24,19:30:00,2019-01-24T19:30:00+00:00,1647.640000,1650.120000,1643.860000,1648.050000,4497,6.260000,0.024277,1643.852000,1643.194000,1638.496500,1643.559608,0.471983,51.846227,1,test
AMZN,60,2019-01-24,20:30:00,2019-01-24T20:30:00+00:00,1648.030000,1656.980000,1646.740000,1649.000000,3923,10.240000,0.057644,1646.442000,1643.751000,1639.576500,1644.548770,0.446549,58.414801,1,test
AMZN,60,2019-01-24,21:30:00,2019-01-24T21:30:00+00:00,1649.720000,1649.990000,1648.850000,1649.990000,125,1.140000,0.060036,1647.186000,1644.850000,1640.798000,1645.538085,0.433568,68.740885,1,test
AMZN,60,2019-01-25,13:30:00,2019-01-25T13:30:00+00:00,1666.100000,1671.500000,1666.070000,1669.500000,561,5.430000,1.182431,1652.838000,1647.590000,1642.440500,1649.894797,0.559866,71.409515,1,test
AMZN,60,2019-01-25,14:30:00,2019-01-25T14:30:00+00:00,1669.510000,1683.000000,1661.500000,1677.800000,8146,21.500000,0.497155,1658.868000,1651.473000,1644.680500,1654.968470,0.553256,72.710875,0,test
AMZN,60,2019-01-25,15:30:00,2019-01-25T15:30:00+00:00,1677.670000,1679.250000,1671.690000,1674.310000,5584,7.560000,-0.208010,1664.120000,1653.986000,1645.740500,1658.485112,0.551046,67.290034,0,test
AMZN,60,2019-01-25,16:30:00,2019-01-25T16:30:00+00:00,1674.340000,1678.990000,1670.400000,1670.400000,4652,8.590000,-0.233529,1668.400000,1657.421000,1647.052500,1660.651455,0.465481,67.684163,1,test
AMZN,60,2019-01-25,17:30:00,2019-01-25T17:30:00+00:00,1670.370000,1674.240000,1666.290000,1671.690000,5113,7.950000,0.077227,1672.740000,1659.963000,1648.987500,1662.658463,0.442798,67.011613,0,test
AMZN,60,2019-01-25,18:30:00,2019-01-25T18:30:00+00:00,1671.830000,1676.210000,1667.780000,1669.790000,4742,8.430000,-0.113657,1672.798000,1662.818000,1651.519500,1663.955106,0.424437,67.972941,1,test
AMZN,60,2019-01-25,19:30:00,2019-01-25T19:30:00+00:00,1669.780000,1674.200000,1668.970000,1670.890000,5224,5.230000,0.065877,1671.416000,1665.142000,1653.515000,1665.215996,0.418356,64.165470,0,test
AMZN,60,2019-01-25,20:30:00,2019-01-25T20:30:00+00:00,1671.010000,1671.600000,1666.940000,1670.810000,3980,4.660000,-0.004788,1670.716000,1667.418000,1655.306000,1666.233088,0.419356,77.335640,0,test
AMZN,60,2019-01-28,13:30:00,2019-01-28T13:30:00+00:00,1656.960000,1662.250000,1642.150000,1642.990000,767,20.100000,-1.665061,1665.234000,1666.817000,1655.284000,1662.007072,0.709512,47.979798,0,test
AMZN,60,2019-01-28,14:30:00,2019-01-28T14:30:00+00:00,1642.990000,1643.910000,1618.540000,1629.010000,8024,25.370000,-0.850888,1656.698000,1664.719000,1654.784500,1656.007604,0.753195,43.215356,0,test
AMZN,60,2019-01-28,15:30:00,2019-01-28T15:30:00+00:00,1629.000000,1629.090000,1619.200000,1622.560000,7361,9.890000,-0.395946,1647.252000,1660.025000,1653.807500,1649.926222,0.598109,36.087390,0,test
AMZN,60,2019-01-28,16:30:00,2019-01-28T16:30:00+00:00,1622.770000,1624.880000,1614.070000,1621.230000,6317,10.810000,-0.081969,1637.320000,1654.368000,1652.920500,1644.708727,0.539306,35.279912,1,test
AMZN,60,2019-01-28,17:30:00,2019-01-28T17:30:00+00:00,1621.230000,1623.900000,1618.080000,1622.750000,4874,5.820000,0.093756,1627.708000,1649.212000,1651.599000,1640.716231,0.555770,35.682339,1,test
AMZN,60,2019-01-28,18:30:00,2019-01-28T18:30:00+00:00,1622.760000,1631.920000,1622.470000,1628.000000,4923,9.450000,0.323525,1624.710000,1644.972000,1651.196500,1638.404189,0.591176,38.538518,1,test
AMZN,60,2019-01-28,19:30:00,2019-01-28T19:30:00+00:00,1628.000000,1636.100000,1627.250000,1633.110000,5626,8.850000,0.313882,1625.530000,1641.114000,1650.538500,1637.441609,0.610386,27.683061,1,test
AMZN,60,2019-01-28,20:30:00,2019-01-28T20:30:00+00:00,1632.980000,1638.350000,1631.120000,1634.500000,3909,7.230000,0.085114,1627.918000,1637.585000,1650.201500,1636.906771,0.617842,20.986331,0,test
AMZN,60,2019-01-28,21:30:00,2019-01-28T21:30:00+00:00,1634.500000,1634.990000,1633.480000,1633.730000,77,1.510000,-0.047109,1630.418000,1633.869000,1649.505500,1636.329176,0.613219,21.780250,0,test
AMZN,60,2019-01-29,13:30:00,2019-01-29T13:30:00+00:00,1638.230000,1639.420000,1630.970000,1631.230000,317,8.450000,-0.153024,1632.114000,1629.911000,1648.664500,1635.402053,0.609137,22.215917,0,test
AMZN,60,2019-01-29,14:30:00,2019-01-29T14:30:00+00:00,1630.980000,1631.410000,1616.090000,1620.400000,6490,15.320000,-0.663916,1630.594000,1627.652000,1647.234500,1632.674407,0.392096,17.955767,0,test
AMZN,60,2019-01-29,15:30:00,2019-01-29T15:30:00+00:00,1620.470000,1621.440000,1593.580000,1596.800000,7263,27.860000,-1.456431,1623.332000,1624.431000,1644.575000,1626.151788,0.535148,14.125627,1,test
AMZN,60,2019-01-29,16:30:00,2019-01-29T16:30:00+00:00,1596.810000,1606.890000,1596.470000,1603.990000,5422,10.420000,0.450276,1617.230000,1622.574000,1641.299500,1622.122372,0.566400,18.976071,0,test
AMZN,60,2019-01-29,17:30:00,2019-01-29T17:30:00+00:00,1604.020000,1604.020000,1597.730000,1600.330000,4478,6.290000,-0.228181,1610.550000,1620.484000,1637.426000,1618.160122,0.567379,18.366248,0,test
AMZN,60,2019-01-29,18:30:00,2019-01-29T18:30:00+00:00,1600.330000,1604.190000,1598.750000,1600.300000,4694,5.440000,-0.001875,1604.364000,1618.239000,1633.725500,1614.912827,0.564018,24.470757,0,test
AMZN,60,2019-01-29,19:30:00,2019-01-29T19:30:00+00:00,1600.300000,1602.560000,1590.690000,1594.580000,5746,11.870000,-0.357433,1599.200000,1614.897000,1629.934500,1611.215950,0.542845,27.153285,0,test
AMZN,60,2019-01-29,20:30:00,2019-01-29T20:30:00+00:00,1594.580000,1596.470000,1591.370000,1593.480000,3724,5.100000,-0.068984,1598.536000,1610.934000,1626.024000,1607.991232,0.514897,29.228571,1,test
AMZN,60,2019-01-29,21:30:00,2019-01-29T21:30:00+00:00,1593.500000,1617.200000,1584.970000,1612.870000,1002,32.230000,1.216834,1600.312000,1608.771000,1623.178000,1608.878280,0.689932,45.253236,1,test
AMZN,60,2019-01-30,13:30:00,2019-01-30T13:30:00+00:00,1616.530000,1623.700000,1616.530000,1620.980000,460,7.170000,0.502830,1604.442000,1607.496000,1620.682500,1611.078593,0.718680,49.064976,1,test
AMZN,60,2019-01-30,14:30:00,2019-01-30T14:30:00+00:00,1621.000000,1641.640000,1619.580000,1638.670000,7430,22.060000,1.091315,1612.116000,1608.240000,1619.075500,1616.095212,0.806249,54.981791,1,test
AMZN,60,2019-01-30,15:30:00,2019-01-30T15:30:00+00:00,1639.040000,1647.230000,1638.530000,1642.850000,6583,8.700000,0.255085,1621.770000,1610.485000,1619.068500,1620.959719,0.767472,54.587415,1,test
AMZN,60,2019-01-30,16:30:00,2019-01-30T16:30:00+00:00,1642.860000,1656.800000,1641.190000,1652.980000,5356,15.610000,0.616611,1633.670000,1616.103000,1620.267000,1626.781589,0.532136,58.041775,0,test
AMZN,60,2019-01-30,17:30:00,2019-01-30T17:30:00+00:00,1653.130000,1653.990000,1649.300000,1650.340000,3520,4.690000,-0.159712,1641.164000,1620.738000,1621.656000,1631.064936,0.553593,57.112272,1,test
AMZN,60,2019-01-30,18:30:00,2019-01-30T18:30:00+00:00,1650.330000,1668.710000,1649.510000,1667.730000,5675,19.200000,1.053722,1650.514000,1627.478000,1623.981000,1637.731311,0.569328,63.861461,0,test
AMZN,60,2019-01-30,19:30:00,2019-01-30T19:30:00+00:00,1667.610000,1676.620000,1664.320000,1667.560000,5782,12.300000,-0.010193,1656.292000,1634.204000,1626.221500,1643.154709,0.570010,69.487603,1,test
AMZN,60,2019-01-30,20:30:00,2019-01-30T20:30:00+00:00,1667.580000,1681.250000,1663.800000,1678.230000,4463,17.450000,0.639857,1663.368000,1642.569000,1628.733000,1649.532035,0.503392,87.674655,1,test
AMZN,60,2019-01-30,21:30:00,2019-01-30T21:30:00+00:00,1678.250000,1685.610000,1677.970000,1684.040000,383,7.640000,0.346198,1669.580000,1651.625000,1631.279500,1655.806210,0.465702,87.515231,1,test
AMZN,60,2019-01-31,13:30:00,2019-01-31T13:30:00+00:00,1703.570000,1703.890000,1688.970000,1691.470000,992,14.920000,0.441201,1677.806000,1659.485000,1634.128000,1662.290536,0.403741,91.254753,1,test
AMZN,60,2019-01-31,14:30:00,2019-01-31T14:30:00+00:00,1691.470000,1707.250000,1679.380000,1702.000000,8211,27.870000,0.622535,1684.660000,1667.587000,1637.541500,1669.510438,0.406336,92.038690,1,test
AMZN,60,2019-01-31,15:30:00,2019-01-31T15:30:00+00:00,1702.000000,1714.030000,1699.250000,1712.300000,6556,14.780000,0.605170,1693.608000,1674.950000,1641.595000,1677.290359,0.351773,96.885455,1,test
AMZN,60,2019-01-31,16:30:00,2019-01-31T16:30:00+00:00,1712.320000,1729.240000,1709.850000,1727.260000,6758,19.390000,0.873679,1703.414000,1683.391000,1646.938000,1686.375748,0.369387,97.984218,0,test
AMZN,60,2019-01-31,17:30:00,2019-01-31T17:30:00+00:00,1727.250000,1735.980000,1715.130000,1716.690000,6230,20.850000,-0.611952,1709.944000,1689.762000,1652.932500,1691.887430,0.506301,89.753408,1,test
AMZN,60,2019-01-31,18:30:00,2019-01-31T18:30:00+00:00,1717.050000,1728.050000,1715.760000,1720.980000,5789,12.290000,0.249900,1715.846000,1696.826000,1658.782000,1697.176988,0.473273,89.444620,0,test
AMZN,60,2019-01-31,19:30:00,2019-01-31T19:30:00+00:00,1720.970000,1727.500000,1708.480000,1717.140000,6566,19.020000,-0.223129,1718.874000,1701.767000,1664.622500,1700.806627,0.455515,84.748915,0,test
AMZN,60,2019-01-31,20:30:00,2019-01-31T20:30:00+00:00,1717.160000,1776.990000,1670.010000,1680.000000,8584,106.980000,-2.162899,1712.414000,1703.011000,1668.607500,1697.023604,0.903386,62.733941,1,test
AMZN,60,2019-01-31,21:30:00,2019-01-31T21:30:00+00:00,1679.990000,1720.480000,1670.090000,1709.980000,2267,50.390000,1.784524,1708.958000,1706.186000,1674.377500,1699.379312,1.044048,67.197683,0,test
AMZN,60,2019-02-01,13:30:00,2019-02-01T13:30:00+00:00,1638.980000,1648.650000,1630.940000,1636.940000,2084,17.710000,-4.271395,1693.008000,1701.476000,1676.550500,1688.026710,1.750589,47.162460,1,test
AMZN,60,2019-02-01,14:30:00,2019-02-01T14:30:00+00:00,1636.860000,1672.000000,1627.100000,1648.980000,9236,44.900000,0.735519,1678.608000,1697.227000,1678.356000,1680.927308,1.766265,45.937514,0,test
AMZN,60,2019-02-01,15:30:00,2019-02-01T15:30:00+00:00,1649.050000,1652.990000,1639.710000,1646.630000,5806,13.280000,-0.142512,1664.506000,1691.690000,1679.638500,1674.691434,1.741153,45.507620,1,test
AMZN,60,2019-02-01,16:30:00,2019-02-01T16:30:00+00:00,1646.630000,1655.530000,1646.070000,1649.280000,5058,9.460000,0.160935,1658.362000,1685.388000,1680.169000,1670.071173,1.720576,43.564665,0,test
AMZN,60,2019-02-01,17:30:00,2019-02-01T17:30:00+00:00,1649.250000,1649.920000,1639.550000,1642.000000,5289,10.370000,-0.441405,1644.766000,1676.862000,1680.126500,1664.967324,1.665106,40.715548,0,test
AMZN,60,2019-02-01,18:30:00,2019-02-01T18:30:00+00:00,1642.000000,1642.540000,1624.340000,1629.190000,8137,18.200000,-0.780146,1643.216000,1668.112000,1678.937000,1658.462356,1.667298,36.564846,0,test
AMZN,60,2019-02-01,19:30:00,2019-02-01T19:30:00+00:00,1629.170000,1630.510000,1624.650000,1624.810000,5341,5.860000,-0.268845,1638.382000,1658.495000,1677.660500,1652.343746,1.649031,32.894562,,test
