ticker,interval_minutes,date,time,timestamp_utc,open,high,low,close,volume,price_range,return_pct,sma_5,sma_10,sma_20,ema_10,volatility_10,rsi_14,target_up_next_bar,split
AAPL,240,2014-06-30,13:30:00,2014-06-30T13:30:00+00:00,93.159000,93.661000,93.028000,93.651000,1287,0.633000,,,,,93.651000,,,0,train
AAPL,240,2014-06-30,17:30:00,2014-06-30T17:30:00+00:00,93.661000,94.194000,93.420000,93.460000,1512,0.774000,-0.203949,,,,93.616273,,,1,train
AAPL,240,2014-07-01,13:30:00,2014-07-01T13:30:00+00:00,93.973000,94.546000,93.611000,94.546000,3405,0.935000,1.161994,,,,93.785314,0.965868,,0,train
AAPL,240,2014-07-01,17:30:00,2014-07-01T17:30:00+00:00,94.536000,94.546000,93.993000,93.993000,1382,0.553000,-0.584900,,,,93.823075,0.918565,,1,train
AAPL,240,2014-07-02,13:30:00,2014-07-02T13:30:00+00:00,94.344000,94.515000,93.791000,94.043000,3249,0.724000,0.053195,93.938600,,,93.863061,0.750849,,0,train
AAPL,240,2014-07-02,17:30:00,2014-07-02T17:30:00+00:00,94.053000,94.053000,93.540000,93.902000,1227,0.513000,-0.149931,93.988800,,,93.870141,0.660296,,1,train
AAPL,240,2014-07-03,13:30:00,2014-07-03T13:30:00+00:00,94.113000,94.545000,93.661000,94.485000,3355,0.884000,0.620860,94.193800,,,93.981934,0.634118,,1,train
AAPL,240,2014-07-03,17:30:00,2014-07-03T17:30:00+00:00,94.465000,94.515000,94.283000,94.495000,99,0.232000,0.010584,94.183600,,,94.075218,0.581246,,1,train
AAPL,240,2014-07-07,13:30:00,2014-07-07T13:30:00+00:00,94.936000,95.911000,94.936000,95.690000,3200,0.975000,1.264617,94.523000,,,94.368815,0.671260,,1,train
AAPL,240,2014-07-07,17:30:00,2014-07-07T17:30:00+00:00,95.680000,96.423000,95.589000,96.403000,1438,0.834000,0.745114,94.995000,94.466800,,94.738667,0.647443,,0,train
AAPL,240,2014-07-08,13:30:00,2014-07-08T13:30:00+00:00,96.790000,97.242000,94.358000,95.544000,5559,2.884000,-0.891051,95.323400,94.656100,,94.885091,0.721308,,1,train
AAPL,240,2014-07-08,17:30:00,2014-07-08T17:30:00+00:00,95.534000,95.835000,95.293000,95.795000,1862,0.542000,0.262706,95.585400,94.889600,,95.050529,0.707034,,0,train
AAPL,240,2014-07-09,13:30:00,2014-07-09T13:30:00+00:00,95.905000,96.388000,95.654000,95.775000,4155,0.734000,-0.020878,95.841400,95.012500,,95.182251,0.632383,,1,train
AAPL,240,2014-07-09,17:30:00,2014-07-09T17:30:00+00:00,95.775000,96.036000,95.202000,95.835000,2121,0.834000,0.062647,95.870400,95.196700,,95.300933,0.582081,,0,train
AAPL,240,2014-07-10,13:30:00,2014-07-10T13:30:00+00:00,94.017000,95.855000,93.956000,95.795000,3849,1.899000,-0.041738,95.748800,95.371900,,95.390763,0.585430,68.636996,0,train
AAPL,240,2014-07-10,17:30:00,2014-07-10T17:30:00+00:00,95.805000,95.986000,95.393000,95.473000,1713,0.593000,-0.336134,95.734600,95.529000,,95.405715,0.600089,67.108618,1,train
AAPL,240,2014-07-11,13:30:00,2014-07-11T13:30:00+00:00,95.725000,96.327000,95.373000,95.614000,3648,0.954000,0.147686,95.698400,95.641900,,95.443585,0.578657,60.814095,1,train
AAPL,240,2014-07-11,17:30:00,2014-07-11T17:30:00+00:00,95.594000,95.644000,95.303000,95.644000,1204,0.341000,0.031376,95.672200,95.756800,,95.480024,0.578256,68.697622,1,train
AAPL,240,2014-07-14,13:30:00,2014-07-14T13:30:00+00:00,96.145000,97.300000,96.064000,97.099000,3148,1.236000,1.521266,95.925000,95.897700,,95.774384,0.637267,76.254296,0,train
AAPL,240,2014-07-14,17:30:00,2014-07-14T17:30:00+00:00,97.109000,97.230000,96.727000,96.868000,898,0.503000,-0.237902,96.139600,95.944200,95.205500,95.973223,0.610184,75.093063,0,train
AAPL,240,2014-07-15,13:30:00,2014-07-15T13:30:00+00:00,97.240000,97.260000,95.432000,96.024000,4218,1.828000,-0.871289,96.249800,95.992200,95.324150,95.982455,0.606821,62.469616,0,train
AAPL,240,2014-07-15,17:30:00,2014-07-15T17:30:00+00:00,96.024000,96.095000,95.713000,95.723000,1166,0.382000,-0.313463,96.271600,95.985000,95.437300,95.935281,0.611900,59.501702,1,train
AAPL,240,2014-07-16,13:30:00,2014-07-16T13:30:00+00:00,97.450000,97.450000,96.325000,96.586000,3394,1.125000,0.901560,96.460000,96.066100,95.539300,96.053594,0.675595,57.308320,0,train
AAPL,240,2014-07-16,17:30:00,2014-07-16T17:30:00+00:00,96.596000,96.606000,95.140000,95.150000,1397,1.466000,-1.486758,96.070200,95.997600,95.597150,95.889304,0.839448,40.858018,0,train
AAPL,240,2014-07-17,13:30:00,2014-07-17T13:30:00+00:00,95.416000,95.667000,93.468000,94.131000,5186,2.199000,-1.070941,95.522800,95.831200,95.601550,95.569612,0.896922,39.925852,0,train
AAPL,240,2014-07-17,17:30:00,2014-07-17T17:30:00+00:00,94.151000,94.201000,92.956000,93.458000,2453,1.245000,-0.714961,95.009600,95.629700,95.579350,95.185683,0.912515,34.283793,1,train
AAPL,240,2014-07-18,13:30:00,2014-07-18T13:30:00+00:00,93.935000,94.858000,93.402000,94.587000,4292,1.456000,1.208029,94.782400,95.527000,95.584450,95.076831,1.014516,43.047753,1,train
AAPL,240,2014-07-18,17:30:00,2014-07-18T17:30:00+00:00,94.597000,95.119000,94.407000,94.828000,1464,0.712000,0.254792,94.430800,95.445400,95.601100,95.031589,1.020256,44.229226,0,train
AAPL,240,2014-07-21,13:30:00,2014-07-21T13:30:00+00:00,94.642000,94.863000,94.090000,94.501000,3141,0.773000,-0.344835,94.301000,95.185600,95.541650,94.935119,0.851308,42.820684,0,train
AAPL,240,2014-07-21,17:30:00,2014-07-21T17:30:00+00:00,94.491000,94.702000,94.250000,94.301000,1097,0.452000,-0.211638,94.335000,94.928900,95.436550,94.819824,0.851451,43.408324,1,train
AAPL,240,2014-07-22,13:30:00,2014-07-22T13:30:00+00:00,95.028000,95.229000,94.486000,94.777000,3010,0.743000,0.504767,94.598800,94.804200,95.398200,94.812038,0.853762,45.463415,1,train
AAPL,240,2014-07-22,17:30:00,2014-07-22T17:30:00+00:00,94.777000,95.249000,94.506000,95.038000,1550,0.743000,0.275383,94.689000,94.735700,95.360350,94.853122,0.859784,46.795685,1,train
AAPL,240,2014-07-23,13:30:00,2014-07-23T13:30:00+00:00,95.640000,98.251000,95.540000,97.709000,5609,2.711000,2.810455,95.265200,94.848000,95.457050,95.372373,1.230893,52.857946,0,train
AAPL,240,2014-07-23,17:30:00,2014-07-23T17:30:00+00:00,97.708000,98.050000,97.508000,97.588000,1750,0.542000,-0.123837,95.882600,95.091800,95.544700,95.775214,1.101579,53.408445,0,train
AAPL,240,2014-07-24,13:30:00,2014-07-24T13:30:00+00:00,97.507000,97.658000,96.784000,97.126000,3859,0.874000,-0.473419,96.447600,95.391300,95.611250,96.020811,1.035675,55.412574,1,train
AAPL,240,2014-07-24,17:30:00,2014-07-24T17:30:00+00:00,97.115000,97.417000,97.045000,97.346000,1180,0.372000,0.226510,96.961400,95.780100,95.704900,96.261755,0.972137,58.035449,1,train
AAPL,240,2014-07-25,13:30:00,2014-07-25T13:30:00+00:00,97.190000,98.194000,97.010000,97.803000,4598,1.184000,0.469459,97.514400,96.101700,95.814350,96.541981,0.932229,56.277726,1,train
AAPL,240,2014-07-25,17:30:00,2014-07-25T17:30:00+00:00,97.803000,98.034000,97.572000,98.034000,1705,0.462000,0.236189,97.579400,96.422300,95.933850,96.813257,0.932433,66.988690,1,train
AAPL,240,2014-07-28,13:30:00,2014-07-28T13:30:00+00:00,98.258000,98.910000,97.897000,98.860000,4220,1.013000,0.842565,97.833800,96.858200,96.021900,97.185392,0.911337,78.505124,1,train
AAPL,240,2014-07-28,17:30:00,2014-07-28T17:30:00+00:00,98.880000,99.573000,98.870000,99.362000,1730,0.703000,0.507789,98.281000,97.364300,96.146600,97.581139,0.880689,86.336780,0,train
AAPL,240,2014-07-29,13:30:00,2014-07-29T13:30:00+00:00,99.573000,99.753000,98.599000,99.101000,3576,1.154000,-0.262676,98.632000,97.796700,96.300450,97.857478,0.915643,81.105292,0,train
AAPL,240,2014-07-29,17:30:00,2014-07-29T17:30:00+00:00,99.091000,99.332000,98.599000,98.750000,1534,0.733000,-0.354184,98.821400,98.167900,96.451800,98.019754,0.950045,76.622319,0,train
AAPL,240,2014-07-30,13:30:00,2014-07-30T13:30:00+00:00,98.795000,99.035000,98.012000,98.403000,3727,1.023000,-0.351392,98.895200,98.237300,96.542650,98.089435,0.447365,76.414839,1,train
AAPL,240,2014-07-30,17:30:00,2014-07-30T17:30:00+00:00,98.383000,98.935000,98.353000,98.473000,1987,0.582000,0.071136,98.817800,98.325800,96.708800,98.159174,0.442114,78.748622,0,train
AAPL,240,2014-07-31,13:30:00,2014-07-31T13:30:00+00:00,97.334000,97.766000,95.648000,96.130000,5834,2.118000,-2.379332,98.171400,98.226200,96.808750,97.790234,0.893225,57.415324,0,train
AAPL,240,2014-07-31,17:30:00,2014-07-31T17:30:00+00:00,96.120000,96.722000,95.789000,95.919000,3283,0.933000,-0.219494,97.535000,98.083500,96.931800,97.450009,0.886252,54.855064,1,train
AAPL,240,2014-08-01,13:30:00,2014-08-01T13:30:00+00:00,95.357000,96.471000,95.136000,96.351000,5707,1.335000,0.450380,97.055200,97.938300,97.020000,97.250189,0.884804,40.064384,1,train
AAPL,240,2014-08-01,17:30:00,2014-08-01T17:30:00+00:00,96.371000,96.943000,96.240000,96.461000,2368,0.703000,0.114166,96.666800,97.781000,97.101650,97.106700,0.879776,41.741170,0,train
AAPL,240,2014-08-04,13:30:00,2014-08-04T13:30:00+00:00,96.610000,96.871000,95.477000,95.818000,5310,1.394000,-0.666591,96.135800,97.476800,97.167500,96.872391,0.816192,40.662479,1,train
AAPL,240,2014-08-04,17:30:00,2014-08-04T17:30:00+00:00,95.828000,96.570000,95.808000,95.888000,2118,0.762000,0.073055,96.087400,97.129400,97.246850,96.693411,0.778562,39.363875,0,train
AAPL,240,2014-08-05,13:30:00,2014-08-05T13:30:00+00:00,95.732000,95.782000,94.679000,95.732000,4752,1.103000,-0.162690,96.050000,96.792500,97.294600,96.518609,0.780483,34.198077,0,train
AAPL,240,2014-08-05,17:30:00,2014-08-05T17:30:00+00:00,95.742000,95.973000,94.829000,95.431000,3763,1.144000,-0.314419,95.866000,96.460600,97.314250,96.320862,0.780518,30.348785,0,train
AAPL,240,2014-08-06,13:30:00,2014-08-06T13:30:00+00:00,95.100000,95.772000,95.009000,95.320000,5064,0.763000,-0.116314,95.637800,96.152300,97.194800,96.138887,0.783621,20.040623,0,train
AAPL,240,2014-08-06,17:30:00,2014-08-06T17:30:00+00:00,95.330000,95.521000,95.090000,95.240000,2081,0.431000,-0.083928,95.522200,95.829000,97.077400,95.975453,0.776634,12.431644,1,train
AAPL,240,2014-08-07,13:30:00,2014-08-07T13:30:00+00:00,95.200000,96.223000,94.999000,95.340000,5468,1.224000,0.104998,95.412600,95.750000,96.988100,95.859916,0.298753,14.685446,0,train
AAPL,240,2014-08-07,17:30:00,2014-08-07T17:30:00+00:00,95.350000,95.571000,94.388000,94.709000,2427,1.183000,-0.661842,95.208000,95.629000,96.856250,95.650659,0.349754,13.951829,0,train
AAPL,240,2014-08-08,13:30:00,2014-08-08T13:30:00+00:00,94.628000,94.729000,93.585000,94.668000,5147,1.144000,-0.043291,95.055400,95.460700,96.699500,95.471993,0.288847,14.757501,1,train
AAPL,240,2014-08-08,17:30:00,2014-08-08T17:30:00+00:00,94.688000,95.090000,94.608000,95.019000,2059,0.482000,0.370769,94.995200,95.316500,96.548750,95.389631,0.326413,19.050179,1,train
AAPL,240,2014-08-11,13:30:00,2014-08-11T13:30:00+00:00,95.515000,96.337000,95.093000,96.096000,3109,1.244000,1.133458,95.166400,95.344300,96.410550,95.518062,0.473213,49.605934,1,train
AAPL,240,2014-08-11,17:30:00,2014-08-11T17:30:00+00:00,96.106000,96.307000,95.866000,96.217000,1147,0.441000,0.125916,95.341800,95.377200,96.253300,95.645141,0.474043,53.527462,1,train
AAPL,240,2014-08-12,13:30:00,2014-08-12T13:30:00+00:00,96.462000,97.134000,96.151000,96.462000,3435,0.983000,0.254633,95.692400,95.450200,96.121350,95.793661,0.473048,51.374783,0,train
AAPL,240,2014-08-12,17:30:00,2014-08-12T17:30:00+00:00,96.472000,96.482000,95.870000,96.251000,1707,0.612000,-0.218739,96.009000,95.532200,95.996400,95.876814,0.465153,47.462542,1,train
AAPL,240,2014-08-13,13:30:00,2014-08-13T13:30:00+00:00,96.447000,97.198000,96.286000,97.098000,2678,0.912000,0.879991,96.424800,95.710000,95.931150,96.098848,0.520300,64.739751,1,train
AAPL,240,2014-08-13,17:30:00,2014-08-13T17:30:00+00:00,97.108000,97.469000,97.108000,97.459000,913,0.361000,0.371789,96.697400,95.931900,95.880450,96.346148,0.513930,66.954457,1,train
AAPL,240,2014-08-14,13:30:00,2014-08-14T13:30:00+00:00,97.644000,97.785000,97.043000,97.666000,3713,0.742000,0.212397,96.987200,96.164500,95.957250,96.586121,0.512105,70.644748,1,train
AAPL,240,2014-08-14,17:30:00,2014-08-14T17:30:00+00:00,97.676000,97.766000,97.535000,97.696000,1827,0.231000,0.030717,97.234000,96.463200,96.046100,96.787917,0.413563,75.662814,0,train
AAPL,240,2014-08-15,13:30:00,2014-08-15T13:30:00+00:00,98.081000,98.382000,97.049000,97.690000,10608,1.333000,-0.006142,97.521800,96.765400,96.113050,96.951932,0.410172,77.506964,1,train
AAPL,240,2014-08-15,17:30:00,2014-08-15T17:30:00+00:00,97.680000,98.191000,97.530000,98.171000,2577,0.661000,0.492374,97.736400,97.080600,96.198550,97.173581,0.413780,81.121257,1,train
AAPL,240,2014-08-18,13:30:00,2014-08-18T13:30:00+00:00,98.586000,99.377000,98.155000,99.337000,7192,1.222000,1.187723,98.112000,97.404700,96.374500,97.566930,0.425706,84.606061,0,train
AAPL,240,2014-08-18,17:30:00,2014-08-18T17:30:00+00:00,99.337000,99.548000,99.247000,99.337000,2361,0.301000,0.000000,98.446200,97.716700,96.546950,97.888761,0.434290,94.984448,1,train
AAPL,240,2014-08-19,13:30:00,2014-08-19T13:30:00+00:00,99.592000,100.704000,99.492000,100.644000,7241,1.212000,1.315723,99.035800,98.134900,96.792550,98.389713,0.534485,96.614665,1,train
AAPL,240,2014-08-19,17:30:00,2014-08-19T17:30:00+00:00,100.634000,100.845000,100.454000,100.724000,3007,0.391000,0.079488,99.642600,98.582200,97.057200,98.814129,0.501797,96.465222,1,train
AAPL,240,2014-08-20,13:30:00,2014-08-20T13:30:00+00:00,100.629000,101.260000,100.118000,101.160000,6087,1.142000,0.432866,100.240400,98.988400,97.349200,99.240651,0.479275,96.053110,0,train
AAPL,240,2014-08-20,17:30:00,2014-08-20T17:30:00+00:00,101.170000,101.190000,100.729000,100.739000,3470,0.461000,-0.416172,100.520800,99.316400,97.624150,99.513078,0.546608,88.996206,0,train
AAPL,240,2014-08-21,13:30:00,2014-08-21T13:30:00+00:00,100.723000,100.954000,100.282000,100.703000,5520,0.672000,-0.035736,100.794000,99.620100,97.892300,99.729428,0.558195,87.940598,1,train
AAPL,240,2014-08-21,17:30:00,2014-08-21T17:30:00+00:00,100.713000,101.104000,100.643000,100.753000,1770,0.461000,0.049651,100.815800,99.925800,98.194500,99.915532,0.557181,91.470155,1,train
AAPL,240,2014-08-22,13:30:00,2014-08-22T13:30:00+00:00,100.417000,101.629000,100.347000,101.238000,8812,1.282000,0.481375,100.918600,100.280600,98.523000,100.155980,0.547696,90.860640,1,train
AAPL,240,2014-08-22,17:30:00,2014-08-22T17:30:00+00:00,101.238000,101.559000,101.158000,101.479000,2855,0.401000,0.238053,100.982400,100.611400,98.846000,100.396529,0.546704,90.638900,1,train
AAPL,240,2014-08-25,13:30:00,2014-08-25T13:30:00+00:00,101.923000,102.313000,101.432000,101.823000,5853,0.881000,0.338986,101.199200,100.860000,99.132350,100.655888,0.458006,90.891206,0,train
AAPL,240,2014-08-25,17:30:00,2014-08-25T17:30:00+00:00,101.823000,101.893000,101.632000,101.692000,1303,0.261000,-0.128655,101.397000,101.095500,99.406100,100.844272,0.467468,88.541667,0,train
AAPL,240,2014-08-26,13:30:00,2014-08-26T13:30:00+00:00,101.597000,101.647000,101.016000,101.306000,6902,0.631000,-0.379578,101.507600,101.161700,99.648300,100.928222,0.314637,82.494608,0,train
AAPL,240,2014-08-26,17:30:00,2014-08-26T17:30:00+00:00,101.306000,101.416000,101.026000,101.036000,1959,0.390000,-0.266519,101.467200,101.192900,99.887550,100.947818,0.331563,76.760695,1,train
AAPL,240,2014-08-27,13:30:00,2014-08-27T13:30:00+00:00,101.090000,102.192000,100.830000,102.102000,7400,1.362000,1.055069,101.591800,101.287100,100.137750,101.157670,0.451833,76.318294,1,train
AAPL,240,2014-08-27,17:30:00,2014-08-27T17:30:00+00:00,102.102000,102.702000,102.082000,102.262000,4557,0.620000,0.156706,101.679600,101.439400,100.377900,101.358457,0.414812,77.018289,1,train
AAPL,240,2014-08-28,13:30:00,2014-08-28T13:30:00+00:00,101.876000,102.907000,101.846000,102.486000,12659,1.061000,0.219045,101.838400,101.617700,100.618900,101.563465,0.409868,71.270208,0,train
AAPL,240,2014-08-28,17:30:00,2014-08-28T17:30:00+00:00,102.486000,102.667000,102.296000,102.386000,4249,0.371000,-0.097574,102.054400,101.781000,100.853400,101.713017,0.417500,69.103448,1,train
AAPL,240,2014-08-29,13:30:00,2014-08-29T13:30:00+00:00,102.961000,103.021000,102.321000,102.531000,6054,0.700000,0.141621,102.353400,101.910300,101.095450,101.861741,0.402136,66.888396,1,train
AAPL,240,2014-08-29,17:30:00,2014-08-29T17:30:00+00:00,102.531000,102.731000,102.471000,102.631000,1498,0.260000,0.097531,102.459200,102.025500,101.318450,102.001606,0.400303,75.307651,1,train
AAPL,240,2014-09-02,13:30:00,2014-09-02T13:30:00+00:00,103.149000,103.839000,102.828000,103.379000,10613,1.011000,0.728825,102.682600,102.181100,101.520550,102.252041,0.441542,80.067416,1,train
AAPL,240,2014-09-02,17:30:00,2014-09-02T17:30:00+00:00,103.379000,103.559000,103.069000,103.399000,3855,0.490000,0.019346,102.865200,102.351800,101.723650,102.460579,0.433472,79.932127,0,train
AAPL,240,2014-09-03,13:30:00,2014-09-03T13:30:00+00:00,103.193000,103.193000,98.689000,100.090000,33048,4.504000,-3.200224,102.406000,102.230200,101.695950,102.029565,1.151687,42.076201,0,train
AAPL,240,2014-09-03,17:30:00,2014-09-03T17:30:00+00:00,100.090000,100.130000,98.909000,99.029000,6705,1.221000,-1.060046,101.705600,102.029500,101.611200,101.484008,1.190016,34.809028,1,train
AAPL,240,2014-09-04,13:30:00,2014-09-04T13:30:00+00:00,99.043000,100.165000,97.882000,99.474000,19679,2.283000,0.449363,101.074200,101.766700,101.526900,101.118552,1.133448,35.615432,0,train
AAPL,240,2014-09-04,17:30:00,2014-09-04T17:30:00+00:00,99.494000,99.524000,97.942000,98.203000,7744,1.582000,-1.277721,100.039000,101.360800,101.400100,100.588451,1.165921,31.252015,1,train
AAPL,240,2014-09-05,13:30:00,2014-09-05T13:30:00+00:00,98.758000,99.468000,98.387000,98.638000,15648,1.081000,0.442960,99.086800,100.976000,101.296850,100.233824,1.181139,35.738721,1,train
AAPL,240,2014-09-05,17:30:00,2014-09-05T17:30:00+00:00,98.638000,99.058000,98.528000,99.028000,3214,0.530000,0.395385,98.874400,100.640200,101.210600,100.014583,1.204095,39.402575,0,train
AAPL,240,2014-09-08,13:30:00,2014-09-08T13:30:00+00:00,99.171000,99.241000,98.600000,98.610000,9602,0.641000,-0.422103,98.790600,100.248100,101.079200,99.759204,1.192899,30.217539,0,train
AAPL,240,2014-09-08,17:30:00,2014-09-08T17:30:00+00:00,98.621000,98.631000,98.070000,98.370000,3483,0.561000,-0.243383,98.569800,99.822000,100.923750,99.506622,1.182476,28.149562,1,train
AAPL,240,2014-09-29,12:30:00,2014-09-29T12:30:00+00:00,99.860000,100.390000,99.740000,99.950000,3967,0.650000,1.606181,98.919200,99.479100,100.830100,99.587236,1.303295,37.643734,1,train
AAPL,240,2014-09-29,16:30:00,2014-09-29T16:30:00+00:00,99.920000,100.430000,99.530000,100.010000,8757,0.900000,0.060030,99.193600,99.140200,100.746000,99.664102,1.304566,38.378008,0,train
AAPL,240,2014-09-29,20:30:00,2014-09-29T20:30:00+00:00,100.010000,100.010000,99.910000,99.980000,19,0.100000,-0.029997,99.384000,99.129200,100.679700,99.721538,0.825418,37.380034,1,train
AAPL,240,2014-09-30,12:30:00,2014-09-30T12:30:00+00:00,101.060000,101.530000,100.520000,100.940000,10906,1.010000,0.960192,99.850000,99.320300,100.674900,99.943077,0.785566,42.290508,0,train
AAPL,240,2014-09-30,16:30:00,2014-09-30T16:30:00+00:00,100.950000,101.290000,100.460000,100.550000,8397,0.830000,-0.386368,100.286000,99.427900,100.597300,100.053426,0.799719,36.666981,1,train
AAPL,240,2014-09-30,20:30:00,2014-09-30T20:30:00+00:00,100.620000,100.670000,100.550000,100.620000,52,0.120000,0.069617,100.420000,99.669600,100.515200,100.156440,0.636735,36.964068,0,train
AAPL,240,2014-10-01,12:30:00,2014-10-01T12:30:00+00:00,100.420000,100.800000,99.500000,99.870000,12340,1.300000,-0.745379,100.392000,99.792800,100.384400,100.104360,0.703162,48.641975,0,train
AAPL,240,2014-10-01,16:30:00,2014-10-01T16:30:00+00:00,99.860000,99.860000,98.700000,99.240000,10343,1.160000,-0.630820,100.244000,99.814000,100.227100,99.947203,0.733764,51.375668,0,train
AAPL,240,2014-10-01,20:30:00,2014-10-01T20:30:00+00:00,99.240000,99.270000,99.200000,99.210000,20,0.070000,-0.030230,99.898000,99.874000,100.061050,99.813166,0.717590,48.180314,0,train
AAPL,240,2014-10-02,12:30:00,2014-10-02T12:30:00+00:00,99.690000,99.750000,98.040000,98.870000,16971,1.710000,-0.342707,99.562000,99.924000,99.873000,99.641682,0.722969,55.274395,1,train
AAPL,240,2014-10-02,16:30:00,2014-10-02T16:30:00+00:00,98.870000,100.210000,98.500000,99.050000,12865,1.710000,0.182057,99.248000,99.834000,99.656550,99.534103,0.483710,53.394858,1,train
AAPL,240,2014-10-02,20:30:00,2014-10-02T20:30:00+00:00,99.000000,99.300000,99.000000,99.070000,207,0.300000,0.020192,99.088000,99.740000,99.440100,99.449721,0.482505,50.368550,1,train
AAPL,240,2014-10-03,12:30:00,2014-10-03T12:30:00+00:00,99.530000,100.190000,99.040000,99.820000,8626,1.150000,0.757040,99.204000,99.724000,99.426600,99.517044,0.553022,60.033167,0,train
AAPL,240,2014-10-03,16:30:00,2014-10-03T16:30:00+00:00,99.830000,99.980000,99.560000,99.600000,3797,0.420000,-0.220397,99.282000,99.590000,99.455150,99.532127,0.435272,60.232945,1,train
AAPL,240,2014-10-06,12:30:00,2014-10-06T12:30:00+00:00,100.170000,100.640000,99.560000,99.770000,14124,1.080000,0.170683,99.462000,99.512000,99.469950,99.575377,0.434846,48.043478,0,train
AAPL,240,2014-10-06,16:30:00,2014-10-06T16:30:00+00:00,99.750000,100.080000,99.280000,99.280000,7988,0.800000,-0.491130,99.508000,99.378000,99.523800,99.521672,0.449739,42.743539,0,train
AAPL,240,2014-10-06,20:30:00,2014-10-06T20:30:00+00:00,99.280000,99.350000,99.130000,99.270000,87,0.220000,-0.010073,99.548000,99.318000,99.555400,99.475913,0.395324,42.914172,1,train
AAPL,240,2014-10-07,12:30:00,2014-10-07T12:30:00+00:00,99.790000,100.110000,99.160000,99.700000,13209,0.950000,0.433162,99.524000,99.364000,99.589000,99.516656,0.366623,36.160714,0,train
AAPL,240,2014-10-07,16:30:00,2014-10-07T16:30:00+00:00,99.710000,99.750000,98.670000,98.760000,8596,1.080000,-0.942828,99.356000,99.319000,99.596500,99.379082,0.483042,32.206759,1,train
AAPL,240,2014-10-07,20:30:00,2014-10-07T20:30:00+00:00,98.770000,98.810000,98.770000,98.770000,29,0.040000,0.010126,99.156000,99.309000,99.616500,99.268340,0.471582,31.388330,1,train
AAPL,240,2014-10-08,12:30:00,2014-10-08T12:30:00+00:00,98.980000,99.330000,98.290000,99.010000,13749,1.040000,0.242989,99.102000,99.305000,99.569500,99.221369,0.474710,40.358744,1,train
AAPL,240,2014-10-08,16:30:00,2014-10-08T16:30:00+00:00,99.000000,101.070000,98.980000,100.730000,10925,2.090000,1.737198,99.394000,99.471000,99.605500,99.495666,0.727337,63.423423,0,train
AAPL,240,2014-10-08,20:30:00,2014-10-08T20:30:00+00:00,100.730000,100.750000,100.660000,100.700000,21,0.090000,-0.029783,99.594000,99.559000,99.641500,99.714636,0.698608,63.423423,1,train
AAPL,240,2014-10-09,12:30:00,2014-10-09T12:30:00+00:00,100.780000,102.340000,100.770000,101.190000,20396,1.570000,0.486594,100.080000,99.718000,99.654000,99.982884,0.699479,70.350877,0,train
AAPL,240,2014-10-09,16:30:00,2014-10-09T16:30:00+00:00,101.190000,101.580000,100.580000,100.960000,19827,1.000000,-0.227295,100.518000,99.837000,99.674500,100.160541,0.710089,66.608696,0,train
AAPL,240,2014-10-09,20:30:00,2014-10-09T20:30:00+00:00,100.970000,100.970000,100.480000,100.490000,88,0.490000,-0.465531,100.814000,99.958000,99.668000,100.220443,0.707679,61.451613,1,train
AAPL,240,2014-10-10,12:30:00,2014-10-10T12:30:00+00:00,100.230000,101.850000,100.230000,101.630000,25349,1.620000,1.134441,100.994000,100.194000,99.756000,100.476726,0.773201,63.732929,0,train
AAPL,240,2014-10-10,16:30:00,2014-10-10T16:30:00+00:00,101.620000,101.990000,100.710000,100.710000,15115,1.280000,-0.905245,100.996000,100.295000,99.829500,100.519139,0.847880,57.613169,1,train
AAPL,240,2014-10-13,12:30:00,2014-10-13T12:30:00+00:00,101.370000,101.740000,99.810000,101.330000,24818,1.930000,0.615629,101.024000,100.552000,99.935500,100.666569,0.774089,60.077519,0,train
AAPL,240,2014-10-13,16:30:00,2014-10-13T16:30:00+00:00,101.320000,101.550000,99.650000,99.790000,18173,1.900000,-1.519787,100.790000,100.654000,99.981500,100.507192,0.958227,52.901024,1,train
AAPL,240,2014-10-13,20:30:00,2014-10-13T20:30:00+00:00,99.790000,99.830000,99.780000,99.810000,58,0.050000,0.020042,100.654000,100.734000,100.019500,100.380430,0.957303,53.068182,1,train
AAPL,240,2014-10-14,12:30:00,2014-10-14T12:30:00+00:00,100.470000,100.510000,98.870000,99.960000,21234,1.640000,0.150286,100.320000,100.657000,100.064000,100.303988,0.765169,51.525822,0,train
AAPL,240,2014-10-14,16:30:00,2014-10-14T16:30:00+00:00,99.970000,100.010000,98.550000,98.950000,16993,1.460000,-1.010404,99.968000,100.482000,100.020500,100.057809,0.819753,51.105937,1,train
AAPL,240,2014-10-14,20:30:00,2014-10-14T20:30:00+00:00,98.940000,99.080000,98.930000,99.080000,37,0.150000,0.131379,99.518000,100.271000,99.994500,99.880025,0.795372,51.779564,0,train
AAPL,240,2014-10-15,12:30:00,2014-10-15T12:30:00+00:00,99.210000,99.210000,97.320000,97.460000,25845,1.890000,-1.635042,99.052000,99.921000,99.879000,99.440021,0.914843,42.319128,0,train
AAPL,240,2014-10-15,16:30:00,2014-10-15T16:30:00+00:00,97.470000,98.030000,95.160000,96.830000,36062,2.870000,-0.646419,98.456000,99.555000,99.756500,98.965471,0.919194,28.333333,1,train
AAPL,240,2014-10-15,20:30:00,2014-10-15T20:30:00+00:00,96.830000,97.190000,96.750000,96.940000,80,0.440000,0.113601,97.852000,99.086000,99.640000,98.597204,0.780149,29.295154,0,train
AAPL,240,2014-10-16,12:30:00,2014-10-16T12:30:00+00:00,95.600000,97.290000,95.280000,96.610000,21047,2.010000,-0.340417,97.384000,98.676000,99.485500,98.235894,0.765329,24.327354,0,train
AAPL,240,2014-10-16,16:30:00,2014-10-16T16:30:00+00:00,96.600000,97.690000,95.630000,95.820000,16404,2.060000,-0.817721,96.732000,98.125000,99.338500,97.796641,0.681042,22.890295,1,train
AAPL,240,2014-10-16,20:30:00,2014-10-16T20:30:00+00:00,95.810000,96.080000,95.810000,96.080000,56,0.270000,0.271342,96.456000,97.754000,99.204000,97.484524,0.633086,26.213592,1,train
AAPL,240,2014-10-17,12:30:00,2014-10-17T12:30:00+00:00,97.340000,98.970000,96.790000,98.190000,10655,2.180000,2.196087,96.728000,97.592000,99.163000,97.612792,1.032468,33.203125,0,train
AAPL,240,2014-10-17,16:30:00,2014-10-17T16:30:00+00:00,98.180000,98.450000,97.480000,97.630000,9031,0.970000,-0.570323,96.866000,97.359000,99.008000,97.615921,1.033650,34.412955,1,train
AAPL,240,2014-10-20,12:30:00,2014-10-20T12:30:00+00:00,98.280000,99.650000,97.990000,99.150000,10848,1.660000,1.556898,97.374000,97.379000,98.930500,97.894845,1.132590,39.888683,1,train
AAPL,240,2014-10-20,16:30:00,2014-10-20T16:30:00+00:00,99.150000,100.220000,99.040000,99.780000,4343,1.180000,0.635401,98.166000,97.449000,98.860000,98.237600,1.148901,49.949341,1,train
AAPL,240,2014-10-20,20:30:00,2014-10-20T20:30:00+00:00,99.780000,101.520000,98.480000,100.820000,2204,3.040000,1.042293,99.114000,97.785000,98.853000,98.707127,1.009245,54.637282,1,train
AAPL,240,2014-10-21,12:30:00,2014-10-21T12:30:00+00:00,102.190000,103.110000,101.230000,101.960000,12823,1.880000,1.130728,99.868000,98.298000,98.926500,99.298559,0.971202,58.417508,1,train
AAPL,240,2014-10-21,16:30:00,2014-10-21T16:30:00+00:00,101.960000,102.520000,101.800000,102.470000,5374,0.720000,0.500196,100.836000,98.851000,98.968500,99.875184,0.960787,65.465729,1,train
AAPL,240,2014-10-21,20:30:00,2014-10-21T20:30:00+00:00,102.470000,102.570000,102.470000,102.520000,46,0.100000,0.048795,101.510000,99.442000,99.059000,100.356060,0.927547,65.221239,1,train
AAPL,240,2014-10-22,12:30:00,2014-10-22T12:30:00+00:00,102.600000,104.070000,102.390000,103.670000,8618,1.680000,1.121732,102.288000,100.227000,99.176000,100.958595,0.791037,78.670360,0,train
AAPL,240,2014-10-22,16:30:00,2014-10-22T16:30:00+00:00,103.680000,103.680000,102.870000,102.930000,7197,0.810000,-0.713803,102.710000,100.912000,99.333000,101.317032,0.914911,77.879342,1,train
AAPL,240,2014-10-22,20:30:00,2014-10-22T20:30:00+00:00,102.930000,103.010000,102.920000,102.980000,37,0.090000,0.048577,102.914000,101.391000,99.491500,101.619390,0.762752,77.757353,1,train
AAPL,240,2014-10-23,12:30:00,2014-10-23T12:30:00+00:00,103.820000,105.020000,103.600000,104.920000,7726,1.420000,1.883861,103.404000,102.120000,99.739500,102.219501,0.781823,83.266613,0,train
AAPL,240,2014-10-23,16:30:00,2014-10-23T16:30:00+00:00,104.910000,104.990000,104.540000,104.880000,5602,0.450000,-0.038124,103.876000,102.693000,100.036000,102.703228,0.755616,88.586031,0,train
AAPL,240,2014-10-23,20:30:00,2014-10-23T20:30:00+00:00,104.880000,104.920000,104.870000,104.880000,33,0.050000,0.000000,104.118000,103.203000,100.326000,103.099005,0.775581,88.327526,1,train
AAPL,240,2014-10-24,12:30:00,2014-10-24T12:30:00+00:00,105.170000,105.440000,104.490000,104.900000,7886,0.950000,0.019069,104.512000,103.611000,100.698000,103.426458,0.763850,85.729499,1,train
AAPL,240,2014-10-24,16:30:00,2014-10-24T16:30:00+00:00,104.910000,105.220000,104.720000,105.180000,3453,0.500000,0.266921,104.952000,103.933000,101.115500,103.745284,0.719607,91.437980,0,train
AAPL,240,2014-10-27,12:30:00,2014-10-27T12:30:00+00:00,104.880000,105.440000,104.570000,105.060000,7589,0.870000,-0.114090,104.980000,104.192000,101.521500,103.984323,0.728090,88.326848,0,train
AAPL,240,2014-10-27,16:30:00,2014-10-27T16:30:00+00:00,105.060000,105.320000,104.930000,105.010000,4639,0.390000,-0.047592,105.006000,104.441000,101.941500,104.170810,0.731712,86.676017,1,train
AAPL,240,2014-10-27,20:30:00,2014-10-27T20:30:00+00:00,104.970000,105.070000,104.970000,105.060000,35,0.100000,0.047615,105.042000,104.580000,102.403500,104.332481,0.664037,84.527687,1,train
AAPL,240,2014-10-28,12:30:00,2014-10-28T12:30:00+00:00,105.320000,106.380000,105.280000,106.270000,5938,1.100000,1.151723,105.316000,104.914000,102.913000,104.684757,0.661047,84.702093,1,train
AAPL,240,2014-10-28,16:30:00,2014-10-28T16:30:00+00:00,106.280000,106.680000,106.230000,106.650000,3255,0.450000,0.357580,105.610000,105.281000,103.336000,105.042074,0.654041,84.375000,1,train
AAPL,240,2014-10-28,20:30:00,2014-10-28T20:30:00+00:00,106.660000,106.710000,106.610000,106.670000,37,0.100000,0.018753,105.932000,105.456000,103.788000,105.338061,0.375517,84.297521,1,train
AAPL,240,2014-10-29,12:30:00,2014-10-29T12:30:00+00:00,106.640000,107.290000,106.520000,106.700000,5433,0.770000,0.028124,106.270000,105.638000,104.165500,105.585686,0.372081,80.730223,1,train
AAPL,240,2014-10-29,16:30:00,2014-10-29T16:30:00+00:00,106.690000,107.330000,106.330000,107.150000,7960,1.000000,0.421743,106.688000,105.865000,104.534000,105.870107,0.374212,95.474138,0,train
AAPL,240,2014-10-29,20:30:00,2014-10-29T20:30:00+00:00,107.180000,107.190000,107.120000,107.140000,32,0.070000,-0.009333,106.862000,106.089000,104.850000,106.100996,0.375968,95.217391,0,train
AAPL,240,2014-10-30,12:30:00,2014-10-30T12:30:00+00:00,106.900000,107.240000,105.870000,106.760000,8248,1.370000,-0.354676,106.884000,106.247000,105.090000,106.220815,0.415240,80.263158,1,train
AAPL,240,2014-10-30,16:30:00,2014-10-30T16:30:00+00:00,106.750000,107.310000,106.470000,106.770000,5457,0.840000,0.009367,106.904000,106.418000,105.305000,106.320667,0.408293,81.395349,1,train
AAPL,240,2014-10-30,20:30:00,2014-10-30T20:30:00+00:00,106.780000,106.820000,106.770000,106.820000,13,0.050000,0.046830,106.928000,106.599000,105.520000,106.411455,0.403968,81.699346,1,train
AAPL,240,2014-10-31,12:30:00,2014-10-31T12:30:00+00:00,107.830000,108.090000,107.180000,107.420000,6157,0.910000,0.561693,106.982000,106.835000,105.707500,106.594827,0.418848,84.615385,1,train
AAPL,240,2014-10-31,16:30:00,2014-10-31T16:30:00+00:00,107.410000,107.960000,107.390000,107.930000,2482,0.570000,0.474772,107.140000,107.001000,105.957500,106.837585,0.285616,85.529716,1,train
AAPL,240,2014-11-03,13:30:00,2014-11-03T13:30:00+00:00,108.040000,109.860000,107.980000,109.680000,7043,1.880000,1.621421,107.724000,107.304000,106.292500,107.354388,0.545953,92.000000,0,train
AAPL,240,2014-11-03,17:30:00,2014-11-03T17:30:00+00:00,109.690000,109.800000,108.900000,109.360000,3978,0.900000,-0.291758,108.242000,107.573000,106.514500,107.719045,0.570843,87.694974,0,train
AAPL,240,2014-11-03,21:30:00,2014-11-03T21:30:00+00:00,109.290000,109.360000,109.290000,109.310000,15,0.070000,-0.045721,108.740000,107.834000,106.736000,108.008309,0.574510,86.828423,0,train
AAPL,240,2014-11-04,13:30:00,2014-11-04T13:30:00+00:00,109.110000,109.470000,107.690000,108.430000,6315,1.780000,-0.805050,108.942000,107.962000,106.913500,108.084980,0.657231,69.852941,0,train
AAPL,240,2014-11-04,17:30:00,2014-11-04T17:30:00+00:00,108.420000,108.920000,108.330000,108.420000,2846,0.590000,-0.009223,109.040000,108.090000,107.089500,108.145893,0.657229,67.455621,1,train
AAPL,240,2014-11-04,21:30:00,2014-11-04T21:30:00+00:00,108.440000,108.470000,108.390000,108.440000,64,0.080000,0.018447,108.792000,108.258000,107.252500,108.199367,0.637535,67.455621,1,train
AAPL,240,2014-11-05,13:30:00,2014-11-05T13:30:00+00:00,109.040000,109.230000,108.090000,108.850000,7062,1.140000,0.378089,108.690000,108.466000,107.442000,108.317664,0.638640,69.724771,0,train
AAPL,240,2014-11-05,17:30:00,2014-11-05T17:30:00+00:00,108.860000,108.940000,108.430000,108.830000,3239,0.510000,-0.018374,108.594000,108.667000,107.633000,108.410816,0.640650,66.733068,0,train
AAPL,240,2014-11-05,21:30:00,2014-11-05T21:30:00+00:00,108.870000,108.870000,108.770000,108.780000,25,0.100000,-0.045943,108.664000,108.803000,107.819000,108.477940,0.630042,66.205534,0,train
AAPL,240,2014-11-06,13:30:00,2014-11-06T13:30:00+00:00,108.340000,108.610000,107.760000,108.500000,6445,0.850000,-0.257400,108.680000,108.860000,107.930500,108.481951,0.627761,67.540323,1,train
AAPL,240,2014-11-06,17:30:00,2014-11-06T17:30:00+00:00,108.510000,108.710000,108.160000,108.650000,2103,0.550000,0.138249,108.722000,108.757000,108.030500,108.512506,0.312410,68.431373,0,train
AAPL,240,2014-11-06,21:30:00,2014-11-06T21:30:00+00:00,108.650000,108.670000,108.530000,108.600000,33,0.140000,-0.046019,108.672000,108.681000,108.127000,108.528414,0.304684,67.450980,1,train
AAPL,240,2014-11-07,13:30:00,2014-11-07T13:30:00+00:00,108.570000,109.280000,108.450000,108.840000,6428,0.830000,0.220994,108.674000,108.634000,108.234000,108.585066,0.318344,64.978903,1,train
AAPL,240,2014-11-07,17:30:00,2014-11-07T17:30:00+00:00,108.830000,109.050000,108.750000,108.950000,2186,0.300000,0.101066,108.708000,108.686000,108.324000,108.651417,0.172991,61.751152,1,train
AAPL,240,2014-11-07,21:30:00,2014-11-07T21:30:00+00:00,108.970000,108.980000,108.950000,108.960000,18,0.030000,0.009179,108.800000,108.740000,108.415000,108.707523,0.172412,36.153846,0,train
AAPL,240,2014-11-10,13:30:00,2014-11-10T13:30:00+00:00,109.140000,109.290000,108.650000,108.900000,4700,0.640000,-0.055066,108.850000,108.786000,108.522000,108.742519,0.175440,40.170940,0,train
AAPL,240,2014-11-10,17:30:00,2014-11-10T17:30:00+00:00,108.910000,109.100000,108.640000,108.740000,2045,0.460000,-0.146924,108.878000,108.775000,108.620500,108.742061,0.138518,38.367347,1,train
AAPL,240,2014-11-10,21:30:00,2014-11-10T21:30:00+00:00,108.740000,108.780000,108.680000,108.780000,11,0.100000,0.036785,108.866000,108.770000,108.718500,108.748959,0.139245,60.869565,1,train
AAPL,240,2014-11-11,13:30:00,2014-11-11T13:30:00+00:00,108.720000,108.990000,108.370000,108.800000,4355,0.620000,0.018386,108.836000,108.772000,108.787500,108.758239,0.138602,61.728395,1,train
AAPL,240,2014-11-11,17:30:00,2014-11-11T17:30:00+00:00,108.810000,109.750000,108.740000,109.720000,3027,1.010000,0.845588,108.988000,108.894000,108.877000,108.933105,0.278040,75.396825,0,train
AAPL,240,2014-11-11,21:30:00,2014-11-11T21:30:00+00:00,109.660000,109.740000,109.620000,109.680000,17,0.120000,-0.036456,109.144000,108.997000,108.877000,109.068904,0.281688,69.302326,1,train
AAPL,240,2014-11-12,13:30:00,2014-11-12T13:30:00+00:00,109.360000,111.040000,109.320000,110.900000,5970,1.720000,1.112327,109.576000,109.227000,108.954000,109.401830,0.421056,80.895522,1,train
AAPL,240,2014-11-12,17:30:00,2014-11-12T17:30:00+00:00,110.880000,111.390000,110.780000,111.270000,2503,0.610000,0.333634,110.074000,109.470000,109.052000,109.741498,0.422868,83.923706,1,train
AAPL,240,2014-11-12,21:30:00,2014-11-12T21:30:00+00:00,111.270000,111.360000,111.270000,111.280000,46,0.090000,0.008987,110.570000,109.703000,109.194500,110.021225,0.426775,90.882353,1,train
AAPL,240,2014-11-13,13:30:00,2014-11-13T13:30:00+00:00,111.370000,113.410000,111.320000,113.050000,9308,2.090000,1.590582,111.236000,110.112000,109.426000,110.571912,0.600598,93.824701,0,train
AAPL,240,2014-11-13,17:30:00,2014-11-13T17:30:00+00:00,113.050000,113.190000,112.150000,112.730000,7298,1.040000,-0.283061,111.846000,110.495000,109.640500,110.964291,0.622489,89.035917,1,train
AAPL,240,2014-11-13,21:30:00,2014-11-13T21:30:00+00:00,112.720000,112.810000,112.720000,112.770000,35,0.090000,0.035483,112.220000,110.898000,109.836500,111.292602,0.608899,88.605108,1,train
AAPL,240,2014-11-14,13:30:00,2014-11-14T13:30:00+00:00,112.820000,114.040000,112.770000,113.950000,6352,1.270000,1.046378,112.756000,111.415000,110.092500,111.775765,0.631486,90.584416,1,train
AAPL,240,2014-11-14,17:30:00,2014-11-14T17:30:00+00:00,113.940000,114.210000,113.560000,114.170000,2299,0.650000,0.193067,113.334000,111.952000,110.362000,112.211081,0.620004,90.894819,1,train
AAPL,240,2014-11-14,21:30:00,2014-11-14T21:30:00+00:00,114.170000,114.230000,114.150000,114.230000,35,0.080000,0.052553,113.570000,112.403000,110.648500,112.578157,0.619425,91.836735,0,train
AAPL,240,2014-11-17,13:30:00,2014-11-17T13:30:00+00:00,114.500000,115.040000,113.260000,113.930000,10008,1.780000,-0.262628,113.810000,112.828000,110.912500,112.823947,0.641099,89.861751,0,train
AAPL,240,2014-11-17,17:30:00,2014-11-17T17:30:00+00:00,113.910000,114.400000,113.760000,113.800000,4025,0.640000,-0.114105,114.016000,113.118000,111.172500,113.001411,0.602144,88.030303,0,train
AAPL,240,2014-11-17,21:30:00,2014-11-17T21:30:00+00:00,113.800000,113.840000,113.770000,113.780000,28,0.070000,-0.017575,113.982000,113.369000,111.419500,113.142973,0.607596,87.727273,1,train
AAPL,240,2014-11-18,13:30:00,2014-11-18T13:30:00+00:00,113.960000,115.170000,113.780000,115.110000,5033,1.390000,1.168922,114.170000,113.752000,111.727500,113.500614,0.669362,88.445078,1,train
AAPL,240,2014-11-18,17:30:00,2014-11-18T17:30:00+00:00,115.120000,115.650000,114.820000,115.330000,3610,0.830000,0.191122,114.390000,113.980000,112.046000,113.833230,0.505246,89.290682,1,train
AAPL,240,2014-11-18,21:30:00,2014-11-18T21:30:00+00:00,115.330000,115.400000,115.330000,115.370000,34,0.070000,0.034683,114.678000,114.244000,112.369500,114.112642,0.480821,87.188020,0,train
AAPL,240,2014-11-19,13:30:00,2014-11-19T13:30:00+00:00,115.380000,115.690000,113.770000,114.640000,9092,1.920000,-0.632747,114.846000,114.431000,112.664500,114.208526,0.552396,76.452119,1,train
AAPL,240,2014-11-19,17:30:00,2014-11-19T17:30:00+00:00,114.630000,115.110000,114.470000,114.730000,5975,0.640000,0.078507,115.036000,114.509000,112.962000,114.303339,0.457666,76.744186,0,train
AAPL,240,2014-11-19,21:30:00,2014-11-19T21:30:00+00:00,114.670000,114.770000,114.600000,114.730000,26,0.170000,0.000000,114.960000,114.565000,113.258500,114.380914,0.455928,67.948718,1,train
AAPL,240,2014-11-20,13:30:00,2014-11-20T13:30:00+00:00,114.840000,116.820000,114.770000,116.340000,8087,2.050000,1.403295,115.162000,114.776000,113.589500,114.737111,0.625400,80.234506,0,train
AAPL,240,2014-11-20,17:30:00,2014-11-20T17:30:00+00:00,116.330000,116.650000,116.180000,116.320000,4288,0.470000,-0.017191,115.352000,115.015000,113.921500,115.024909,0.610522,79.831933,0,train
AAPL,240,2014-11-20,21:30:00,2014-11-20T21:30:00+00:00,116.340000,116.340000,116.220000,116.320000,35,0.120000,0.000000,115.688000,115.267000,114.192500,115.260380,0.604842,74.842767,0,train
AAPL,240,2014-11-21,13:30:00,2014-11-21T13:30:00+00:00,117.080000,117.650000,116.030000,116.290000,9951,1.620000,-0.025791,116.000000,115.518000,114.443500,115.447584,0.605208,73.144105,1,train
AAPL,240,2014-11-21,17:30:00,2014-11-21T17:30:00+00:00,116.300000,116.610000,116.000000,116.390000,7066,0.610000,0.085992,116.332000,115.646000,114.699000,115.618932,0.505183,73.376623,0,train
AAPL,240,2014-11-21,21:30:00,2014-11-21T21:30:00+00:00,116.380000,116.390000,116.260000,116.310000,41,0.130000,-0.068734,116.326000,115.744000,114.862000,115.744581,0.507328,77.045455,1,train
AAPL,240,2014-11-24,13:30:00,2014-11-24T13:30:00+00:00,116.810000,117.910000,116.590000,117.900000,6016,1.320000,1.367036,116.642000,115.997000,115.120500,116.136475,0.647891,84.982935,1,train
AAPL,240,2014-11-24,17:30:00,2014-11-24T17:30:00+00:00,117.900000,118.730000,117.830000,118.490000,4330,0.900000,0.500424,117.076000,116.382000,115.406500,116.564389,0.577649,86.625194,0,train
AAPL,240,2014-11-24,21:30:00,2014-11-24T21:30:00+00:00,118.480000,118.560000,118.480000,118.490000,36,0.080000,0.000000,117.516000,116.758000,115.633500,116.914500,0.581999,83.137255,1,train
AAPL,240,2014-11-25,13:30:00,2014-11-25T13:30:00+00:00,118.940000,119.710000,118.410000,118.620000,10840,1.300000,0.109714,117.962000,117.147000,115.856000,117.224591,0.576207,82.834331,0,train
AAPL,240,2014-11-25,17:30:00,2014-11-25T17:30:00+00:00,118.620000,118.670000,117.420000,117.660000,8894,1.250000,-0.809307,118.232000,117.279000,116.027500,117.303756,0.544555,69.308600,1,train
AAPL,240,2014-11-25,21:30:00,2014-11-25T21:30:00+00:00,117.650000,117.690000,117.650000,117.690000,20,0.040000,0.025497,118.190000,117.416000,116.215500,117.373982,0.543577,79.158700,1,train
AAPL,240,2014-11-26,13:30:00,2014-11-26T13:30:00+00:00,118.020000,119.060000,117.800000,118.110000,6940,1.260000,0.356870,118.114000,117.595000,116.431000,117.507804,0.546640,80.395683,1,train
AAPL,240,2014-11-26,17:30:00,2014-11-26T17:30:00+00:00,118.100000,119.000000,118.070000,118.950000,3796,0.930000,0.711201,118.206000,117.861000,116.689500,117.770021,0.568909,82.968750,1,train
AAPL,240,2014-11-26,21:30:00,2014-11-26T21:30:00+00:00,118.950000,118.980000,118.950000,118.970000,14,0.030000,0.016814,118.276000,118.119000,116.882500,117.988199,0.571242,77.338877,0,train
AAPL,240,2014-11-28,13:30:00,2014-11-28T13:30:00+00:00,119.340000,119.360000,118.020000,118.740000,7182,1.340000,-0.193326,118.492000,118.362000,117.053000,118.124890,0.579560,74.103586,1,train
AAPL,240,2014-11-28,17:30:00,2014-11-28T17:30:00+00:00,118.750000,118.950000,118.510000,118.910000,917,0.440000,0.143170,118.736000,118.463000,117.230000,118.267637,0.413020,74.951830,0,train
AAPL,240,2014-12-01,13:30:00,2014-12-01T13:30:00+00:00,118.570000,119.210000,111.220000,115.600000,18184,7.990000,-2.783618,118.234000,118.174000,117.278000,117.782612,0.972992,45.926800,0,train
AAPL,240,2014-12-01,17:30:00,2014-12-01T17:30:00+00:00,115.610000,116.420000,114.450000,114.970000,10461,1.970000,-0.544983,117.438000,117.822000,117.290000,117.271228,0.973176,42.111111,0,train
AAPL,240,2014-12-01,21:30:00,2014-12-01T21:30:00+00:00,114.960000,114.970000,114.890000,114.950000,28,0.080000,-0.017396,116.634000,117.455000,117.301000,116.849187,0.968093,42.393736,1,train
AAPL,240,2014-12-02,13:30:00,2014-12-02T13:30:00+00:00,114.240000,115.710000,112.710000,115.440000,13728,3.000000,0.426272,115.974000,117.233000,117.256000,116.592971,0.976032,34.311224,0,train
AAPL,240,2014-12-02,17:30:00,2014-12-02T17:30:00+00:00,115.430000,115.460000,114.320000,114.570000,6289,1.140000,-0.753638,115.106000,116.921000,117.168500,116.225158,0.988298,25.862069,1,train
AAPL,240,2014-12-02,21:30:00,2014-12-02T21:30:00+00:00,114.570000,114.720000,114.530000,114.640000,44,0.190000,0.061098,114.914000,116.574000,117.084500,115.936948,0.971948,26.495726,1,train
AAPL,240,2014-12-03,13:30:00,2014-12-03T13:30:00+00:00,114.330000,116.310000,114.190000,115.370000,12615,2.120000,0.636776,114.994000,116.216000,117.038500,115.833866,0.963649,31.513083,1,train
AAPL,240,2014-12-03,17:30:00,2014-12-03T17:30:00+00:00,115.370000,116.180000,115.250000,115.820000,4863,0.930000,0.390049,115.168000,115.901000,117.010000,115.831345,0.984328,38.888889,0,train
AAPL,240,2014-12-03,21:30:00,2014-12-03T21:30:00+00:00,115.820000,115.870000,115.820000,115.820000,27,0.050000,0.000000,115.244000,115.609000,116.985500,115.829282,0.987753,38.666667,1,train
AAPL,240,2014-12-04,13:30:00,2014-12-04T13:30:00+00:00,116.030000,117.160000,115.490000,116.400000,9496,1.670000,0.500777,115.610000,115.358000,116.910500,115.933049,1.009569,39.833532,0,train
AAPL,240,2014-12-04,17:30:00,2014-12-04T17:30:00+00:00,116.410000,116.550000,115.200000,115.340000,4789,1.350000,-0.910653,115.750000,115.332000,116.753000,115.825222,0.546090,29.084589,1,train
AAPL,240,2014-12-04,21:30:00,2014-12-04T21:30:00+00:00,115.340000,115.380000,115.270000,115.370000,17,0.110000,0.026010,115.750000,115.372000,116.597000,115.742454,0.514152,29.166667,1,train
AAPL,240,2014-12-05,13:30:00,2014-12-05T13:30:00+00:00,115.680000,116.130000,115.060000,115.820000,7433,1.070000,0.390049,115.750000,115.459000,116.457000,115.756554,0.525476,33.521445,0,train
AAPL,240,2014-12-05,17:30:00,2014-12-05T17:30:00+00:00,115.830000,116.040000,114.610000,114.950000,4751,1.430000,-0.751166,115.576000,115.410000,116.321500,115.609907,0.568584,29.288703,0,train
AAPL,240,2014-12-05,21:30:00,2014-12-05T21:30:00+00:00,114.940000,114.950000,114.940000,114.940000,10,0.010000,-0.008699,115.284000,115.447000,116.184000,115.488106,0.510707,44.728435,0,train
AAPL,240,2014-12-08,13:30:00,2014-12-08T13:30:00+00:00,114.410000,114.590000,112.240000,112.400000,9171,2.350000,-2.209849,114.696000,115.223000,115.898500,114.926632,0.873256,34.271726,1,train
AAPL,240,2014-12-08,17:30:00,2014-12-08T17:30:00+00:00,112.410000,112.790000,111.590000,112.410000,10127,1.200000,0.008897,114.104000,114.927000,115.571500,114.469063,0.828328,34.436275,0,train
AAPL,240,2014-12-08,21:30:00,2014-12-08T21:30:00+00:00,112.410000,112.410000,112.380000,112.380000,23,0.030000,-0.026688,113.416000,114.583000,115.242000,114.089233,0.802261,30.129870,0,train
AAPL,240,2014-12-09,13:30:00,2014-12-09T13:30:00+00:00,110.820000,112.150000,109.310000,111.980000,15173,2.840000,-0.355935,112.822000,114.199000,114.904000,113.705736,0.795431,32.088520,1,train
AAPL,240,2014-12-09,17:30:00,2014-12-09T17:30:00+00:00,111.940000,114.260000,111.830000,113.920000,8954,2.430000,1.732452,112.618000,113.951000,114.654500,113.744693,1.006390,46.043956,1,train
AAPL,240,2014-12-09,21:30:00,2014-12-09T21:30:00+00:00,113.920000,114.070000,113.920000,114.050000,53,0.150000,0.114115,112.948000,113.822000,114.577000,113.800204,0.978982,42.235294,0,train
AAPL,240,2014-12-10,13:30:00,2014-12-10T13:30:00+00:00,114.290000,114.820000,112.760000,113.170000,12796,2.060000,-0.771591,113.100000,113.602000,114.487000,113.685621,0.999127,35.162374,0,train
AAPL,240,2014-12-10,17:30:00,2014-12-10T17:30:00+00:00,113.160000,113.480000,111.530000,111.900000,11822,1.950000,-1.122206,113.004000,113.210000,114.334500,113.360963,1.016240,30.784314,1,train
AAPL,240,2014-12-10,21:30:00,2014-12-10T21:30:00+00:00,111.900000,111.990000,111.900000,111.910000,17,0.090000,0.008937,112.990000,112.906000,114.158000,113.097151,1.010401,26.687435,1,train
AAPL,240,2014-12-11,13:30:00,2014-12-11T13:30:00+00:00,112.350000,113.780000,112.140000,113.560000,10550,1.640000,1.474399,112.918000,112.768000,114.107500,113.181306,1.150956,41.291585,0,train
AAPL,240,2014-12-11,17:30:00,2014-12-11T17:30:00+00:00,113.550000,113.590000,111.330000,111.400000,8818,2.260000,-1.902078,112.388000,112.668000,113.945500,112.857432,1.091274,33.927126,0,train
AAPL,240,2014-12-11,21:30:00,2014-12-11T21:30:00+00:00,111.450000,111.500000,111.150000,111.150000,64,0.350000,-0.224417,111.984000,112.542000,113.734500,112.546990,1.091562,30.781893,0,train
AAPL,240,2014-12-12,13:30:00,2014-12-12T13:30:00+00:00,110.700000,111.840000,110.040000,110.480000,16951,1.800000,-0.602789,111.700000,112.352000,113.467500,112.171173,1.101988,31.297071,0,train
AAPL,240,2014-12-12,17:30:00,2014-12-12T17:30:00+00:00,110.460000,111.400000,109.580000,109.800000,9965,1.820000,-0.615496,111.278000,112.134000,113.166500,111.740051,1.110015,29.635499,0,train
AAPL,240,2014-12-12,21:30:00,2014-12-12T21:30:00+00:00,109.780000,109.780000,109.700000,109.720000,29,0.080000,-0.072860,110.510000,111.714000,112.832500,111.372769,0.886820,36.811024,0,train
AAPL,240,2014-12-15,13:30:00,2014-12-15T13:30:00+00:00,110.690000,111.590000,106.370000,108.920000,19157,5.220000,-0.729129,110.014000,111.201000,112.511500,110.926811,0.875544,34.063927,0,train
AAPL,240,2014-12-15,17:30:00,2014-12-15T17:30:00+00:00,108.930000,109.840000,107.750000,108.220000,19575,2.090000,-0.642674,109.428000,110.706000,112.154000,110.434664,0.871315,32.099828,0,train
AAPL,240,2014-12-15,21:30:00,2014-12-15T21:30:00+00:00,108.150000,108.150000,107.900000,108.050000,41,0.250000,-0.157087,108.942000,110.321000,111.765500,110.001088,0.840612,32.748025,1,train
AAPL,240,2014-12-16,13:30:00,2014-12-16T13:30:00+00:00,107.000000,110.140000,106.270000,109.230000,18544,3.870000,1.092087,108.828000,110.053000,111.479500,109.860890,0.953656,27.939793,0,train
AAPL,240,2014-12-16,17:30:00,2014-12-16T17:30:00+00:00,109.220000,109.490000,106.520000,106.690000,15754,2.970000,-2.325368,108.222000,109.366000,111.067000,109.284365,0.952545,21.779141,0,train
AAPL,240,2014-12-16,21:30:00,2014-12-16T21:30:00+00:00,106.600000,106.750000,106.600000,106.650000,54,0.150000,-0.037492,107.768000,108.891000,110.779500,108.805389,0.850260,23.278689,1,train
AAPL,240,2014-12-17,13:30:00,2014-12-17T13:30:00+00:00,107.370000,108.020000,106.810000,107.490000,15440,1.210000,0.787623,107.622000,108.525000,110.533500,108.566228,0.933778,31.265930,1,train
AAPL,240,2014-12-17,17:30:00,2014-12-17T17:30:00+00:00,107.480000,109.830000,107.130000,109.470000,16772,2.700000,1.842032,107.906000,108.424000,110.388000,108.730550,1.149620,41.120815,0,train
AAPL,240,2014-12-17,21:30:00,2014-12-17T21:30:00+00:00,109.470000,109.490000,109.400000,109.420000,34,0.090000,-0.045675,107.944000,108.386000,110.260000,108.855905,1.134472,32.948929,1,train
AAPL,240,2014-12-18,13:30:00,2014-12-18T13:30:00+00:00,111.250000,111.850000,110.660000,111.250000,11605,1.190000,1.672455,108.856000,108.539000,110.126500,109.291195,1.254819,49.364945,1,train
AAPL,240,2014-12-18,17:30:00,2014-12-18T17:30:00+00:00,111.270000,112.640000,111.210000,112.440000,8451,1.430000,1.069663,110.014000,108.891000,110.046000,109.863705,1.244367,55.058824,1,train
AAPL,240,2014-12-18,21:30:00,2014-12-18T21:30:00+00:00,112.440000,112.580000,112.440000,112.500000,59,0.140000,0.053362,111.016000,109.319000,110.012500,110.343031,1.202969,58.319605,0,train
AAPL,240,2014-12-19,13:30:00,2014-12-19T13:30:00+00:00,113.030000,113.230000,111.600000,112.200000,12131,1.630000,-0.266667,111.562000,109.734000,110.027500,110.680662,1.209042,60.204082,0,train
AAPL,240,2014-12-19,17:30:00,2014-12-19T17:30:00+00:00,112.190000,112.540000,111.750000,111.850000,6461,0.790000,-0.311943,112.048000,109.996000,110.024500,110.893269,1.199186,58.852868,0,train
AAPL,240,2014-12-19,21:30:00,2014-12-19T21:30:00+00:00,111.900000,111.900000,111.780000,111.780000,18,0.120000,-0.062584,112.154000,110.505000,109.935500,111.054493,0.811286,62.654867,1,train
AAPL,240,2014-12-22,13:30:00,2014-12-22T13:30:00+00:00,112.080000,113.480000,111.950000,112.900000,8463,1.530000,1.001968,112.246000,111.130000,110.010500,111.390039,0.805598,69.965870,0,train
AAPL,240,2014-12-22,17:30:00,2014-12-22T17:30:00+00:00,112.890000,113.080000,112.390000,112.850000,3952,0.690000,-0.044287,112.316000,111.666000,110.095500,111.655487,0.823837,70.689655,0,train
AAPL,240,2014-12-22,21:30:00,2014-12-22T21:30:00+00:00,112.850000,112.900000,112.750000,112.750000,15,0.150000,-0.088613,112.426000,111.994000,110.209000,111.854489,0.686833,66.730038,0,train
AAPL,240,2014-12-23,13:30:00,2014-12-23T13:30:00+00:00,113.070000,113.310000,112.520000,112.700000,7468,0.790000,-0.044346,112.596000,112.322000,110.354000,112.008218,0.686759,87.422167,0,train
AAPL,240,2014-12-23,17:30:00,2014-12-23T17:30:00+00:00,112.690000,112.890000,112.460000,112.540000,3347,0.430000,-0.141970,112.748000,112.451000,110.495000,112.104906,0.496612,86.134969,0,train
AAPL,240,2014-12-23,21:30:00,2014-12-23T21:30:00+00:00,112.540000,112.560000,112.500000,112.500000,14,0.060000,-0.035543,112.668000,112.457000,110.674000,112.176741,0.366965,84.081633,0,train
AAPL,240,2014-12-24,13:30:00,2014-12-24T13:30:00+00:00,112.660000,112.760000,112.010000,112.140000,4486,0.750000,-0.320000,112.526000,112.421000,110.870000,112.170061,0.380353,73.298429,1,train
AAPL,240,2014-12-26,13:30:00,2014-12-26T13:30:00+00:00,112.030000,113.190000,112.010000,113.190000,4163,1.180000,0.936330,112.614000,112.520000,111.127000,112.355504,0.475914,78.008915,1,train
AAPL,240,2014-12-26,17:30:00,2014-12-26T17:30:00+00:00,113.210000,114.510000,113.060000,113.990000,4132,1.450000,0.706776,112.872000,112.734000,111.365000,112.652685,0.489417,74.035088,1,train
AAPL,240,2014-12-26,21:30:00,2014-12-26T21:30:00+00:00,113.990000,114.020000,113.990000,114.010000,10,0.030000,0.017545,113.166000,112.957000,111.731000,112.899470,0.485448,67.328918,1,train
AAPL,240,2014-12-29,13:30:00,2014-12-29T13:30:00+00:00,113.750000,114.760000,113.660000,114.370000,6449,1.100000,0.315762,113.540000,113.104000,112.117000,113.166839,0.400337,69.358178,0,train
AAPL,240,2014-12-29,17:30:00,2014-12-29T17:30:00+00:00,114.370000,114.530000,113.740000,113.930000,3403,0.790000,-0.384716,113.898000,113.212000,112.439000,113.305596,0.430182,67.404427,1,train
AAPL,240,2014-12-29,21:30:00,2014-12-29T21:30:00+00:00,113.910000,113.940000,113.910000,113.940000,9,0.030000,0.008777,114.048000,113.331000,112.662500,113.420942,0.426623,72.570194,0,train
AAPL,240,2014-12-30,13:30:00,2014-12-30T13:30:00+00:00,113.730000,113.910000,112.900000,112.960000,6458,1.010000,-0.860102,113.842000,113.357000,112.839500,113.337134,0.525150,60.649819,0,train
AAPL,240,2014-12-30,17:30:00,2014-12-30T17:30:00+00:00,112.950000,112.990000,112.110000,112.520000,5753,0.880000,-0.389518,113.544000,113.355000,112.903000,113.188564,0.539496,46.090535,0,train
AAPL,240,2014-12-30,21:30:00,2014-12-30T21:30:00+00:00,112.520000,112.550000,112.430000,112.430000,59,0.120000,-0.079986,113.156000,113.348000,112.902500,113.050644,0.540000,45.714286,0,train
AAPL,240,2014-12-31,13:30:00,2014-12-31T13:30:00+00:00,112.860000,113.100000,111.170000,111.340000,6730,1.930000,-0.969492,112.638000,113.268000,112.844500,112.739617,0.615842,38.030560,0,train
AAPL,240,2014-12-31,17:30:00,2014-12-31T17:30:00+00:00,111.330000,111.640000,111.250000,111.280000,1112,0.390000,-0.053889,112.106000,113.077000,112.798500,112.474232,0.505869,37.966102,0,train
AAPL,240,2015-01-02,13:30:00,2015-01-02T13:30:00+00:00,111.110000,111.500000,107.350000,109.180000,14094,4.150000,-1.887132,111.350000,112.596000,112.665000,111.875281,0.651143,28.571429,0,train
AAPL,240,2015-01-02,17:30:00,2015-01-02T17:30:00+00:00,109.190000,109.580000,108.680000,109.060000,8545,0.900000,-0.109910,110.658000,112.101000,112.529000,111.363412,0.642639,28.282828,0,train
AAPL,240,2015-01-02,21:30:00,2015-01-02T21:30:00+00:00,109.050000,109.110000,109.040000,109.040000,15,0.070000,-0.018339,109.980000,111.568000,112.336000,110.940973,0.606597,29.551451,0,train
AAPL,240,2015-01-05,13:30:00,2015-01-05T13:30:00+00:00,108.970000,108.970000,106.550000,106.620000,13670,2.420000,-2.219369,109.036000,110.837000,112.024500,110.155342,0.817299,13.296089,0,train
AAPL,240,2015-01-05,17:30:00,2015-01-05T17:30:00+00:00,106.610000,106.920000,105.400000,106.350000,11210,1.520000,-0.253236,108.050000,110.078000,111.704500,109.463461,0.797512,4.631829,1,train
AAPL,240,2015-01-05,21:30:00,2015-01-05T21:30:00+00:00,106.410000,106.550000,106.350000,106.550000,43,0.200000,0.188058,107.524000,109.437000,111.397000,108.933741,0.839580,6.627907,0,train
AAPL,240,2015-01-06,13:30:00,2015-01-06T13:30:00+00:00,106.560000,107.190000,104.630000,105.270000,15955,2.560000,-1.201314,106.766000,108.712000,111.033500,108.267606,0.858232,2.205882,1,train
AAPL,240,2015-01-06,17:30:00,2015-01-06T17:30:00+00:00,105.260000,107.400000,105.130000,106.210000,16249,2.270000,0.892942,106.200000,108.090000,110.719000,107.893496,0.978123,11.477046,0,train
AAPL,240,2015-01-06,21:30:00,2015-01-06T21:30:00+00:00,106.210000,106.280000,106.080000,106.190000,39,0.200000,-0.018831,106.114000,107.575000,110.421500,107.583770,0.980439,11.365902,1,train
AAPL,240,2015-01-07,13:30:00,2015-01-07T13:30:00+00:00,107.220000,108.180000,106.690000,107.790000,14383,1.490000,1.506733,106.402000,107.226000,110.151500,107.621266,1.161234,25.727700,1,train
AAPL,240,2015-01-07,17:30:00,2015-01-07T17:30:00+00:00,107.790000,107.960000,107.350000,107.810000,10731,0.610000,0.018555,106.654000,107.089000,109.842500,107.655581,1.022057,26.979472,1,train
AAPL,240,2015-01-07,21:30:00,2015-01-07T21:30:00+00:00,107.810000,107.900000,107.800000,107.840000,32,0.100000,0.027827,107.168000,106.967000,109.534000,107.689112,1.023157,27.433628,1,train
AAPL,240,2015-01-08,13:30:00,2015-01-08T13:30:00+00:00,108.930000,111.590000,108.710000,111.240000,11227,2.880000,3.152819,108.174000,107.187000,109.377500,108.334728,1.454457,49.599359,1,train
AAPL,240,2015-01-08,17:30:00,2015-01-08T17:30:00+00:00,111.260000,112.140000,111.240000,112.000000,8416,0.900000,0.683207,109.336000,107.725000,109.281000,109.001141,1.179548,52.731411,0,train
AAPL,240,2015-01-08,21:30:00,2015-01-08T21:30:00+00:00,112.000000,112.060000,111.990000,112.000000,22,0.070000,0.000000,110.178000,108.290000,109.184000,109.546388,1.164206,62.725632,0,train
AAPL,240,2015-01-09,13:30:00,2015-01-09T13:30:00+00:00,111.890000,113.240000,110.210000,111.400000,17506,3.030000,-0.535714,110.896000,108.775000,109.106000,109.883408,1.209113,60.121107,1,train
AAPL,240,2015-01-09,17:30:00,2015-01-09T17:30:00+00:00,111.390000,112.650000,111.070000,111.990000,9672,1.580000,0.529623,111.726000,109.447000,109.079500,110.266425,1.060838,62.159934,0,train
AAPL,240,2015-01-09,21:30:00,2015-01-09T21:30:00+00:00,111.980000,112.020000,111.980000,111.980000,26,0.040000,-0.008929,111.874000,110.024000,109.057000,110.577984,1.073852,77.572016,0,train
AAPL,240,2015-01-12,13:30:00,2015-01-12T13:30:00+00:00,112.200000,112.550000,109.360000,110.340000,14647,3.190000,-1.464547,111.542000,110.439000,109.007000,110.534714,1.241075,67.989179,0,train
AAPL,240,2015-01-12,17:30:00,2015-01-12T17:30:00+00:00,110.330000,110.420000,108.800000,109.300000,10134,1.620000,-0.942541,111.002000,110.590000,108.908000,110.310221,1.238088,61.525566,1,train
AAPL,240,2015-01-12,21:30:00,2015-01-12T21:30:00+00:00,109.320000,109.350000,109.250000,109.350000,26,0.100000,0.045746,110.592000,110.744000,108.916500,110.135635,1.237807,69.065421,1,train
AAPL,240,2015-01-13,13:30:00,2015-01-13T13:30:00+00:00,110.430000,112.790000,110.430000,111.340000,11013,2.360000,1.819845,110.462000,111.094000,109.030500,110.354611,1.343557,71.829787,0,train
AAPL,240,2015-01-13,17:30:00,2015-01-13T17:30:00+00:00,111.330000,111.460000,108.900000,110.250000,17617,2.560000,-0.978983,110.116000,110.995000,109.091000,110.335591,0.958432,65.834633,1,train
AAPL,240,2015-01-13,21:30:00,2015-01-13T21:30:00+00:00,110.250000,110.370000,110.250000,110.350000,22,0.120000,0.090703,110.118000,110.830000,109.277500,110.338210,0.923320,61.307420,0,train
AAPL,240,2015-01-14,13:30:00,2015-01-14T13:30:00+00:00,109.540000,110.480000,108.620000,109.090000,18116,1.860000,-1.141821,110.076000,110.539000,109.414500,110.111263,0.972746,55.095541,1,train
AAPL,240,2015-01-14,17:30:00,2015-01-14T17:30:00+00:00,109.080000,109.970000,108.510000,109.880000,15583,1.460000,0.724173,110.182000,110.387000,109.581000,110.069215,1.013607,57.657658,1,train
AAPL,240,2015-01-14,21:30:00,2015-01-14T21:30:00+00:00,109.830000,109.990000,109.830000,109.930000,48,0.160000,0.045504,109.900000,110.181000,109.814000,110.043903,0.989740,43.430291,0,train
AAPL,240,2015-01-15,13:30:00,2015-01-15T13:30:00+00:00,109.549000,110.309000,106.749000,107.189000,19218,3.560000,-2.493405,109.287800,109.701900,109.862950,109.524830,1.225479,29.871977,0,train
AAPL,240,2015-01-15,17:30:00,2015-01-15T17:30:00+00:00,107.199000,107.879000,106.659000,106.969000,14134,1.220000,-0.205245,108.611600,109.364800,109.901900,109.060134,1.170785,29.332019,0,train
AAPL,240,2015-01-15,21:30:00,2015-01-15T21:30:00+00:00,106.939000,106.989000,106.809000,106.819000,45,0.180000,-0.140228,108.157400,109.116700,109.853350,108.652655,1.149431,30.458152,0,train
AAPL,240,2015-01-16,13:30:00,2015-01-16T13:30:00+00:00,106.599000,107.569000,105.199000,105.469000,16622,2.370000,-1.263820,107.275200,108.728600,109.736300,108.073808,1.189273,23.876292,1,train
AAPL,240,2015-01-16,17:30:00,2015-01-16T17:30:00+00:00,105.459000,106.079000,105.269000,105.999000,8050,0.810000,0.502517,106.489000,108.194500,109.644250,107.696571,0.975418,26.997923,0,train
AAPL,240,2015-01-16,21:30:00,2015-01-16T21:30:00+00:00,106.009000,106.029000,105.979000,105.999000,40,0.050000,0.000000,106.251000,107.769400,109.382200,107.387921,0.969559,30.895168,1,train
AAPL,240,2015-01-20,13:30:00,2015-01-20T13:30:00+00:00,107.399000,107.989000,106.499000,107.249000,15943,1.490000,1.179256,106.307000,107.459300,109.144650,107.362663,1.083687,41.137326,1,train
AAPL,240,2015-01-20,17:30:00,2015-01-20T17:30:00+00:00,107.239000,109.099000,107.059000,109.059000,9025,2.040000,1.687661,106.755000,107.456200,108.997600,107.671088,1.196933,48.908559,0,train
AAPL,240,2015-01-20,21:30:00,2015-01-20T21:30:00+00:00,108.999000,109.079000,108.919000,109.009000,59,0.160000,-0.045847,107.463000,107.369100,108.878050,107.914345,1.169892,39.768238,1,train
AAPL,240,2015-01-21,13:30:00,2015-01-21T13:30:00+00:00,109.279000,111.039000,108.279000,110.419000,14648,2.760000,1.293471,108.347000,107.418000,108.799500,108.369737,1.247940,50.721544,0,train
AAPL,240,2015-01-21,17:30:00,2015-01-21T17:30:00+00:00,110.419000,110.469000,109.209000,109.449000,9350,1.260000,-0.878472,109.037000,107.644000,108.672950,108.565966,0.951250,46.419204,1,train
AAPL,240,2015-01-21,21:30:00,2015-01-21T21:30:00+00:00,109.449000,109.559000,109.449000,109.499000,47,0.110000,0.045683,109.487000,107.897000,108.630900,108.735609,0.942261,51.798435,1,train
AAPL,240,2015-01-22,13:30:00,2015-01-22T13:30:00+00:00,109.889000,111.659000,109.719000,111.609000,15316,1.940000,1.926958,109.997000,108.376000,108.746350,109.258044,1.068374,56.811914,1,train
AAPL,240,2015-01-22,17:30:00,2015-01-22T17:30:00+00:00,111.619000,112.449000,111.109000,112.359000,8771,1.340000,0.671989,110.667000,109.065000,108.896800,109.821854,0.883838,59.069524,0,train
AAPL,240,2015-01-22,21:30:00,2015-01-22T21:30:00+00:00,112.359000,112.389000,112.329000,112.329000,35,0.060000,-0.026700,111.049000,109.698000,108.946250,110.277699,0.908377,74.063670,1,train
AAPL,240,2015-01-23,13:30:00,2015-01-23T13:30:00+00:00,112.669000,112.889000,111.519000,112.549000,12365,1.370000,0.195853,111.669000,110.353000,109.061200,110.690662,0.896385,76.123596,1,train
AAPL,240,2015-01-23,17:30:00,2015-01-23T17:30:00+00:00,112.549000,113.739000,112.539000,112.839000,7459,1.200000,0.257666,112.337000,110.912000,109.185650,111.081269,0.877969,77.818854,0,train
AAPL,240,2015-01-23,21:30:00,2015-01-23T21:30:00+00:00,112.839000,112.849000,112.759000,112.759000,46,0.090000,-0.070897,112.567000,111.282000,109.369100,111.386311,0.788015,88.167539,1,train
AAPL,240,2015-01-26,13:30:00,2015-01-26T13:30:00+00:00,113.719000,114.349000,113.129000,113.619000,11421,1.220000,0.762689,112.819000,111.743000,109.556050,111.792255,0.785848,88.562753,0,train
AAPL,240,2015-01-26,17:30:00,2015-01-26T17:30:00+00:00,113.619000,113.799000,112.799000,113.179000,6434,1.000000,-0.387259,112.989000,112.019000,109.718500,112.044390,0.756963,84.786822,1,train
AAPL,240,2015-01-26,21:30:00,2015-01-26T21:30:00+00:00,113.179000,113.259000,113.099000,113.259000,52,0.160000,0.070684,113.131000,112.400000,110.022000,112.265228,0.652007,82.841530,0,train
AAPL,240,2015-01-27,13:30:00,2015-01-27T13:30:00+00:00,112.369000,112.659000,109.749000,111.029000,15988,2.910000,-1.968938,112.769000,112.553000,110.225000,112.040460,0.982261,60.292581,0,train
AAPL,240,2015-01-27,17:30:00,2015-01-27T17:30:00+00:00,111.019000,111.599000,109.029000,110.299000,12453,2.570000,-0.657486,112.277000,112.422000,110.399000,111.723831,0.779952,56.292683,1,train
AAPL,240,2015-01-27,21:30:00,2015-01-27T21:30:00+00:00,110.399000,116.329000,110.299000,114.589000,2689,6.030000,3.889428,112.471000,112.645000,110.855000,112.244770,1.485387,65.879665,1,train
AAPL,240,2015-01-28,13:30:00,2015-01-28T13:30:00+00:00,117.749000,118.319000,115.509000,117.369000,20286,2.810000,2.426062,113.309000,113.149000,111.423500,113.176449,1.637336,76.506024,0,train
AAPL,240,2015-01-28,17:30:00,2015-01-28T17:30:00+00:00,117.369000,117.729000,115.249000,115.499000,17334,2.480000,-1.593266,113.757000,113.444000,111.898500,113.598731,1.761452,67.899761,0,train
AAPL,240,2015-01-28,21:30:00,2015-01-28T21:30:00+00:00,115.499000,115.539000,115.209000,115.329000,108,0.330000,-0.147187,114.617000,113.693000,112.302500,113.913325,1.766486,62.550607,1,train
AAPL,240,2015-01-29,13:30:00,2015-01-29T13:30:00+00:00,116.229000,117.479000,115.559000,117.209000,16103,1.920000,1.630119,115.999000,114.138000,112.710000,114.512539,1.815262,65.203762,1,train
AAPL,240,2015-01-29,17:30:00,2015-01-29T17:30:00+00:00,117.199000,119.179000,117.009000,118.859000,10507,2.170000,1.407742,116.853000,114.662000,113.202500,115.302804,1.840766,68.582812,1,train
AAPL,240,2015-01-29,21:30:00,2015-01-29T21:30:00+00:00,118.859000,119.049000,118.809000,118.949000,59,0.240000,0.075720,117.169000,115.239000,113.629000,115.965749,1.822626,68.348624,1,train
AAPL,240,2015-01-30,13:30:00,2015-01-30T13:30:00+00:00,118.309000,119.989000,118.089000,119.589000,16223,1.900000,0.538046,117.987000,115.872000,114.136000,116.624522,1.815996,68.971332,0,train
AAPL,240,2015-01-30,17:30:00,2015-01-30T17:30:00+00:00,119.579000,119.619000,116.839000,117.229000,15590,2.780000,-1.973426,118.367000,116.492000,114.522500,116.734427,1.816691,61.136024,0,train
AAPL,240,2015-01-30,21:30:00,2015-01-30T21:30:00+00:00,117.229000,117.369000,117.199000,117.209000,109,0.170000,-0.017061,118.367000,117.183000,114.802500,116.820713,1.779936,59.334373,1,train
AAPL,240,2015-02-02,13:30:00,2015-02-02T13:30:00+00:00,117.669000,118.379000,116.079000,117.679000,17387,2.300000,0.400993,118.131000,117.492000,115.068500,116.976765,1.361399,61.682243,1,train
AAPL,240,2015-02-02,17:30:00,2015-02-02T17:30:00+00:00,117.679000,118.639000,116.649000,118.579000,15828,1.990000,0.764792,118.057000,117.613000,115.381000,117.268081,1.155507,63.247012,0,train
AAPL,240,2015-02-02,21:30:00,2015-02-02T21:30:00+00:00,118.559000,118.579000,118.519000,118.559000,41,0.060000,-0.016866,117.851000,117.919000,115.681500,117.502793,0.993731,71.068830,0,train
AAPL,240,2015-02-03,13:30:00,2015-02-03T13:30:00+00:00,118.709000,119.079000,117.599000,117.849000,14931,1.480000,-0.598858,117.975000,118.171000,115.932000,117.565740,1.024404,71.148459,1,train
AAPL,240,2015-02-03,17:30:00,2015-02-03T17:30:00+00:00,117.839000,118.769000,117.739000,118.349000,9413,1.030000,0.424272,118.203000,118.285000,116.211500,117.708151,0.904017,63.371266,0,train
AAPL,240,2015-02-03,21:30:00,2015-02-03T21:30:00+00:00,118.389000,118.389000,118.329000,118.329000,20,0.060000,-0.016899,118.333000,118.232000,116.447000,117.821033,0.778692,54.247788,1,train
AAPL,240,2015-02-04,13:30:00,2015-02-04T13:30:00+00:00,118.219000,120.339000,117.949000,119.849000,13621,2.390000,1.284554,118.587000,118.322000,116.780500,118.189754,0.885491,69.863014,0,train
AAPL,240,2015-02-04,17:30:00,2015-02-04T17:30:00+00:00,119.839000,120.489000,119.269000,119.349000,10013,1.220000,-0.417192,118.745000,118.298000,117.085000,118.400526,0.881980,67.819149,0,train
AAPL,240,2015-02-04,21:30:00,2015-02-04T21:30:00+00:00,119.349000,119.399000,119.069000,119.339000,128,0.330000,-0.008379,119.043000,118.509000,117.500500,118.571158,0.556340,61.317747,1,train
AAPL,240,2015-02-05,13:30:00,2015-02-05T13:30:00+00:00,119.759000,120.229000,119.349000,119.729000,10629,0.880000,0.326800,119.319000,118.761000,117.972000,118.781674,0.553431,55.337423,1,train
AAPL,240,2015-02-05,17:30:00,2015-02-05T17:30:00+00:00,119.739000,119.999000,119.249000,119.789000,6117,0.750000,0.050113,119.611000,118.972000,118.232000,118.964824,0.551400,55.172414,0,train
AAPL,240,2015-02-05,21:30:00,2015-02-05T21:30:00+00:00,119.789000,119.809000,119.699000,119.699000,34,0.110000,-0.075132,119.581000,119.084000,118.348500,119.098311,0.515068,50.726552,1,train
AAPL,240,2015-02-06,13:30:00,2015-02-06T13:30:00+00:00,119.679000,120.239000,119.449000,120.059000,8183,0.790000,0.300754,119.723000,119.234000,118.576500,119.272982,0.517175,75.403950,0,train
AAPL,240,2015-02-06,17:30:00,2015-02-06T17:30:00+00:00,120.069000,120.089000,118.449000,118.859000,12149,1.640000,-0.999509,119.627000,119.335000,118.753000,119.197712,0.590041,62.222222,1,train
AAPL,240,2015-02-06,21:30:00,2015-02-06T21:30:00+00:00,118.869000,118.939000,118.749000,118.899000,77,0.190000,0.033653,119.461000,119.390000,118.837500,119.143401,0.578035,59.651899,1,train
AAPL,240,2015-02-09,13:30:00,2015-02-09T13:30:00+00:00,118.689000,119.559000,118.379000,119.459000,11418,1.180000,0.470988,119.395000,119.503000,118.867500,119.200783,0.592372,57.357860,1,train
AAPL,240,2015-02-09,17:30:00,2015-02-09T17:30:00+00:00,119.469000,119.829000,119.109000,119.769000,8519,0.720000,0.259503,119.409000,119.495000,118.908500,119.304095,0.430569,59.649123,0,train
AAPL,240,2015-02-09,21:30:00,2015-02-09T21:30:00+00:00,119.739000,119.769000,119.719000,119.769000,14,0.050000,0.000000,119.351000,119.537000,118.917500,119.388623,0.405781,67.266187,1,train
AAPL,240,2015-02-10,13:30:00,2015-02-10T13:30:00+00:00,120.399000,121.449000,120.139000,121.389000,10877,1.310000,1.352604,119.857000,119.742000,119.125500,119.752328,0.580087,72.754491,1,train
AAPL,240,2015-02-10,17:30:00,2015-02-10T17:30:00+00:00,121.399000,122.149000,121.349000,122.089000,6124,0.800000,0.576659,120.495000,119.978000,119.369500,120.177177,0.592739,75.543478,1,train
AAPL,240,2015-02-10,21:30:00,2015-02-10T21:30:00+00:00,122.129000,122.179000,122.129000,122.129000,44,0.050000,0.032763,121.029000,120.212000,119.592000,120.532054,0.593242,69.387755,1,train
AAPL,240,2015-02-11,13:30:00,2015-02-11T13:30:00+00:00,122.509000,124.419000,122.329000,124.279000,11682,2.090000,1.760434,121.931000,120.670000,119.877000,121.213317,0.760648,82.735724,1,train
AAPL,240,2015-02-11,17:30:00,2015-02-11T17:30:00+00:00,124.279000,124.969000,123.649000,124.899000,10406,1.320000,0.498878,122.957000,121.154000,120.194000,121.883441,0.760970,84.152334,1,train
AAPL,240,2015-02-11,21:30:00,2015-02-11T21:30:00+00:00,124.909000,125.229000,124.899000,125.129000,150,0.330000,0.184149,123.705000,121.781000,120.558000,122.473543,0.592814,83.834586,1,train
AAPL,240,2015-02-12,13:30:00,2015-02-12T13:30:00+00:00,125.959000,127.469000,125.559000,126.599000,15658,1.910000,1.174788,124.607000,122.551000,120.970500,123.223626,0.599239,86.261981,0,train
AAPL,240,2015-02-12,17:30:00,2015-02-12T17:30:00+00:00,126.609000,126.719000,125.919000,126.349000,9381,0.800000,-0.197474,125.451000,123.240000,121.371500,123.791876,0.653875,84.816754,0,train
AAPL,240,2015-02-12,21:30:00,2015-02-12T21:30:00+00:00,126.409000,126.429000,126.349000,126.349000,23,0.080000,0.000000,125.865000,123.898000,121.696500,124.256807,0.672205,84.221980,0,train
AAPL,240,2015-02-13,13:30:00,2015-02-13T13:30:00+00:00,126.899000,127.239000,125.639000,126.249000,10898,1.600000,-0.079146,126.135000,124.546000,122.041500,124.619024,0.679671,95.673671,1,train
AAPL,240,2015-02-13,17:30:00,2015-02-13T17:30:00+00:00,126.239000,127.219000,125.659000,126.999000,7019,1.560000,0.594064,126.509000,125.107000,122.424500,125.051747,0.617164,96.022727,0,train
AAPL,240,2015-02-13,21:30:00,2015-02-13T21:30:00+00:00,127.009000,127.019000,126.999000,126.999000,38,0.020000,0.000000,126.589000,125.598000,122.788000,125.405793,0.631262,95.752427,1,train
AAPL,240,2015-02-17,13:30:00,2015-02-17T13:30:00+00:00,128.139000,128.869000,126.929000,128.089000,11626,1.940000,0.858274,126.937000,126.194000,123.203000,125.893649,0.632336,96.119734,0,train
AAPL,240,2015-02-17,17:30:00,2015-02-17T17:30:00+00:00,128.079000,128.239000,127.269000,127.669000,7914,0.970000,-0.327897,127.201000,126.533000,123.601500,126.216440,0.491392,91.843220,1,train
AAPL,240,2015-02-17,21:30:00,2015-02-17T21:30:00+00:00,127.669000,127.719000,127.669000,127.709000,18,0.050000,0.031331,127.493000,126.814000,123.984000,126.487815,0.489494,90.203562,1,train
AAPL,240,2015-02-18,13:30:00,2015-02-18T13:30:00+00:00,127.499000,128.279000,127.339000,127.989000,8921,0.940000,0.219248,127.691000,127.100000,124.440500,126.760757,0.489304,89.650538,1,train
AAPL,240,2015-02-18,17:30:00,2015-02-18T17:30:00+00:00,127.979000,128.769000,127.559000,128.669000,7340,1.210000,0.531296,128.025000,127.307000,124.929000,127.107711,0.381235,90.470297,0,train
AAPL,240,2015-02-18,21:30:00,2015-02-18T21:30:00+00:00,128.649000,128.659000,128.549000,128.549000,23,0.110000,-0.093263,128.117000,127.527000,125.383500,127.369763,0.371589,85.289256,1,train
AAPL,240,2015-02-19,13:30:00,2015-02-19T13:30:00+00:00,128.439000,129.009000,128.329000,128.669000,6948,0.680000,0.093350,128.317000,127.759000,125.828500,127.605988,0.367904,83.963964,0,train
AAPL,240,2015-02-19,17:30:00,2015-02-19T17:30:00+00:00,128.659000,128.869000,128.299000,128.379000,4855,0.570000,-0.225385,128.451000,127.972000,126.259000,127.746536,0.382102,78.966132,1,train
AAPL,240,2015-02-19,21:30:00,2015-02-19T21:30:00+00:00,128.349000,128.459000,128.349000,128.459000,26,0.110000,0.062315,128.545000,128.118000,126.612500,127.876075,0.352056,72.037915,1,train
AAPL,240,2015-02-20,13:30:00,2015-02-20T13:30:00+00:00,128.589000,128.869000,128.049000,128.489000,8533,0.820000,0.023354,128.509000,128.267000,126.932500,127.987516,0.351285,76.750000,1,train
AAPL,240,2015-02-20,17:30:00,2015-02-20T17:30:00+00:00,128.489000,129.489000,128.309000,129.429000,7144,1.180000,0.731580,128.685000,128.401000,127.297500,128.249604,0.322713,81.174089,0,train
AAPL,240,2015-02-20,21:30:00,2015-02-20T21:30:00+00:00,129.429000,129.479000,129.399000,129.429000,45,0.080000,0.000000,128.837000,128.577000,127.555000,128.464039,0.288759,82.851240,1,train
AAPL,240,2015-02-23,13:30:00,2015-02-23T13:30:00+00:00,129.709000,131.889000,129.599000,131.779000,10830,2.290000,1.815667,129.517000,128.984000,127.899000,129.066760,0.599763,87.111801,1,train
AAPL,240,2015-02-23,17:30:00,2015-02-23T17:30:00+00:00,131.769000,133.009000,131.709000,132.999000,7149,1.300000,0.925792,130.425000,129.485000,128.292500,129.781712,0.628072,89.164491,0,train
AAPL,240,2015-02-23,21:30:00,2015-02-23T21:30:00+00:00,132.989000,132.999000,132.969000,132.969000,47,0.030000,-0.022557,131.321000,129.915000,128.611000,130.361219,0.638220,86.969697,0,train
AAPL,240,2015-02-24,13:30:00,2015-02-24T13:30:00+00:00,132.519000,133.589000,131.159000,132.579000,13334,2.430000,-0.293301,131.951000,130.318000,128.922500,130.764452,0.655888,87.366819,0,train
AAPL,240,2015-02-24,17:30:00,2015-02-24T17:30:00+00:00,132.589000,132.949000,131.659000,132.109000,8699,1.290000,-0.354506,132.487000,130.662000,129.210500,131.008915,0.686962,81.428571,0,train
AAPL,240,2015-02-24,21:30:00,2015-02-24T21:30:00+00:00,132.109000,132.129000,131.949000,131.959000,65,0.180000,-0.113543,132.523000,131.020000,129.496000,131.181658,0.678931,78.893741,0,train
AAPL,240,2015-02-25,13:30:00,2015-02-25T13:30:00+00:00,131.859000,131.899000,130.259000,130.859000,9157,1.640000,-0.833592,132.095000,131.260000,129.689000,131.122993,0.764231,65.020576,0,train
AAPL,240,2015-02-25,17:30:00,2015-02-25T17:30:00+00:00,130.849000,131.129000,128.149000,128.679000,11104,2.980000,-1.665915,131.237000,131.279000,129.773000,130.678631,0.964976,50.695187,0,train
AAPL,240,2015-02-25,21:30:00,2015-02-25T21:30:00+00:00,128.679000,128.759000,128.599000,128.619000,55,0.160000,-0.046628,130.445000,131.198000,129.799500,130.304152,0.931935,49.730893,1,train
AAPL,240,2015-02-26,13:30:00,2015-02-26T13:30:00+00:00,129.439000,129.729000,126.609000,129.649000,15127,3.120000,0.800815,129.953000,131.220000,129.898500,130.185034,0.971137,56.331007,1,train
AAPL,240,2015-02-26,17:30:00,2015-02-26T17:30:00+00:00,129.649000,130.859000,128.889000,130.379000,13377,1.970000,0.563059,129.637000,131.080000,130.032000,130.220300,0.774928,58.988764,1,train
AAPL,240,2015-02-26,21:30:00,2015-02-26T21:30:00+00:00,130.379000,130.399000,130.359000,130.389000,25,0.040000,0.007670,129.543000,130.819000,130.152000,130.250973,0.688981,58.911820,0,train
AAPL,240,2015-02-27,13:30:00,2015-02-27T13:30:00+00:00,130.029000,130.559000,128.579000,129.939000,11207,1.980000,-0.345121,129.795000,130.516000,130.215500,130.194251,0.687515,52.507375,0,train
AAPL,240,2015-02-27,17:30:00,2015-02-27T17:30:00+00:00,129.949000,129.999000,128.239000,128.499000,7694,1.760000,-1.108212,129.771000,130.108000,130.213000,129.886023,0.742221,45.994832,0,train
AAPL,240,2015-02-27,21:30:00,2015-02-27T21:30:00+00:00,128.509000,128.599000,128.399000,128.399000,36,0.200000,-0.077822,129.521000,129.737000,130.199500,129.615655,0.745511,31.944444,1,train
AAPL,240,2015-03-02,13:30:00,2015-03-02T13:30:00+00:00,129.009000,130.259000,128.739000,129.199000,10472,1.520000,0.623058,129.285000,129.461000,130.240500,129.539900,0.798503,28.747204,0,train
AAPL,240,2015-03-02,17:30:00,2015-03-02T17:30:00+00:00,129.189000,129.239000,128.299000,128.999000,8142,0.940000,-0.154800,129.007000,129.275000,130.267500,129.441554,0.767696,28.210757,0,train
AAPL,240,2015-03-02,21:30:00,2015-03-02T21:30:00+00:00,128.999000,129.029000,128.999000,128.999000,23,0.030000,0.000000,128.819000,129.307000,130.293000,129.361090,0.549664,29.472477,0,train
AAPL,240,2015-03-03,13:30:00,2015-03-03T13:30:00+00:00,128.819000,129.449000,128.089000,128.289000,12175,1.360000,-0.550392,128.777000,129.274000,130.236000,129.166165,0.579363,28.683036,1,train
AAPL,240,2015-03-03,17:30:00,2015-03-03T17:30:00+00:00,128.299000,129.509000,128.269000,129.339000,6451,1.240000,0.818465,128.965000,129.243000,130.231500,129.197589,0.582175,36.713996,0,train
AAPL,240,2015-03-03,21:30:00,2015-03-03T21:30:00+00:00,129.339000,129.339000,129.249000,129.249000,8,0.090000,-0.069585,128.975000,129.130000,130.105000,129.206937,0.544649,40.903955,0,train
AAPL,240,2015-03-04,13:30:00,2015-03-04T13:30:00+00:00,128.949000,129.539000,128.389000,128.989000,10457,1.150000,-0.201162,128.973000,128.990000,129.904500,129.167312,0.544676,52.236652,0,train
AAPL,240,2015-03-04,17:30:00,2015-03-04T17:30:00+00:00,128.999000,129.169000,128.319000,128.419000,5159,0.850000,-0.441898,128.857000,128.838000,129.677000,129.031255,0.550217,48.655914,1,train
AAPL,240,2015-03-04,21:30:00,2015-03-04T21:30:00+00:00,128.379000,128.459000,128.379000,128.449000,19,0.080000,0.023361,128.889000,128.833000,129.470500,128.925391,0.425842,40.683230,0,train
AAPL,240,2015-03-05,13:30:00,2015-03-05T13:30:00+00:00,128.849000,128.859000,126.299000,126.699000,11817,2.560000,-1.362408,128.361000,128.663000,129.200000,128.520592,0.606378,25.335121,0,train
AAPL,240,2015-03-05,17:30:00,2015-03-05T17:30:00+00:00,126.709000,126.929000,125.759000,126.299000,8522,1.170000,-0.315709,127.771000,128.373000,128.917000,128.116666,0.546263,23.949045,0,train
AAPL,240,2015-03-05,21:30:00,2015-03-05T21:30:00+00:00,126.309000,126.349000,126.289000,126.299000,43,0.060000,0.000000,127.233000,128.103000,128.689000,127.786182,0.550662,25.405405,1,train
AAPL,240,2015-03-06,13:30:00,2015-03-06T13:30:00+00:00,127.099000,129.419000,126.499000,127.619000,17671,2.920000,1.045139,127.073000,127.965000,128.636000,127.755785,0.679130,43.956044,0,train
AAPL,240,2015-03-06,17:30:00,2015-03-06T17:30:00+00:00,127.629000,127.879000,126.259000,126.749000,11597,1.620000,-0.681717,126.733000,127.811000,128.542500,127.572733,0.689875,39.751553,1,train
AAPL,240,2015-03-06,21:30:00,2015-03-06T21:30:00+00:00,126.729000,126.859000,126.609000,126.859000,81,0.250000,0.086786,126.765000,127.563000,128.403000,127.442963,0.614092,34.103261,1,train
AAPL,240,2015-03-09,12:30:00,2015-03-09T12:30:00+00:00,127.649000,128.099000,127.209000,127.499000,11062,0.890000,0.504497,127.005000,127.388000,128.259000,127.453152,0.652416,40.384615,0,train
AAPL,240,2015-03-09,16:30:00,2015-03-09T16:30:00+00:00,127.499000,129.549000,125.059000,127.339000,20152,4.490000,-0.125491,127.213000,127.223000,128.106500,127.432397,0.651993,39.572864,0,train
AAPL,240,2015-03-09,20:30:00,2015-03-09T20:30:00+00:00,127.319000,127.439000,127.299000,127.299000,37,0.140000,-0.031412,127.149000,127.111000,127.974500,127.408143,0.642804,43.209877,0,train
AAPL,240,2015-03-10,12:30:00,2015-03-10T12:30:00+00:00,126.299000,127.199000,124.089000,124.149000,16071,3.110000,-2.474489,126.629000,126.681000,127.757000,126.815572,0.988225,22.364217,1,train
AAPL,240,2015-03-10,16:30:00,2015-03-10T16:30:00+00:00,124.139000,125.419000,123.799000,124.469000,13753,1.620000,0.257755,126.151000,126.458000,127.560500,126.388922,0.932389,25.155925,1,train
AAPL,240,2015-03-10,20:30:00,2015-03-10T20:30:00+00:00,124.459000,124.609000,124.459000,124.609000,84,0.150000,0.112478,125.573000,126.289000,127.331000,126.065300,0.934959,26.947368,0,train
AAPL,240,2015-03-11,12:30:00,2015-03-11T12:30:00+00:00,125.059000,125.199000,122.099000,123.389000,17253,3.100000,-0.979063,124.783000,125.998000,127.050500,125.578700,0.970351,25.221675,0,train
AAPL,240,2015-03-11,16:30:00,2015-03-11T16:30:00+00:00,123.389000,123.899000,122.199000,122.409000,10354,1.700000,-0.794236,123.805000,125.477000,126.721000,125.002391,0.871372,22.792793,0,train
AAPL,240,2015-03-11,20:30:00,2015-03-11T20:30:00+00:00,122.429000,122.509000,122.379000,122.409000,54,0.130000,0.000000,123.457000,125.043000,126.427000,124.530865,0.874630,27.058824,1,train
AAPL,240,2015-03-12,12:30:00,2015-03-12T12:30:00+00:00,122.429000,124.429000,121.629000,124.239000,13312,2.800000,1.494988,123.411000,124.781000,126.172000,124.477799,1.047945,40.445269,1,train
AAPL,240,2015-03-12,16:30:00,2015-03-12T16:30:00+00:00,124.219000,124.889000,123.869000,124.419000,9280,1.020000,0.144882,123.373000,124.473000,125.930500,124.467108,1.026909,41.423358,1,train
AAPL,240,2015-03-12,20:30:00,2015-03-12T20:30:00+00:00,124.429000,124.549000,124.429000,124.529000,22,0.120000,0.088411,123.601000,124.192000,125.707500,124.478361,1.031762,34.153846,0,train
AAPL,240,2015-03-13,12:30:00,2015-03-13T12:30:00+00:00,124.219000,125.389000,122.919000,123.409000,16380,2.470000,-0.899389,123.801000,123.803000,125.457000,124.283932,1.050652,33.300000,1,train
AAPL,240,2015-03-13,16:30:00,2015-03-13T16:30:00+00:00,123.409000,123.649000,122.579000,123.449000,11456,1.070000,0.032413,124.009000,123.733000,125.207000,124.132126,0.723637,32.829809,1,train
AAPL,240,2015-03-13,20:30:00,2015-03-13T20:30:00+00:00,123.449000,123.639000,123.449000,123.559000,36,0.190000,0.089106,123.873000,123.642000,125.050000,124.027921,0.717499,29.042553,1,train
AAPL,240,2015-03-16,12:30:00,2015-03-16T12:30:00+00:00,123.599000,124.489000,122.869000,124.099000,11546,1.620000,0.437038,123.809000,123.591000,124.940000,124.040845,0.733877,33.435583,1,train
AAPL,240,2015-03-16,16:30:00,2015-03-16T16:30:00+00:00,124.099000,124.939000,123.949000,124.649000,4818,0.990000,0.443195,123.833000,123.717000,124.857500,124.151418,0.666042,37.123421,0,train
AAPL,240,2015-03-16,20:30:00,2015-03-16T20:30:00+00:00,124.649000,124.759000,124.649000,124.649000,30,0.110000,0.000000,124.081000,123.941000,124.709000,124.241888,0.590102,53.501401,1,train
AAPL,240,2015-03-17,12:30:00,2015-03-17T12:30:00+00:00,125.149000,127.179000,125.149000,126.769000,12008,2.030000,1.700776,124.745000,124.377000,124.710000,124.701363,0.753854,62.863535,1,train
AAPL,240,2015-03-17,16:30:00,2015-03-17T16:30:00+00:00,126.759000,127.309000,126.709000,127.119000,5485,0.600000,0.276093,125.457000,124.665000,124.723000,125.140933,0.638419,63.715847,0,train
AAPL,240,2015-03-17,20:30:00,2015-03-17T20:30:00+00:00,127.109000,127.139000,127.079000,127.099000,31,0.060000,-0.015733,126.057000,124.933000,124.703000,125.496945,0.642839,73.333333,0,train
AAPL,240,2015-03-18,12:30:00,2015-03-18T12:30:00+00:00,126.899000,127.889000,126.399000,126.909000,10367,1.490000,-0.149490,126.509000,125.171000,124.681500,125.753683,0.652383,81.424581,1,train
AAPL,240,2015-03-18,16:30:00,2015-03-18T16:30:00+00:00,126.889000,129.149000,126.369000,128.459000,13537,2.780000,1.221348,127.271000,125.676000,124.739500,126.245558,0.601078,84.730195,1,train
AAPL,240,2015-03-18,20:30:00,2015-03-18T20:30:00+00:00,128.449000,128.599000,128.449000,128.559000,55,0.150000,0.077846,127.629000,126.187000,124.960000,126.666184,0.598126,80.945559,0,train
AAPL,240,2015-03-19,12:30:00,2015-03-19T12:30:00+00:00,128.699000,129.229000,127.819000,128.009000,10333,1.410000,-0.427819,127.807000,126.632000,125.137000,126.910333,0.648930,74.421769,0,train
AAPL,240,2015-03-19,16:30:00,2015-03-19T16:30:00+00:00,127.999000,128.239000,127.349000,127.429000,7006,0.890000,-0.453093,127.873000,126.965000,125.278000,127.004636,0.695972,68.542199,0,train
AAPL,240,2015-03-19,20:30:00,2015-03-19T20:30:00+00:00,127.379000,127.409000,127.299000,127.299000,20,0.110000,-0.102018,127.951000,127.230000,125.473500,127.058156,0.701992,78.477306,1,train
AAPL,240,2015-03-20,12:30:00,2015-03-20T12:30:00+00:00,128.039000,128.319000,127.549000,127.699000,8387,0.770000,0.314221,127.799000,127.535000,125.738000,127.174673,0.698433,79.554937,0,train
AAPL,240,2015-03-20,16:30:00,2015-03-20T16:30:00+00:00,127.689000,128.119000,125.899000,126.499000,5590,2.220000,-0.939710,127.387000,127.508000,125.942500,127.051824,0.574761,67.753623,0,train
AAPL,240,2015-03-20,20:30:00,2015-03-20T20:30:00+00:00,126.499000,126.579000,126.429000,126.499000,230,0.150000,0.000000,127.085000,127.446000,126.055500,126.951310,0.565524,65.503876,1,train
AAPL,240,2015-03-23,12:30:00,2015-03-23T12:30:00+00:00,126.849000,127.439000,126.509000,127.239000,8789,0.930000,0.584985,127.047000,127.460000,126.196500,127.003618,0.600114,66.330391,0,train
AAPL,240,2015-03-23,16:30:00,2015-03-23T16:30:00+00:00,127.249000,127.839000,127.079000,127.209000,4709,0.760000,-0.023578,127.029000,127.490000,126.330500,127.040960,0.597650,66.080402,0,train
AAPL,240,2015-03-23,20:30:00,2015-03-23T20:30:00+00:00,127.209000,127.229000,127.029000,127.089000,27,0.200000,-0.094333,126.907000,127.353000,126.514500,127.049694,0.424936,52.684564,1,train
AAPL,240,2015-03-24,12:30:00,2015-03-24T12:30:00+00:00,127.299000,128.019000,126.559000,127.559000,8698,1.460000,0.369820,127.119000,127.253000,126.720000,127.142295,0.448383,53.618421,0,train
AAPL,240,2015-03-24,16:30:00,2015-03-24T16:30:00+00:00,127.579000,127.609000,126.619000,126.699000,6443,0.990000,-0.674198,127.159000,127.122000,126.877000,127.061696,0.475727,47.109827,0,train
AAPL,240,2015-03-24,20:30:00,2015-03-24T20:30:00+00:00,126.729000,126.749000,126.699000,126.699000,9,0.050000,0.000000,127.051000,127.049000,127.007000,126.995751,0.459863,48.439822,0,train
AAPL,240,2015-03-25,12:30:00,2015-03-25T12:30:00+00:00,126.259000,126.809000,124.629000,124.629000,14002,2.180000,-1.633793,126.535000,126.782000,127.006000,126.565433,0.679418,23.586207,0,train
AAPL,240,2015-03-25,16:30:00,2015-03-25T16:30:00+00:00,124.639000,124.929000,123.379000,123.569000,12052,1.550000,-0.850524,125.831000,126.369000,126.952000,126.020627,0.679466,19.610231,1,train
AAPL,240,2015-03-25,20:30:00,2015-03-25T20:30:00+00:00,123.549000,123.999000,123.509000,123.849000,105,0.490000,0.226594,125.089000,126.104000,126.806000,125.625786,0.662325,23.803526,1,train
AAPL,240,2015-03-26,12:30:00,2015-03-26T12:30:00+00:00,122.299000,124.859000,122.219000,124.429000,17392,2.640000,0.468312,124.635000,125.897000,126.671500,125.408188,0.694557,31.108312,0,train
AAPL,240,2015-03-26,16:30:00,2015-03-26T16:30:00+00:00,124.429000,124.729000,123.799000,124.249000,12036,0.930000,-0.144661,124.145000,125.598000,126.529000,125.197427,0.643755,30.913642,1,train
AAPL,240,2015-03-26,20:30:00,2015-03-26T20:30:00+00:00,124.259000,124.299000,124.159000,124.289000,16,0.140000,0.032193,124.077000,125.306000,126.398000,125.032258,0.646034,27.653997,0,train
AAPL,240,2015-03-27,12:30:00,2015-03-27T12:30:00+00:00,124.559000,124.669000,123.339000,123.439000,12489,1.330000,-0.683890,124.051000,124.941000,126.147000,124.742575,0.659041,28.983516,0,train
AAPL,240,2015-03-27,16:30:00,2015-03-27T16:30:00+00:00,123.429000,123.689000,122.909000,123.199000,7322,0.780000,-0.194428,123.921000,124.505000,125.879000,124.461925,0.619324,28.058511,0,train
AAPL,240,2015-03-27,20:30:00,2015-03-27T20:30:00+00:00,123.169000,123.219000,123.099000,123.159000,42,0.120000,-0.032468,123.667000,124.151000,125.636500,124.225030,0.614704,20.087977,1,train
AAPL,240,2015-03-30,12:30:00,2015-03-30T12:30:00+00:00,124.029000,125.609000,123.999000,125.359000,10285,1.610000,1.786309,123.889000,124.017000,125.533000,124.431206,0.899223,39.710790,1,train
AAPL,240,2015-03-30,16:30:00,2015-03-30T16:30:00+00:00,125.349000,126.389000,125.259000,126.299000,5416,1.130000,0.749846,124.291000,124.184000,125.483000,124.770805,0.752147,45.973496,0,train
AAPL,240,2015-03-30,20:30:00,2015-03-30T20:30:00+00:00,126.249000,126.319000,126.229000,126.279000,50,0.090000,-0.015835,124.859000,124.455000,125.412000,125.045022,0.672651,43.162393,0,train
AAPL,240,2015-03-31,12:30:00,2015-03-31T12:30:00+00:00,125.839000,126.469000,124.939000,125.189000,11101,1.530000,-0.863168,125.257000,124.589000,125.346500,125.071200,0.754603,42.127216,0,train
AAPL,240,2015-03-31,16:30:00,2015-03-31T16:30:00+00:00,125.189000,125.509000,124.299000,124.439000,6258,1.210000,-0.599094,125.513000,124.590000,125.243500,124.956255,0.773577,39.071567,1,train
AAPL,240,2015-03-31,20:30:00,2015-03-31T20:30:00+00:00,124.439000,124.489000,124.439000,124.449000,21,0.050000,0.008036,125.331000,124.610000,125.104000,124.864026,0.771833,48.913043,0,train
AAPL,240,2015-04-01,12:30:00,2015-04-01T12:30:00+00:00,124.359000,125.109000,123.109000,124.099000,15809,2.000000,-0.281240,124.891000,124.591000,124.948500,124.724931,0.777569,53.500661,1,train
AAPL,240,2015-04-01,16:30:00,2015-04-01T16:30:00+00:00,124.089000,124.679000,123.649000,124.399000,11251,1.030000,0.241742,124.515000,124.687000,124.814000,124.665671,0.743109,53.623188,0,train
AAPL,240,2015-04-01,20:30:00,2015-04-01T20:30:00+00:00,124.399000,124.459000,124.349000,124.349000,22,0.110000,-0.040193,124.347000,124.802000,124.653500,124.608094,0.738366,49.433428,1,train
AAPL,240,2015-04-02,12:30:00,2015-04-02T12:30:00+00:00,124.819000,125.089000,124.189000,124.839000,10353,0.900000,0.394052,124.427000,124.970000,124.560500,124.650077,0.742467,54.002714,1,train
AAPL,240,2015-04-02,16:30:00,2015-04-02T16:30:00+00:00,124.839000,125.549000,124.699000,125.279000,5098,0.850000,0.352454,124.593000,124.962000,124.489500,124.764427,0.481309,56.370656,1,train
AAPL,240,2015-04-02,20:30:00,2015-04-02T20:30:00+00:00,125.299000,125.399000,125.299000,125.319000,38,0.100000,0.031929,124.837000,124.864000,124.524000,124.865258,0.403384,63.505747,1,train
AAPL,240,2015-04-06,12:30:00,2015-04-06T12:30:00+00:00,124.329000,127.309000,124.329000,127.169000,10737,2.980000,1.476233,125.391000,124.953000,124.704000,125.284120,0.636922,73.162194,1,train
AAPL,240,2015-04-06,16:30:00,2015-04-06T16:30:00+00:00,127.179000,127.489000,126.939000,127.349000,4231,0.550000,0.141544,125.991000,125.169000,124.879000,125.659553,0.545713,74.052813,0,train
AAPL,240,2015-04-06,20:30:00,2015-04-06T20:30:00+00:00,127.399000,127.439000,127.349000,127.349000,16,0.090000,0.000000,126.493000,125.460000,125.025000,125.966725,0.480587,65.284178,0,train
AAPL,240,2015-04-07,12:30:00,2015-04-07T12:30:00+00:00,128.049000,128.109000,126.899000,127.099000,9904,1.210000,-0.196311,126.857000,125.725000,125.167500,126.172593,0.495309,56.872852,0,train
AAPL,240,2015-04-07,16:30:00,2015-04-07T16:30:00+00:00,127.099000,127.139000,125.789000,125.799000,5922,1.350000,-1.022825,126.953000,125.895000,125.243000,126.104667,0.617749,46.619718,1,train
AAPL,240,2015-04-07,20:30:00,2015-04-07T20:30:00+00:00,125.809000,125.859000,125.789000,125.809000,76,0.070000,0.007949,126.681000,126.036000,125.361500,126.050910,0.617804,55.149502,0,train
AAPL,240,2015-04-08,12:30:00,2015-04-08T12:30:00+00:00,125.659000,126.379000,124.989000,125.749000,10474,1.390000,-0.047691,126.361000,126.176000,125.489000,125.996017,0.618018,62.288931,0,train
AAPL,240,2015-04-08,16:30:00,2015-04-08T16:30:00+00:00,125.759000,126.069000,125.179000,125.649000,10724,0.890000,-0.079523,126.021000,126.257000,125.613500,125.932923,0.612268,61.070111,1,train
AAPL,240,2015-04-08,20:30:00,2015-04-08T20:30:00+00:00,125.629000,125.719000,125.629000,125.709000,20,0.090000,0.047752,125.743000,126.300000,125.631000,125.892210,0.603975,65.692008,0,train
AAPL,240,2015-04-09,12:30:00,2015-04-09T12:30:00+00:00,126.069000,126.269000,124.649000,125.549000,11659,1.620000,-0.127278,125.693000,126.323000,125.593500,125.829808,0.606186,61.523046,1,train
AAPL,240,2015-04-09,16:30:00,2015-04-09T16:30:00+00:00,125.559000,126.789000,125.139000,126.769000,7102,1.650000,0.971732,125.885000,126.283000,125.618000,126.000570,0.479220,69.642857,1,train
AAPL,240,2015-04-09,20:30:00,2015-04-09T20:30:00+00:00,126.779000,126.839000,126.709000,126.799000,132,0.130000,0.023665,126.095000,126.228000,125.698500,126.145739,0.475958,67.192982,0,train
AAPL,240,2015-04-10,12:30:00,2015-04-10T12:30:00+00:00,125.949000,126.879000,125.259000,126.529000,9648,1.620000,-0.212935,126.271000,126.146000,125.803000,126.215423,0.478613,61.301989,1,train
AAPL,240,2015-04-10,16:30:00,2015-04-10T16:30:00+00:00,126.519000,127.199000,126.459000,127.079000,4960,0.740000,0.434683,126.545000,126.144000,125.934500,126.372437,0.500269,64.569536,0,train
AAPL,240,2015-04-10,20:30:00,2015-04-10T20:30:00+00:00,127.079000,127.139000,127.049000,127.049000,45,0.090000,-0.023607,126.845000,126.269000,126.082000,126.495448,0.350850,48.578199,1,train
AAPL,240,2015-04-13,12:30:00,2015-04-13T12:30:00+00:00,127.749000,128.539000,127.119000,127.429000,9602,1.420000,0.299097,126.977000,126.431000,126.233500,126.665185,0.354472,50.904977,0,train
AAPL,240,2015-04-13,16:30:00,2015-04-13T16:30:00+00:00,127.439000,127.469000,126.629000,126.919000,7884,0.840000,-0.400223,127.001000,126.548000,126.362000,126.711333,0.389729,45.638945,0,train
AAPL,240,2015-04-13,20:30:00,2015-04-13T20:30:00+00:00,126.919000,126.959000,126.669000,126.819000,29,0.290000,-0.078790,127.059000,126.665000,126.461000,126.730909,0.389693,47.071130,0,train
AAPL,240,2015-04-14,12:30:00,2015-04-14T12:30:00+00:00,127.069000,127.249000,125.909000,126.419000,11706,1.340000,-0.315410,126.927000,126.736000,126.518000,126.674198,0.410772,57.989691,0,train
AAPL,240,2015-04-14,16:30:00,2015-04-14T16:30:00+00:00,126.409000,126.739000,126.089000,126.349000,5413,0.650000,-0.055371,126.787000,126.816000,126.569500,126.615071,0.407805,56.852792,0,train
AAPL,240,2015-04-14,20:30:00,2015-04-14T20:30:00+00:00,126.349000,126.369000,126.299000,126.299000,27,0.070000,-0.039573,126.561000,126.769000,126.526000,126.557604,0.254251,56.997455,0,train
AAPL,240,2015-04-15,12:30:00,2015-04-15T12:30:00+00:00,126.509000,126.799000,126.009000,126.139000,9069,0.790000,-0.126684,126.405000,126.703000,126.465500,126.481494,0.254720,56.140351,1,train
AAPL,240,2015-04-15,16:30:00,2015-04-15T16:30:00+00:00,126.129000,127.119000,126.019000,126.789000,6474,1.100000,0.515305,126.399000,126.729000,126.437500,126.537404,0.303071,61.790393,1,train
AAPL,240,2015-04-15,20:30:00,2015-04-15T20:30:00+00:00,126.809000,126.899000,126.809000,126.859000,23,0.090000,0.055210,126.487000,126.707000,126.425500,126.595876,0.267138,64.587973,0,train
AAPL,240,2015-04-16,12:30:00,2015-04-16T12:30:00+00:00,126.569000,127.079000,126.159000,126.479000,9225,0.920000,-0.299545,126.513000,126.650000,126.459500,126.574626,0.281747,46.027397,0,train
AAPL,240,2015-04-16,16:30:00,2015-04-16T16:30:00+00:00,126.479000,126.919000,126.089000,126.189000,5469,0.830000,-0.229287,126.491000,126.526000,126.478500,126.504512,0.258736,42.199488,0,train
AAPL,240,2015-04-16,20:30:00,2015-04-16T20:30:00+00:00,126.189000,126.189000,126.139000,126.189000,27,0.050000,0.000000,126.501000,126.453000,126.500500,126.447146,0.236712,45.329670,0,train
AAPL,240,2015-04-17,12:30:00,2015-04-17T12:30:00+00:00,126.029000,126.129000,124.719000,125.579000,13645,1.410000,-0.483402,126.259000,126.329000,126.497000,126.289302,0.272627,29.729730,0,train
AAPL,240,2015-04-17,16:30:00,2015-04-17T16:30:00+00:00,125.569000,125.579000,124.459000,124.759000,9088,1.120000,-0.652975,125.839000,126.163000,126.449500,126.011065,0.319435,24.498886,1,train
AAPL,240,2015-04-17,20:30:00,2015-04-17T20:30:00+00:00,124.799000,124.829000,124.749000,124.769000,44,0.080000,0.008015,125.497000,126.005000,126.410500,125.785235,0.321737,17.718447,1,train
AAPL,240,2015-04-20,12:30:00,2015-04-20T12:30:00+00:00,125.329000,127.799000,125.179000,127.769000,10081,2.620000,2.404443,125.813000,126.152000,126.460500,126.145919,0.864519,56.429652,0,train
AAPL,240,2015-04-20,16:30:00,2015-04-20T16:30:00+00:00,127.789000,128.109000,127.299000,127.599000,6640,0.810000,-0.133053,126.095000,126.298000,126.500500,126.410116,0.864722,55.838323,0,train
AAPL,240,2015-04-20,20:30:00,2015-04-20T20:30:00+00:00,127.599000,127.649000,127.499000,127.499000,42,0.150000,-0.078371,126.479000,126.369000,126.549000,126.608095,0.854773,58.463950,0,train
AAPL,240,2015-04-21,12:30:00,2015-04-21T12:30:00+00:00,128.029000,128.189000,126.659000,127.299000,10106,1.530000,-0.156864,126.987000,126.413000,126.560000,126.733714,0.857506,57.296467,0,train
AAPL,240,2015-04-21,16:30:00,2015-04-21T16:30:00+00:00,127.309000,127.479000,126.699000,126.709000,5194,0.780000,-0.463476,127.375000,126.436000,126.543000,126.729221,0.866197,52.907801,1,train
AAPL,240,2015-04-21,20:30:00,2015-04-21T20:30:00+00:00,126.719000,126.809000,126.709000,126.809000,20,0.100000,0.078921,127.183000,126.498000,126.512000,126.743726,0.861754,54.792561,1,train
AAPL,240,2015-04-22,12:30:00,2015-04-22T12:30:00+00:00,126.619000,127.559000,126.319000,127.559000,11125,1.240000,0.591441,127.175000,126.635000,126.544000,126.891958,0.877908,55.430183,1,train
AAPL,240,2015-04-22,16:30:00,2015-04-22T16:30:00+00:00,127.569000,128.859000,127.399000,128.519000,6018,1.460000,0.752593,127.379000,126.929000,126.629000,127.187783,0.871838,60.401003,0,train
AAPL,240,2015-04-22,20:30:00,2015-04-22T20:30:00+00:00,128.579000,128.589000,128.089000,128.229000,104,0.500000,-0.225648,127.565000,127.276000,126.719500,127.377096,0.833086,61.089987,1,train
AAPL,240,2015-04-23,12:30:00,2015-04-23T12:30:00+00:00,128.949000,129.739000,128.679000,129.609000,8538,1.060000,1.076200,128.145000,127.760000,126.882500,127.782896,0.862609,69.042316,1,train
AAPL,240,2015-04-23,16:30:00,2015-04-23T16:30:00+00:00,129.619000,130.409000,129.519000,129.709000,6327,0.890000,0.077155,128.725000,127.954000,127.053000,128.133097,0.491037,69.383260,1,train
AAPL,240,2015-04-23,20:30:00,2015-04-23T20:30:00+00:00,129.709000,130.049000,129.709000,129.999000,61,0.340000,0.223577,129.213000,128.194000,127.246000,128.472352,0.480889,75.228311,1,train
AAPL,240,2015-04-24,12:30:00,2015-04-24T12:30:00+00:00,130.399000,130.619000,129.229000,130.189000,10176,1.390000,0.146155,129.547000,128.463000,127.416000,128.784470,0.472257,83.394834,1,train
AAPL,240,2015-04-24,16:30:00,2015-04-24T16:30:00+00:00,130.179000,130.349000,129.669000,130.329000,5486,0.680000,0.107536,129.967000,128.766000,127.589500,129.065294,0.456577,83.656174,1,train
AAPL,240,2015-04-24,20:30:00,2015-04-24T20:30:00+00:00,130.309000,130.449000,130.309000,130.339000,47,0.140000,0.007673,130.113000,129.129000,127.782500,129.296877,0.396710,74.383302,1,train
AAPL,240,2015-04-27,12:30:00,2015-04-27T12:30:00+00:00,132.389000,133.109000,131.959000,132.769000,10785,1.150000,1.864369,130.725000,129.725000,128.111500,129.928172,0.628464,84.329349,1,train
AAPL,240,2015-04-27,16:30:00,2015-04-27T16:30:00+00:00,132.759000,133.299000,131.149000,133.239000,10797,2.150000,0.353998,131.373000,130.293000,128.464000,130.530140,0.627520,86.329114,1,train
AAPL,240,2015-04-27,20:30:00,2015-04-27T20:30:00+00:00,133.239000,135.929000,129.949000,134.599000,2863,5.980000,1.020722,132.255000,130.901000,128.915000,131.269933,0.647837,90.286976,0,train
AAPL,240,2015-04-28,12:30:00,2015-04-28T12:30:00+00:00,134.669000,134.709000,129.569000,132.799000,21285,5.140000,-1.337306,132.749000,131.358000,129.317000,131.547945,0.844943,79.649464,0,train
AAPL,240,2015-04-28,16:30:00,2015-04-28T16:30:00+00:00,132.789000,132.999000,130.269000,130.419000,11544,2.730000,-1.792182,132.765000,131.439000,129.599500,131.342683,1.037474,64.382470,0,train
AAPL,240,2015-04-28,20:30:00,2015-04-28T20:30:00+00:00,130.389000,130.399000,130.209000,130.249000,100,0.190000,-0.130349,132.261000,131.493000,129.723500,131.143831,1.039326,61.236424,0,train
AAPL,240,2015-04-29,12:30:00,2015-04-29T12:30:00+00:00,130.809000,131.579000,128.659000,128.769000,13549,2.920000,-1.136285,131.367000,131.370000,129.782000,130.712044,1.100720,51.000801,0,train
AAPL,240,2015-04-29,16:30:00,2015-04-29T16:30:00+00:00,128.759000,129.559000,128.299000,128.459000,12815,1.260000,-0.240741,130.139000,131.197000,129.830000,130.302399,1.098311,50.919265,0,train
AAPL,240,2015-04-29,20:30:00,2015-04-29T20:30:00+00:00,128.449000,128.549000,127.209000,127.649000,275,1.340000,-0.630551,129.109000,130.929000,129.847500,129.819963,1.105482,41.792295,0,train
AAPL,240,2015-04-30,12:30:00,2015-04-30T12:30:00+00:00,127.949000,128.089000,125.449000,125.869000,15728,2.640000,-1.394449,128.199000,130.482000,129.805500,129.101606,1.163329,35.903084,0,train
AAPL,240,2015-04-30,16:30:00,2015-04-30T16:30:00+00:00,125.869000,125.979000,124.589000,125.009000,13883,1.390000,-0.683250,127.151000,129.706000,129.715500,128.357496,0.867816,32.417195,0,train
AAPL,240,2015-04-30,20:30:00,2015-04-30T20:30:00+00:00,125.089000,125.119000,124.919000,124.999000,85,0.200000,-0.007999,126.397000,128.882000,129.587500,127.746860,0.830484,31.477516,1,train
AAPL,240,2015-05-01,12:30:00,2015-05-01T12:30:00+00:00,125.819000,127.009000,125.299000,126.089000,11314,1.710000,0.872007,125.923000,128.031000,129.466000,127.445431,0.798282,35.828877,1,train
AAPL,240,2015-05-01,16:30:00,2015-05-01T16:30:00+00:00,126.089000,129.019000,126.059000,128.939000,6888,2.960000,2.260308,126.181000,127.645000,129.501500,127.716989,1.174967,46.067416,1,train
AAPL,240,2015-05-01,20:30:00,2015-05-01T20:30:00+00:00,128.939000,128.989000,128.909000,128.979000,50,0.080000,0.031022,126.803000,127.501000,129.470000,127.946446,1.050555,37.702790,1,train
AAPL,240,2015-05-04,12:30:00,2015-05-04T12:30:00+00:00,129.629000,130.549000,129.219000,129.349000,11510,1.330000,0.286868,127.671000,127.411000,129.452000,128.201456,1.057742,37.295885,0,train
AAPL,240,2015-05-04,16:30:00,2015-05-04T16:30:00+00:00,129.339000,129.379000,128.249000,128.709000,7619,1.130000,-0.494785,128.413000,127.405000,129.387500,128.293736,1.003571,29.814942,0,train
AAPL,240,2015-05-04,20:30:00,2015-05-04T20:30:00+00:00,128.699000,128.739000,128.699000,128.699000,25,0.040000,-0.007769,128.935000,127.429000,129.313000,128.367421,1.000063,33.984375,0,train
AAPL,240,2015-05-05,12:30:00,2015-05-05T12:30:00+00:00,128.279000,128.419000,126.229000,126.759000,13183,2.190000,-1.507393,128.499000,127.340000,129.134500,128.074981,1.097445,35.194175,0,train
AAPL,240,2015-05-05,16:30:00,2015-05-05T16:30:00+00:00,126.749000,126.769000,125.769000,125.889000,9493,1.000000,-0.686342,127.881000,127.342000,128.912000,127.677530,1.022378,33.307810,0,train
AAPL,240,2015-05-05,20:30:00,2015-05-05T20:30:00+00:00,125.889000,125.909000,125.869000,125.869000,20,0.040000,-0.015887,127.185000,127.428000,128.567000,127.348706,0.993749,37.500000,0,train
AAPL,240,2015-05-06,12:30:00,2015-05-06T12:30:00+00:00,126.659000,126.909000,123.359000,124.619000,16391,3.550000,-0.993096,126.367000,127.390000,128.136000,126.852396,1.049910,34.688995,1,train
AAPL,240,2015-05-06,16:30:00,2015-05-06T16:30:00+00:00,124.629000,125.189000,123.609000,125.149000,11659,1.580000,0.425296,125.657000,127.296000,127.663500,126.542687,1.016450,39.804241,0,train
AAPL,240,2015-05-06,20:30:00,2015-05-06T20:30:00+00:00,125.109000,125.169000,125.079000,125.109000,44,0.090000,-0.031962,125.327000,126.913000,127.279000,126.282017,0.609498,46.387833,1,train
AAPL,240,2015-05-07,12:30:00,2015-05-07T12:30:00+00:00,124.619000,125.819000,124.009000,125.799000,13522,1.810000,0.551519,125.309000,126.595000,127.048000,126.194196,0.660907,53.816425,0,train
AAPL,240,2015-05-07,16:30:00,2015-05-07T16:30:00+00:00,125.809000,126.069000,125.129000,125.239000,7429,0.940000,-0.445155,125.183000,126.184000,126.797500,126.020524,0.635201,51.100917,0,train
AAPL,240,2015-05-07,20:30:00,2015-05-07T20:30:00+00:00,125.259000,125.259000,125.169000,125.229000,22,0.090000,-0.007985,125.305000,125.836000,126.620500,125.876610,0.639008,45.621181,1,train
AAPL,240,2015-05-08,12:30:00,2015-05-08T12:30:00+00:00,125.749000,127.499000,125.509000,127.259000,11265,1.990000,1.621030,125.727000,125.692000,126.560500,126.127954,0.877055,40.666667,1,train
AAPL,240,2015-05-08,16:30:00,2015-05-08T16:30:00+00:00,127.269000,127.589000,127.029000,127.469000,5966,0.560000,0.165018,126.199000,125.763000,126.551500,126.371780,0.727469,41.766630,0,train
AAPL,240,2015-05-08,20:30:00,2015-05-08T20:30:00+00:00,127.469000,127.489000,127.409000,127.409000,20,0.080000,-0.047070,126.521000,125.915000,126.628500,126.560366,0.681397,39.051919,0,train
AAPL,240,2015-05-11,12:30:00,2015-05-11T12:30:00+00:00,127.319000,127.519000,125.619000,126.529000,10234,1.900000,-0.690689,126.779000,125.981000,126.704500,126.554663,0.728382,38.021978,0,train
AAPL,240,2015-05-11,16:30:00,2015-05-11T16:30:00+00:00,126.529000,126.949000,126.099000,126.299000,6176,0.850000,-0.181777,126.993000,126.149000,126.769500,126.508179,0.638322,37.124464,0,train
AAPL,240,2015-05-11,20:30:00,2015-05-11T20:30:00+00:00,126.249000,126.319000,126.189000,126.239000,60,0.130000,-0.047506,126.789000,126.258000,126.777000,126.459237,0.631978,46.505376,0,train
AAPL,240,2015-05-12,12:30:00,2015-05-12T12:30:00+00:00,125.569000,126.479000,124.809000,126.079000,12572,1.670000,-0.126744,126.511000,126.355000,126.634000,126.390103,0.634691,51.411590,0,train
AAPL,240,2015-05-12,16:30:00,2015-05-12T16:30:00+00:00,126.069000,126.869000,125.769000,125.899000,7463,1.100000,-0.142768,126.209000,126.365000,126.480000,126.300812,0.614933,50.217707,0,train
AAPL,240,2015-05-12,20:30:00,2015-05-12T20:30:00+00:00,125.919000,125.919000,125.809000,125.809000,52,0.110000,-0.071486,126.065000,126.422000,126.303000,126.211391,0.595265,60.383944,1,train
AAPL,240,2015-05-13,12:30:00,2015-05-13T12:30:00+00:00,126.159000,127.179000,125.959000,126.259000,10948,1.220000,0.357685,126.057000,126.525000,126.180500,126.220047,0.602697,59.823009,0,train
AAPL,240,2015-05-13,16:30:00,2015-05-13T16:30:00+00:00,126.239000,126.799000,125.869000,125.949000,7170,0.930000,-0.245527,125.999000,126.394000,126.043000,126.170766,0.271888,57.094595,1,train
AAPL,240,2015-05-13,20:30:00,2015-05-13T20:30:00+00:00,125.949000,126.009000,125.949000,125.989000,34,0.060000,0.031759,125.981000,126.246000,126.004500,126.137718,0.260307,51.802657,1,train
AAPL,240,2015-05-14,12:30:00,2015-05-14T12:30:00+00:00,127.009000,128.479000,126.939000,128.379000,8083,1.540000,1.896991,126.477000,126.343000,126.129000,126.545224,0.689676,72.112676,1,train
AAPL,240,2015-05-14,16:30:00,2015-05-14T16:30:00+00:00,128.389000,128.939000,128.269000,128.789000,3370,0.670000,0.319367,127.073000,126.569000,126.275000,126.953183,0.636505,73.733333,1,train
AAPL,240,2015-05-14,20:30:00,2015-05-14T20:30:00+00:00,128.789000,128.859000,128.629000,128.799000,36,0.230000,0.007765,127.581000,126.819000,126.484000,127.288786,0.627324,64.051095,0,train
AAPL,240,2015-05-15,12:30:00,2015-05-15T12:30:00+00:00,128.859000,129.479000,128.219000,128.559000,10276,1.260000,-0.186337,128.103000,127.051000,126.654500,127.519734,0.634851,59.891107,1,train
AAPL,240,2015-05-15,16:30:00,2015-05-15T16:30:00+00:00,128.569000,128.909000,128.299000,128.749000,3374,0.610000,0.147792,128.655000,127.318000,126.836500,127.743237,0.625788,61.879433,0,train
AAPL,240,2015-05-15,20:30:00,2015-05-15T20:30:00+00:00,128.749000,128.769000,128.749000,128.749000,7,0.020000,0.000000,128.729000,127.603000,126.984000,127.926103,0.618392,73.319328,1,train
AAPL,240,2015-05-18,12:30:00,2015-05-18T12:30:00+00:00,128.239000,130.529000,128.239000,130.099000,10188,2.290000,1.048552,128.991000,128.032000,127.227000,128.321175,0.658683,82.312925,0,train
AAPL,240,2015-05-18,16:30:00,2015-05-18T16:30:00+00:00,130.099000,130.709000,129.969000,130.099000,5000,0.740000,0.000000,129.251000,128.416000,127.470500,128.644416,0.667141,83.161512,1,train
AAPL,240,2015-05-18,20:30:00,2015-05-18T20:30:00+00:00,130.089000,130.149000,130.029000,130.149000,32,0.120000,0.038432,129.569000,128.836000,127.615000,128.917977,0.646983,85.639229,1,train
AAPL,240,2015-05-19,12:30:00,2015-05-19T12:30:00+00:00,130.649000,130.859000,129.819000,130.169000,9277,1.040000,0.015367,129.853000,129.254000,127.750000,129.145436,0.647844,88.468468,0,train
AAPL,240,2015-05-19,16:30:00,2015-05-19T16:30:00+00:00,130.179000,130.759000,129.639000,129.999000,6235,1.120000,-0.130599,130.103000,129.416000,127.879500,129.300629,0.352452,87.211368,1,train
AAPL,240,2015-05-19,20:30:00,2015-05-19T20:30:00+00:00,129.999000,130.079000,129.999000,130.079000,28,0.080000,0.061539,130.099000,129.545000,128.057000,129.442151,0.346112,86.311787,0,train
AAPL,240,2015-05-20,12:30:00,2015-05-20T12:30:00+00:00,130.129000,130.299000,129.339000,129.949000,7122,0.960000,-0.099939,130.069000,129.660000,128.239500,129.534305,0.350951,89.370079,1,train
AAPL,240,2015-05-20,16:30:00,2015-05-20T16:30:00+00:00,129.959000,130.969000,129.709000,130.069000,7193,1.260000,0.092344,130.053000,129.811000,128.431000,129.631523,0.337420,89.534884,0,train
AAPL,240,2015-05-20,20:30:00,2015-05-20T20:30:00+00:00,130.069000,130.069000,130.059000,130.059000,9,0.010000,-0.007688,130.031000,129.942000,128.630000,129.709246,0.339437,80.215827,1,train
AAPL,240,2015-05-21,12:30:00,2015-05-21T12:30:00+00:00,129.899000,131.459000,129.829000,131.379000,8208,1.630000,1.014924,130.307000,130.205000,128.904000,130.012837,0.441888,85.094851,0,train
AAPL,240,2015-05-21,16:30:00,2015-05-21T16:30:00+00:00,131.369000,131.619000,131.029000,131.309000,4159,0.590000,-0.053281,130.553000,130.326000,129.179000,130.248503,0.331218,83.466667,1,train
AAPL,240,2015-05-21,20:30:00,2015-05-21T20:30:00+00:00,131.379000,131.409000,131.379000,131.389000,12,0.030000,0.060925,130.841000,130.455000,129.435500,130.455866,0.329872,89.415042,1,train
AAPL,240,2015-05-22,12:30:00,2015-05-22T12:30:00+00:00,131.879000,132.889000,131.369000,132.419000,27211,1.520000,0.783932,131.311000,130.682000,129.759000,130.812800,0.392842,91.422122,1,train
AAPL,240,2015-05-22,16:30:00,2015-05-22T16:30:00+00:00,132.389000,132.959000,132.299000,132.659000,24616,0.660000,0.181243,131.831000,130.931000,130.092500,131.148473,0.388894,91.862955,1,train
AAPL,240,2015-05-22,20:30:00,2015-05-22T20:30:00+00:00,132.659000,132.689000,132.629000,132.669000,17,0.060000,0.007538,132.089000,131.198000,130.307000,131.424932,0.378543,88.588589,0,train
AAPL,240,2015-05-26,12:30:00,2015-05-26T12:30:00+00:00,132.799000,132.889000,130.239000,130.699000,32090,2.650000,-1.484899,131.967000,131.260000,130.402500,131.292944,0.656850,55.660377,0,train
AAPL,240,2015-05-26,16:30:00,2015-05-26T16:30:00+00:00,130.669000,130.719000,129.089000,129.669000,32489,1.630000,-0.788070,131.623000,131.232000,130.446000,130.997682,0.708278,46.178344,1,train
AAPL,240,2015-05-26,20:30:00,2015-05-26T20:30:00+00:00,129.659000,129.749000,129.629000,129.699000,43,0.120000,0.023136,131.079000,131.195000,130.503000,130.761558,0.707403,46.263911,1,train
AAPL,240,2015-05-27,12:30:00,2015-05-27T12:30:00+00:00,130.039000,131.939000,129.919000,131.779000,30223,2.020000,1.603713,130.903000,131.367000,130.654500,130.946547,0.875624,60.853659,1,train
AAPL,240,2015-05-27,16:30:00,2015-05-27T16:30:00+00:00,131.789000,132.249000,131.519000,131.899000,27233,0.730000,0.091062,130.749000,131.419000,130.812000,131.119721,0.819391,61.043689,1,train
AAPL,240,2015-05-27,20:30:00,2015-05-27T20:30:00+00:00,131.919000,131.999000,131.899000,131.929000,33,0.100000,0.022745,130.995000,131.481000,130.903500,131.266862,0.818756,62.162162,0,train
AAPL,240,2015-05-28,12:30:00,2015-05-28T12:30:00+00:00,131.319000,131.839000,131.079000,131.639000,29310,0.760000,-0.219815,131.389000,131.506000,130.980500,131.334524,0.823146,59.446450,1,train
AAPL,240,2015-05-28,16:30:00,2015-05-28T16:30:00+00:00,131.639000,131.939000,131.359000,131.809000,25032,0.580000,0.129141,131.811000,131.445000,131.063500,131.420792,0.780759,60.330579,1,train
AAPL,240,2015-05-28,20:30:00,2015-05-28T20:30:00+00:00,131.789000,131.889000,131.779000,131.889000,38,0.110000,0.060694,131.833000,131.368000,131.149500,131.505921,0.777830,53.526971,0,train
AAPL,240,2015-05-29,12:30:00,2015-05-29T12:30:00+00:00,131.389000,131.599000,129.879000,130.799000,29984,1.720000,-0.826453,131.613000,131.181000,131.189500,131.377390,0.814184,46.909091,0,train
AAPL,240,2015-05-29,16:30:00,2015-05-29T16:30:00+00:00,130.799000,131.249000,130.219000,130.519000,26882,1.030000,-0.214069,131.331000,131.163000,131.211500,131.221319,0.666536,44.852071,0,train
AAPL,240,2015-05-29,20:30:00,2015-05-29T20:30:00+00:00,130.519000,130.599000,130.489000,130.519000,89,0.110000,0.000000,131.107000,131.248000,131.240000,131.093625,0.608629,37.196765,1,train
AAPL,240,2015-06-01,12:30:00,2015-06-01T12:30:00+00:00,130.949000,131.339000,130.019000,130.979000,29703,1.320000,0.352439,130.941000,131.376000,131.285500,131.072784,0.614867,39.005236,0,train
AAPL,240,2015-06-01,16:30:00,2015-06-01T16:30:00+00:00,130.949000,130.989000,130.349000,130.419000,24704,0.640000,-0.427549,130.647000,131.240000,131.303500,130.953914,0.334479,36.263736,1,train
AAPL,240,2015-06-01,20:30:00,2015-06-01T20:30:00+00:00,130.449000,130.509000,130.439000,130.459000,17,0.070000,0.030670,130.579000,131.096000,131.257500,130.863930,0.331111,48.083067,0,train
AAPL,240,2015-06-02,12:30:00,2015-06-02T12:30:00+00:00,130.079000,130.409000,129.309000,130.079000,30150,1.100000,-0.291279,130.491000,130.911000,131.196000,130.721215,0.332094,53.654189,0,train
AAPL,240,2015-06-02,16:30:00,2015-06-02T16:30:00+00:00,130.049000,130.649000,129.789000,129.949000,27786,0.860000,-0.099939,130.377000,130.742000,131.124000,130.580812,0.331080,52.189142,1,train
AAPL,240,2015-06-02,20:30:00,2015-06-02T20:30:00+00:00,129.969000,129.999000,129.939000,129.999000,30,0.060000,0.038477,130.181000,130.561000,131.003000,130.475028,0.324411,25.815217,1,train
AAPL,240,2015-06-03,12:30:00,2015-06-03T12:30:00+00:00,130.649000,130.929000,129.979000,130.179000,29511,0.950000,0.138463,130.133000,130.390000,130.879000,130.421205,0.330569,27.005348,0,train
AAPL,240,2015-06-03,16:30:00,2015-06-03T16:30:00+00:00,130.159000,130.409000,129.869000,130.119000,26322,0.540000,-0.046090,130.065000,130.322000,130.751500,130.366259,0.222227,25.994695,1,train
AAPL,240,2015-06-03,20:30:00,2015-06-03T20:30:00+00:00,130.159000,130.189000,130.109000,130.179000,31,0.080000,0.046112,130.085000,130.288000,130.725500,130.332212,0.216280,29.378531,0,train
AAPL,240,2015-06-04,12:30:00,2015-06-04T12:30:00+00:00,129.469000,130.569000,129.389000,129.679000,31294,1.180000,-0.384087,130.031000,130.204000,130.726000,130.213446,0.243560,22.480620,0,train
AAPL,240,2015-06-04,16:30:00,2015-06-04T16:30:00+00:00,129.659000,129.879000,128.889000,129.429000,31713,0.990000,-0.192784,129.917000,130.049000,130.712500,130.070819,0.196363,19.554455,0,train
AAPL,240,2015-06-04,20:30:00,2015-06-04T20:30:00+00:00,129.449000,129.449000,129.389000,129.399000,44,0.060000,-0.023179,129.761000,129.947000,130.593500,129.948670,0.164820,26.510067,0,train
AAPL,240,2015-06-05,12:30:00,2015-06-05T12:30:00+00:00,129.379000,129.709000,128.329000,128.489000,31984,1.380000,-0.703251,129.435000,129.750000,130.423000,129.683276,0.251490,21.883657,1,train
AAPL,240,2015-06-05,16:30:00,2015-06-05T16:30:00+00:00,128.479000,128.939000,128.359000,128.729000,27730,0.580000,0.186786,129.145000,129.615000,130.263000,129.509771,0.266982,26.753247,0,train
AAPL,240,2015-06-05,20:30:00,2015-06-05T20:30:00+00:00,128.699000,128.739000,128.619000,128.659000,48,0.120000,-0.054378,128.941000,129.486000,130.114000,129.355085,0.267446,16.473988,0,train
AAPL,240,2015-06-08,12:30:00,2015-06-08T12:30:00+00:00,128.959000,129.199000,127.799000,127.859000,29495,1.400000,-0.621799,128.627000,129.272000,129.916500,129.083070,0.308049,15.405405,0,train
AAPL,240,2015-06-08,16:30:00,2015-06-08T16:30:00+00:00,127.869000,128.519000,126.809000,127.779000,32406,1.710000,-0.062569,128.303000,129.032000,129.711000,128.845966,0.292165,14.171123,1,train
AAPL,240,2015-06-08,20:30:00,2015-06-08T20:30:00+00:00,127.769000,127.799000,127.669000,127.799000,54,0.130000,0.015652,128.165000,128.800000,129.561000,128.655609,0.296065,16.272189,0,train
AAPL,240,2015-06-09,12:30:00,2015-06-09T12:30:00+00:00,127.419000,127.429000,125.589000,126.529000,33231,1.840000,-0.993748,127.725000,128.435000,129.361500,128.268953,0.379059,12.168142,1,train
AAPL,240,2015-06-09,16:30:00,2015-06-09T16:30:00+00:00,126.509000,128.069000,126.469000,127.409000,30912,1.600000,0.695493,127.475000,128.208000,129.206000,128.112598,0.485864,25.794393,0,train
AAPL,240,2015-06-09,20:30:00,2015-06-09T20:30:00+00:00,127.429000,127.469000,127.369000,127.399000,20,0.100000,-0.007849,127.383000,128.005000,129.027000,127.982853,0.488640,23.166023,1,train
AAPL,240,2015-06-10,12:30:00,2015-06-10T12:30:00+00:00,127.809000,129.069000,127.729000,128.839000,29245,1.340000,1.130307,127.595000,127.949000,128.948000,128.138516,0.637255,40.243902,1,train
AAPL,240,2015-06-10,16:30:00,2015-06-10T16:30:00+00:00,128.849000,129.329000,128.699000,128.899000,26121,0.630000,0.046570,127.815000,127.990000,128.870000,128.276786,0.593345,40.243902,1,train
AAPL,240,2015-06-10,20:30:00,2015-06-10T20:30:00+00:00,128.899000,128.939000,128.869000,128.909000,8,0.070000,0.007758,128.291000,128.008000,128.811500,128.391734,0.590900,43.657331,1,train
AAPL,240,2015-06-11,12:30:00,2015-06-11T12:30:00+00:00,129.149000,130.149000,128.459000,129.119000,28809,1.690000,0.162906,128.633000,128.054000,128.770000,128.523964,0.592037,47.429519,0,train
AAPL,240,2015-06-11,16:30:00,2015-06-11T16:30:00+00:00,129.129000,129.449000,128.509000,128.619000,23449,0.940000,-0.387240,128.877000,128.130000,128.701000,128.541243,0.567147,44.000000,0,train
AAPL,240,2015-06-11,20:30:00,2015-06-11T20:30:00+00:00,128.589000,128.629000,128.589000,128.599000,20,0.040000,-0.015550,128.829000,128.212000,128.622000,128.551744,0.566206,50.980392,0,train
AAPL,240,2015-06-12,12:30:00,2015-06-12T12:30:00+00:00,128.349000,128.369000,127.369000,127.609000,28166,1.000000,-0.769835,128.571000,128.193000,128.496500,128.380336,0.625281,41.194969,0,train
AAPL,240,2015-06-12,16:30:00,2015-06-12T16:30:00+00:00,127.599000,127.779000,127.069000,127.179000,22902,0.710000,-0.336967,128.225000,128.258000,128.346500,128.161912,0.539434,38.988095,0,train
AAPL,240,2015-06-12,20:30:00,2015-06-12T20:30:00+00:00,127.179000,127.219000,127.149000,127.179000,34,0.070000,0.000000,127.837000,128.235000,128.221500,127.983200,0.489889,44.256757,0,train
AAPL,240,2015-06-15,12:30:00,2015-06-15T12:30:00+00:00,126.299000,127.049000,125.679000,126.639000,29234,1.370000,-0.424598,127.441000,128.159000,128.082000,127.738800,0.506471,41.065831,1,train
AAPL,240,2015-06-15,16:30:00,2015-06-15T16:30:00+00:00,126.629000,127.219000,126.359000,126.909000,27707,0.860000,0.213204,127.103000,127.966000,127.957500,127.587928,0.313541,43.288084,1,train
AAPL,240,2015-06-15,20:30:00,2015-06-15T20:30:00+00:00,126.889000,126.939000,126.879000,126.939000,20,0.060000,0.023639,126.969000,127.770000,127.880000,127.469941,0.312020,53.803340,1,train
AAPL,240,2015-06-16,12:30:00,2015-06-16T12:30:00+00:00,126.549000,127.459000,126.339000,127.209000,25883,1.120000,0.212701,126.975000,127.600000,127.804000,127.422497,0.329944,47.907950,1,train
AAPL,240,2015-06-16,16:30:00,2015-06-16T16:30:00+00:00,127.179000,127.839000,127.179000,127.519000,23616,0.660000,0.243693,127.043000,127.440000,127.747000,127.440043,0.338841,51.181102,1,train
AAPL,240,2015-06-16,20:30:00,2015-06-16T20:30:00+00:00,127.459000,127.559000,127.459000,127.559000,23,0.100000,0.031368,127.227000,127.334000,127.732000,127.461672,0.328417,32.608696,0,train
AAPL,240,2015-06-17,12:30:00,2015-06-17T12:30:00+00:00,127.569000,127.869000,126.799000,126.959000,25905,1.070000,-0.470371,127.237000,127.170000,127.691000,127.370277,0.349004,27.014218,1,train
AAPL,240,2015-06-17,16:30:00,2015-06-17T16:30:00+00:00,126.949000,127.759000,126.719000,127.109000,31279,1.040000,0.118148,127.271000,127.120000,127.656500,127.322772,0.271931,29.357798,0,train
AAPL,240,2015-06-17,20:30:00,2015-06-17T20:30:00+00:00,127.109000,127.109000,126.949000,126.979000,81,0.160000,-0.102274,127.225000,127.100000,127.679000,127.260268,0.252805,25.000000,1,train
AAPL,240,2015-06-18,12:30:00,2015-06-18T12:30:00+00:00,127.279000,128.299000,127.039000,127.989000,27297,1.260000,0.795407,127.319000,127.181000,127.708000,127.392765,0.360428,43.423800,0,train
AAPL,240,2015-06-18,16:30:00,2015-06-18T16:30:00+00:00,127.979000,128.169000,127.609000,127.869000,26950,0.560000,-0.093758,127.381000,127.304000,127.731500,127.479353,0.323921,42.535787,0,train
AAPL,240,2015-06-18,20:30:00,2015-06-18T20:30:00+00:00,127.859000,127.869000,127.829000,127.829000,5,0.040000,-0.031282,127.555000,127.396000,127.681000,127.542925,0.323417,52.791878,0,train
AAPL,240,2015-06-19,12:30:00,2015-06-19T12:30:00+00:00,128.059000,128.069000,126.669000,126.719000,29077,1.400000,-0.868348,127.477000,127.374000,127.572000,127.393121,0.440333,45.021645,0,train
AAPL,240,2015-06-19,16:30:00,2015-06-19T16:30:00+00:00,126.709000,127.149000,126.329000,126.589000,26815,0.820000,-0.102589,127.399000,127.312000,127.456000,127.246917,0.433332,43.789474,1,train
AAPL,240,2015-06-19,20:30:00,2015-06-19T20:30:00+00:00,126.589000,126.639000,126.589000,126.609000,76,0.050000,0.015799,127.123000,127.221000,127.330500,127.130932,0.422135,49.645390,1,train
AAPL,240,2015-06-22,12:30:00,2015-06-22T12:30:00+00:00,127.259000,128.049000,127.209000,127.539000,26635,0.840000,0.734545,127.057000,127.219000,127.276500,127.205126,0.493566,56.441718,0,train
AAPL,240,2015-06-22,16:30:00,2015-06-22T16:30:00+00:00,127.519000,127.689000,127.049000,127.469000,22597,0.640000,-0.054885,126.985000,127.270000,127.220000,127.253103,0.466352,55.375254,1,train
AAPL,240,2015-06-22,20:30:00,2015-06-22T20:30:00+00:00,127.439000,127.509000,127.439000,127.509000,15,0.070000,0.031380,127.143000,127.310000,127.215000,127.299630,0.465565,53.191489,0,train
AAPL,240,2015-06-23,12:30:00,2015-06-23T12:30:00+00:00,127.539000,127.589000,126.849000,127.129000,25378,0.740000,-0.298018,127.251000,127.325000,127.212500,127.268606,0.475858,45.911950,0,train
AAPL,240,2015-06-23,16:30:00,2015-06-23T16:30:00+00:00,127.129000,127.389000,126.869000,127.009000,21982,0.520000,-0.094392,127.331000,127.227000,127.204000,127.221405,0.388423,44.329897,1,train
AAPL,240,2015-06-23,20:30:00,2015-06-23T20:30:00+00:00,127.029000,127.099000,126.979000,127.019000,38,0.120000,0.007873,127.227000,127.142000,127.223000,127.184604,0.389240,50.704225,1,train
AAPL,240,2015-06-24,12:30:00,2015-06-24T12:30:00+00:00,127.069000,129.789000,126.879000,128.939000,29782,2.910000,1.511585,127.521000,127.253000,127.324500,127.503585,0.633603,65.174129,0,train
AAPL,240,2015-06-24,16:30:00,2015-06-24T16:30:00+00:00,128.939000,129.399000,127.939000,128.399000,27046,1.460000,-0.418803,127.699000,127.421000,127.397500,127.666388,0.571046,61.024845,0,train
AAPL,240,2015-06-24,20:30:00,2015-06-24T20:30:00+00:00,128.379000,128.429000,128.179000,128.309000,48,0.250000,-0.070094,127.935000,127.593000,127.452500,127.783226,0.569646,52.898551,1,train
AAPL,240,2015-06-25,12:30:00,2015-06-25T12:30:00+00:00,128.769000,129.169000,128.389000,128.459000,26324,0.780000,0.116905,128.225000,127.778000,127.499500,127.906094,0.568161,55.315315,0,train
AAPL,240,2015-06-25,16:30:00,2015-06-25T16:30:00+00:00,128.449000,128.539000,127.469000,127.509000,26057,1.070000,-0.739536,128.323000,127.775000,127.497000,127.833895,0.589496,47.523220,0,train
AAPL,240,2015-06-25,20:30:00,2015-06-25T20:30:00+00:00,127.509000,127.549000,127.499000,127.499000,37,0.050000,-0.007843,128.035000,127.778000,127.524000,127.773005,0.589205,57.276119,0,train
AAPL,240,2015-06-26,12:30:00,2015-06-26T12:30:00+00:00,127.459000,127.979000,126.679000,127.029000,25608,1.300000,-0.368630,127.761000,127.730000,127.520000,127.637732,0.600600,53.859649,0,train
AAPL,240,2015-06-26,16:30:00,2015-06-26T16:30:00+00:00,127.009000,127.079000,126.479000,126.799000,27279,0.600000,-0.181061,127.459000,127.697000,127.511000,127.485235,0.596055,51.607445,1,train
AAPL,240,2015-06-26,20:30:00,2015-06-26T20:30:00+00:00,126.799000,126.899000,126.789000,126.859000,92,0.110000,0.047319,127.139000,127.682000,127.454500,127.371374,0.595890,43.253968,0,train
AAPL,240,2015-06-29,12:30:00,2015-06-29T12:30:00+00:00,125.299000,126.449000,125.089000,125.559000,30935,1.360000,-1.024760,126.749000,127.536000,127.339000,127.041852,0.676435,34.768740,0,train
AAPL,240,2015-06-29,16:30:00,2015-06-29T16:30:00+00:00,125.549000,125.679000,124.449000,124.689000,31333,1.230000,-0.692901,126.187000,127.111000,127.182000,126.614060,0.383977,30.140845,0,train
AAPL,240,2015-06-29,20:30:00,2015-06-29T20:30:00+00:00,124.699000,124.749000,124.629000,124.689000,73,0.120000,0.000000,125.719000,126.740000,127.080500,126.264049,0.396333,31.845238,1,train
AAPL,240,2015-06-30,12:30:00,2015-06-30T12:30:00+00:00,125.529000,125.819000,124.829000,125.289000,32018,0.990000,0.481197,125.417000,126.438000,127.015500,126.086768,0.463320,38.055556,1,train
AAPL,240,2015-06-30,16:30:00,2015-06-30T16:30:00+00:00,125.289000,126.109000,125.079000,125.379000,33165,1.030000,0.071834,125.121000,126.130000,126.954000,125.958083,0.459700,38.736264,0,train
AAPL,240,2015-06-30,20:30:00,2015-06-30T20:30:00+00:00,125.409000,125.429000,125.299000,125.339000,101,0.130000,-0.031903,125.077000,125.913000,126.844000,125.845522,0.427869,16.666667,1,train
AAPL,240,2015-07-01,12:30:00,2015-07-01T12:30:00+00:00,126.749000,126.929000,126.109000,126.269000,28410,0.820000,0.741988,125.393000,125.790000,126.784000,125.922518,0.516168,31.606218,1,train
AAPL,240,2015-07-01,16:30:00,2015-07-01T16:30:00+00:00,126.249000,126.569000,125.959000,126.429000,27318,0.610000,0.126714,125.741000,125.730000,126.730000,126.014606,0.510805,33.959044,1,train
AAPL,240,2015-07-01,20:30:00,2015-07-01T20:30:00+00:00,126.399000,126.469000,126.379000,126.469000,30,0.090000,0.031638,125.977000,125.697000,126.697000,126.097223,0.508988,32.695652,0,train
AAPL,240,2015-07-02,12:30:00,2015-07-02T12:30:00+00:00,126.509000,126.789000,125.739000,125.849000,25200,1.050000,-0.490239,126.071000,125.596000,126.639000,126.052091,0.528527,34.686347,1,train
AAPL,240,2015-07-02,16:30:00,2015-07-02T16:30:00+00:00,125.829000,126.509000,125.809000,126.359000,22506,0.700000,0.405248,126.275000,125.676000,126.606000,126.107893,0.427991,40.371622,0,train
AAPL,240,2015-07-02,20:30:00,2015-07-02T20:30:00+00:00,126.349000,126.379000,126.269000,126.309000,43,0.110000,-0.039570,126.283000,125.838000,126.474500,126.144458,0.340467,43.454545,0,train
AAPL,240,2015-07-06,12:30:00,2015-07-06T12:30:00+00:00,125.429000,126.209000,124.799000,125.679000,28890,1.410000,-0.498777,126.133000,125.937000,126.338500,126.059829,0.393917,40.508475,1,train
AAPL,240,2015-07-06,16:30:00,2015-07-06T16:30:00+00:00,125.679000,126.099000,125.339000,125.999000,28895,0.760000,0.254617,126.039000,126.008000,126.223000,126.048769,0.374292,43.019481,1,train
AAPL,240,2015-07-06,20:30:00,2015-07-06T20:30:00+00:00,126.079000,126.179000,126.049000,126.099000,35,0.130000,0.079366,126.089000,126.080000,126.105000,126.057902,0.374332,55.443548,0,train
AAPL,240,2015-07-07,12:30:00,2015-07-07T12:30:00+00:00,125.809000,126.189000,123.749000,124.279000,34419,2.440000,-1.443310,125.673000,125.974000,125.943500,125.734465,0.606218,46.531303,1,train
AAPL,240,2015-07-07,16:30:00,2015-07-07T16:30:00+00:00,124.289000,125.739000,124.169000,125.589000,34447,1.570000,1.054080,125.529000,125.906000,125.848000,125.708017,0.659145,56.232687,0,train
AAPL,240,2015-07-07,20:30:00,2015-07-07T20:30:00+00:00,125.629000,125.659000,124.989000,124.989000,17,0.670000,-0.477749,125.391000,125.762000,125.746000,125.577287,0.668582,47.922438,0,train
AAPL,240,2015-07-08,12:30:00,2015-07-08T12:30:00+00:00,124.859000,124.869000,122.969000,123.479000,34035,1.900000,-1.208106,124.887000,125.463000,125.580000,125.195780,0.748997,39.004630,0,train
AAPL,240,2015-07-08,16:30:00,2015-07-08T16:30:00+00:00,123.479000,123.939000,122.469000,122.579000,34709,1.470000,-0.728869,124.183000,125.136000,125.366000,124.720002,0.761675,35.473684,0,train
AAPL,240,2015-07-08,20:30:00,2015-07-08T20:30:00+00:00,122.549000,122.599000,122.519000,122.579000,59,0.080000,0.000000,123.843000,124.758000,125.217000,124.330729,0.732554,28.471412,1,train
AAPL,240,2015-07-09,12:30:00,2015-07-09T12:30:00+00:00,123.799000,124.039000,122.719000,122.829000,31663,1.320000,0.203950,123.291000,124.410000,125.124000,124.057687,0.746126,29.214781,0,train
AAPL,240,2015-07-09,16:30:00,2015-07-09T16:30:00+00:00,122.809000,122.879000,119.219000,120.159000,37089,3.660000,-2.173754,122.325000,123.858000,124.897500,123.348835,0.959167,22.054916,1,train
AAPL,240,2015-07-09,20:30:00,2015-07-09T20:30:00+00:00,120.149000,120.199000,119.929000,120.169000,144,0.270000,0.008322,121.663000,123.275000,124.641500,122.770683,0.942248,23.408240,1,train
AAPL,240,2015-07-10,12:30:00,2015-07-10T12:30:00+00:00,121.549000,123.259000,121.179000,122.999000,32411,2.080000,2.355017,121.747000,122.965000,124.522500,122.812195,1.297228,37.076923,1,train
AAPL,240,2015-07-10,16:30:00,2015-07-10T16:30:00+00:00,122.989000,123.839000,122.659000,123.229000,28580,1.180000,0.186993,121.877000,122.860000,124.417000,122.887978,1.230049,38.315630,0,train
AAPL,240,2015-07-10,20:30:00,2015-07-10T20:30:00+00:00,123.229000,123.249000,123.039000,123.099000,116,0.210000,-0.105495,121.931000,122.611000,124.258500,122.926346,1.164371,39.826498,1,train
AAPL,240,2015-07-13,12:30:00,2015-07-13T12:30:00+00:00,124.899000,125.479000,124.289000,125.409000,26380,1.190000,1.876538,122.981000,122.653000,124.207500,123.377737,1.327238,47.989093,1,train
AAPL,240,2015-07-13,16:30:00,2015-07-13T16:30:00+00:00,125.409000,125.739000,125.209000,125.669000,22437,0.530000,0.207322,124.081000,122.872000,124.167500,123.794331,1.252544,48.550236,0,train
AAPL,240,2015-07-13,20:30:00,2015-07-13T20:30:00+00:00,125.689000,125.779000,125.509000,125.519000,131,0.270000,-0.119361,124.585000,123.166000,124.151000,124.107907,1.217582,54.711246,1,train
AAPL,240,2015-07-14,12:30:00,2015-07-14T12:30:00+00:00,125.749000,126.069000,125.009000,125.799000,27787,1.060000,0.223074,125.099000,123.488000,124.123000,124.415378,1.214656,50.865622,0,train
AAPL,240,2015-07-14,16:30:00,2015-07-14T16:30:00+00:00,125.809000,126.359000,125.529000,125.589000,24695,0.830000,-0.166933,125.597000,123.764000,124.087000,124.628764,1.222408,52.555366,1,train
AAPL,240,2015-07-14,20:30:00,2015-07-14T20:30:00+00:00,125.619000,125.639000,125.589000,125.619000,10,0.050000,0.023887,125.639000,124.310000,124.084000,124.808807,0.896515,60.428850,1,train
AAPL,240,2015-07-15,12:30:00,2015-07-15T12:30:00+00:00,125.879000,127.139000,125.549000,126.779000,27231,1.590000,0.923427,125.861000,124.971000,124.123000,125.167024,0.893241,69.961977,1,train
AAPL,240,2015-07-15,16:30:00,2015-07-15T16:30:00+00:00,126.759000,127.059000,126.379000,127.029000,28534,0.680000,0.197194,126.163000,125.374000,124.169500,125.505565,0.627203,70.659239,0,train
AAPL,240,2015-07-15,20:30:00,2015-07-15T20:30:00+00:00,127.049000,127.129000,126.899000,126.999000,59,0.230000,-0.023617,126.403000,125.751000,124.305500,125.777099,0.635816,69.763033,1,train
AAPL,240,2015-07-16,12:30:00,2015-07-16T12:30:00+00:00,127.729000,128.179000,127.319000,128.029000,27801,0.860000,0.811030,126.891000,126.244000,124.427500,126.186535,0.636351,94.163861,1,train
AAPL,240,2015-07-16,16:30:00,2015-07-16T16:30:00+00:00,128.029000,128.749000,127.749000,128.679000,27541,1.000000,0.507697,127.503000,126.571000,124.612000,126.639711,0.376468,94.554974,1,train
AAPL,240,2015-07-16,20:30:00,2015-07-16T20:30:00+00:00,128.679000,128.759000,128.619000,128.699000,74,0.140000,0.015543,127.887000,126.874000,124.873000,127.014127,0.384164,92.284866,1,train
AAPL,240,2015-07-17,12:30:00,2015-07-17T12:30:00+00:00,129.129000,129.519000,128.279000,128.959000,28887,1.240000,0.202022,128.273000,127.218000,125.192000,127.367740,0.363735,92.319055,1,train
AAPL,240,2015-07-17,16:30:00,2015-07-17T16:30:00+00:00,128.939000,129.599000,128.839000,129.559000,25312,0.760000,0.465264,128.785000,127.594000,125.541000,127.766151,0.368200,94.613260,1,train
AAPL,240,2015-07-17,20:30:00,2015-07-17T20:30:00+00:00,129.539000,129.649000,129.529000,129.599000,48,0.120000,0.030874,129.099000,127.995000,125.879500,128.099396,0.345188,92.152918,1,train
AAPL,240,2015-07-20,16:30:00,2015-07-20T16:30:00+00:00,132.029000,132.169000,131.899000,131.999000,580,0.270000,1.851866,129.763000,128.633000,126.471500,128.808415,0.578719,94.514768,1,train
AAPL,240,2015-07-20,20:30:00,2015-07-20T20:30:00+00:00,131.999000,132.079000,131.969000,132.039000,50,0.110000,0.030303,130.431000,129.159000,127.065000,129.395794,0.574694,96.571429,0,train
AAPL,240,2015-07-21,12:30:00,2015-07-21T12:30:00+00:00,132.929000,133.019000,130.289000,131.589000,30668,2.730000,-0.340808,130.957000,129.615000,127.494500,129.794559,0.620095,90.376569,0,train
AAPL,240,2015-07-21,16:30:00,2015-07-21T16:30:00+00:00,131.569000,131.629000,130.479000,131.169000,30088,1.150000,-0.319176,131.279000,130.032000,127.891500,130.044457,0.646624,87.804878,0,train
AAPL,240,2015-07-21,20:30:00,2015-07-21T20:30:00+00:00,131.179000,131.179000,119.149000,121.579000,4445,12.030000,-7.311179,129.675000,129.387000,127.815500,128.505283,2.477646,38.075561,1,train
AAPL,240,2015-07-22,12:30:00,2015-07-22T12:30:00+00:00,121.729000,124.919000,121.079000,124.549000,38608,3.840000,2.442856,128.185000,128.974000,127.772500,127.785959,2.634552,44.053333,1,train
AAPL,240,2015-07-22,16:30:00,2015-07-22T16:30:00+00:00,124.579000,125.739000,124.299000,125.619000,33726,1.440000,0.859100,126.901000,128.666000,127.770000,127.391966,2.658930,46.397547,1,train
AAPL,240,2015-07-22,20:30:00,2015-07-22T20:30:00+00:00,125.619000,125.669000,125.499000,125.629000,221,0.170000,0.007961,125.709000,128.333000,127.775500,127.071427,2.656305,46.496164,1,train
AAPL,240,2015-07-23,12:30:00,2015-07-23T12:30:00+00:00,125.799000,127.059000,125.579000,126.159000,32651,1.480000,0.421877,124.707000,127.993000,127.793500,126.905531,2.655081,45.091864,0,train
AAPL,240,2015-07-23,16:30:00,2015-07-23T16:30:00+00:00,126.169000,126.409000,125.019000,125.249000,32036,1.390000,-0.721312,125.441000,127.558000,127.776500,126.604344,2.657440,41.118591,1,train
AAPL,240,2015-07-23,20:30:00,2015-07-23T20:30:00+00:00,125.299000,125.469000,125.269000,125.339000,118,0.200000,0.071857,125.599000,126.892000,127.762500,126.374281,2.554318,41.331269,0,train
AAPL,240,2015-07-24,12:30:00,2015-07-24T12:30:00+00:00,125.339000,125.729000,124.569000,124.869000,29676,1.160000,-0.374983,125.449000,126.175000,127.667000,126.100594,2.548427,39.561001,0,train
AAPL,240,2015-07-24,16:30:00,2015-07-24T16:30:00+00:00,124.849000,124.969000,123.869000,124.569000,33823,1.100000,-0.240252,125.237000,125.473000,127.544000,125.822122,2.549438,37.065837,1,train
AAPL,240,2015-07-24,20:30:00,2015-07-24T20:30:00+00:00,124.549000,124.629000,124.549000,124.599000,41,0.080000,0.024083,124.925000,124.816000,127.424000,125.599736,2.554693,37.033195,0,train
AAPL,240,2015-07-27,12:30:00,2015-07-27T12:30:00+00:00,123.079000,123.599000,122.099000,122.899000,32634,1.500000,-1.364377,124.455000,124.948000,127.167500,125.108693,1.018854,25.511302,0,train
AAPL,240,2015-07-27,16:30:00,2015-07-27T16:30:00+00:00,122.899000,123.309000,122.429000,122.889000,30073,0.880000,-0.008137,123.965000,124.782000,126.878000,124.705113,0.607976,25.336927,1,train
AAPL,240,2015-07-27,20:30:00,2015-07-27T20:30:00+00:00,122.859000,122.949000,122.819000,122.909000,21,0.130000,0.016275,123.573000,124.511000,126.588500,124.378547,0.504939,26.048565,1,train
AAPL,240,2015-07-28,12:30:00,2015-07-28T12:30:00+00:00,123.579000,123.739000,122.529000,123.449000,31257,1.210000,0.439349,123.349000,124.293000,126.313000,124.209538,0.543241,28.837719,0,train
AAPL,240,2015-07-28,16:30:00,2015-07-28T16:30:00+00:00,123.469000,123.899000,123.119000,123.429000,28264,0.780000,-0.016201,123.115000,124.020000,126.006500,124.067622,0.506296,60.668973,0,train
AAPL,240,2015-07-28,20:30:00,2015-07-28T20:30:00+00:00,123.399000,123.399000,123.309000,123.329000,50,0.090000,-0.081018,123.201000,123.828000,125.693000,123.933327,0.475003,39.482759,0,train
AAPL,240,2015-07-29,12:30:00,2015-07-29T12:30:00+00:00,123.089000,123.469000,122.229000,122.569000,28289,1.240000,-0.616238,123.137000,123.551000,125.221500,123.685268,0.488406,22.222222,0,train
AAPL,240,2015-07-29,16:30:00,2015-07-29T16:30:00+00:00,122.569000,123.269000,122.269000,122.399000,31289,1.000000,-0.138697,123.035000,123.304000,124.739500,123.451401,0.485900,21.415929,1,train
AAPL,240,2015-07-29,20:30:00,2015-07-29T20:30:00+00:00,122.389000,122.529000,122.369000,122.489000,42,0.160000,0.073530,122.843000,123.096000,124.284500,123.276419,0.492986,14.779271,0,train
AAPL,240,2015-07-30,12:30:00,2015-07-30T12:30:00+00:00,122.499000,122.599000,121.679000,122.259000,30759,0.920000,-0.187772,122.609000,122.862000,123.839000,123.091434,0.488386,16.997792,1,train
AAPL,240,2015-07-30,16:30:00,2015-07-30T16:30:00+00:00,122.259000,122.559000,121.829000,122.499000,27792,0.730000,0.196305,122.443000,122.822000,123.885000,122.983718,0.272430,19.658120,1,train
AAPL,240,2015-07-30,20:30:00,2015-07-30T20:30:00+00:00,122.529000,122.849000,122.509000,122.839000,150,0.340000,0.277553,122.497000,122.817000,123.799500,122.957406,0.289675,27.692308,0,train
AAPL,240,2015-07-31,12:30:00,2015-07-31T12:30:00+00:00,122.139000,122.679000,120.909000,121.519000,27532,1.770000,-1.074577,122.321000,122.678000,123.594500,122.695878,0.445048,22.621185,0,train
AAPL,240,2015-07-31,16:30:00,2015-07-31T16:30:00+00:00,121.509000,121.539000,121.039000,121.479000,28091,0.500000,-0.032917,122.119000,122.481000,123.387000,122.474627,0.403022,22.043011,0,train
AAPL,240,2015-07-31,20:30:00,2015-07-31T20:30:00+00:00,121.489000,121.539000,121.449000,121.459000,37,0.090000,-0.016464,121.959000,122.284000,123.152000,122.289968,0.403011,31.538462,0,train
AAPL,240,2015-08-03,12:30:00,2015-08-03T12:30:00+00:00,121.419000,122.539000,119.779000,120.149000,28301,2.760000,-1.078553,121.489000,121.966000,122.897000,121.900701,0.494379,23.653846,0,train
AAPL,240,2015-08-03,16:30:00,2015-08-03T16:30:00+00:00,120.139000,120.159000,117.499000,118.249000,34060,2.660000,-1.581370,120.571000,121.534000,122.542500,121.236755,0.643435,17.090395,1,train
AAPL,240,2015-08-03,20:30:00,2015-08-03T20:30:00+00:00,118.309000,118.379000,118.239000,118.379000,98,0.140000,0.109938,119.943000,121.132000,122.218000,120.717163,0.657430,11.994003,0,train
AAPL,240,2015-08-04,12:30:00,2015-08-04T12:30:00+00:00,117.579000,117.849000,113.219000,114.379000,35859,4.630000,-3.378978,118.523000,120.321000,121.708500,119.564770,1.146079,7.511737,0,train
AAPL,240,2015-08-04,16:30:00,2015-08-04T16:30:00+00:00,114.399000,115.829000,114.119000,114.319000,32313,1.710000,-0.052457,117.095000,119.527000,121.194500,118.610994,1.153269,7.540057,0,train
AAPL,240,2015-08-04,20:30:00,2015-08-04T20:30:00+00:00,114.349000,114.349000,114.209000,114.239000,126,0.140000,-0.069980,115.913000,118.701000,120.761500,117.816086,1.134135,8.056395,1,train
AAPL,240,2015-08-05,12:30:00,2015-08-05T12:30:00+00:00,113.849000,117.429000,112.089000,116.529000,34747,5.340000,2.004569,115.569000,118.070000,120.443500,117.582070,1.398487,25.643154,0,train
AAPL,240,2015-08-05,16:30:00,2015-08-05T16:30:00+00:00,116.529000,116.639000,114.589000,115.299000,32458,2.050000,-1.055531,114.953000,117.448000,120.063000,117.166966,1.397656,22.744503,0,train
AAPL,240,2015-08-05,20:30:00,2015-08-05T20:30:00+00:00,115.309000,115.329000,115.099000,115.229000,63,0.230000,-0.060712,115.123000,116.823000,119.652000,116.814609,1.396618,23.023791,0,train
AAPL,240,2015-08-06,12:30:00,2015-08-06T12:30:00+00:00,115.699000,116.479000,114.079000,114.639000,30962,2.400000,-0.512024,115.187000,116.141000,119.212500,116.419044,1.385595,20.627803,1,train
AAPL,240,2015-08-06,16:30:00,2015-08-06T16:30:00+00:00,114.649000,115.789000,114.259000,115.059000,28699,1.530000,0.366367,115.351000,115.632000,118.799000,116.171763,1.401628,21.099554,0,train
AAPL,240,2015-08-06,20:30:00,2015-08-06T20:30:00+00:00,115.069000,115.139000,114.749000,114.969000,65,0.390000,-0.078221,115.039000,115.304000,118.419000,115.953079,1.342973,23.221586,1,train
AAPL,240,2015-08-07,12:30:00,2015-08-07T12:30:00+00:00,114.909000,116.239000,114.469000,114.999000,25209,1.770000,0.026094,114.979000,114.966000,118.049000,115.779610,1.340579,23.486088,1,train
AAPL,240,2015-08-07,16:30:00,2015-08-07T16:30:00+00:00,114.979000,115.599000,114.669000,115.519000,26060,0.930000,0.452178,115.037000,115.080000,117.700500,115.732226,0.792138,26.650943,0,train
AAPL,240,2015-08-07,20:30:00,2015-08-07T20:30:00+00:00,115.519000,115.539000,115.479000,115.499000,16,0.060000,-0.017313,115.209000,115.198000,117.362500,115.689822,0.791454,29.658793,1,train
AAPL,240,2015-08-10,12:30:00,2015-08-10T12:30:00+00:00,116.349000,119.379000,116.309000,119.039000,27632,3.070000,3.064962,116.005000,115.678000,117.189500,116.298763,1.219388,53.022188,1,train
AAPL,240,2015-08-10,16:30:00,2015-08-10T16:30:00+00:00,119.019000,119.969000,118.869000,119.469000,24381,1.100000,0.361226,116.905000,115.972000,117.021000,116.875170,1.085333,54.076290,1,train
AAPL,240,2015-08-10,20:30:00,2015-08-10T20:30:00+00:00,119.479000,119.539000,118.729000,119.529000,119,0.810000,0.050222,117.811000,116.395000,116.921500,117.357684,0.989071,77.306469,0,train
AAPL,240,2015-08-11,12:30:00,2015-08-11T12:30:00+00:00,117.839000,118.179000,115.119000,115.319000,33735,3.060000,-3.522158,117.771000,116.404000,116.613500,116.987014,1.582434,53.681885,0,train
AAPL,240,2015-08-11,16:30:00,2015-08-11T16:30:00+00:00,115.319000,115.489000,113.319000,113.539000,36425,2.170000,-1.543544,117.379000,116.294000,116.217500,116.360103,1.652954,47.709424,1,train
AAPL,240,2015-08-11,20:30:00,2015-08-11T20:30:00+00:00,113.519000,113.689000,113.469000,113.649000,105,0.220000,0.096883,116.301000,116.153000,115.892500,115.867175,1.646982,39.007634,1,train
AAPL,240,2015-08-12,12:30:00,2015-08-12T12:30:00+00:00,112.029000,113.989000,109.649000,113.679000,38663,4.340000,0.026397,115.143000,116.024000,115.664000,115.469325,1.647545,43.193277,1,train
AAPL,240,2015-08-12,16:30:00,2015-08-12T16:30:00+00:00,113.669000,115.659000,113.549000,115.589000,37168,2.110000,1.680170,114.355000,116.083000,115.524500,115.491084,1.741992,51.310044,0,train
AAPL,240,2015-08-12,20:30:00,2015-08-12T20:30:00+00:00,115.589000,115.599000,115.379000,115.519000,106,0.220000,-0.060559,114.395000,116.083000,115.581500,115.496160,1.736864,53.328290,1,train
AAPL,240,2015-08-13,12:30:00,2015-08-13T12:30:00+00:00,115.729000,116.319000,114.509000,115.779000,33724,1.810000,0.225071,114.843000,116.111000,115.654500,115.547585,1.738076,52.756508,0,train
AAPL,240,2015-08-13,16:30:00,2015-08-13T16:30:00+00:00,115.789000,116.359000,115.009000,115.079000,28150,1.350000,-0.604600,115.129000,115.715000,115.696500,115.462388,1.378044,50.402341,0,train
AAPL,240,2015-08-13,20:30:00,2015-08-13T20:30:00+00:00,115.129000,115.139000,115.019000,115.029000,49,0.120000,-0.043448,115.399000,115.271000,115.621500,115.383590,1.361361,50.109569,1,train
AAPL,240,2015-08-14,12:30:00,2015-08-14T12:30:00+00:00,114.379000,115.669000,114.009000,115.049000,28417,1.660000,0.017387,115.291000,114.823000,115.609000,115.322756,1.360275,48.218347,1,train
AAPL,240,2015-08-14,16:30:00,2015-08-14T16:30:00+00:00,115.029000,116.299000,114.609000,115.999000,24264,1.690000,0.825735,115.387000,114.891000,115.647500,115.445709,0.835404,51.770538,0,train
AAPL,240,2015-08-14,20:30:00,2015-08-14T20:30:00+00:00,116.009000,116.009000,115.929000,115.969000,49,0.080000,-0.025862,115.425000,115.134000,115.714000,115.540853,0.621903,35.532516,1,train
AAPL,240,2015-08-17,12:30:00,2015-08-17T12:30:00+00:00,116.129000,117.549000,115.469000,117.259000,29309,2.080000,1.112366,115.861000,115.495000,115.824000,115.853243,0.680822,40.366173,0,train
AAPL,240,2015-08-17,16:30:00,2015-08-17T16:30:00+00:00,117.269000,117.639000,116.989000,117.199000,25092,0.650000,-0.051169,116.295000,115.847000,115.935500,116.097926,0.684908,39.843069,0,train
AAPL,240,2015-08-17,20:30:00,2015-08-17T20:30:00+00:00,117.159000,117.269000,117.139000,117.199000,58,0.130000,0.000000,116.725000,116.008000,116.045500,116.298122,0.488758,62.947658,1,train
AAPL,240,2015-08-18,12:30:00,2015-08-18T12:30:00+00:00,116.479000,117.419000,115.999000,117.209000,28241,1.420000,0.008532,116.967000,116.177000,116.130000,116.463736,0.486097,83.424408,0,train
AAPL,240,2015-08-18,16:30:00,2015-08-18T16:30:00+00:00,117.239000,117.289000,116.279000,116.699000,23502,1.010000,-0.435120,117.113000,116.269000,116.190000,116.506511,0.518010,75.891341,0,train
AAPL,240,2015-08-18,20:30:00,2015-08-18T20:30:00+00:00,116.599000,116.669000,116.499000,116.499000,28,0.170000,-0.171381,116.961000,116.411000,116.063000,116.505145,0.470274,73.267327,0,train
AAPL,240,2015-08-19,12:30:00,2015-08-19T12:30:00+00:00,116.509000,116.529000,114.649000,114.919000,31073,1.880000,-1.356235,116.505000,116.400000,115.835500,116.216755,0.665028,44.153578,1,train
AAPL,240,2015-08-19,16:30:00,2015-08-19T16:30:00+00:00,114.889000,116.289000,114.819000,114.949000,34222,1.470000,0.026105,116.055000,116.390000,115.606500,115.986254,0.665070,44.991213,0,train
AAPL,240,2015-08-19,20:30:00,2015-08-19T20:30:00+00:00,114.949000,114.949000,114.819000,114.869000,53,0.130000,-0.069596,115.587000,116.277000,115.584000,115.783117,0.597374,41.742287,0,train
AAPL,240,2015-08-20,12:30:00,2015-08-20T12:30:00+00:00,114.119000,114.379000,111.609000,112.369000,33662,2.770000,-2.176392,114.721000,115.917000,115.525500,115.162369,0.886399,31.463748,1,train
AAPL,240,2015-08-20,16:30:00,2015-08-20T16:30:00+00:00,112.339000,113.219000,112.189000,112.389000,33873,1.030000,0.017799,113.899000,115.430000,115.462500,114.658120,0.747813,31.868132,1,train
AAPL,240,2015-08-20,20:30:00,2015-08-20T20:30:00+00:00,112.399000,112.539000,112.369000,112.399000,70,0.170000,0.008898,113.395000,114.950000,115.398500,114.247371,0.751344,31.774415,0,train
AAPL,240,2015-08-21,12:30:00,2015-08-21T12:30:00+00:00,110.969000,111.869000,107.619000,107.749000,39153,4.250000,-4.137047,111.955000,114.005000,115.006500,113.065849,1.376498,12.397448,0,train
AAPL,240,2015-08-21,16:30:00,2015-08-21T16:30:00+00:00,107.759000,108.789000,105.619000,106.279000,42643,3.170000,-1.364282,110.237000,112.912000,114.544500,111.831876,1.351988,10.958904,0,train
AAPL,240,2015-08-21,20:30:00,2015-08-21T20:30:00+00:00,106.299000,106.409000,106.119000,106.189000,211,0.290000,-0.084683,109.001000,111.861000,114.065000,110.805899,1.371668,0.624442,1,train
AAPL,240,2015-08-24,12:30:00,2015-08-24T12:30:00+00:00,99.339000,108.749000,91.999000,107.779000,42992,16.750000,1.497330,108.079000,110.989000,113.700000,110.255554,1.562530,13.029827,0,train
AAPL,240,2015-08-24,16:30:00,2015-08-24T16:30:00+00:00,107.779000,108.419000,101.339000,103.299000,41193,7.080000,-4.156654,106.259000,109.827000,113.113500,108.990726,1.895893,9.639954,1,train
AAPL,240,2015-08-24,20:30:00,2015-08-24T20:30:00+00:00,103.299000,104.119000,103.219000,103.749000,164,0.900000,0.435629,105.459000,108.707000,112.548500,108.037685,1.925760,11.891280,1,train
AAPL,240,2015-08-25,12:30:00,2015-08-25T12:30:00+00:00,108.449000,111.079000,107.309000,108.769000,39794,3.770000,4.838601,105.957000,108.097000,112.187000,108.170651,2.671246,32.115471,0,train
AAPL,240,2015-08-25,16:30:00,2015-08-25T16:30:00+00:00,108.789000,109.139000,102.969000,103.459000,42129,6.170000,-4.881906,105.411000,107.206000,111.561500,107.313987,2.977946,26.099707,0,train
AAPL,240,2015-08-25,20:30:00,2015-08-25T20:30:00+00:00,103.449000,103.489000,103.159000,103.339000,198,0.330000,-0.115988,104.523000,106.301000,110.865500,106.591262,2.974249,27.575523,1,train
AAPL,240,2015-08-26,12:30:00,2015-08-26T12:30:00+00:00,106.159000,108.279000,105.129000,105.549000,42680,3.150000,2.138592,104.973000,105.616000,110.283000,106.401760,3.111375,33.214286,1,train
AAPL,240,2015-08-26,16:30:00,2015-08-26T16:30:00+00:00,105.559000,109.879000,105.019000,109.749000,45333,4.860000,3.979194,106.173000,105.816000,109.910500,107.010349,3.139737,42.029888,1,train
AAPL,240,2015-08-26,20:30:00,2015-08-26T20:30:00+00:00,109.739000,109.819000,109.669000,109.809000,108,0.150000,0.054670,106.381000,106.169000,109.540500,107.519195,3.091444,45.687332,1,train
AAPL,240,2015-08-27,12:30:00,2015-08-27T12:30:00+00:00,111.679000,112.989000,110.379000,112.989000,39414,2.610000,2.895937,108.287000,106.849000,109.355000,108.513705,3.184958,50.913520,0,train
AAPL,240,2015-08-27,16:30:00,2015-08-27T16:30:00+00:00,112.989000,113.229000,109.999000,112.729000,42082,3.230000,-0.230111,110.165000,107.344000,109.166500,109.280122,3.181856,50.498640,0,train
AAPL,240,2015-08-27,20:30:00,2015-08-27T20:30:00+00:00,112.739000,112.819000,112.589000,112.669000,47,0.230000,-0.053225,111.589000,108.281000,109.054000,109.896282,2.750559,58.631579,0,train
AAPL,240,2015-08-28,12:30:00,2015-08-28T12:30:00+00:00,111.919000,113.259000,111.519000,112.629000,36834,1.740000,-0.035502,112.165000,109.169000,108.938000,110.393140,2.763518,61.728851,1,train
AAPL,240,2015-08-28,16:30:00,2015-08-28T16:30:00+00:00,112.669000,113.430000,111.999000,113.329000,37599,1.431000,0.621510,112.869000,109.625000,108.861000,110.926932,2.384541,62.897399,0,train
AAPL,240,2015-08-28,20:30:00,2015-08-28T20:30:00+00:00,113.299000,113.340000,113.010000,113.079000,156,0.330000,-0.220597,112.887000,110.587000,108.896500,111.318217,1.532618,60.060744,1,train
AAPL,240,2015-08-31,12:30:00,2015-08-31T12:30:00+00:00,112.400000,114.519000,111.829000,114.439000,36109,2.690000,1.202699,113.229000,111.697000,108.999000,111.885632,1.491333,73.987941,0,train
AAPL,240,2015-08-31,16:30:00,2015-08-31T16:30:00+00:00,114.420000,114.469000,112.279000,112.599000,37672,2.190000,-1.607843,113.215000,112.402000,109.009000,112.015336,1.645943,67.980496,0,train
AAPL,240,2015-08-31,20:30:00,2015-08-31T20:30:00+00:00,112.590000,112.629000,112.510000,112.540000,28,0.119000,-0.052398,113.197200,112.681100,109.248550,112.110729,1.166794,59.595908,0,train
AAPL,240,2015-09-01,12:30:00,2015-09-01T12:30:00+00:00,110.219000,111.829000,109.590000,110.499000,39389,2.239000,-1.813577,112.631200,112.750100,109.459550,111.817687,1.339648,71.489621,0,train
AAPL,240,2015-09-01,16:30:00,2015-09-01T16:30:00+00:00,110.499000,110.659000,107.340000,108.260000,41267,3.319000,-2.026263,111.667400,112.277200,109.563100,111.170835,1.061670,63.300719,0,train
AAPL,240,2015-09-01,20:30:00,2015-09-01T20:30:00+00:00,108.299000,108.370000,107.819000,107.879000,111,0.551000,-0.351931,110.355400,111.792200,109.568100,110.572320,1.059927,56.988602,1,train
AAPL,240,2015-09-02,12:30:00,2015-09-02T12:30:00+00:00,109.469000,110.629000,109.109000,109.790000,37249,1.520000,1.771429,109.793600,111.504300,109.892650,110.430080,1.269118,50.142549,1,train
AAPL,240,2015-09-02,16:30:00,2015-09-02T16:30:00+00:00,109.779000,112.310000,109.739000,112.060000,38166,2.571000,2.067584,109.697600,111.447400,110.308200,110.726429,1.467579,56.783798,1,train
AAPL,240,2015-09-02,20:30:00,2015-09-02T20:30:00+00:00,112.079000,112.209000,112.019000,112.079000,81,0.190000,0.016955,110.013600,111.322400,110.473700,110.972351,1.449600,46.612063,0,train
AAPL,240,2015-09-03,12:30:00,2015-09-03T12:30:00+00:00,112.590000,113.099000,111.260000,111.769000,35193,1.839000,-0.276591,110.715400,111.191400,110.889200,111.117196,1.450219,46.439169,0,train
AAPL,240,2015-09-03,16:30:00,2015-09-03T16:30:00+00:00,111.739000,111.779000,110.010000,110.379000,39947,1.769000,-1.243636,111.215400,110.785400,111.241200,110.982979,1.410533,42.268737,0,train
AAPL,240,2015-09-03,20:30:00,2015-09-03T20:30:00+00:00,110.400000,110.400000,110.049000,110.340000,40,0.351000,-0.035333,111.325400,110.559500,111.480750,110.866073,1.340859,42.271592,0,train
AAPL,240,2015-09-04,12:30:00,2015-09-04T12:30:00+00:00,109.340000,110.439000,108.590000,108.790000,37981,1.849000,-1.404749,110.671400,110.184500,111.432800,110.488606,1.392164,35.506737,1,train
AAPL,240,2015-09-04,16:30:00,2015-09-04T16:30:00+00:00,108.810000,109.760000,108.489000,109.290000,36258,1.271000,0.459601,110.113600,110.063600,111.406850,110.270677,1.305843,38.091646,0,train
AAPL,240,2015-09-04,20:30:00,2015-09-04T20:30:00+00:00,109.260000,109.290000,108.980000,109.029000,62,0.310000,-0.238814,109.565600,110.140500,111.208850,110.044918,1.122721,31.735314,1,train
AAPL,240,2015-09-08,12:30:00,2015-09-08T12:30:00+00:00,111.329000,112.549000,111.129000,111.829000,33005,1.420000,2.568124,109.855600,110.535500,111.163850,110.369296,1.354694,47.558656,1,train
AAPL,240,2015-09-08,16:30:00,2015-09-08T16:30:00+00:00,111.810000,112.389000,110.290000,112.299000,32060,2.099000,0.420285,110.247400,110.786400,111.145350,110.720152,1.263530,49.255299,1,train
AAPL,240,2015-09-08,20:30:00,2015-09-08T20:30:00+00:00,112.269000,112.420000,112.239000,112.349000,84,0.181000,0.044524,110.959200,110.815300,111.131350,111.016306,1.086815,56.518675,1,train
AAPL,240,2015-09-09,12:30:00,2015-09-09T12:30:00+00:00,113.450000,113.779000,111.670000,112.900000,34009,2.109000,0.490436,111.681200,110.897400,111.109900,111.358796,1.096405,68.557031,0,train
AAPL,240,2015-09-09,16:30:00,2015-09-09T16:30:00+00:00,112.900000,113.989000,109.749000,109.989000,41641,4.240000,-2.578388,111.873200,110.719400,110.955400,111.109742,1.383295,57.018361,1,train
AAPL,240,2015-09-09,20:30:00,2015-09-09T20:30:00+00:00,109.980000,110.279000,109.969000,110.150000,75,0.310000,0.146378,111.537400,110.696500,110.740950,110.935243,1.330210,51.355218,1,train
AAPL,240,2015-09-10,12:30:00,2015-09-10T12:30:00+00:00,110.029000,112.769000,109.599000,112.349000,38394,3.170000,1.996369,111.547400,110.897400,110.728450,111.192290,1.473792,51.093785,1,train
AAPL,240,2015-09-10,16:30:00,2015-09-10T16:30:00+00:00,112.349000,113.269000,111.939000,112.430000,36437,1.330000,0.072097,111.563600,111.261400,110.722950,111.417328,1.366261,51.322233,0,train
AAPL,240,2015-09-10,20:30:00,2015-09-10T20:30:00+00:00,112.409000,112.510000,112.379000,112.409000,42,0.131000,-0.018678,111.465400,111.573300,110.818450,111.597632,1.369900,52.464572,1,train
AAPL,240,2015-09-11,12:30:00,2015-09-11T12:30:00+00:00,112.260000,112.939000,111.659000,112.939000,32502,1.280000,0.471492,112.055400,111.964300,111.052400,111.841517,1.357782,60.557572,1,train
AAPL,240,2015-09-11,16:30:00,2015-09-11T16:30:00+00:00,112.909000,114.189000,112.769000,113.909000,31325,1.420000,0.858871,112.807200,112.172300,111.353900,112.217423,1.139072,63.669092,1,train
AAPL,240,2015-09-11,20:30:00,2015-09-11T20:30:00+00:00,113.920000,114.069000,113.889000,114.069000,90,0.180000,0.140463,113.151200,112.349300,111.567850,112.554074,1.136229,72.627518,1,train
AAPL,240,2015-09-14,12:30:00,2015-09-14T12:30:00+00:00,115.599000,117.249000,114.849000,115.079000,35244,2.400000,0.885429,113.681000,112.622300,111.718800,113.013151,1.157458,73.774127,1,train
AAPL,240,2015-09-14,16:30:00,2015-09-14T16:30:00+00:00,115.079000,115.799000,114.889000,115.309000,29764,0.910000,0.199863,114.261000,112.863200,111.880300,113.430578,1.154296,75.856390,0,train
AAPL,240,2015-09-14,20:30:00,2015-09-14T20:30:00+00:00,115.309000,115.329000,115.209000,115.209000,26,0.120000,-0.086723,114.715000,113.385200,112.052300,113.753928,0.636559,67.894960,1,train
AAPL,240,2015-09-15,12:30:00,2015-09-15T12:30:00+00:00,115.619000,116.119000,114.409000,115.969000,29904,1.710000,0.659671,115.127000,113.967100,112.331800,114.156668,0.628516,68.851449,1,train
AAPL,240,2015-09-15,16:30:00,2015-09-15T16:30:00+00:00,115.959000,116.519000,115.819000,116.349000,29216,0.700000,0.327674,115.583000,114.367100,112.632250,114.555274,0.353884,69.872814,1,train
AAPL,240,2015-09-15,20:30:00,2015-09-15T20:30:00+00:00,116.349000,116.439000,116.319000,116.359000,33,0.120000,0.008595,115.839000,114.760000,113.010700,114.883224,0.359963,68.161294,0,train
AAPL,240,2015-09-16,12:30:00,2015-09-16T12:30:00+00:00,116.039000,116.519000,115.439000,116.269000,28464,1.080000,-0.077347,116.031000,115.146000,113.359650,115.135183,0.366953,96.851686,1,train
AAPL,240,2015-09-16,16:30:00,2015-09-16T16:30:00+00:00,116.249000,116.469000,115.669000,116.289000,28190,0.800000,0.017201,116.247000,115.481000,113.722650,115.344968,0.376692,96.784027,1,train
AAPL,240,2015-09-16,20:30:00,2015-09-16T20:30:00+00:00,116.249000,116.319000,116.179000,116.319000,27,0.140000,0.025798,116.317000,115.722000,113.947150,115.522065,0.326509,95.195811,0,train
AAPL,240,2015-09-17,12:30:00,2015-09-17T12:30:00+00:00,115.699000,115.829000,115.059000,115.559000,25541,0.770000,-0.653376,116.159000,115.871000,114.110150,115.528780,0.426502,80.851903,0,train
AAPL,240,2015-09-17,16:30:00,2015-09-17T16:30:00+00:00,115.589000,116.479000,113.689000,113.939000,38249,2.790000,-1.401881,115.675000,115.757000,114.189650,115.239729,0.566965,61.469265,1,train
AAPL,240,2015-09-17,20:30:00,2015-09-17T20:30:00+00:00,113.959000,114.029000,113.919000,113.949000,76,0.110000,0.008777,115.211000,115.621000,114.242100,115.005051,0.558973,58.211382,0,train
AAPL,240,2015-09-18,12:30:00,2015-09-18T12:30:00+00:00,112.809000,114.289000,111.799000,113.689000,33582,2.490000,-0.228172,114.691000,115.469000,114.427100,114.765769,0.559906,47.977941,0,train
AAPL,240,2015-09-18,16:30:00,2015-09-18T16:30:00+00:00,113.689000,114.089000,113.039000,113.459000,34632,1.050000,-0.202306,114.119000,115.218000,114.592550,114.528175,0.486090,44.464610,0,train
AAPL,240,2015-09-18,20:30:00,2015-09-18T20:30:00+00:00,113.459000,113.499000,113.379000,113.399000,29,0.120000,-0.052883,113.687000,114.923000,114.645050,114.322870,0.452394,31.578947,1,train
AAPL,240,2015-09-21,12:30:00,2015-09-21T12:30:00+00:00,114.079000,114.989000,113.559000,114.159000,30559,1.430000,0.670200,113.731000,114.703000,114.731500,114.293076,0.535975,38.703340,1,train
AAPL,240,2015-09-21,16:30:00,2015-09-21T16:30:00+00:00,114.179000,115.449000,113.689000,115.319000,34597,1.760000,1.016127,114.005000,114.608000,114.877000,114.479607,0.658837,50.894309,0,train
AAPL,240,2015-09-21,20:30:00,2015-09-21T20:30:00+00:00,115.289000,115.349000,115.219000,115.309000,25,0.130000,-0.008672,114.329000,114.510000,114.995500,114.630406,0.658463,43.888889,0,train
AAPL,240,2015-09-22,12:30:00,2015-09-22T12:30:00+00:00,113.909000,114.159000,112.729000,112.899000,33730,1.430000,-2.090036,114.217000,114.168000,114.945000,114.315605,0.911188,26.783311,1,train
AAPL,240,2015-09-22,16:30:00,2015-09-22T16:30:00+00:00,112.899000,113.529000,112.489000,113.459000,33297,1.040000,0.496019,114.229000,113.958000,114.914500,114.159859,0.933081,31.829574,0,train
AAPL,240,2015-09-22,20:30:00,2015-09-22T20:30:00+00:00,113.429000,113.469000,113.369000,113.399000,50,0.100000,-0.052883,114.077000,113.904000,114.830500,114.021521,0.828319,31.949686,1,train
AAPL,240,2015-09-23,12:30:00,2015-09-23T12:30:00+00:00,114.099000,114.299000,113.259000,113.809000,30377,1.040000,0.361555,113.775000,113.890000,114.755500,113.982881,0.838287,35.131894,1,train
AAPL,240,2015-09-23,16:30:00,2015-09-23T16:30:00+00:00,113.809000,114.709000,113.639000,114.199000,30076,1.070000,0.342679,113.553000,113.941000,114.705000,114.022175,0.841143,37.816092,0,train
AAPL,240,2015-09-23,20:30:00,2015-09-23T20:30:00+00:00,114.159000,114.349000,114.119000,114.159000,25,0.230000,-0.035027,113.805000,114.011000,114.614500,114.047052,0.837267,41.228070,0,train
AAPL,240,2015-09-24,12:30:00,2015-09-24T12:30:00+00:00,113.309000,113.639000,112.339000,113.529000,33526,1.300000,-0.551862,113.819000,114.024000,114.473500,113.952861,0.859624,47.067239,1,train
AAPL,240,2015-09-24,16:30:00,2015-09-24T16:30:00+00:00,113.519000,115.489000,113.129000,115.049000,36357,2.360000,1.338865,114.149000,114.113000,114.408000,114.152159,0.938643,56.470588,0,train
AAPL,240,2015-09-24,20:30:00,2015-09-24T20:30:00+00:00,115.049000,115.149000,114.819000,115.029000,86,0.330000,-0.017384,114.393000,114.084000,114.346000,114.311585,0.879346,58.111380,0,train
AAPL,240,2015-09-25,12:30:00,2015-09-25T12:30:00+00:00,116.249000,116.679000,114.679000,114.829000,33113,2.000000,-0.173869,114.519000,114.036000,114.273000,114.405660,0.880626,58.323208,0,train
AAPL,240,2015-09-25,16:30:00,2015-09-25T16:30:00+00:00,114.859000,115.989000,113.989000,114.739000,36049,2.000000,-0.078377,114.635000,114.220000,114.194000,114.466267,0.512770,58.111380,0,train
AAPL,240,2015-09-25,20:30:00,2015-09-25T20:30:00+00:00,114.769000,114.769000,114.649000,114.649000,33,0.120000,-0.078439,114.859000,114.339000,114.148500,114.499491,0.503406,53.227931,0,train
AAPL,240,2015-09-28,12:30:00,2015-09-28T12:30:00+00:00,114.059000,115.109000,112.429000,113.129000,37060,2.680000,-1.325786,114.475000,114.312000,114.108000,114.250311,0.678420,36.226415,0,train
AAPL,240,2015-09-28,16:30:00,2015-09-28T16:30:00+00:00,113.099000,113.559000,112.199000,112.489000,38695,1.360000,-0.565726,113.967000,114.180000,114.035000,113.930073,0.683558,33.566434,1,train
AAPL,240,2015-09-28,20:30:00,2015-09-28T20:30:00+00:00,112.469000,112.589000,112.469000,112.559000,33,0.120000,0.062228,113.513000,114.016000,113.978500,113.680787,0.668300,47.275641,0,train
AAPL,240,2015-09-29,12:30:00,2015-09-29T12:30:00+00:00,113.159000,113.499000,110.339000,111.129000,37377,3.160000,-1.270445,112.791000,113.713000,113.862000,113.216826,0.754808,33.614627,0,train
AAPL,240,2015-09-29,16:30:00,2015-09-29T16:30:00+00:00,111.139000,111.249000,107.829000,109.029000,39754,3.420000,-1.889696,111.667000,113.263000,113.643500,112.455403,0.913059,26.120219,0,train
AAPL,240,2015-09-29,20:30:00,2015-09-29T20:30:00+00:00,109.039000,109.039000,108.869000,108.979000,89,0.170000,-0.045859,110.837000,112.656000,113.384500,111.823330,0.700277,22.525597,1,train
AAPL,240,2015-09-30,12:30:00,2015-09-30T12:30:00+00:00,110.399000,111.519000,109.119000,109.699000,34908,2.400000,0.660678,110.279000,112.123000,113.103500,111.437088,0.784131,25.328947,0,train
AAPL,240,2015-09-30,16:30:00,2015-09-30T16:30:00+00:00,109.699000,110.279000,108.699000,109.619000,36336,1.580000,-0.072927,109.691000,111.602000,112.819000,111.106526,0.789009,25.218341,0,train
AAPL,240,2015-09-30,20:30:00,2015-09-30T20:30:00+00:00,109.619000,109.699000,109.509000,109.619000,97,0.190000,0.000000,109.389000,111.090000,112.655000,110.836067,0.793602,27.080891,0,train
AAPL,240,2015-10-01,12:30:00,2015-10-01T12:30:00+00:00,108.679000,109.209000,107.279000,108.649000,37274,1.930000,-0.884883,109.313000,110.490000,112.414500,110.438418,0.792330,9.899749,1,train
AAPL,240,2015-10-01,16:30:00,2015-10-01T16:30:00+00:00,108.659000,109.609000,107.869000,109.439000,35903,1.740000,0.727112,109.405000,110.121000,112.216500,110.256706,0.829257,18.057143,1,train
AAPL,240,2015-10-01,20:30:00,2015-10-01T20:30:00+00:00,109.409000,109.579000,109.249000,109.559000,61,0.330000,0.109650,109.377000,109.828000,112.004000,110.129850,0.835221,19.607843,0,train
AAPL,240,2015-10-02,12:30:00,2015-10-02T12:30:00+00:00,110.029000,110.029000,107.509000,109.369000,37245,2.520000,-0.173423,109.327000,109.509000,111.762500,109.991514,0.828403,19.384265,1,train
AAPL,240,2015-10-02,16:30:00,2015-10-02T16:30:00+00:00,109.349000,111.009000,109.329000,110.279000,36897,1.680000,0.832046,109.459000,109.424000,111.568500,110.043784,0.816946,27.215850,0,train
AAPL,240,2015-10-02,20:30:00,2015-10-02T20:30:00+00:00,110.299000,110.319000,110.279000,110.279000,16,0.040000,0.000000,109.785000,109.549000,111.406000,110.086551,0.511775,32.342007,0,train
AAPL,240,2015-10-05,12:30:00,2015-10-05T12:30:00+00:00,109.919000,110.339000,109.039000,109.809000,31534,1.300000,-0.426192,109.859000,109.632000,111.144000,110.036087,0.538512,33.037975,1,train
AAPL,240,2015-10-05,16:30:00,2015-10-05T16:30:00+00:00,109.789000,111.359000,109.739000,110.279000,31060,1.620000,0.428016,110.003000,109.690000,110.906500,110.080253,0.515016,36.265060,1,train
AAPL,240,2015-10-05,20:30:00,2015-10-05T20:30:00+00:00,110.369000,110.389000,110.249000,110.339000,34,0.140000,0.054407,110.197000,109.762000,110.682000,110.127298,0.513101,44.300144,1,train
AAPL,240,2015-10-06,12:30:00,2015-10-06T12:30:00+00:00,110.429000,111.479000,109.729000,111.129000,33458,1.750000,0.715975,110.367000,109.913000,110.501500,110.309426,0.551295,68.683274,0,train
AAPL,240,2015-10-06,16:30:00,2015-10-06T16:30:00+00:00,111.139000,111.729000,110.659000,110.889000,32305,1.070000,-0.215965,110.489000,110.137000,110.313500,110.414803,0.443375,66.437177,0,train
AAPL,240,2015-10-06,20:30:00,2015-10-06T20:30:00+00:00,110.819000,110.939000,110.469000,110.489000,74,0.470000,-0.360721,110.625000,110.242000,110.181500,110.428293,0.434446,57.194900,0,train
AAPL,240,2015-10-07,12:30:00,2015-10-07T12:30:00+00:00,112.059000,112.109000,109.379000,109.599000,34601,2.730000,-0.805510,110.489000,110.246000,110.037000,110.277513,0.519419,49.841270,1,train
AAPL,240,2015-10-07,16:30:00,2015-10-07T16:30:00+00:00,109.589000,110.799000,109.389000,110.699000,33077,1.410000,1.003659,110.561000,110.379000,109.944000,110.354147,0.601426,57.297297,0,train
AAPL,240,2015-10-07,20:30:00,2015-10-07T20:30:00+00:00,110.689000,110.699000,110.659000,110.699000,17,0.040000,0.000000,110.475000,110.421000,109.922500,110.416847,0.547505,65.940902,0,train
AAPL,240,2015-10-08,12:30:00,2015-10-08T12:30:00+00:00,110.549000,110.549000,108.329000,108.389000,31644,2.220000,-2.086740,109.975000,110.232000,109.890500,110.048148,0.868024,43.396226,1,train
AAPL,240,2015-10-08,16:30:00,2015-10-08T16:30:00+00:00,108.399000,110.129000,108.189000,109.409000,33856,1.940000,0.941055,109.759000,110.192000,109.912000,109.931939,0.928629,49.152542,0,train
AAPL,240,2015-10-08,20:30:00,2015-10-08T20:30:00+00:00,109.399000,109.429000,109.179000,109.399000,26,0.250000,-0.009140,109.719000,110.104000,109.897000,109.835041,0.914723,50.173010,1,train
AAPL,240,2015-10-09,12:30:00,2015-10-09T12:30:00+00:00,109.969000,111.969000,109.479000,111.569000,31864,2.490000,1.983565,109.893000,110.227000,109.994500,110.150306,1.124685,56.495468,1,train
AAPL,240,2015-10-09,16:30:00,2015-10-09T16:30:00+00:00,111.559000,112.269000,111.199000,112.009000,29849,1.070000,0.394375,110.155000,110.315000,110.114000,110.488251,1.110146,58.341369,0,train
AAPL,240,2015-10-09,20:30:00,2015-10-09T20:30:00+00:00,112.029000,112.059000,111.899000,112.009000,89,0.160000,0.000000,110.879000,110.427000,110.282000,110.764751,1.105744,61.111111,0,train
AAPL,240,2015-10-12,12:30:00,2015-10-12T12:30:00+00:00,112.609000,112.739000,111.629000,111.799000,26407,1.110000,-0.187485,111.357000,110.558000,110.400000,110.952796,1.098955,57.883817,0,train
AAPL,240,2015-10-12,16:30:00,2015-10-12T16:30:00+00:00,111.799000,112.029000,111.329000,111.589000,21014,0.700000,-0.187837,111.795000,110.757000,110.501500,111.068469,1.057523,56.384065,1,train
AAPL,240,2015-10-12,20:30:00,2015-10-12T20:30:00+00:00,111.589000,111.619000,111.549000,111.619000,19,0.070000,0.026884,111.805000,110.849000,110.614000,111.168566,1.017888,52.713178,1,train
AAPL,240,2015-10-13,12:30:00,2015-10-13T12:30:00+00:00,111.059000,112.439000,110.659000,111.909000,27568,1.780000,0.259812,111.785000,110.970000,110.695500,111.303190,1.018723,55.616740,0,train
AAPL,240,2015-10-13,16:30:00,2015-10-13T16:30:00+00:00,111.919000,112.209000,111.539000,111.729000,27332,0.670000,-0.160845,111.729000,111.304000,110.768000,111.380610,0.683428,56.997743,0,train
AAPL,240,2015-10-13,20:30:00,2015-10-13T20:30:00+00:00,111.719000,111.719000,111.699000,111.699000,10,0.020000,-0.026851,111.709000,111.533000,110.862500,111.438499,0.651285,63.125000,0,train
AAPL,240,2015-10-14,12:30:00,2015-10-14T12:30:00+00:00,111.129000,111.499000,109.529000,109.879000,32523,1.970000,-1.629379,111.367000,111.581000,110.842500,111.154954,0.874826,45.298165,1,train
AAPL,240,2015-10-14,16:30:00,2015-10-14T16:30:00+00:00,109.869000,110.629000,109.739000,110.089000,33007,0.890000,0.191119,111.061000,111.433000,110.830000,110.961144,0.561535,46.584546,1,train
AAPL,240,2015-10-14,20:30:00,2015-10-14T20:30:00+00:00,110.059000,110.179000,109.989000,110.149000,45,0.190000,0.054501,110.709000,111.247000,110.781000,110.813482,0.535831,63.173653,1,train
AAPL,240,2015-10-15,12:30:00,2015-10-15T12:30:00+00:00,110.899000,112.089000,110.469000,110.889000,30542,1.620000,0.671817,110.541000,111.135000,110.781000,110.827212,0.597522,61.562500,1,train
AAPL,240,2015-10-15,16:30:00,2015-10-15T16:30:00+00:00,110.919000,111.999000,110.819000,111.779000,29817,1.180000,0.802604,110.557000,111.133000,110.845500,111.000265,0.659965,66.346154,1,train
AAPL,240,2015-10-15,20:30:00,2015-10-15T20:30:00+00:00,111.779000,111.799000,111.759000,111.789000,17,0.040000,0.008946,110.939000,111.153000,110.955000,111.143671,0.656661,52.148437,0,train
AAPL,240,2015-10-16,12:30:00,2015-10-16T12:30:00+00:00,111.509000,111.909000,110.959000,110.979000,27484,0.950000,-0.724579,111.117000,111.089000,110.969000,111.113731,0.697496,40.619308,1,train
AAPL,240,2015-10-16,16:30:00,2015-10-16T16:30:00+00:00,111.009000,111.139000,110.499000,110.989000,26325,0.640000,0.009011,111.285000,110.997000,110.983500,111.091052,0.689369,40.727273,1,train
AAPL,240,2015-10-16,20:30:00,2015-10-16T20:30:00+00:00,110.979000,110.999000,110.959000,110.999000,47,0.040000,0.009010,111.307000,110.924000,111.114000,111.074316,0.689258,42.452830,1,train
AAPL,240,2015-10-19,12:30:00,2015-10-19T12:30:00+00:00,111.059000,111.569000,110.079000,111.199000,26228,1.490000,0.180182,111.191000,110.874000,111.203500,111.096986,0.693573,46.313800,1,train
AAPL,240,2015-10-19,16:30:00,2015-10-19T16:30:00+00:00,111.209000,111.729000,110.819000,111.599000,26980,0.910000,0.359715,111.153000,111.046000,111.313500,111.188261,0.418734,49.823322,1,train
AAPL,240,2015-10-19,20:30:00,2015-10-19T20:30:00+00:00,111.599000,111.609000,111.529000,111.609000,31,0.080000,0.008961,111.279000,111.198000,111.315500,111.264759,0.421003,47.211896,1,train
AAPL,240,2015-10-20,12:30:00,2015-10-20T12:30:00+00:00,112.099000,114.159000,110.689000,113.919000,30448,3.470000,2.069726,111.865000,111.575000,111.411000,111.747348,0.738888,64.580559,0,train
AAPL,240,2015-10-20,16:30:00,2015-10-20T16:30:00+00:00,113.929000,114.059000,113.369000,113.399000,28698,0.690000,-0.456465,112.345000,111.826000,111.480500,112.047649,0.768080,60.625000,0,train
AAPL,240,2015-10-20,20:30:00,2015-10-20T20:30:00+00:00,113.369000,113.599000,113.349000,113.399000,64,0.250000,0.000000,112.785000,111.988000,111.560500,112.293349,0.742731,78.478964,1,train
AAPL,240,2015-10-21,12:30:00,2015-10-21T12:30:00+00:00,113.629000,115.479000,113.599000,115.439000,29468,1.880000,1.798958,113.553000,112.353000,111.753000,112.865285,0.904083,83.395755,0,train
AAPL,240,2015-10-21,16:30:00,2015-10-21T16:30:00+00:00,115.419000,115.569000,113.549000,113.599000,30383,2.020000,-1.593915,113.951000,112.615000,111.852000,112.998688,1.046801,67.620020,1,train
AAPL,240,2015-10-21,20:30:00,2015-10-21T20:30:00+00:00,113.579000,113.749000,113.559000,113.649000,58,0.190000,0.044014,113.897000,112.881000,111.939000,113.116927,1.046007,65.164835,1,train
AAPL,240,2015-10-22,12:30:00,2015-10-22T12:30:00+00:00,114.119000,115.189000,113.989000,115.019000,29034,1.200000,1.205466,114.221000,113.283000,112.103500,113.462758,1.084126,66.910230,1,train
AAPL,240,2015-10-22,16:30:00,2015-10-22T16:30:00+00:00,115.029000,116.139000,114.509000,115.989000,30670,1.630000,0.843339,114.739000,113.762000,112.318000,113.922075,1.092045,69.924099,0,train
AAPL,240,2015-10-22,20:30:00,2015-10-22T20:30:00+00:00,116.019000,116.129000,115.719000,115.919000,108,0.410000,-0.060351,114.835000,114.194000,112.620000,114.285152,1.102987,75.204082,1,train
AAPL,240,2015-10-23,12:30:00,2015-10-23T12:30:00+00:00,116.979000,118.719000,116.319000,118.519000,32860,2.400000,2.242946,115.819000,114.885000,113.041500,115.054943,1.236319,80.387409,1,train
AAPL,240,2015-10-23,16:30:00,2015-10-23T16:30:00+00:00,118.539000,119.219000,118.339000,118.999000,29223,0.880000,0.404998,116.889000,115.393000,113.484000,115.772044,1.124888,81.104199,0,train
AAPL,240,2015-10-23,20:30:00,2015-10-23T20:30:00+00:00,118.999000,119.029000,118.949000,118.999000,15,0.080000,0.000000,117.685000,115.953000,113.889500,116.358763,1.093152,80.805687,0,train
AAPL,240,2015-10-26,12:30:00,2015-10-26T12:30:00+00:00,118.049000,118.179000,115.069000,115.579000,31003,3.110000,-2.873974,117.603000,116.171000,114.079500,116.216988,1.527406,62.691327,0,train
AAPL,240,2015-10-26,16:30:00,2015-10-26T16:30:00+00:00,115.569000,115.899000,114.889000,115.179000,27501,1.010000,-0.346084,117.455000,116.145000,114.249000,116.028263,1.425290,61.107654,1,train
AAPL,240,2015-10-26,20:30:00,2015-10-26T20:30:00+00:00,115.149000,115.259000,115.149000,115.239000,49,0.110000,0.052093,116.799000,116.309000,114.462000,115.884761,1.313107,54.775687,0,train
AAPL,240,2015-10-27,12:30:00,2015-10-27T12:30:00+00:00,115.689000,116.529000,114.779000,114.899000,27268,1.750000,-0.295039,115.979000,116.434000,114.657500,115.705531,1.320539,55.498534,0,train
AAPL,240,2015-10-27,16:30:00,2015-10-27T16:30:00+00:00,114.899000,115.719000,113.769000,114.019000,29583,1.950000,-0.765890,114.983000,116.334000,114.808500,115.398889,1.286764,52.134986,1,train
AAPL,240,2015-10-27,20:30:00,2015-10-27T20:30:00+00:00,114.049000,118.279000,110.869000,116.559000,3486,7.410000,2.227699,115.179000,116.391000,115.076500,115.609819,1.459931,53.728362,1,train
AAPL,240,2015-10-28,12:30:00,2015-10-28T12:30:00+00:00,116.269000,118.009000,116.039000,117.939000,30197,1.970000,1.183950,115.731000,116.593000,115.393500,116.033306,1.501107,64.903846,1,train
AAPL,240,2015-10-28,16:30:00,2015-10-28T16:30:00+00:00,117.919000,119.349000,117.079000,119.289000,33247,2.270000,1.144660,116.541000,116.670000,115.777500,116.625250,1.367920,67.780580,0,train
AAPL,240,2015-10-28,20:30:00,2015-10-28T20:30:00+00:00,119.289000,119.289000,119.019000,119.049000,79,0.270000,-0.201192,117.371000,116.675000,116.034000,117.065932,1.365014,63.679566,1,train
AAPL,240,2015-10-29,12:30:00,2015-10-29T12:30:00+00:00,118.389000,119.249000,118.259000,119.229000,26700,0.990000,0.151198,118.413000,116.698000,116.325500,117.459217,1.365695,61.621234,1,train
AAPL,240,2015-10-29,16:30:00,2015-10-29T16:30:00+00:00,119.239000,120.679000,119.199000,120.639000,28363,1.480000,1.182598,119.229000,117.204000,116.687500,118.037360,0.946002,65.445026,1,train
AAPL,240,2015-10-29,20:30:00,2015-10-29T20:30:00+00:00,120.629000,120.719000,120.619000,120.669000,52,0.100000,0.024868,119.775000,117.753000,116.949000,118.515840,0.918926,58.457907,0,train
AAPL,240,2015-10-30,12:30:00,2015-10-30T12:30:00+00:00,121.099000,121.309000,119.869000,120.469000,27108,1.440000,-0.165743,120.011000,118.276000,117.292500,118.870960,0.932429,55.913113,0,train
AAPL,240,2015-10-30,16:30:00,2015-10-30T16:30:00+00:00,120.459000,120.769000,119.419000,119.589000,26395,1.350000,-0.730478,120.119000,118.745000,117.589500,119.001512,0.979976,52.216379,0,train
AAPL,240,2015-10-30,20:30:00,2015-10-30T20:30:00+00:00,119.599000,119.649000,118.999000,119.209000,198,0.650000,-0.317755,120.115000,119.264000,117.799000,119.039237,0.929416,67.672833,1,train
AAPL,240,2015-11-02,13:30:00,2015-11-02T13:30:00+00:00,119.799000,121.039000,119.579000,120.869000,22638,1.460000,1.392512,120.161000,119.695000,118.043000,119.371922,0.776936,74.674761,1,train
AAPL,240,2015-11-02,17:30:00,2015-11-02T17:30:00+00:00,120.889000,121.349000,120.669000,121.009000,21813,0.680000,0.115828,120.229000,120.002000,118.297500,119.669572,0.723656,74.849268,0,train
AAPL,240,2015-11-02,21:30:00,2015-11-02T21:30:00+00:00,121.009000,121.149000,120.849000,120.999000,52,0.300000,-0.008264,120.335000,120.173000,118.421500,119.911286,0.655635,77.039007,1,train
AAPL,240,2015-11-03,13:30:00,2015-11-03T13:30:00+00:00,120.589000,122.799000,120.469000,122.569000,24926,2.330000,1.297531,120.931000,120.525000,118.600000,120.394507,0.734432,85.714286,0,train
AAPL,240,2015-11-03,17:30:00,2015-11-03T17:30:00+00:00,122.559000,123.479000,122.289000,122.479000,25512,1.190000,-0.073428,121.585000,120.850000,118.774000,120.773506,0.742681,81.092437,0,train
AAPL,240,2015-11-03,21:30:00,2015-11-03T21:30:00+00:00,122.489000,122.509000,122.379000,122.399000,56,0.130000,-0.065317,121.891000,121.026000,119.115000,121.069050,0.674328,77.128954,1,train
AAPL,240,2015-11-04,13:30:00,2015-11-04T13:30:00+00:00,123.249000,123.779000,121.739000,122.489000,29126,2.040000,0.073530,122.187000,121.208000,119.480500,121.327223,0.673524,72.988506,0,train
AAPL,240,2015-11-04,17:30:00,2015-11-04T17:30:00+00:00,122.509000,122.629000,121.579000,121.799000,27176,1.050000,-0.563316,122.347000,121.341000,119.808500,121.413001,0.705336,68.556005,1,train
AAPL,240,2015-11-04,21:30:00,2015-11-04T21:30:00+00:00,121.789000,121.999000,121.769000,121.949000,56,0.230000,0.123154,122.223000,121.577000,120.161000,121.510455,0.640732,68.428184,0,train
AAPL,240,2015-11-05,13:30:00,2015-11-05T13:30:00+00:00,121.819000,122.679000,120.159000,120.559000,28794,2.520000,-1.139821,121.839000,121.712000,120.488000,121.337463,0.756461,49.456522,1,train
AAPL,240,2015-11-05,17:30:00,2015-11-05T17:30:00+00:00,120.539000,121.399000,120.239000,121.389000,26913,1.160000,0.688460,121.637000,121.764000,120.729500,121.346833,0.649589,54.411765,0,train
AAPL,240,2015-11-05,21:30:00,2015-11-05T21:30:00+00:00,121.399000,121.399000,121.219000,121.249000,64,0.180000,-0.115332,121.389000,121.788000,120.895000,121.329046,0.650894,54.814815,0,train
AAPL,240,2015-11-06,13:30:00,2015-11-06T13:30:00+00:00,121.009000,121.789000,119.969000,121.069000,30497,1.820000,-0.148455,121.243000,121.795000,120.984000,121.281765,0.653117,60.000000,0,train
AAPL,240,2015-11-06,17:30:00,2015-11-06T17:30:00+00:00,121.079000,121.329000,120.679000,121.009000,26948,0.650000,-0.049559,121.055000,121.639000,121.082000,121.232171,0.471076,62.711864,0,train
AAPL,240,2015-11-06,21:30:00,2015-11-06T21:30:00+00:00,120.989000,121.019000,120.969000,120.999000,36,0.050000,-0.008264,121.143000,121.491000,121.170500,121.189776,0.472348,51.197053,0,train
AAPL,240,2015-11-09,13:30:00,2015-11-09T13:30:00+00:00,120.919000,121.799000,120.029000,120.539000,30456,1.770000,-0.380168,120.973000,121.305000,121.165500,121.071453,0.478712,45.913043,1,train
AAPL,240,2015-11-09,17:30:00,2015-11-09T17:30:00+00:00,120.539000,120.919000,120.069000,120.559000,28510,0.850000,0.016592,120.835000,121.112000,121.160000,120.978280,0.476063,46.180556,0,train
AAPL,240,2015-11-09,21:30:00,2015-11-09T21:30:00+00:00,120.559000,120.559000,119.549000,119.849000,100,1.010000,-0.588923,120.591000,120.917000,121.129000,120.772956,0.478550,22.244898,0,train
AAPL,240,2015-11-10,13:30:00,2015-11-10T13:30:00+00:00,117.979000,118.059000,116.549000,117.229000,30375,1.510000,-2.186084,119.835000,120.445000,121.011000,120.128601,0.785395,14.670256,0,train
AAPL,240,2015-11-10,17:30:00,2015-11-10T17:30:00+00:00,117.259000,117.269000,116.039000,116.709000,27539,1.230000,-0.443576,118.977000,120.060000,120.886000,119.506855,0.741273,13.850064,0,train
AAPL,240,2015-11-10,21:30:00,2015-11-10T21:30:00+00:00,116.679000,116.729000,116.619000,116.709000,44,0.110000,0.000000,118.211000,119.592000,120.678000,118.998154,0.665105,12.853470,1,train
AAPL,240,2015-11-11,13:30:00,2015-11-11T13:30:00+00:00,115.999000,117.369000,115.179000,117.099000,29231,2.190000,0.334164,117.519000,119.177000,120.482500,118.652853,0.700031,18.582888,0,train
AAPL,240,2015-11-11,17:30:00,2015-11-11T17:30:00+00:00,117.109000,117.399000,115.979000,116.049000,28021,1.420000,-0.896677,116.759000,118.675000,120.235000,118.179426,0.716433,14.797136,0,train
AAPL,240,2015-11-11,21:30:00,2015-11-11T21:30:00+00:00,116.009000,116.069000,115.699000,115.809000,53,0.370000,-0.206809,116.475000,118.155000,119.897000,117.748439,0.709080,17.150761,1,train
AAPL,240,2015-11-12,13:30:00,2015-11-12T13:30:00+00:00,115.859000,116.809000,115.469000,115.839000,28438,1.340000,0.025905,116.301000,117.639000,119.565000,117.401268,0.711449,6.842924,0,train
AAPL,240,2015-11-12,17:30:00,2015-11-12T17:30:00+00:00,115.839000,116.219000,115.559000,115.669000,26892,0.660000,-0.146755,116.093000,117.152000,119.228500,117.086310,0.717164,6.811146,0,train
AAPL,240,2015-11-12,21:30:00,2015-11-12T21:30:00+00:00,115.619000,115.709000,115.619000,115.649000,25,0.090000,-0.017291,115.803000,116.661000,118.886500,116.824981,0.715006,6.984127,0,train
AAPL,240,2015-11-13,13:30:00,2015-11-13T13:30:00+00:00,115.249000,115.599000,112.649000,113.739000,30329,2.950000,-1.651549,115.341000,116.050000,118.483500,116.263894,0.815957,5.398773,0,train
AAPL,240,2015-11-13,17:30:00,2015-11-13T17:30:00+00:00,113.749000,113.839000,112.139000,112.279000,30523,1.700000,-1.283641,114.635000,115.555000,118.000000,115.539368,0.642556,4.583333,0,train
AAPL,240,2015-11-13,21:30:00,2015-11-13T21:30:00+00:00,112.299000,112.319000,112.049000,112.049000,79,0.270000,-0.204847,113.877000,115.089000,117.574500,114.904755,0.646362,4.695838,1,train
AAPL,240,2015-11-16,13:30:00,2015-11-16T13:30:00+00:00,110.819000,113.539000,110.659000,113.389000,30856,2.880000,1.195905,113.421000,114.757000,117.174500,114.629163,0.817538,16.463985,1,train
AAPL,240,2015-11-16,17:30:00,2015-11-16T17:30:00+00:00,113.369000,114.229000,113.159000,113.999000,28430,1.070000,0.537971,113.091000,114.447000,116.812000,114.514588,0.837001,22.379603,1,train
AAPL,240,2015-11-16,21:30:00,2015-11-16T21:30:00+00:00,114.019000,114.099000,114.019000,114.029000,21,0.080000,0.026316,113.149000,114.245000,116.460000,114.426300,0.810034,30.000000,1,train
AAPL,240,2015-11-17,13:30:00,2015-11-17T13:30:00+00:00,114.709000,115.029000,113.639000,114.139000,26750,1.390000,0.096467,113.521000,114.078000,116.116500,114.374063,0.814272,33.069829,0,train
AAPL,240,2015-11-17,17:30:00,2015-11-17T17:30:00+00:00,114.169000,114.429000,113.309000,113.749000,27647,1.120000,-0.341689,113.861000,113.869000,115.754000,114.260415,0.814139,31.453634,0,train
AAPL,240,2015-11-17,21:30:00,2015-11-17T21:30:00+00:00,113.749000,113.819000,113.719000,113.729000,14,0.100000,-0.017583,113.929000,113.675000,115.413500,114.163794,0.815729,27.858081,1,train
AAPL,240,2015-11-18,13:30:00,2015-11-18T13:30:00+00:00,115.369000,117.469000,115.289000,116.629000,27900,2.180000,2.549921,114.455000,113.773000,115.217000,114.612014,1.187142,53.065539,1,train
AAPL,240,2015-11-18,17:30:00,2015-11-18T17:30:00+00:00,116.619000,117.429000,116.199000,117.279000,27720,1.230000,0.557323,115.105000,114.127000,115.088500,115.096920,1.020786,57.446809,1,train
AAPL,240,2015-11-18,21:30:00,2015-11-18T21:30:00+00:00,117.279000,117.349000,117.249000,117.299000,23,0.100000,0.017053,115.737000,114.629000,115.092000,115.497298,0.866075,57.403651,1,train
AAPL,240,2015-11-19,13:30:00,2015-11-19T13:30:00+00:00,117.159000,119.409000,116.769000,119.349000,29555,2.640000,1.747670,116.857000,115.359000,115.224000,116.197608,0.922385,65.672913,0,train
AAPL,240,2015-11-19,17:30:00,2015-11-19T17:30:00+00:00,119.329000,119.739000,118.619000,118.779000,28291,1.120000,-0.477591,117.867000,115.898000,115.327500,116.666952,0.960718,62.733930,0,train
AAPL,240,2015-11-19,21:30:00,2015-11-19T21:30:00+00:00,118.769000,118.779000,118.519000,118.699000,31,0.260000,-0.067352,118.281000,116.368000,115.407500,117.036415,0.974895,73.709369,1,train
AAPL,240,2015-11-20,13:30:00,2015-11-20T13:30:00+00:00,118.759000,119.909000,118.679000,119.469000,26723,1.230000,0.648700,118.719000,116.912000,115.578500,117.478703,0.967586,86.796315,0,train
AAPL,240,2015-11-20,17:30:00,2015-11-20T17:30:00+00:00,119.439000,119.639000,119.039000,119.329000,25481,0.600000,-0.117185,119.125000,117.431000,115.754500,117.815121,0.979072,87.603306,0,train
AAPL,240,2015-11-20,21:30:00,2015-11-20T21:30:00+00:00,119.319000,119.339000,119.219000,119.299000,97,0.120000,-0.025141,119.115000,117.986000,115.927500,118.084917,0.955467,85.304659,0,train
AAPL,240,2015-11-23,13:30:00,2015-11-23T13:30:00+00:00,119.629000,119.709000,117.769000,118.139000,25997,1.940000,-0.972347,118.987000,118.427000,116.051000,118.094750,1.053557,73.206278,0,train
AAPL,240,2015-11-23,17:30:00,2015-11-23T17:30:00+00:00,118.099000,118.419000,117.319000,117.789000,25655,1.100000,-0.296261,118.805000,118.543000,116.158000,118.039159,0.742615,70.346320,1,train
AAPL,240,2015-11-23,21:30:00,2015-11-23T21:30:00+00:00,117.779000,117.819000,117.739000,117.799000,9,0.080000,0.008490,118.471000,118.595000,116.361000,117.995494,0.725261,70.021882,1,train
AAPL,240,2015-11-24,13:30:00,2015-11-24T13:30:00+00:00,117.009000,119.329000,116.929000,118.799000,30539,2.400000,0.848904,118.365000,118.745000,116.687000,118.141586,0.767944,75.897436,0,train
AAPL,240,2015-11-24,17:30:00,2015-11-24T17:30:00+00:00,118.809000,119.139000,118.349000,118.669000,27812,0.790000,-0.109429,118.239000,118.677000,117.018000,118.237479,0.516661,75.050710,0,train
AAPL,240,2015-11-24,21:30:00,2015-11-24T21:30:00+00:00,118.779000,118.779000,118.669000,118.669000,16,0.110000,0.000000,118.345000,118.666000,117.282000,118.315938,0.494970,64.655172,0,train
AAPL,240,2015-11-25,13:30:00,2015-11-25T13:30:00+00:00,118.989000,119.199000,118.019000,118.299000,24872,1.180000,-0.311792,118.447000,118.626000,117.497000,118.312858,0.504168,57.634731,0,train
AAPL,240,2015-11-25,17:30:00,2015-11-25T17:30:00+00:00,118.299000,118.479000,117.889000,118.009000,20661,0.590000,-0.245142,118.489000,118.480000,117.696000,118.257611,0.445816,55.107914,1,train
AAPL,240,2015-11-25,21:30:00,2015-11-25T21:30:00+00:00,118.029000,118.049000,117.999000,118.029000,25,0.050000,0.016948,118.335000,118.350000,117.890500,118.216046,0.447989,36.585366,0,train
AAPL,240,2015-11-27,13:30:00,2015-11-27T13:30:00+00:00,118.399000,118.409000,117.569000,117.979000,22899,0.840000,-0.042362,118.197000,118.218000,118.102000,118.172946,0.447666,40.909091,0,train
AAPL,240,2015-11-27,17:30:00,2015-11-27T17:30:00+00:00,117.979000,118.069000,117.519000,117.559000,3856,0.550000,-0.355996,117.975000,118.160000,118.293500,118.061320,0.346874,37.974684,1,train
AAPL,240,2015-11-27,21:30:00,2015-11-27T21:30:00+00:00,117.639000,117.639000,117.619000,117.639000,4,0.020000,0.068051,117.843000,118.145000,118.344000,117.984534,0.336970,27.407407,1,train
AAPL,240,2015-11-30,13:30:00,2015-11-30T13:30:00+00:00,118.049000,119.399000,117.679000,118.499000,25951,1.720000,0.731050,117.941000,118.215000,118.405000,118.078074,0.411200,41.299790,0,train
AAPL,240,2015-11-30,17:30:00,2015-11-30T17:30:00+00:00,118.529000,119.129000,118.279000,118.329000,24356,0.850000,-0.143461,118.001000,118.168000,118.456500,118.123697,0.305935,40.122200,1,train
AAPL,240,2015-11-30,21:30:00,2015-11-30T21:30:00+00:00,118.339000,118.409000,118.299000,118.339000,50,0.110000,0.008451,118.073000,118.135000,118.406000,118.162843,0.305199,52.659574,0,train
AAPL,240,2015-12-01,13:30:00,2015-12-01T13:30:00+00:00,118.669000,118.799000,117.789000,118.149000,27002,1.010000,-0.160556,118.191000,118.083000,118.374500,118.160326,0.307808,55.000000,0,train
AAPL,240,2015-12-01,17:30:00,2015-12-01T17:30:00+00:00,118.169000,118.229000,116.829000,117.259000,26199,1.400000,-0.753286,118.115000,117.979000,118.302500,117.996448,0.374915,43.973214,0,train
AAPL,240,2015-12-01,21:30:00,2015-12-01T21:30:00+00:00,117.259000,117.299000,117.229000,117.259000,35,0.070000,0.000000,117.867000,117.904000,118.192000,117.862367,0.371471,27.873563,1,train
AAPL,240,2015-12-02,13:30:00,2015-12-02T13:30:00+00:00,117.029000,118.099000,116.849000,118.009000,26599,1.250000,0.639610,117.803000,117.902000,118.126000,117.889027,0.433405,41.951220,0,train
AAPL,240,2015-12-02,17:30:00,2015-12-02T17:30:00+00:00,118.019000,118.059000,116.059000,116.319000,31024,2.000000,-1.432094,117.399000,117.736000,117.977000,117.603568,0.627531,29.706390,1,train
AAPL,240,2015-12-02,21:30:00,2015-12-02T21:30:00+00:00,116.339000,116.389000,116.299000,116.349000,47,0.090000,0.025791,117.039000,117.615000,117.887500,117.375465,0.624525,32.110092,0,train
AAPL,240,2015-12-03,13:30:00,2015-12-03T13:30:00+00:00,116.709000,116.839000,115.139000,115.349000,31998,1.700000,-0.859483,116.657000,117.386000,117.765500,117.007017,0.664143,28.409091,0,train
AAPL,240,2015-12-03,17:30:00,2015-12-03T17:30:00+00:00,115.349000,115.689000,114.199000,115.219000,36349,1.490000,-0.112701,116.249000,117.058000,117.636500,116.681923,0.582027,27.591707,1,train
AAPL,240,2015-12-03,21:30:00,2015-12-03T21:30:00+00:00,115.219000,115.339000,115.099000,115.289000,32,0.240000,0.060754,115.705000,116.754000,117.461000,116.428664,0.590818,28.616852,1,train
AAPL,240,2015-12-04,13:30:00,2015-12-04T13:30:00+00:00,115.219000,118.489000,114.979000,118.339000,32120,3.510000,2.645526,116.109000,116.754000,117.444500,116.775998,1.095825,54.372197,1,train
AAPL,240,2015-12-04,17:30:00,2015-12-04T17:30:00+00:00,118.339000,119.239000,118.289000,118.959000,34436,0.950000,0.523919,116.631000,116.835000,117.459000,117.172907,1.105644,56.976744,0,train
AAPL,240,2015-12-04,21:30:00,2015-12-04T21:30:00+00:00,118.979000,119.019000,118.949000,118.959000,23,0.070000,0.000000,117.353000,117.005000,117.492000,117.497651,1.068054,52.674419,0,train
AAPL,240,2015-12-07,13:30:00,2015-12-07T13:30:00+00:00,118.819000,119.839000,117.989000,118.109000,30595,1.850000,-0.714532,117.931000,117.090000,117.497000,117.608806,1.102486,48.814655,1,train
AAPL,240,2015-12-07,17:30:00,2015-12-07T17:30:00+00:00,118.099000,118.489000,117.789000,118.329000,31882,0.700000,0.186269,118.539000,117.122000,117.512000,117.739750,1.086009,49.947313,1,train
AAPL,240,2015-12-07,21:30:00,2015-12-07T21:30:00+00:00,118.359000,118.449000,118.359000,118.359000,17,0.090000,0.025353,118.543000,117.326000,117.531000,117.852341,0.957880,51.125402,0,train
AAPL,240,2015-12-08,13:30:00,2015-12-08T13:30:00+00:00,117.009000,118.579000,116.719000,117.609000,32400,1.860000,-0.633665,118.273000,117.452000,117.533500,117.808097,0.991635,51.904244,1,train
AAPL,240,2015-12-08,17:30:00,2015-12-08T17:30:00+00:00,117.629000,118.489000,117.419000,118.079000,30773,1.070000,0.399629,118.097000,117.725000,117.555500,117.857352,0.932745,54.244306,1,train
AAPL,240,2015-12-08,21:30:00,2015-12-08T21:30:00+00:00,118.079000,118.209000,118.079000,118.199000,20,0.130000,0.101627,118.115000,118.023000,117.540500,117.919470,0.926229,51.052049,0,train
AAPL,240,2015-12-09,13:30:00,2015-12-09T13:30:00+00:00,117.929000,118.149000,115.719000,115.799000,32684,2.430000,-2.030474,117.609000,118.074000,117.414000,117.533930,1.177956,47.330595,0,train
AAPL,240,2015-12-09,17:30:00,2015-12-09T17:30:00+00:00,115.759000,115.919000,115.059000,115.449000,38240,0.860000,-0.302248,117.027000,117.785000,117.269500,117.154852,0.746008,45.526839,1,train
AAPL,240,2015-12-09,21:30:00,2015-12-09T21:30:00+00:00,115.489000,115.599000,115.479000,115.599000,24,0.120000,0.129928,116.625000,117.449000,117.142000,116.871970,0.710479,51.357220,1,train
AAPL,240,2015-12-10,13:30:00,2015-12-10T13:30:00+00:00,116.009000,116.669000,115.489000,115.899000,32218,1.180000,0.259518,116.189000,117.143000,117.074000,116.695066,0.726556,53.624733,1,train
AAPL,240,2015-12-10,17:30:00,2015-12-10T17:30:00+00:00,115.909000,116.929000,115.739000,115.989000,31054,1.190000,0.077654,115.747000,116.931000,117.010500,116.566690,0.714315,53.723404,1,train
AAPL,240,2015-12-10,21:30:00,2015-12-10T21:30:00+00:00,115.999000,116.189000,115.979000,116.189000,18,0.210000,0.172430,115.825000,116.717000,116.919500,116.498019,0.713543,33.587786,0,train
AAPL,240,2015-12-11,13:30:00,2015-12-11T13:30:00+00:00,115.029000,115.409000,112.829000,113.129000,17207,2.580000,-2.633640,115.361000,116.194000,116.760000,115.885470,1.046333,17.575083,1,train
AAPL,240,2015-12-11,17:30:00,2015-12-11T17:30:00+00:00,113.119000,113.789000,112.839000,113.179000,18716,0.950000,0.044197,114.877000,115.751000,116.601500,115.393385,1.054742,18.030973,0,train
AAPL,240,2015-12-11,21:30:00,2015-12-11T21:30:00+00:00,113.169000,113.199000,113.149000,113.149000,83,0.050000,-0.026507,114.327000,115.258000,116.491500,114.985315,1.028099,19.829684,0,train
AAPL,240,2015-12-14,13:30:00,2015-12-14T13:30:00+00:00,111.409000,112.229000,109.789000,111.289000,15684,2.440000,-1.643850,113.387000,114.567000,116.295000,114.313258,1.076585,14.300203,1,train
AAPL,240,2015-12-14,17:30:00,2015-12-14T17:30:00+00:00,111.299000,112.659000,110.869000,112.409000,15989,1.790000,1.006389,112.631000,114.228000,116.151000,113.967029,1.054869,22.831050,1,train
AAPL,240,2015-12-14,21:30:00,2015-12-14T21:30:00+00:00,112.379000,112.519000,112.359000,112.429000,41,0.160000,0.017792,112.491000,113.926000,115.855500,113.687387,1.059356,24.657534,0,train
AAPL,240,2015-12-15,13:30:00,2015-12-15T13:30:00+00:00,111.329000,112.759000,110.799000,111.589000,14934,1.960000,-0.747138,112.173000,113.525000,115.487000,113.305862,1.059829,19.357885,0,train
AAPL,240,2015-12-15,17:30:00,2015-12-15T17:30:00+00:00,111.589000,112.069000,110.229000,110.439000,15904,1.840000,-1.030568,111.631000,112.979000,115.061000,112.784615,1.056267,16.609294,1,train
AAPL,240,2015-12-15,21:30:00,2015-12-15T21:30:00+00:00,110.439000,110.589000,110.419000,110.509000,52,0.170000,0.063383,111.475000,112.431000,114.681000,112.370867,1.055444,21.528525,0,train
AAPL,240,2015-12-16,13:30:00,2015-12-16T13:30:00+00:00,111.059000,111.949000,108.769000,109.219000,25198,3.180000,-1.167326,110.837000,111.734000,114.225500,111.797800,1.048753,19.550342,1,train
AAPL,240,2015-12-16,17:30:00,2015-12-16T17:30:00+00:00,109.249000,111.589000,108.949000,111.089000,27980,2.640000,1.712156,110.569000,111.530000,113.862000,111.668927,1.017767,31.129707,0,train
AAPL,240,2015-12-16,21:30:00,2015-12-16T21:30:00+00:00,111.049000,111.279000,110.979000,110.999000,44,0.300000,-0.081016,110.451000,111.312000,113.531500,111.547122,1.015509,29.131175,0,train
AAPL,240,2015-12-17,13:30:00,2015-12-17T13:30:00+00:00,112.109000,112.439000,109.439000,109.949000,25388,3.000000,-0.945954,110.353000,110.992000,113.125000,111.256555,1.040414,26.220472,0,train
AAPL,240,2015-12-17,17:30:00,2015-12-17T17:30:00+00:00,109.959000,110.539000,108.619000,108.739000,26521,1.920000,-1.100510,109.999000,110.737000,112.652000,110.798817,0.973397,22.830051,1,train
AAPL,240,2015-12-17,21:30:00,2015-12-17T21:30:00+00:00,108.739000,108.899000,108.689000,108.799000,85,0.210000,0.055178,109.915000,110.376000,112.302000,110.435214,0.881595,29.785247,0,train
AAPL,240,2015-12-18,13:30:00,2015-12-18T13:30:00+00:00,108.509000,109.509000,106.739000,106.819000,25622,2.770000,-1.819870,109.061000,109.815000,111.870500,109.777721,0.987920,24.841772,0,train
AAPL,240,2015-12-18,17:30:00,2015-12-18T17:30:00+00:00,106.819000,107.489000,105.669000,106.079000,27846,1.820000,-0.692761,108.077000,109.264000,111.394500,109.105226,0.986595,23.520599,1,train
AAPL,240,2015-12-18,21:30:00,2015-12-18T21:30:00+00:00,106.079000,106.399000,106.049000,106.309000,93,0.350000,0.216820,107.349000,108.851000,110.915000,108.596821,0.991008,28.754266,1,train
AAPL,240,2015-12-21,13:30:00,2015-12-21T13:30:00+00:00,107.079000,107.379000,105.559000,106.679000,24298,1.820000,0.348042,106.937000,108.468000,110.449500,108.248127,1.008957,23.883318,1,train
AAPL,240,2015-12-21,17:30:00,2015-12-21T17:30:00+00:00,106.689000,107.339000,106.109000,107.299000,24525,1.230000,0.581183,106.637000,108.276000,110.005000,108.075558,1.002588,27.830596,1,train
AAPL,240,2015-12-21,21:30:00,2015-12-21T21:30:00+00:00,107.289000,107.419000,107.289000,107.359000,35,0.130000,0.055919,106.745000,107.903000,109.716500,107.945275,0.765361,30.398517,0,train
AAPL,240,2015-12-22,13:30:00,2015-12-22T13:30:00+00:00,106.849000,107.469000,106.419000,107.309000,22881,1.050000,-0.046573,106.991000,107.534000,109.423000,107.829588,0.766724,33.849329,0,train
AAPL,240,2015-12-22,17:30:00,2015-12-22T17:30:00+00:00,107.319000,107.709000,106.979000,107.219000,23423,0.730000,-0.083870,107.173000,107.261000,109.126500,107.718572,0.738318,33.058702,1,train
AAPL,240,2015-12-22,21:30:00,2015-12-22T21:30:00+00:00,107.229000,107.299000,107.199000,107.229000,17,0.100000,0.009327,107.283000,107.110000,108.923500,107.629559,0.676898,38.196916,1,train
AAPL,240,2015-12-23,14:30:00,2015-12-23T14:30:00+00:00,107.259000,108.839000,107.219000,108.279000,26569,1.620000,0.979213,107.479000,107.058000,108.717000,107.747639,0.763657,31.537451,1,train
AAPL,240,2015-12-23,18:30:00,2015-12-23T18:30:00+00:00,108.259000,108.629000,107.999000,108.599000,15284,0.630000,0.295533,107.727000,107.236000,108.525500,107.902432,0.443214,34.693878,0,train
AAPL,240,2015-12-24,14:30:00,2015-12-24T14:30:00+00:00,108.799000,108.949000,107.919000,107.989000,21475,1.030000,-0.561699,107.863000,107.427000,108.345500,107.918172,0.416097,36.756757,0,train
AAPL,240,2015-12-28,14:30:00,2015-12-28T14:30:00+00:00,107.539000,107.669000,106.149000,107.139000,26101,1.520000,-0.787117,107.847000,107.510000,108.180500,107.776504,0.515340,38.636364,0,train
AAPL,240,2015-12-28,18:30:00,2015-12-28T18:30:00+00:00,107.129000,107.329000,106.479000,106.799000,15221,0.850000,-0.317345,107.761000,107.522000,107.995000,107.598776,0.519680,36.338798,1,train
AAPL,240,2015-12-29,14:30:00,2015-12-29T14:30:00+00:00,106.979000,108.789000,106.979000,108.759000,24865,1.810000,1.835223,107.857000,107.668000,107.972000,107.809726,0.765388,63.287671,0,train
AAPL,240,2015-12-29,18:30:00,2015-12-29T18:30:00+00:00,108.789000,109.419000,108.589000,108.699000,15800,0.830000,-0.055168,107.877000,107.802000,107.852500,107.971412,0.767513,69.788520,0,train
AAPL,240,2015-12-30,14:30:00,2015-12-30T14:30:00+00:00,108.619000,108.649000,107.169000,107.599000,24578,1.480000,-1.011969,107.799000,107.831000,107.682500,107.903701,0.848209,58.611482,0,train
AAPL,240,2015-12-30,18:30:00,2015-12-30T18:30:00+00:00,107.589000,107.889000,107.239000,107.279000,14683,0.650000,-0.297401,107.827000,107.837000,107.549000,107.790119,0.854068,54.032258,0,train
AAPL,240,2015-12-31,13:30:00,2015-12-31T13:30:00+00:00,107.179000,107.179000,105.599000,105.819000,21491,1.580000,-1.360937,107.631000,107.696000,107.403000,107.431734,0.957628,41.062802,0,train
AAPL,240,2015-12-31,17:30:00,2015-12-31T17:30:00+00:00,105.819000,105.919000,104.789000,105.219000,16543,1.130000,-0.567006,106.923000,107.390000,107.224000,107.029418,0.880699,37.868481,0,train
AAPL,240,2016-01-04,13:30:00,2016-01-04T13:30:00+00:00,103.159000,104.019000,101.979000,103.859000,26147,2.040000,-1.292542,105.955000,106.916000,107.076000,106.452979,0.907599,32.971372,1,train
AAPL,240,2016-01-04,17:30:00,2016-01-04T17:30:00+00:00,103.869000,105.649000,103.779000,105.549000,28060,1.870000,1.627206,105.545000,106.672000,107.049500,106.288619,1.115547,42.881500,0,train
AAPL,240,2016-01-04,21:30:00,2016-01-04T21:30:00+00:00,105.349000,105.699000,105.349000,105.539000,113,0.350000,-0.009474,105.197000,106.512000,107.011000,106.152325,1.098810,42.796249,0,train
AAPL,240,2016-01-05,13:30:00,2016-01-05T13:30:00+00:00,105.139000,105.769000,102.389000,103.099000,25186,3.380000,-2.311942,104.653000,106.142000,106.832000,105.597175,1.296781,30.259146,0,train
AAPL,240,2016-01-05,17:30:00,2016-01-05T17:30:00+00:00,103.099000,103.739000,102.579000,102.739000,26533,1.160000,-0.349179,104.157000,105.540000,106.604000,105.077507,1.049173,27.735562,0,train
AAPL,240,2016-01-05,21:30:00,2016-01-05T21:30:00+00:00,102.719000,102.759000,102.489000,102.509000,58,0.270000,-0.223868,103.887000,104.921000,106.361500,104.610505,1.041430,28.560250,0,train
AAPL,240,2016-01-06,13:30:00,2016-01-06T13:30:00+00:00,100.389000,102.349000,100.089000,100.649000,25635,2.260000,-1.814475,102.907000,104.226000,106.028500,103.890232,1.107278,26.468455,1,train
AAPL,240,2016-01-06,17:30:00,2016-01-06T17:30:00+00:00,100.629000,101.119000,99.839000,100.779000,28325,1.280000,0.129162,101.955000,103.576000,105.706500,103.324553,1.130765,27.835052,0,train
AAPL,240,2016-01-06,21:30:00,2016-01-06T21:30:00+00:00,100.779000,100.809000,100.679000,100.739000,70,0.130000,-0.039691,101.483000,103.068000,105.382000,102.854453,1.111243,15.608919,0,train
AAPL,240,2016-01-07,13:30:00,2016-01-07T13:30:00+00:00,97.899000,100.109000,97.739000,98.669000,27083,2.370000,-2.054815,100.669000,102.413000,104.901500,102.093461,1.217896,13.313826,0,train
AAPL,240,2016-01-07,17:30:00,2016-01-07T17:30:00+00:00,98.689000,98.729000,95.739000,95.999000,30684,2.990000,-2.706017,99.367000,101.627000,104.271500,100.985377,1.374746,11.942257,0,train
AAPL,240,2016-01-07,21:30:00,2016-01-07T21:30:00+00:00,95.989000,96.059000,95.579000,95.849000,293,0.480000,-0.156252,98.407000,100.657000,103.664500,100.051491,1.120635,12.076974,1,train
AAPL,240,2016-01-08,13:30:00,2016-01-08T13:30:00+00:00,97.579000,99.089000,96.759000,98.789000,28301,2.330000,3.067325,98.009000,99.982000,103.247000,99.821947,1.687620,28.761329,0,train
AAPL,240,2016-01-08,17:30:00,2016-01-08T17:30:00+00:00,98.809000,98.939000,96.889000,96.999000,29061,2.050000,-1.811943,97.261000,99.372000,102.757000,99.308684,1.639498,26.832018,0,train
AAPL,240,2016-01-08,21:30:00,2016-01-08T21:30:00+00:00,96.999000,96.999000,96.899000,96.919000,61,0.100000,-0.082475,96.911000,98.790000,102.165000,98.874196,1.646115,28.918591,1,train
AAPL,240,2016-01-11,13:30:00,2016-01-11T13:30:00+00:00,98.369000,98.889000,97.299000,97.849000,26624,1.590000,0.959564,97.281000,98.324000,101.622500,98.687797,1.714815,25.477707,1,train
AAPL,240,2016-01-11,17:30:00,2016-01-11T17:30:00+00:00,97.849000,98.839000,97.459000,98.389000,30338,1.380000,0.551871,97.789000,98.098000,101.162000,98.633470,1.668394,27.972890,0,train
AAPL,240,2016-01-11,21:30:00,2016-01-11T21:30:00+00:00,98.419000,98.449000,98.339000,98.379000,64,0.110000,-0.010164,97.707000,97.858000,100.717000,98.587203,1.665787,32.898551,1,train
AAPL,240,2016-01-12,13:30:00,2016-01-12T13:30:00+00:00,100.209000,100.659000,99.079000,99.329000,26973,1.580000,0.965653,98.173000,97.717000,100.392500,98.722075,1.708229,38.151494,1,train
AAPL,240,2016-01-12,17:30:00,2016-01-12T17:30:00+00:00,99.309000,100.209000,98.799000,99.699000,30248,1.410000,0.372499,98.729000,97.820000,100.116500,98.899698,1.570908,40.330351,1,train
AAPL,240,2016-01-12,21:30:00,2016-01-12T21:30:00+00:00,99.699000,99.879000,99.529000,99.739000,40,0.350000,0.040121,99.107000,98.194000,99.910500,99.052298,1.224884,46.420142,1,train
AAPL,240,2016-01-13,13:30:00,2016-01-13T13:30:00+00:00,100.479000,101.179000,99.829000,100.169000,27427,1.350000,0.431125,99.463000,98.626000,99.641500,99.255335,1.209790,47.655650,0,train
AAPL,240,2016-01-13,17:30:00,2016-01-13T17:30:00+00:00,100.189000,100.259000,97.259000,97.279000,31389,3.000000,-2.885124,99.243000,98.475000,99.228500,98.896001,1.241964,39.092055,1,train
AAPL,240,2016-01-13,21:30:00,2016-01-13T21:30:00+00:00,97.309000,97.479000,97.279000,97.389000,57,0.200000,0.113077,98.855000,98.514000,98.943000,98.622001,1.095794,45.395683,1,train
AAPL,240,2016-01-14,13:30:00,2016-01-14T13:30:00+00:00,97.299000,98.329000,95.719000,97.869000,27722,2.610000,0.492869,98.489000,98.609000,98.699500,98.485092,1.103399,57.984629,1,train
AAPL,240,2016-01-14,17:30:00,2016-01-14T17:30:00+00:00,97.899000,100.469000,97.809000,99.369000,30358,2.660000,1.532661,98.415000,98.761000,98.542500,98.645802,1.165934,63.476263,0,train
AAPL,240,2016-01-14,21:30:00,2016-01-14T21:30:00+00:00,99.379000,99.429000,97.969000,98.519000,107,1.460000,-0.855398,98.085000,98.774000,98.436000,98.622747,1.197930,48.769371,0,train
AAPL,240,2016-01-15,13:30:00,2016-01-15T13:30:00+00:00,97.449000,97.489000,95.489000,95.789000,28377,2.000000,-2.771039,97.787000,98.515000,98.186500,98.107521,1.488497,44.920235,1,train
AAPL,240,2016-01-15,17:30:00,2016-01-15T17:30:00+00:00,95.789000,97.689000,95.339000,97.189000,32032,2.350000,1.461546,97.747000,98.301000,98.009000,97.940517,1.541063,51.020408,0,train
AAPL,240,2016-01-15,21:30:00,2016-01-15T21:30:00+00:00,97.169000,97.239000,97.069000,97.129000,94,0.170000,-0.061735,97.599000,98.044000,97.932000,97.792968,1.528998,47.087379,0,train
AAPL,240,2016-01-19,13:30:00,2016-01-19T13:30:00+00:00,98.559000,98.799000,96.139000,96.529000,26970,2.660000,-0.617735,97.031000,97.723000,97.958500,97.563156,1.529272,42.512077,1,train
AAPL,240,2016-01-19,17:30:00,2016-01-19T17:30:00+00:00,96.509000,96.989000,95.469000,96.599000,30056,1.520000,0.072517,96.647000,97.366000,97.996000,97.387855,1.513934,42.868590,0,train
AAPL,240,2016-01-19,21:30:00,2016-01-19T21:30:00+00:00,96.589000,96.799000,96.219000,96.409000,62,0.580000,-0.196689,96.771000,97.279000,97.877000,97.209881,1.225276,37.542662,0,train
AAPL,240,2016-01-20,13:30:00,2016-01-20T13:30:00+00:00,94.719000,95.499000,93.389000,93.959000,28750,2.110000,-2.541257,96.125000,96.936000,97.725000,96.618812,1.445752,29.202899,1,train
AAPL,240,2016-01-20,17:30:00,2016-01-20T17:30:00+00:00,93.989000,98.159000,93.839000,96.849000,33623,4.320000,3.075810,96.069000,96.834000,97.721500,96.660664,1.800069,41.321321,0,train
AAPL,240,2016-01-20,21:30:00,2016-01-20T21:30:00+00:00,96.869000,96.869000,96.579000,96.599000,75,0.290000,-0.258134,96.083000,96.557000,97.659000,96.649453,1.707380,39.162113,1,train
AAPL,240,2016-01-21,13:30:00,2016-01-21T13:30:00+00:00,96.989000,97.809000,94.939000,97.609000,28771,2.870000,1.045559,96.285000,96.466000,97.620000,96.823916,1.740369,51.130912,0,train
AAPL,240,2016-01-21,17:30:00,2016-01-21T17:30:00+00:00,97.619000,97.789000,95.819000,96.149000,31273,1.970000,-1.495764,96.233000,96.502000,97.508500,96.701204,1.558409,46.110414,1,train
AAPL,240,2016-01-21,21:30:00,2016-01-21T21:30:00+00:00,96.089000,96.439000,96.009000,96.299000,50,0.430000,0.156008,96.701000,96.413000,97.357000,96.628076,1.479562,44.971172,1,train
AAPL,240,2016-01-22,13:30:00,2016-01-22T13:30:00+00:00,98.349000,100.179000,97.889000,100.019000,27602,2.290000,3.862968,97.335000,96.702000,97.373000,97.244608,1.935777,51.822771,1,train
AAPL,240,2016-01-22,17:30:00,2016-01-22T17:30:00+00:00,100.039000,101.439000,99.709000,101.419000,28728,1.730000,1.399734,98.299000,97.191000,97.457000,98.003588,1.933436,57.889010,1,train
AAPL,240,2016-01-22,21:30:00,2016-01-22T21:30:00+00:00,101.449000,101.479000,101.319000,101.429000,59,0.160000,0.009860,99.063000,97.674000,97.520000,98.626390,1.935120,68.007663,0,train
AAPL,240,2016-01-25,13:30:00,2016-01-25T13:30:00+00:00,101.129000,101.429000,100.089000,100.269000,26117,1.340000,-1.143657,99.887000,98.060000,97.669500,98.925046,1.995544,59.987030,0,train
AAPL,240,2016-01-25,17:30:00,2016-01-25T17:30:00+00:00,100.269000,101.189000,99.199000,99.349000,27041,1.990000,-0.917532,100.497000,98.599000,97.767500,99.002129,1.783409,56.818182,1,train
AAPL,240,2016-01-25,21:30:00,2016-01-25T21:30:00+00:00,99.349000,99.449000,99.329000,99.449000,31,0.120000,0.100655,100.383000,98.859000,97.846500,99.083378,1.552836,59.252218,1,train
AAPL,240,2016-01-26,13:30:00,2016-01-26T13:30:00+00:00,99.809000,100.779000,98.059000,100.389000,26474,2.720000,0.945208,100.177000,99.238000,97.897500,99.320764,1.553473,61.381381,0,train
AAPL,240,2016-01-26,17:30:00,2016-01-26T17:30:00+00:00,100.369000,100.859000,97.979000,98.509000,28494,2.880000,-1.872715,99.593000,99.328000,97.897000,99.173171,1.686377,55.725191,1,train
AAPL,240,2016-01-26,21:30:00,2016-01-26T21:30:00+00:00,98.499000,102.979000,96.729000,99.529000,3130,6.250000,1.035438,99.445000,99.666000,98.084000,99.237867,1.607622,66.469545,0,train
AAPL,240,2016-01-27,13:30:00,2016-01-27T13:30:00+00:00,96.939000,97.159000,94.029000,95.489000,29198,3.130000,-4.059118,98.673000,99.585000,97.999000,98.556255,2.133074,46.234773,0,train
AAPL,240,2016-01-27,17:30:00,2016-01-27T17:30:00+00:00,95.509000,95.729000,93.299000,93.469000,30433,2.430000,-2.115427,97.477000,98.930000,97.816000,97.631299,1.705031,42.107917,1,train
AAPL,240,2016-01-27,21:30:00,2016-01-27T21:30:00+00:00,93.499000,93.599000,93.419000,93.479000,98,0.180000,0.010699,96.095000,98.136000,97.663500,96.876336,1.569632,39.033457,1,train
AAPL,240,2016-01-28,13:30:00,2016-01-28T13:30:00+00:00,93.859000,94.309000,92.369000,93.579000,27804,1.940000,0.106976,95.109000,97.351000,97.512500,96.276820,1.575493,42.644533,1,train
AAPL,240,2016-01-28,17:30:00,2016-01-28T17:30:00+00:00,93.589000,94.499000,93.219000,93.679000,29458,1.280000,0.106862,93.939000,96.692000,97.376000,95.804489,1.593908,42.479908,0,train
AAPL,240,2016-01-28,21:30:00,2016-01-28T21:30:00+00:00,93.649000,93.679000,93.479000,93.599000,29,0.200000,-0.085398,93.561000,96.117000,97.358000,95.403491,1.601017,26.705370,1,train
AAPL,240,2016-01-29,13:30:00,2016-01-29T13:30:00+00:00,94.169000,96.339000,94.129000,96.219000,25538,2.210000,2.799175,94.111000,95.794000,97.326500,95.551766,1.923859,32.666667,1,train
AAPL,240,2016-01-29,17:30:00,2016-01-29T17:30:00+00:00,96.219000,97.209000,95.779000,97.049000,26039,1.430000,0.862615,94.825000,95.460000,97.349000,95.823990,1.918027,36.156764,0,train
AAPL,240,2016-01-29,21:30:00,2016-01-29T21:30:00+00:00,97.029000,97.059000,96.969000,97.039000,52,0.090000,-0.010304,95.517000,95.313000,97.320500,96.044901,1.839433,38.991138,0,train
AAPL,240,2016-02-01,13:30:00,2016-02-01T13:30:00+00:00,96.279000,96.689000,95.369000,96.119000,25296,1.320000,-0.948072,96.005000,94.972000,97.319000,96.058373,1.805853,38.991138,1,train
AAPL,240,2016-02-01,17:30:00,2016-02-01T17:30:00+00:00,96.139000,96.699000,95.719000,96.349000,27884,0.980000,0.239287,96.555000,95.058000,97.321500,96.111215,1.244883,39.527027,0,train
AAPL,240,2016-02-01,21:30:00,2016-02-01T21:30:00+00:00,96.349000,96.389000,96.279000,96.339000,62,0.110000,-0.010379,96.579000,95.345000,97.137500,96.152630,0.978814,35.400144,0,train
AAPL,240,2016-02-02,13:30:00,2016-02-02T13:30:00+00:00,95.389000,95.999000,95.019000,95.239000,25850,0.980000,-1.141801,96.217000,95.521000,96.828500,95.986516,1.080197,37.509549,0,train
AAPL,240,2016-02-02,17:30:00,2016-02-02T17:30:00+00:00,95.259000,95.419000,94.249000,94.519000,28375,1.170000,-0.755993,95.713000,95.615000,96.483000,95.719695,1.121420,30.414386,1,train
AAPL,240,2016-02-02,21:30:00,2016-02-02T21:30:00+00:00,94.539000,94.729000,94.469000,94.729000,54,0.260000,0.222178,95.435000,95.720000,96.206000,95.539568,1.122027,45.758929,0,train
AAPL,240,2016-02-03,13:30:00,2016-02-03T13:30:00+00:00,94.909000,95.629000,94.059000,94.619000,27420,1.570000,-0.116121,95.089000,95.822000,95.969500,95.372192,1.122685,58.156028,1,train
AAPL,240,2016-02-03,17:30:00,2016-02-03T17:30:00+00:00,94.629000,96.809000,94.279000,96.219000,30737,2.530000,1.690992,95.065000,95.822000,95.808000,95.526157,0.849696,65.856481,1,train
AAPL,240,2016-02-03,21:30:00,2016-02-03T21:30:00+00:00,96.239000,96.279000,95.979000,96.249000,117,0.300000,0.031179,95.267000,95.742000,95.601000,95.657583,0.795192,65.577596,0,train
AAPL,240,2016-02-04,13:30:00,2016-02-04T13:30:00+00:00,95.289000,97.319000,94.989000,96.069000,27762,2.330000,-0.187015,95.577000,95.645000,95.479000,95.732386,0.795437,63.815029,1,train
AAPL,240,2016-02-04,17:30:00,2016-02-04T17:30:00+00:00,96.069000,96.689000,95.719000,96.359000,30673,0.970000,0.301866,95.903000,95.669000,95.320500,95.846316,0.743450,65.575621,0,train
AAPL,240,2016-02-04,21:30:00,2016-02-04T21:30:00+00:00,96.349000,96.539000,96.299000,96.319000,24,0.240000,-0.041511,96.243000,95.666000,95.362000,95.932259,0.739852,50.796178,0,train
AAPL,240,2016-02-05,13:30:00,2016-02-05T13:30:00+00:00,95.979000,96.899000,94.849000,95.349000,27290,2.050000,-1.007070,96.069000,95.567000,95.456000,95.826212,0.805527,36.760125,0,train
AAPL,240,2016-02-05,17:30:00,2016-02-05T17:30:00+00:00,95.339000,95.569000,93.659000,93.969000,29526,1.910000,-1.447315,95.613000,95.440000,95.480500,95.488537,0.853765,30.295250,1,train
AAPL,240,2016-02-05,21:30:00,2016-02-05T21:30:00+00:00,93.969000,94.019000,93.959000,93.999000,36,0.060000,0.031925,95.199000,95.388000,95.501500,95.217712,0.825556,34.637681,1,train
AAPL,240,2016-02-08,13:30:00,2016-02-08T13:30:00+00:00,92.509000,94.779000,92.479000,94.489000,28251,2.300000,0.521282,94.825000,95.364000,95.542000,95.085219,0.841855,37.011173,1,train
AAPL,240,2016-02-08,17:30:00,2016-02-08T17:30:00+00:00,94.499000,95.679000,93.339000,95.059000,30183,2.340000,0.603245,94.573000,95.408000,95.615000,95.080452,0.863395,41.709845,1,train
AAPL,240,2016-02-08,21:30:00,2016-02-08T21:30:00+00:00,95.049000,95.249000,95.049000,95.179000,22,0.200000,0.126237,94.539000,95.304000,95.563000,95.098370,0.647766,49.554896,0,train
AAPL,240,2016-02-09,13:30:00,2016-02-09T13:30:00+00:00,94.119000,95.369000,93.899000,94.659000,27422,1.470000,-0.546339,94.677000,95.145000,95.443500,95.018484,0.659740,51.070336,1,train
AAPL,240,2016-02-09,17:30:00,2016-02-09T17:30:00+00:00,94.659000,95.929000,94.219000,94.699000,30950,1.710000,0.042257,94.817000,95.008000,95.326500,94.960396,0.662846,49.764521,1,train
AAPL,240,2016-02-09,21:30:00,2016-02-09T21:30:00+00:00,94.669000,94.879000,93.999000,94.749000,23,0.880000,0.052799,94.869000,94.847000,95.258000,94.921961,0.648865,51.030111,1,train
AAPL,240,2016-02-10,13:30:00,2016-02-10T13:30:00+00:00,95.829000,96.599000,94.949000,95.469000,27669,1.650000,0.759902,94.951000,94.762000,95.214000,95.021422,0.712392,43.093923,0,train
AAPL,240,2016-02-10,17:30:00,2016-02-10T17:30:00+00:00,95.489000,95.789000,94.029000,94.129000,29263,1.760000,-1.403597,94.741000,94.640000,95.103500,94.859164,0.777407,34.272997,1,train
AAPL,240,2016-02-10,21:30:00,2016-02-10T21:30:00+00:00,94.159000,94.219000,94.129000,94.159000,22,0.090000,0.031871,94.641000,94.659000,95.049500,94.731861,0.623555,35.508346,0,train
AAPL,240,2016-02-11,13:30:00,2016-02-11T13:30:00+00:00,93.349000,94.669000,92.559000,92.969000,27113,2.110000,-1.263820,94.295000,94.556000,94.972000,94.411341,0.744208,27.369826,1,train
AAPL,240,2016-02-11,17:30:00,2016-02-11T17:30:00+00:00,92.959000,94.209000,92.779000,93.649000,30483,1.430000,0.731427,94.075000,94.472000,94.918000,94.272734,0.766571,33.579336,0,train
AAPL,240,2016-02-11,21:30:00,2016-02-11T21:30:00+00:00,93.379000,93.629000,93.379000,93.569000,37,0.250000,-0.085425,93.695000,94.323000,94.865500,94.144782,0.727657,37.707182,1,train
AAPL,240,2016-02-12,13:30:00,2016-02-12T13:30:00+00:00,94.019000,94.509000,92.989000,93.789000,25120,1.520000,0.235121,93.627000,94.184000,94.744000,94.080094,0.733135,48.519737,1,train
AAPL,240,2016-02-12,17:30:00,2016-02-12T17:30:00+00:00,93.759000,94.199000,93.349000,93.809000,25924,0.850000,0.021324,93.557000,94.099000,94.622000,94.030804,0.720437,48.434926,0,train
AAPL,240,2016-02-12,21:30:00,2016-02-12T21:30:00+00:00,93.829000,93.839000,93.739000,93.789000,32,0.100000,-0.021320,93.721000,94.008000,94.508000,93.986840,0.719442,43.750000,1,train
AAPL,240,2016-02-16,13:30:00,2016-02-16T13:30:00+00:00,94.909000,96.139000,94.579000,95.979000,24439,1.560000,2.335029,94.187000,94.131000,94.489000,94.349051,1.054984,56.371191,1,train
AAPL,240,2016-02-16,17:30:00,2016-02-16T17:30:00+00:00,95.949000,96.839000,95.699000,96.499000,25523,1.140000,0.541785,94.773000,94.234000,94.498000,94.739951,1.042791,58.661417,0,train
AAPL,240,2016-02-16,21:30:00,2016-02-16T21:30:00+00:00,96.529000,96.539000,95.469000,95.999000,163,1.070000,-0.518140,95.215000,94.421000,94.530500,94.968869,0.931423,58.815789,1,train
AAPL,240,2016-02-17,13:30:00,2016-02-17T13:30:00+00:00,96.039000,97.469000,95.889000,97.369000,25775,1.580000,1.427098,95.927000,94.742000,94.700500,95.405256,1.004909,64.949608,1,train
AAPL,240,2016-02-17,17:30:00,2016-02-17T17:30:00+00:00,97.369000,98.199000,97.329000,97.949000,27056,0.870000,0.595672,96.759000,95.240000,94.898000,95.867755,0.832320,66.913319,1,train
AAPL,240,2016-02-17,21:30:00,2016-02-17T21:30:00+00:00,97.959000,98.179000,97.929000,98.179000,55,0.250000,0.234816,97.199000,95.693000,95.082500,96.287981,0.833532,65.105909,0,train
AAPL,240,2016-02-18,13:30:00,2016-02-18T13:30:00+00:00,98.529000,98.849000,96.779000,96.969000,25446,2.070000,-1.232443,97.293000,96.033000,95.178000,96.411803,0.984681,66.063348,0,train
AAPL,240,2016-02-18,17:30:00,2016-02-18T17:30:00+00:00,96.999000,97.079000,96.019000,96.249000,26429,1.060000,-0.742505,97.343000,96.279000,95.231500,96.382202,1.045329,60.965373,0,train
AAPL,240,2016-02-18,21:30:00,2016-02-18T21:30:00+00:00,96.249000,96.329000,96.189000,96.239000,52,0.140000,-0.010390,97.117000,96.522000,95.310500,96.356166,1.046195,69.580838,1,train
AAPL,240,2016-02-19,13:30:00,2016-02-19T13:30:00+00:00,96.049000,96.739000,95.789000,96.249000,25288,0.950000,0.010391,96.777000,96.768000,95.388000,96.336681,1.045292,66.927083,0,train
AAPL,240,2016-02-19,17:30:00,2016-02-19T17:30:00+00:00,96.269000,96.389000,95.909000,95.999000,24737,0.480000,-0.259743,96.341000,96.770000,95.450500,96.275284,0.756180,65.477707,0,train
AAPL,240,2016-02-19,21:30:00,2016-02-19T21:30:00+00:00,95.979000,95.989000,95.909000,95.929000,39,0.080000,-0.072917,96.133000,96.713000,95.473500,96.212324,0.732271,63.896104,1,train
AAPL,240,2016-02-22,13:30:00,2016-02-22T13:30:00+00:00,96.309000,96.739000,95.899000,96.249000,22416,0.840000,0.333580,96.133000,96.738000,95.579500,96.218992,0.722114,65.250000,1,train
AAPL,240,2016-02-22,17:30:00,2016-02-22T17:30:00+00:00,96.219000,96.879000,95.969000,96.599000,23517,0.910000,0.363640,96.205000,96.661000,95.701500,96.288084,0.551350,66.866747,1,train
AAPL,240,2016-02-22,21:30:00,2016-02-22T21:30:00+00:00,96.659000,96.669000,96.629000,96.659000,17,0.040000,0.062112,96.287000,96.532000,95.886000,96.355524,0.502573,55.483871,0,train
AAPL,240,2016-02-23,13:30:00,2016-02-23T13:30:00+00:00,96.289000,96.519000,95.059000,95.259000,22197,1.460000,-1.448391,96.139000,96.240000,95.966500,96.156156,0.631614,41.242938,0,train
AAPL,240,2016-02-23,17:30:00,2016-02-23T17:30:00+00:00,95.239000,95.399000,94.379000,94.429000,23602,1.020000,-0.871309,95.839000,95.986000,96.009500,95.842127,0.580622,39.406208,1,train
AAPL,240,2016-02-23,21:30:00,2016-02-23T21:30:00+00:00,94.439000,94.599000,94.419000,94.539000,23,0.180000,0.116490,95.497000,95.815000,96.047000,95.605195,0.565228,26.991870,0,train
AAPL,240,2016-02-24,13:30:00,2016-02-24T13:30:00+00:00,93.769000,94.619000,93.309000,94.299000,23440,1.310000,-0.253863,95.037000,95.621000,96.071500,95.367705,0.562459,18.588640,1,train
AAPL,240,2016-02-24,17:30:00,2016-02-24T17:30:00+00:00,94.329000,96.369000,94.179000,96.139000,27553,2.190000,1.951240,94.933000,95.610000,96.189000,95.507941,0.885807,36.253369,0,train
AAPL,240,2016-02-24,21:30:00,2016-02-24T21:30:00+00:00,96.139000,96.219000,96.109000,96.109000,26,0.110000,-0.031205,95.103000,95.621000,96.195500,95.617224,0.881526,43.108974,0,train
AAPL,240,2016-02-25,13:30:00,2016-02-25T13:30:00+00:00,95.929000,96.419000,94.969000,95.769000,23249,1.450000,-0.353765,95.371000,95.605000,96.159000,95.644820,0.889078,45.904437,1,train
AAPL,240,2016-02-25,17:30:00,2016-02-25T17:30:00+00:00,95.769000,96.749000,95.589000,96.519000,24981,1.160000,0.783134,95.767000,95.632000,96.185000,95.803762,0.919406,52.121212,0,train
AAPL,240,2016-02-25,21:30:00,2016-02-25T21:30:00+00:00,96.499000,96.589000,96.469000,96.499000,16,0.120000,-0.020721,96.207000,95.622000,96.141500,95.930169,0.911997,51.891074,1,train
AAPL,240,2016-02-26,13:30:00,2016-02-26T13:30:00+00:00,96.999000,98.019000,96.929000,97.189000,22597,1.090000,0.715033,96.417000,95.675000,96.103500,96.159047,0.940395,58.439716,0,train
AAPL,240,2016-02-26,17:30:00,2016-02-26T17:30:00+00:00,97.189000,97.309000,96.559000,96.919000,25710,0.750000,-0.277809,96.579000,95.841000,96.040500,96.297220,0.793309,56.827586,0,train
AAPL,240,2016-02-26,21:30:00,2016-02-26T21:30:00+00:00,96.919000,96.949000,96.879000,96.909000,32,0.070000,-0.010318,96.807000,96.089000,96.037500,96.408453,0.709324,54.755043,1,train
AAPL,240,2016-02-29,13:30:00,2016-02-29T13:30:00+00:00,96.669000,98.219000,96.659000,97.829000,22442,1.560000,0.949344,97.069000,96.418000,96.116500,96.666734,0.738652,58.189081,0,train
AAPL,240,2016-02-29,17:30:00,2016-02-29T17:30:00+00:00,97.819000,97.969000,96.599000,96.809000,26424,1.370000,-1.042636,97.131000,96.669000,96.145000,96.692601,0.844282,50.885478,0,train
AAPL,240,2016-02-29,21:30:00,2016-02-29T21:30:00+00:00,96.809000,96.809000,96.739000,96.759000,14,0.070000,-0.051648,97.045000,96.731000,96.170500,96.704673,0.603318,60.533708,1,train
AAPL,240,2016-03-01,13:30:00,2016-03-01T13:30:00+00:00,97.289000,100.289000,97.289000,99.879000,23224,3.000000,3.224506,97.637000,97.108000,96.364500,97.281824,1.163475,78.958555,1,train
AAPL,240,2016-03-01,17:30:00,2016-03-01T17:30:00+00:00,99.899000,100.759000,99.749000,100.609000,26526,1.010000,0.730884,98.377000,97.592000,96.598500,97.886765,1.136523,80.259222,1,train
AAPL,240,2016-03-01,21:30:00,2016-03-01T21:30:00+00:00,100.609000,100.629000,100.499000,100.629000,20,0.130000,0.019879,98.937000,98.003000,96.817500,98.385353,1.141014,82.262997,0,train
AAPL,240,2016-03-02,13:30:00,2016-03-02T13:30:00+00:00,100.479000,100.869000,99.609000,99.879000,20632,1.260000,-0.745312,99.551000,98.341000,96.981500,98.656925,1.194140,71.444954,1,train
AAPL,240,2016-03-02,17:30:00,2016-03-02T17:30:00+00:00,99.849000,100.819000,99.639000,100.589000,25007,1.180000,0.710860,100.317000,98.681000,97.178000,99.008212,1.193999,73.829787,1,train
AAPL,240,2016-03-02,21:30:00,2016-03-02T21:30:00+00:00,100.579000,100.719000,100.469000,100.699000,26,0.250000,0.109356,100.481000,99.059000,97.450000,99.315628,1.177515,76.881134,1,train
AAPL,240,2016-03-03,13:30:00,2016-03-03T13:30:00+00:00,100.599000,101.689000,100.409000,100.709000,19658,1.280000,0.009931,100.501000,99.439000,97.764000,99.568968,1.176768,74.851720,1,train
AAPL,240,2016-03-03,17:30:00,2016-03-03T17:30:00+00:00,100.749000,101.659000,100.699000,101.309000,24541,0.960000,0.595776,100.637000,99.787000,98.102500,99.885337,1.163381,76.692564,1,train
AAPL,240,2016-03-03,21:30:00,2016-03-03T21:30:00+00:00,101.349000,101.499000,101.349000,101.499000,12,0.150000,0.187545,100.961000,100.256000,98.462500,100.178731,1.059432,75.323149,1,train
AAPL,240,2016-03-04,13:30:00,2016-03-04T13:30:00+00:00,101.779000,103.079000,101.339000,102.869000,23069,1.740000,1.349767,101.417000,100.867000,98.799000,100.667871,1.074002,80.957336,1,train
AAPL,240,2016-03-04,17:30:00,2016-03-04T17:30:00+00:00,102.879000,103.739000,102.449000,102.969000,27913,1.290000,0.097211,101.871000,101.176000,99.142000,101.086258,0.566561,81.237113,0,train
AAPL,240,2016-03-04,21:30:00,2016-03-04T21:30:00+00:00,102.969000,102.989000,102.929000,102.949000,31,0.060000,-0.019423,102.319000,101.410000,99.501000,101.424938,0.553664,79.090909,0,train
AAPL,240,2016-03-07,13:30:00,2016-03-07T13:30:00+00:00,102.989000,103.009000,101.679000,101.979000,23603,1.330000,-0.942214,102.453000,101.545000,99.774000,101.525677,0.666605,79.542857,0,train
AAPL,240,2016-03-07,17:30:00,2016-03-07T17:30:00+00:00,102.009000,102.099000,100.929000,101.709000,26002,1.170000,-0.264760,102.495000,101.728000,100.034500,101.559008,0.611073,77.591973,1,train
AAPL,240,2016-03-07,21:30:00,2016-03-07T21:30:00+00:00,101.699000,101.839000,101.669000,101.799000,78,0.170000,0.088488,102.281000,101.849000,100.265000,101.602643,0.582405,66.161616,0,train
AAPL,240,2016-03-08,13:30:00,2016-03-08T13:30:00+00:00,101.019000,101.749000,100.369000,101.549000,23677,1.380000,-0.245582,101.997000,101.934000,100.496500,101.592890,0.593907,58.608059,0,train
AAPL,240,2016-03-08,17:30:00,2016-03-08T17:30:00+00:00,101.579000,101.709000,100.799000,101.059000,27197,0.910000,-0.482526,101.619000,101.969000,100.704000,101.495819,0.620697,53.625632,0,train
AAPL,240,2016-03-08,21:30:00,2016-03-08T21:30:00+00:00,101.029000,101.049000,100.899000,101.049000,30,0.150000,-0.009895,101.433000,101.943000,100.865000,101.414579,0.588782,61.271676,1,train
AAPL,240,2016-03-09,13:30:00,2016-03-09T13:30:00+00:00,101.519000,101.659000,100.249000,101.199000,22675,1.410000,0.148443,101.331000,101.913000,101.084500,101.375383,0.587348,56.587473,0,train
AAPL,240,2016-03-09,17:30:00,2016-03-09T17:30:00+00:00,101.189000,101.299000,100.749000,101.049000,24740,0.550000,-0.148223,101.181000,101.731000,101.299000,101.316041,0.332744,53.747323,1,train
AAPL,240,2016-03-09,21:30:00,2016-03-09T21:30:00+00:00,101.079000,101.119000,101.029000,101.109000,17,0.090000,0.059377,101.093000,101.545000,101.360500,101.278397,0.329468,54.237288,1,train
AAPL,240,2016-03-10,13:30:00,2016-03-10T13:30:00+00:00,102.009000,102.229000,100.439000,101.129000,22511,1.790000,0.019781,101.107000,101.363000,101.386500,101.251234,0.331837,47.826087,0,train
AAPL,240,2016-03-10,17:30:00,2016-03-10T17:30:00+00:00,101.119000,101.489000,100.119000,101.019000,28266,1.370000,-0.108772,101.101000,101.267000,101.406000,101.209009,0.194899,44.088670,0,train
AAPL,240,2016-03-10,21:30:00,2016-03-10T21:30:00+00:00,101.029000,101.039000,100.189000,100.199000,11,0.850000,-0.811728,100.901000,101.116000,101.422000,101.025371,0.297681,11.965812,1,train
AAPL,240,2016-03-11,13:30:00,2016-03-11T13:30:00+00:00,101.899000,102.229000,101.469000,101.799000,21958,0.760000,1.596822,101.051000,101.116000,101.482500,101.166031,0.629083,38.323353,1,train
AAPL,240,2016-03-11,17:30:00,2016-03-11T17:30:00+00:00,101.769000,102.239000,101.619000,102.179000,23738,0.620000,0.373285,101.265000,101.179000,101.556500,101.350207,0.632477,42.830540,0,train
AAPL,240,2016-03-11,21:30:00,2016-03-11T21:30:00+00:00,102.209000,102.209000,102.089000,102.169000,13,0.120000,-0.009787,101.473000,101.290000,101.629500,101.499079,0.604150,52.154195,1,train
AAPL,240,2016-03-14,12:30:00,2016-03-14T12:30:00+00:00,102.029000,102.899000,101.739000,102.399000,22681,1.160000,0.225117,101.749000,101.425000,101.684000,101.662701,0.603499,57.894737,1,train
AAPL,240,2016-03-14,16:30:00,2016-03-14T16:30:00+00:00,102.379000,102.709000,102.149000,102.459000,22913,0.560000,0.058594,102.201000,101.551000,101.732000,101.807482,0.603935,57.603687,0,train
AAPL,240,2016-03-14,20:30:00,2016-03-14T20:30:00+00:00,102.509000,102.519000,102.399000,102.399000,11,0.120000,-0.058560,102.321000,101.686000,101.708500,101.915031,0.600074,60.240964,1,train
AAPL,240,2016-03-15,12:30:00,2016-03-15T12:30:00+00:00,104.029000,105.169000,103.769000,104.789000,22905,1.400000,2.334007,102.843000,102.054000,101.799500,102.437571,0.916272,80.826446,0,train
AAPL,240,2016-03-15,16:30:00,2016-03-15T16:30:00+00:00,104.829000,104.949000,103.879000,104.479000,23995,1.070000,-0.295833,103.305000,102.389000,101.876000,102.808740,0.934617,77.007874,1,train
AAPL,240,2016-03-15,20:30:00,2016-03-15T20:30:00+00:00,104.499000,104.509000,104.329000,104.509000,28,0.180000,0.028714,103.727000,102.738000,102.002500,103.117878,0.928431,76.565008,1,train
AAPL,240,2016-03-16,12:30:00,2016-03-16T12:30:00+00:00,104.549000,105.419000,104.289000,105.349000,21222,1.130000,0.803759,104.305000,103.253000,102.184500,103.523537,0.841450,81.069364,0,train
AAPL,240,2016-03-16,16:30:00,2016-03-16T16:30:00+00:00,105.319000,106.299000,104.439000,105.099000,25995,1.860000,-0.237306,104.845000,103.583000,102.349500,103.809984,0.774391,78.059072,1,train
AAPL,240,2016-03-16,20:30:00,2016-03-16T20:30:00+00:00,105.099000,105.479000,104.969000,105.149000,164,0.510000,0.047574,104.917000,103.880000,102.529500,104.053442,0.778840,78.151261,1,train
AAPL,240,2016-03-17,12:30:00,2016-03-17T12:30:00+00:00,105.269000,106.359000,104.939000,106.329000,20057,1.420000,1.122217,105.287000,104.296000,102.793000,104.467180,0.812044,82.338611,0,train
AAPL,240,2016-03-17,16:30:00,2016-03-17T16:30:00+00:00,106.319000,106.459000,105.539000,105.769000,24871,0.920000,-0.526667,105.539000,104.633000,103.029000,104.703874,0.863494,85.031447,1,train
AAPL,240,2016-03-17,20:30:00,2016-03-17T20:30:00+00:00,105.769000,105.849000,105.739000,105.819000,12,0.110000,0.047273,105.633000,104.969000,103.260000,104.906624,0.863894,81.406250,1,train
AAPL,240,2016-03-18,12:30:00,2016-03-18T12:30:00+00:00,106.269000,106.639000,105.399000,105.859000,21480,1.240000,0.037800,105.785000,105.315000,103.500500,105.079784,0.859648,80.363036,1,train
AAPL,240,2016-03-18,16:30:00,2016-03-18T16:30:00+00:00,105.829000,105.979000,105.169000,105.879000,24123,0.810000,0.018893,105.931000,105.424000,103.739000,105.225096,0.497127,80.560132,0,train
AAPL,240,2016-03-18,20:30:00,2016-03-18T20:30:00+00:00,105.879000,105.919000,105.489000,105.659000,74,0.430000,-0.207784,105.797000,105.542000,103.965500,105.303987,0.489974,76.897690,1,train
AAPL,240,2016-03-21,12:30:00,2016-03-21T12:30:00+00:00,105.609000,107.019000,105.589000,106.659000,22350,1.430000,0.946441,105.975000,105.757000,104.247500,105.550353,0.554091,80.000000,0,train
AAPL,240,2016-03-21,16:30:00,2016-03-21T16:30:00+00:00,106.669000,106.769000,105.099000,105.879000,25466,1.670000,-0.731303,105.987000,105.810000,104.531500,105.610107,0.581792,72.538860,1,train
AAPL,240,2016-03-21,20:30:00,2016-03-21T20:30:00+00:00,105.899000,105.999000,105.889000,105.889000,19,0.110000,0.009445,105.993000,105.889000,104.736000,105.660815,0.573343,60.299625,1,train
AAPL,240,2016-03-22,12:30:00,2016-03-22T12:30:00+00:00,105.559000,107.279000,105.199000,106.939000,22070,2.080000,0.991604,106.205000,106.068000,104.974000,105.893212,0.641714,70.230263,0,train
AAPL,240,2016-03-22,16:30:00,2016-03-22T16:30:00+00:00,106.949000,107.109000,106.429000,106.569000,23297,0.680000,-0.345992,106.387000,106.092000,105.194000,106.016083,0.562974,66.043614,0,train
AAPL,240,2016-03-22,20:30:00,2016-03-22T20:30:00+00:00,106.579000,106.609000,106.499000,106.499000,80,0.110000,-0.065685,106.355000,106.165000,105.399000,106.103886,0.530832,60.176991,1,train
AAPL,240,2016-03-23,12:30:00,2016-03-23T12:30:00+00:00,106.549000,106.989000,106.149000,106.979000,20658,0.840000,0.450708,106.575000,106.281000,105.625000,106.262998,0.544073,65.986395,0,train
AAPL,240,2016-03-23,16:30:00,2016-03-23T16:30:00+00:00,106.959000,107.059000,105.879000,106.139000,23001,1.180000,-0.785201,106.625000,106.309000,105.812000,106.240453,0.614026,57.421289,0,train
AAPL,240,2016-03-23,20:30:00,2016-03-23T20:30:00+00:00,106.139000,106.149000,106.059000,106.129000,13,0.090000,-0.009422,106.463000,106.334000,105.879000,106.220188,0.614139,48.181818,0,train
AAPL,240,2016-03-24,12:30:00,2016-03-24T12:30:00+00:00,105.679000,106.219000,104.859000,105.429000,21514,1.360000,-0.659575,106.235000,106.311000,105.926500,106.076336,0.648827,46.985816,1,train
AAPL,240,2016-03-24,16:30:00,2016-03-24T16:30:00+00:00,105.429000,105.829000,105.179000,105.599000,22504,0.650000,0.161246,106.055000,106.205000,105.981000,105.989548,0.560371,48.090278,1,train
AAPL,240,2016-03-24,20:30:00,2016-03-24T20:30:00+00:00,105.589000,105.649000,105.579000,105.629000,13,0.070000,0.028409,105.785000,106.180000,105.995000,105.923994,0.514670,48.000000,0,train
AAPL,240,2016-03-28,12:30:00,2016-03-28T12:30:00+00:00,105.899000,106.199000,105.189000,105.439000,20574,1.010000,-0.179875,105.645000,106.135000,106.012000,105.835813,0.516844,46.283784,0,train
AAPL,240,2016-03-28,16:30:00,2016-03-28T16:30:00+00:00,105.409000,105.559000,104.989000,105.049000,21633,0.570000,-0.369882,105.429000,105.946000,106.007000,105.692756,0.374114,44.991790,1,train
AAPL,240,2016-03-28,20:30:00,2016-03-28T20:30:00+00:00,105.049000,105.099000,104.849000,105.099000,26,0.250000,0.047597,105.363000,105.799000,105.945500,105.584800,0.375123,34.824903,1,train
AAPL,240,2016-03-29,12:30:00,2016-03-29T12:30:00+00:00,104.949000,107.229000,104.859000,107.199000,21393,2.370000,1.998116,105.683000,105.869000,106.017000,105.878291,0.774524,60.216718,1,train
AAPL,240,2016-03-29,16:30:00,2016-03-29T16:30:00+00:00,107.169000,107.769000,106.969000,107.619000,24660,0.800000,0.391795,106.081000,105.933000,106.107000,106.194784,0.771509,62.590975,1,train
AAPL,240,2016-03-29,20:30:00,2016-03-29T20:30:00+00:00,107.629000,107.699000,107.609000,107.659000,14,0.090000,0.037168,106.525000,106.085000,106.197000,106.461005,0.712722,56.143345,1,train
AAPL,240,2016-03-30,12:30:00,2016-03-30T12:30:00+00:00,109.059000,110.399000,108.569000,109.189000,22017,1.830000,1.421154,107.353000,106.391000,106.362500,106.957004,0.814663,68.660969,1,train
AAPL,240,2016-03-30,16:30:00,2016-03-30T16:30:00+00:00,109.189000,109.899000,108.719000,109.449000,24114,1.180000,0.238119,108.223000,106.793000,106.552000,107.410094,0.745190,70.457698,1,train
AAPL,240,2016-03-30,20:30:00,2016-03-30T20:30:00+00:00,109.439000,109.479000,109.379000,109.479000,14,0.100000,0.027410,108.679000,107.181000,106.693000,107.786259,0.750685,68.491124,0,train
AAPL,240,2016-03-31,12:30:00,2016-03-31T12:30:00+00:00,109.349000,109.889000,108.919000,109.359000,20321,0.970000,-0.109610,109.027000,107.554000,106.867000,108.072212,0.758766,76.655629,0,train
AAPL,240,2016-03-31,16:30:00,2016-03-31T16:30:00+00:00,109.329000,109.379000,108.849000,108.979000,23050,0.530000,-0.347479,109.291000,107.908000,107.021500,108.237082,0.773484,72.230889,1,train
AAPL,240,2016-03-31,20:30:00,2016-03-31T20:30:00+00:00,108.979000,109.059000,108.889000,108.989000,13,0.170000,0.009176,109.251000,108.302000,107.124000,108.373795,0.743910,81.118881,1,train
AAPL,240,2016-04-01,12:30:00,2016-04-01T12:30:00+00:00,108.909000,109.989000,108.169000,109.549000,21007,1.820000,0.513813,109.271000,108.747000,107.273000,108.587468,0.735933,82.324059,1,train
AAPL,240,2016-04-01,16:30:00,2016-04-01T16:30:00+00:00,109.559000,110.019000,109.439000,109.979000,23047,0.580000,0.392518,109.371000,109.025000,107.447000,108.840474,0.485381,83.410138,1,train
AAPL,240,2016-04-01,20:30:00,2016-04-01T20:30:00+00:00,109.989000,109.989000,109.939000,109.989000,19,0.050000,0.009093,109.497000,109.262000,107.597500,109.049297,0.488683,85.939968,1,train
AAPL,240,2016-04-04,12:30:00,2016-04-04T12:30:00+00:00,110.839000,112.169000,110.249000,111.589000,21951,1.920000,1.454691,110.019000,109.655000,107.870000,109.511061,0.618407,93.368700,0,train
AAPL,240,2016-04-04,16:30:00,2016-04-04T16:30:00+00:00,111.589000,111.979000,110.929000,110.959000,24388,1.050000,-0.564572,110.413000,109.832000,108.111500,109.774323,0.555763,86.083744,0,train
AAPL,240,2016-04-04,20:30:00,2016-04-04T20:30:00+00:00,110.979000,111.009000,110.929000,110.929000,19,0.080000,-0.027037,110.689000,109.980000,108.386500,109.984264,0.558065,80.826446,0,train
AAPL,240,2016-04-05,12:30:00,2016-04-05T12:30:00+00:00,109.659000,110.719000,109.389000,109.689000,20758,1.330000,-1.117832,110.631000,110.001000,108.591000,109.930580,0.685697,65.065502,1,train
AAPL,240,2016-04-05,16:30:00,2016-04-05T16:30:00+00:00,109.699000,110.299000,109.559000,109.729000,24579,0.740000,0.036467,110.579000,110.038000,108.796000,109.893929,0.684153,65.065502,1,train
AAPL,240,2016-04-05,20:30:00,2016-04-05T20:30:00+00:00,109.519000,110.139000,109.489000,109.859000,99,0.650000,0.118474,110.233000,110.126000,109.017000,109.887578,0.670881,56.124314,1,train
AAPL,240,2016-04-06,12:30:00,2016-04-06T12:30:00+00:00,110.409000,110.599000,109.169000,110.339000,20182,1.430000,0.436924,110.109000,110.261000,109.281500,109.969655,0.679271,57.820738,1,train
AAPL,240,2016-04-06,16:30:00,2016-04-06T16:30:00+00:00,110.339000,111.079000,109.769000,110.989000,23343,1.310000,0.589094,110.121000,110.405000,109.576000,110.154990,0.684453,61.965135,0,train
AAPL,240,2016-04-06,20:30:00,2016-04-06T20:30:00+00:00,110.989000,110.999000,110.889000,110.889000,16,0.110000,-0.090099,110.361000,110.496000,109.760500,110.288447,0.681111,62.162162,0,train
AAPL,240,2016-04-07,12:30:00,2016-04-07T12:30:00+00:00,110.319000,110.469000,108.989000,109.599000,21340,1.480000,-1.163325,110.335000,110.457000,109.859500,110.163093,0.788048,54.305556,0,train
AAPL,240,2016-04-07,16:30:00,2016-04-07T16:30:00+00:00,109.589000,109.649000,108.089000,108.539000,25885,1.560000,-0.967162,110.071000,110.152000,109.903500,109.867803,0.638003,47.272727,0,train
AAPL,240,2016-04-07,20:30:00,2016-04-07T20:30:00+00:00,108.509000,108.569000,108.499000,108.529000,20,0.070000,-0.009213,109.709000,109.909000,109.870500,109.624384,0.634146,43.376623,0,train
AAPL,240,2016-04-08,12:30:00,2016-04-08T12:30:00+00:00,109.419000,109.759000,108.269000,108.329000,22291,1.490000,-0.184283,109.177000,109.649000,109.814500,109.388860,0.630788,38.955823,1,train
AAPL,240,2016-04-08,16:30:00,2016-04-08T16:30:00+00:00,108.329000,108.989000,108.129000,108.529000,25971,0.860000,0.184623,108.705000,109.533000,109.767000,109.232522,0.558604,40.469974,1,train
AAPL,240,2016-04-08,20:30:00,2016-04-08T20:30:00+00:00,108.559000,108.629000,108.559000,108.579000,25,0.070000,0.046071,108.501000,109.418000,109.728000,109.113700,0.558882,25.368249,1,train
AAPL,240,2016-04-11,12:30:00,2016-04-11T12:30:00+00:00,109.019000,110.609000,108.809000,109.939000,22418,1.800000,1.252544,108.781000,109.426000,109.776000,109.263754,0.704982,42.543860,0,train
AAPL,240,2016-04-11,16:30:00,2016-04-11T16:30:00+00:00,109.939000,110.209000,108.969000,109.009000,25777,1.240000,-0.845924,108.877000,109.293000,109.777000,109.217435,0.734660,37.596899,0,train
AAPL,240,2016-04-11,20:30:00,2016-04-11T20:30:00+00:00,108.999000,109.019000,108.869000,108.899000,23,0.150000,-0.100909,108.991000,109.084000,109.744500,109.159538,0.691951,44.024206,1,train
AAPL,240,2016-04-12,12:30:00,2016-04-12T12:30:00+00:00,109.349000,109.979000,108.629000,109.829000,21960,1.350000,0.854002,109.251000,108.978000,109.737000,109.281258,0.767086,50.666667,1,train
AAPL,240,2016-04-12,16:30:00,2016-04-12T16:30:00+00:00,109.799000,110.489000,109.549000,110.369000,25885,0.940000,0.491673,109.609000,109.055000,109.756000,109.479030,0.684699,53.223767,0,train
AAPL,240,2016-04-12,20:30:00,2016-04-12T20:30:00+00:00,110.369000,110.369000,110.239000,110.269000,21,0.130000,-0.090605,109.675000,109.228000,109.690000,109.622661,0.585833,49.535193,1,train
AAPL,240,2016-04-13,12:30:00,2016-04-13T12:30:00+00:00,110.929000,112.189000,110.719000,111.919000,22700,1.470000,1.496341,110.257000,109.567000,109.738000,110.040177,0.716467,55.451348,1,train
AAPL,240,2016-04-13,16:30:00,2016-04-13T16:30:00+00:00,111.919000,112.329000,111.579000,111.989000,26383,0.750000,0.062545,110.875000,109.933000,109.791000,110.394508,0.701631,56.470588,0,train
AAPL,240,2016-04-13,20:30:00,2016-04-13T20:30:00+00:00,111.999000,111.999000,111.909000,111.929000,13,0.090000,-0.053577,111.295000,110.273000,109.903000,110.673507,0.711282,66.024759,1,train
AAPL,240,2016-04-14,12:30:00,2016-04-14T12:30:00+00:00,111.319000,112.379000,111.289000,112.099000,22033,1.090000,0.151882,111.641000,110.625000,110.021500,110.932687,0.707677,77.899687,1,train
AAPL,240,2016-04-14,16:30:00,2016-04-14T16:30:00+00:00,112.109000,112.249000,111.869000,112.109000,24160,0.380000,0.008921,112.009000,110.842000,110.134000,111.146562,0.631066,78.056426,0,train
AAPL,240,2016-04-14,20:30:00,2016-04-14T20:30:00+00:00,112.089000,112.179000,112.069000,112.099000,16,0.110000,-0.008920,112.045000,111.151000,110.222000,111.319733,0.523676,80.452342,0,train
AAPL,240,2016-04-15,12:30:00,2016-04-15T12:30:00+00:00,112.009000,112.249000,111.479000,111.929000,21182,0.770000,-0.151652,112.033000,111.454000,110.269000,111.430509,0.528017,77.597403,0,train
AAPL,240,2016-04-15,16:30:00,2016-04-15T16:30:00+00:00,111.929000,111.929000,109.679000,109.829000,25874,2.250000,-1.876189,111.613000,111.454000,110.216000,111.139325,0.820704,57.612667,0,train
AAPL,240,2016-04-15,20:30:00,2016-04-15T20:30:00+00:00,109.819000,109.829000,109.729000,109.749000,78,0.100000,-0.072841,111.143000,111.392000,110.223500,110.886539,0.802574,48.629149,0,train
AAPL,240,2016-04-18,12:30:00,2016-04-18T12:30:00+00:00,109.019000,109.179000,107.779000,107.919000,22366,1.400000,-1.667441,110.305000,111.157000,110.192500,110.346986,0.951735,43.039591,0,train
AAPL,240,2016-04-18,16:30:00,2016-04-18T16:30:00+00:00,107.939000,108.089000,106.929000,107.239000,26045,1.160000,-0.630102,109.333000,110.689000,110.128000,109.781898,0.742388,40.119048,1,train
AAPL,240,2016-04-18,20:30:00,2016-04-18T20:30:00+00:00,107.239000,107.319000,106.969000,107.269000,44,0.350000,0.027975,108.401000,110.217000,110.075000,109.325007,0.739948,32.933333,0,train
AAPL,240,2016-04-19,12:30:00,2016-04-19T12:30:00+00:00,108.009000,108.019000,106.489000,106.649000,22169,1.530000,-0.577986,107.765000,109.689000,109.981000,108.838461,0.729030,25.461741,1,train
AAPL,240,2016-04-19,16:30:00,2016-04-19T16:30:00+00:00,106.669000,107.229000,106.209000,106.769000,24938,1.020000,0.112519,107.169000,109.156000,109.890500,108.462195,0.725338,26.973684,1,train
AAPL,240,2016-04-19,20:30:00,2016-04-19T20:30:00+00:00,106.799000,106.809000,106.769000,106.779000,11,0.040000,0.009366,106.941000,108.623000,109.732500,108.156160,0.725371,6.879195,1,train
AAPL,240,2016-04-20,12:30:00,2016-04-20T12:30:00+00:00,106.849000,107.959000,106.059000,107.799000,21277,1.900000,0.955244,107.053000,108.193000,109.672000,108.091221,0.849007,19.681621,0,train
AAPL,240,2016-04-20,16:30:00,2016-04-20T16:30:00+00:00,107.769000,108.079000,106.899000,107.069000,24741,1.180000,-0.677186,107.013000,107.707000,109.580500,107.905363,0.849078,17.941953,0,train
AAPL,240,2016-04-20,20:30:00,2016-04-20T20:30:00+00:00,106.999000,107.069000,106.969000,107.049000,27,0.100000,-0.018680,107.093000,107.429000,109.441500,107.749661,0.687750,16.016151,0,train
AAPL,240,2016-04-21,12:30:00,2016-04-21T12:30:00+00:00,107.449000,107.459000,105.499000,105.869000,20654,1.960000,-1.102299,106.913000,107.041000,109.216500,107.407722,0.733181,13.720930,0,train
AAPL,240,2016-04-21,16:30:00,2016-04-21T16:30:00+00:00,105.869000,106.109000,105.269000,105.429000,25777,0.840000,-0.415608,106.643000,106.792000,108.974500,107.047955,0.574176,13.067553,0,train
AAPL,240,2016-04-21,20:30:00,2016-04-21T20:30:00+00:00,105.429000,105.459000,105.269000,105.299000,117,0.190000,-0.123306,106.143000,106.598000,108.643500,106.729963,0.557217,13.125695,0,train
AAPL,240,2016-04-22,12:30:00,2016-04-22T12:30:00+00:00,105.309000,106.459000,104.779000,104.999000,21991,1.680000,-0.284903,105.729000,106.371000,108.294000,106.415242,0.552948,16.411683,1,train
AAPL,240,2016-04-22,16:30:00,2016-04-22T16:30:00+00:00,104.989000,105.679000,104.609000,105.589000,25249,1.070000,0.561910,105.437000,106.265000,107.977000,106.265016,0.585706,22.987013,1,train
AAPL,240,2016-04-22,20:30:00,2016-04-22T20:30:00+00:00,105.599000,105.609000,105.569000,105.599000,21,0.040000,0.009471,105.383000,106.148000,107.652000,106.143923,0.582482,30.272109,0,train
AAPL,240,2016-04-25,12:30:00,2016-04-25T12:30:00+00:00,104.989000,105.629000,104.499000,104.939000,20787,1.130000,-0.625006,105.285000,105.964000,107.293500,105.924846,0.602411,30.375427,1,train
AAPL,240,2016-04-25,16:30:00,2016-04-25T16:30:00+00:00,104.939000,105.379000,104.759000,105.089000,24436,0.620000,0.142940,105.243000,105.693000,106.943000,105.772874,0.474758,31.772575,1,train
AAPL,240,2016-04-25,20:30:00,2016-04-25T20:30:00+00:00,105.029000,105.299000,105.019000,105.099000,41,0.280000,0.009516,105.263000,105.496000,106.601500,105.650351,0.455917,35.567970,0,train
AAPL,240,2016-04-26,12:30:00,2016-04-26T12:30:00+00:00,104.219000,105.289000,103.869000,104.649000,21384,1.420000,-0.428168,105.075000,105.256000,106.342500,105.468287,0.457745,31.403509,0,train
AAPL,240,2016-04-26,16:30:00,2016-04-26T16:30:00+00:00,104.669000,104.739000,103.969000,104.009000,24669,0.770000,-0.611568,104.757000,105.070000,106.055500,105.202962,0.371485,28.120063,0,train
AAPL,240,2016-04-26,20:30:00,2016-04-26T20:30:00+00:00,103.999000,103.999000,96.369000,96.539000,3147,7.630000,-7.182071,103.077000,104.181000,105.486500,103.627697,2.253016,5.946792,1,train
AAPL,240,2016-04-27,12:30:00,2016-04-27T12:30:00+00:00,95.949000,98.689000,95.649000,98.109000,26165,3.040000,1.626286,101.681000,103.462000,105.030000,102.624297,2.380323,17.107195,0,train
AAPL,240,2016-04-27,16:30:00,2016-04-27T16:30:00+00:00,98.109000,98.179000,97.409000,97.709000,26157,0.770000,-0.407710,100.203000,102.733000,104.552000,101.730607,2.378385,16.642857,1,train
AAPL,240,2016-04-27,20:30:00,2016-04-27T20:30:00+00:00,97.729000,97.799000,97.669000,97.779000,60,0.130000,0.071641,98.829000,101.952000,104.108500,101.012133,2.354636,18.619085,0,train
AAPL,240,2016-04-28,12:30:00,2016-04-28T12:30:00+00:00,97.499000,97.869000,96.569000,96.939000,19905,1.300000,-0.859080,97.415000,101.086000,103.617000,100.271563,2.339913,18.058691,0,train
AAPL,240,2016-04-28,16:30:00,2016-04-28T16:30:00+00:00,96.969000,97.219000,94.239000,94.979000,26954,2.980000,-2.021890,97.103000,100.090000,103.027000,99.309279,2.368086,15.873016,1,train
AAPL,240,2016-04-28,20:30:00,2016-04-28T20:30:00+00:00,94.999000,95.189000,94.979000,95.119000,116,0.210000,0.147401,96.505000,99.093000,102.393000,98.547410,2.368318,16.978610,0,train
AAPL,240,2016-04-29,12:30:00,2016-04-29T12:30:00+00:00,94.749000,94.949000,92.489000,93.599000,20265,2.460000,-1.597998,95.683000,97.943000,101.719500,97.647699,2.349259,12.271869,1,train
AAPL,240,2016-04-29,16:30:00,2016-04-29T16:30:00+00:00,93.579000,94.049000,92.939000,93.749000,27083,1.110000,0.160258,94.877000,96.853000,101.054500,96.938845,2.375907,13.038054,1,train
AAPL,240,2016-04-29,20:30:00,2016-04-29T20:30:00+00:00,93.749000,93.759000,93.719000,93.759000,32,0.040000,0.010667,94.241000,95.828000,100.449000,96.360691,2.397226,13.654096,0,train
AAPL,240,2016-05-02,12:30:00,2016-05-02T12:30:00+00:00,94.109000,94.139000,92.379000,92.639000,22372,1.760000,-1.194552,93.773000,95.438000,99.809500,95.684020,1.055035,11.926606,1,train
AAPL,240,2016-05-02,16:30:00,2016-05-02T16:30:00+00:00,92.669000,93.929000,92.579000,93.599000,24865,1.350000,1.036281,93.469000,94.987000,99.224500,95.304925,0.938822,16.763006,1,train
AAPL,240,2016-05-02,20:30:00,2016-05-02T20:30:00+00:00,93.599000,93.749000,93.579000,93.749000,55,0.170000,0.160258,93.499000,94.591000,98.662000,95.022030,0.959656,17.941176,1,train
AAPL,240,2016-05-03,12:30:00,2016-05-03T12:30:00+00:00,93.719000,94.869000,93.609000,94.729000,21653,1.260000,1.045344,93.695000,94.286000,98.119000,94.968752,1.058152,23.241061,1,train
AAPL,240,2016-05-03,16:30:00,2016-05-03T16:30:00+00:00,94.729000,95.729000,94.589000,94.999000,26678,1.140000,0.285024,93.943000,94.092000,97.589000,94.974251,1.054192,42.406312,1,train
AAPL,240,2016-05-03,20:30:00,2016-05-03T20:30:00+00:00,94.989000,95.119000,94.919000,95.119000,48,0.200000,0.126317,94.439000,94.106000,97.098000,95.000569,0.837614,32.796318,0,train
AAPL,240,2016-05-04,12:30:00,2016-05-04T12:30:00+00:00,94.859000,95.869000,94.079000,94.249000,20639,1.790000,-0.914644,94.569000,94.019000,96.556000,94.863920,0.885340,31.113537,0,train
AAPL,240,2016-05-04,16:30:00,2016-05-04T16:30:00+00:00,94.249000,94.429000,93.819000,94.149000,25019,0.610000,-0.106102,94.649000,94.074000,96.008500,94.733935,0.711260,30.250272,1,train
AAPL,240,2016-05-04,20:30:00,2016-05-04T20:30:00+00:00,94.149000,94.269000,94.119000,94.179000,29,0.150000,0.031864,94.539000,94.117000,95.485000,94.633038,0.710425,33.532220,0,train
AAPL,240,2016-05-05,12:30:00,2016-05-05T12:30:00+00:00,94.049000,94.149000,92.809000,93.099000,20459,1.340000,-1.146752,94.159000,94.051000,94.939500,94.354122,0.805158,37.466667,1,train
AAPL,240,2016-05-05,16:30:00,2016-05-05T16:30:00+00:00,93.079000,93.299000,92.659000,93.169000,25627,0.640000,0.075189,93.769000,94.104000,94.771000,94.138645,0.701102,36.877524,0,train
AAPL,240,2016-05-05,20:30:00,2016-05-05T20:30:00+00:00,93.239000,93.239000,93.079000,93.159000,12,0.160000,-0.010733,93.551000,94.060000,94.523500,93.960528,0.611432,46.283784,0,train
AAPL,240,2016-05-06,12:30:00,2016-05-06T12:30:00+00:00,93.139000,93.409000,91.969000,92.009000,20869,1.440000,-1.234449,93.123000,93.886000,94.238500,93.605705,0.710368,37.427746,1,train
AAPL,240,2016-05-06,16:30:00,2016-05-06T16:30:00+00:00,91.979000,92.789000,91.829000,92.709000,25689,0.960000,0.760795,92.829000,93.684000,93.985000,93.442667,0.659490,43.101183,0,train
AAPL,240,2016-05-06,20:30:00,2016-05-06T20:30:00+00:00,92.719000,92.739000,92.449000,92.579000,40,0.290000,-0.140224,92.725000,93.442000,93.767000,93.285637,0.637114,49.546828,1,train
AAPL,240,2016-05-09,12:30:00,2016-05-09T12:30:00+00:00,93.019000,93.759000,92.559000,93.269000,21159,1.200000,0.745309,92.745000,93.257000,93.681500,93.282612,0.704842,47.401575,0,train
AAPL,240,2016-05-09,16:30:00,2016-05-09T16:30:00+00:00,93.269000,93.309000,92.589000,92.759000,24011,0.720000,-0.546805,92.665000,93.108000,93.563500,93.187410,0.671881,42.622951,0,train
AAPL,240,2016-05-09,20:30:00,2016-05-09T20:30:00+00:00,92.789000,92.789000,92.659000,92.689000,78,0.130000,-0.075464,92.801000,92.962000,93.518000,93.096790,0.672209,32.413793,1,train
AAPL,240,2016-05-10,12:30:00,2016-05-10T12:30:00+00:00,93.039000,93.559000,92.079000,93.349000,21890,1.480000,0.712059,92.929000,92.879000,93.498000,93.142646,0.725427,36.672052,0,train
AAPL,240,2016-05-10,16:30:00,2016-05-10T16:30:00+00:00,93.339000,93.459000,92.839000,93.239000,22596,0.620000,-0.117837,93.061000,92.893000,93.472000,93.160165,0.624177,34.789644,1,train
AAPL,240,2016-05-10,20:30:00,2016-05-10T20:30:00+00:00,93.219000,93.309000,93.209000,93.309000,23,0.100000,0.075076,93.069000,92.907000,93.505500,93.187226,0.624176,41.263941,0,train
AAPL,240,2016-05-11,12:30:00,2016-05-11T12:30:00+00:00,93.099000,93.559000,92.639000,93.199000,21238,0.920000,-0.117888,93.157000,92.911000,93.485500,93.189367,0.625619,41.187384,0,train
AAPL,240,2016-05-11,16:30:00,2016-05-11T16:30:00+00:00,93.189000,93.199000,92.399000,92.419000,23240,0.800000,-0.836919,93.103000,92.952000,93.419000,93.049300,0.545542,35.667752,0,train
AAPL,240,2016-05-11,20:30:00,2016-05-11T20:30:00+00:00,92.409000,92.449000,92.329000,92.329000,22,0.120000,-0.097383,92.899000,92.914000,93.299000,92.918336,0.484676,42.524272,0,train
AAPL,240,2016-05-12,12:30:00,2016-05-12T12:30:00+00:00,92.589000,92.759000,89.459000,90.289000,21733,3.300000,-2.209490,92.309000,92.685000,93.063500,92.440275,0.842128,29.775281,0,train
AAPL,240,2016-05-12,16:30:00,2016-05-12T16:30:00+00:00,90.289000,90.799000,89.859000,90.099000,26464,0.940000,-0.210435,91.667000,92.368000,92.812500,92.014589,0.767974,29.041096,1,train
AAPL,240,2016-05-12,20:30:00,2016-05-12T20:30:00+00:00,90.109000,90.199000,90.069000,90.159000,78,0.130000,0.066593,91.059000,92.108000,92.608000,91.677209,0.774314,35.104670,1,train
AAPL,240,2016-05-13,12:30:00,2016-05-13T12:30:00+00:00,89.899000,91.659000,89.849000,91.269000,19918,1.810000,1.231158,90.829000,91.966000,92.464000,91.602989,0.911053,39.123867,0,train
AAPL,240,2016-05-13,16:30:00,2016-05-13T16:30:00+00:00,91.259000,91.269000,90.129000,90.549000,26824,1.140000,-0.788877,90.473000,91.686000,92.282500,91.411355,0.876126,35.922330,0,train
AAPL,240,2016-05-13,20:30:00,2016-05-13T20:30:00+00:00,90.549000,90.549000,90.469000,90.499000,13,0.080000,-0.055219,90.515000,91.412000,92.152500,91.245472,0.877800,28.919330,1,train
AAPL,240,2016-05-16,12:30:00,2016-05-16T12:30:00+00:00,91.809000,93.951000,91.629000,93.541000,24637,2.322000,3.361363,91.203400,91.435200,92.171100,91.662841,1.456118,54.295759,1,train
AAPL,240,2016-05-16,16:30:00,2016-05-16T16:30:00+00:00,93.531000,94.328000,93.501000,93.838000,25141,0.827000,0.317508,91.939200,91.499100,92.205050,92.058324,1.457570,56.158216,0,train
AAPL,240,2016-05-16,20:30:00,2016-05-16T20:30:00+00:00,93.808000,93.848000,93.778000,93.818000,51,0.070000,-0.021313,92.449000,91.639000,92.295500,92.378265,1.423109,52.698815,1,train
AAPL,240,2016-05-17,12:30:00,2016-05-17T12:30:00+00:00,94.539000,94.829000,93.489000,94.149000,21390,1.340000,0.352811,93.169000,91.821000,92.367500,92.700217,1.421203,55.106622,0,train
AAPL,240,2016-05-17,16:30:00,2016-05-17T16:30:00+00:00,94.119000,94.179000,93.129000,93.599000,27120,1.050000,-0.584180,93.789000,92.152000,92.418500,92.863632,1.188330,51.544196,1,train
AAPL,240,2016-05-17,20:30:00,2016-05-17T20:30:00+00:00,93.589000,93.669000,93.589000,93.649000,11,0.080000,0.053419,93.810600,92.507000,92.437500,93.006426,1.176961,52.411576,1,train
AAPL,240,2016-05-18,12:30:00,2016-05-18T12:30:00+00:00,93.859000,95.159000,93.629000,94.709000,23117,1.530000,1.131886,93.984800,92.962000,92.535000,93.315985,1.192214,61.914672,0,train
AAPL,240,2016-05-18,16:30:00,2016-05-18T16:30:00+00:00,94.719000,95.349000,94.189000,94.629000,27203,1.160000,-0.084469,94.147000,93.298000,92.632000,93.554715,1.175013,61.979167,1,train
AAPL,240,2016-05-18,20:30:00,2016-05-18T20:30:00+00:00,94.719000,94.849000,94.689000,94.759000,33,0.160000,0.137379,94.269000,93.719000,92.702500,93.773676,1.108271,79.063719,0,train
AAPL,240,2016-05-19,12:30:00,2016-05-19T12:30:00+00:00,94.639000,94.759000,93.689000,93.889000,23037,1.070000,-0.918119,94.327000,94.058000,92.735000,93.794644,1.183933,72.640382,1,train
AAPL,240,2016-05-19,16:30:00,2016-05-19T16:30:00+00:00,93.869000,94.379000,93.629000,94.239000,26769,0.750000,0.372781,94.445000,94.127800,92.781500,93.875436,0.557926,73.556582,0,train
AAPL,240,2016-05-19,20:30:00,2016-05-19T20:30:00+00:00,94.259000,94.259000,94.209000,94.219000,8,0.050000,-0.021223,94.347000,94.165900,92.832500,93.937902,0.551868,69.484808,1,train
AAPL,240,2016-05-20,12:30:00,2016-05-20T12:30:00+00:00,94.249000,95.229000,94.219000,95.219000,21181,1.010000,1.061357,94.465000,94.306000,92.972500,94.170829,0.637627,79.745223,0,train
AAPL,240,2016-05-20,16:30:00,2016-05-20T16:30:00+00:00,95.229000,95.419000,94.899000,95.109000,23717,0.520000,-0.115523,94.535000,94.402000,93.111500,94.341406,0.638288,79.140329,1,train
AAPL,240,2016-05-20,20:30:00,2016-05-20T20:30:00+00:00,95.119000,95.199000,95.089000,95.159000,31,0.110000,0.052571,94.789000,94.558000,93.355000,94.490059,0.592177,66.449776,1,train
AAPL,240,2016-05-23,12:30:00,2016-05-23T12:30:00+00:00,95.829000,97.169000,95.639000,96.579000,22574,1.530000,1.492239,95.257000,94.851000,93.679000,94.869867,0.722064,72.686641,0,train
AAPL,240,2016-05-23,16:30:00,2016-05-23T16:30:00+00:00,96.609000,96.959000,96.319000,96.369000,23898,0.640000,-0.217439,95.687000,95.017000,93.989500,95.142436,0.676216,70.470229,0,train
AAPL,240,2016-05-23,20:30:00,2016-05-23T20:30:00+00:00,96.369000,96.409000,96.219000,96.259000,26,0.190000,-0.114145,95.895000,95.180000,94.239000,95.345448,0.677549,67.554077,1,train
AAPL,240,2016-05-24,12:30:00,2016-05-24T12:30:00+00:00,97.019000,97.799000,96.809000,97.779000,19875,0.990000,1.579073,96.429000,95.482000,94.600500,95.787912,0.809638,79.942693,1,train
AAPL,240,2016-05-24,16:30:00,2016-05-24T16:30:00+00:00,97.769000,98.069000,97.619000,97.909000,24196,0.450000,0.132953,96.979000,95.884000,94.971000,96.173564,0.690987,80.169972,1,train
AAPL,240,2016-05-24,20:30:00,2016-05-24T20:30:00+00:00,97.909000,97.989000,97.879000,97.949000,38,0.110000,0.040854,97.253000,96.255000,95.191400,96.496371,0.701520,76.821192,1,train
AAPL,240,2016-05-25,12:30:00,2016-05-25T12:30:00+00:00,98.529000,99.269000,98.089000,99.219000,20099,1.180000,1.296593,97.823000,96.755000,95.460450,96.991394,0.738675,81.742739,1,train
AAPL,240,2016-05-25,16:30:00,2016-05-25T16:30:00+00:00,99.239000,99.729000,99.109000,99.549000,24174,0.620000,0.332598,98.481000,97.188000,95.747000,97.456413,0.714994,82.234186,0,train
AAPL,240,2016-05-25,20:30:00,2016-05-25T20:30:00+00:00,99.529000,99.579000,99.469000,99.549000,19,0.110000,0.000000,98.835000,97.632000,96.017000,97.836884,0.705751,93.140244,0,train
AAPL,240,2016-05-26,12:30:00,2016-05-26T12:30:00+00:00,99.579000,99.899000,98.609000,99.279000,19979,1.290000,-0.271223,99.109000,98.044000,96.301000,98.099087,0.733384,88.888889,1,train
AAPL,240,2016-05-26,16:30:00,2016-05-26T16:30:00+00:00,99.279000,100.719000,99.249000,100.469000,22855,1.470000,1.198642,99.613000,98.433000,96.642000,98.529980,0.690638,90.849673,0,train
AAPL,240,2016-05-26,20:30:00,2016-05-26T20:30:00+00:00,100.469000,100.519000,100.379000,100.419000,31,0.140000,-0.049767,99.853000,98.838000,96.927500,98.873438,0.675921,88.805970,0,train
AAPL,240,2016-05-27,12:30:00,2016-05-27T12:30:00+00:00,99.739000,100.459000,99.139000,99.989000,20403,1.320000,-0.428206,99.941000,99.211000,97.195500,99.076268,0.709670,84.757835,1,train
AAPL,240,2016-05-27,16:30:00,2016-05-27T16:30:00+00:00,99.989000,100.179000,99.719000,100.039000,22128,0.460000,0.050006,100.039000,99.437000,97.459500,99.251310,0.575387,84.757835,0,train
AAPL,240,2016-05-27,20:30:00,2016-05-27T20:30:00+00:00,100.019000,100.099000,99.989000,100.039000,20,0.110000,0.000000,100.191000,99.650000,97.767000,99.394526,0.579407,80.892857,0,train
AAPL,240,2016-05-31,12:30:00,2016-05-31T12:30:00+00:00,99.609000,100.239000,99.359000,99.439000,20914,0.880000,-0.599766,99.985000,99.799000,98.027000,99.402612,0.633894,75.626043,1,train
AAPL,240,2016-05-31,16:30:00,2016-05-31T16:30:00+00:00,99.469000,99.799000,98.669000,99.689000,24049,1.130000,0.251410,99.839000,99.846000,98.300500,99.454683,0.495400,77.977162,0,train
AAPL,240,2016-05-31,20:30:00,2016-05-31T20:30:00+00:00,99.709000,99.759000,99.689000,99.689000,20,0.070000,0.000000,99.779000,99.860000,98.524000,99.497286,0.485259,70.715835,0,train
AAPL,240,2016-06-01,12:30:00,2016-06-01T12:30:00+00:00,99.449000,99.479000,98.589000,98.939000,19945,0.890000,-0.752340,99.559000,99.799000,98.715500,99.395779,0.542774,59.847036,0,train
AAPL,240,2016-06-01,16:30:00,2016-06-01T16:30:00+00:00,98.959000,99.079000,98.149000,98.239000,23095,0.930000,-0.707507,99.199000,99.695000,98.869500,99.185456,0.578018,52.461800,0,train
AAPL,240,2016-06-01,20:30:00,2016-06-01T20:30:00+00:00,98.259000,98.279000,98.149000,98.179000,31,0.130000,-0.061076,98.947000,99.466000,98.949500,99.002464,0.358057,38.888889,0,train
AAPL,240,2016-06-02,12:30:00,2016-06-02T12:30:00+00:00,97.619000,97.749000,96.449000,96.789000,21388,1.300000,-1.415781,98.367000,99.103000,98.970500,98.600016,0.510075,25.958188,1,train
AAPL,240,2016-06-02,16:30:00,2016-06-02T16:30:00+00:00,96.789000,97.669000,96.599000,97.599000,23519,1.070000,0.836872,97.949000,98.864000,99.037500,98.418013,0.634683,35.114504,0,train
AAPL,240,2016-06-02,20:30:00,2016-06-02T20:30:00+00:00,97.589000,97.629000,97.439000,97.459000,37,0.190000,-0.143444,97.653000,98.606000,99.021500,98.243647,0.627778,35.825545,1,train
AAPL,240,2016-06-03,12:30:00,2016-06-03T12:30:00+00:00,97.639000,98.109000,97.129000,97.909000,20214,0.980000,0.461733,97.587000,98.393000,99.021500,98.182802,0.664844,27.464789,0,train
AAPL,240,2016-06-03,16:30:00,2016-06-03T16:30:00+00:00,97.919000,97.959000,97.519000,97.759000,23729,0.440000,-0.153203,97.503000,98.225000,99.012000,98.105747,0.650828,26.989619,1,train
AAPL,240,2016-06-03,20:30:00,2016-06-03T20:30:00+00:00,97.729000,97.849000,97.719000,97.799000,43,0.130000,0.040917,97.705000,98.036000,98.941000,98.049975,0.639041,29.684601,1,train
AAPL,240,2016-06-06,12:30:00,2016-06-06T12:30:00+00:00,97.719000,98.889000,97.379000,98.569000,21614,1.510000,0.787329,97.899000,97.924000,98.892000,98.144343,0.709575,37.970540,0,train
AAPL,240,2016-06-06,16:30:00,2016-06-06T16:30:00+00:00,98.599000,98.959000,98.329000,98.379000,22598,0.630000,-0.192758,98.083000,97.868000,98.833500,98.187008,0.674548,36.825397,1,train
AAPL,240,2016-06-06,20:30:00,2016-06-06T20:30:00+00:00,98.409000,98.429000,98.379000,98.409000,67,0.050000,0.030494,98.183000,97.885000,98.790000,98.227370,0.634364,41.012216,1,train
AAPL,240,2016-06-07,12:30:00,2016-06-07T12:30:00+00:00,98.899000,99.709000,98.649000,99.229000,20868,1.060000,0.833257,98.477000,97.990000,98.728000,98.409485,0.682983,46.349206,0,train
AAPL,240,2016-06-07,16:30:00,2016-06-07T16:30:00+00:00,99.259000,99.339000,98.759000,98.829000,22408,0.580000,-0.403108,98.683000,98.194000,98.648500,98.485760,0.475378,43.582090,0,train
AAPL,240,2016-06-07,20:30:00,2016-06-07T20:30:00+00:00,98.849000,98.849000,98.829000,98.829000,6,0.020000,0.000000,98.735000,98.317000,98.590500,98.548167,0.423561,49.075630,1,train
AAPL,240,2016-06-08,12:30:00,2016-06-08T12:30:00+00:00,98.859000,99.399000,98.499000,98.959000,20089,0.900000,0.131540,98.851000,98.467000,98.536500,98.622864,0.412908,56.691450,0,train
AAPL,240,2016-06-08,16:30:00,2016-06-08T16:30:00+00:00,98.949000,98.979000,98.579000,98.679000,21757,0.400000,-0.282945,98.905000,98.544000,98.468500,98.633071,0.418282,54.464286,0,train
AAPL,240,2016-06-08,20:30:00,2016-06-08T20:30:00+00:00,98.679000,98.719000,98.659000,98.679000,11,0.060000,0.000000,98.795000,98.636000,98.430500,98.641422,0.411578,72.446556,1,train
AAPL,240,2016-06-09,12:30:00,2016-06-09T12:30:00+00:00,98.469000,99.819000,98.289000,99.469000,20990,1.530000,0.800576,98.923000,98.803000,98.419500,98.791890,0.466973,72.315036,1,train
AAPL,240,2016-06-09,16:30:00,2016-06-09T16:30:00+00:00,99.439000,99.829000,99.329000,99.489000,23451,0.500000,0.020107,99.055000,98.895000,98.409500,98.918638,0.414428,74.938575,0,train
AAPL,240,2016-06-09,20:30:00,2016-06-09T20:30:00+00:00,99.489000,99.489000,99.329000,99.349000,20,0.160000,-0.140719,99.133000,98.992000,98.430000,98.996885,0.410742,69.148936,0,train
AAPL,240,2016-06-10,12:30:00,2016-06-10T12:30:00+00:00,98.879000,98.969000,98.309000,98.869000,19129,0.660000,-0.483145,99.171000,99.038000,98.461500,98.973633,0.450446,63.569682,0,train
AAPL,240,2016-06-10,16:30:00,2016-06-10T16:30:00+00:00,98.869000,99.189000,98.599000,98.659000,23006,0.590000,-0.212402,99.167000,98.981000,98.485500,98.916427,0.360097,60.093897,1,train
AAPL,240,2016-06-10,20:30:00,2016-06-10T20:30:00+00:00,98.659000,98.689000,98.639000,98.689000,8,0.050000,0.030408,99.011000,98.967000,98.580500,98.875077,0.339295,51.704545,0,train
AAPL,240,2016-06-13,12:30:00,2016-06-13T12:30:00+00:00,97.919000,98.959000,96.919000,97.159000,20089,2.040000,-1.550325,98.545000,98.800000,98.558500,98.563063,0.592255,37.448560,0,train
AAPL,240,2016-06-13,16:30:00,2016-06-13T16:30:00+00:00,97.189000,97.889000,96.959000,97.089000,26083,0.930000,-0.072047,98.093000,98.613000,98.540000,98.295051,0.584233,36.530612,0,train
AAPL,240,2016-06-13,20:30:00,2016-06-13T20:30:00+00:00,97.099000,97.109000,97.029000,97.049000,21,0.080000,-0.041199,97.729000,98.450000,98.497000,98.068497,0.584917,23.543689,1,train
AAPL,240,2016-06-14,12:30:00,2016-06-14T12:30:00+00:00,97.019000,98.309000,96.569000,97.099000,22108,1.740000,0.051520,97.417000,98.292000,98.464000,97.892225,0.586755,27.055703,1,train
AAPL,240,2016-06-14,16:30:00,2016-06-14T16:30:00+00:00,97.079000,97.419000,96.689000,97.209000,25129,0.730000,0.113286,97.121000,98.066000,98.434500,97.768002,0.494824,29.123711,0,train
AAPL,240,2016-06-14,20:30:00,2016-06-14T20:30:00+00:00,97.169000,97.189000,97.159000,97.189000,14,0.030000,-0.020574,97.127000,97.836000,98.365500,97.662729,0.492716,26.525199,1,train
AAPL,240,2016-06-15,12:30:00,2016-06-15T12:30:00+00:00,97.559000,98.249000,97.439000,97.879000,21093,0.810000,0.709957,97.285000,97.689000,98.340500,97.702051,0.576618,40.430622,0,train
AAPL,240,2016-06-15,16:30:00,2016-06-15T16:30:00+00:00,97.899000,98.049000,96.749000,96.829000,24751,1.300000,-1.072753,97.241000,97.485000,98.261500,97.543314,0.641277,32.313576,1,train
AAPL,240,2016-06-15,20:30:00,2016-06-15T20:30:00+00:00,96.749000,96.899000,96.729000,96.859000,28,0.170000,0.030982,97.193000,97.305000,98.143000,97.418894,0.645628,20.805369,0,train
AAPL,240,2016-06-16,12:30:00,2016-06-16T12:30:00+00:00,96.159000,96.689000,95.889000,96.589000,20920,0.800000,-0.278756,97.069000,97.095000,98.031000,97.268004,0.641713,19.279661,1,train
AAPL,240,2016-06-16,16:30:00,2016-06-16T16:30:00+00:00,96.609000,97.599000,96.469000,97.199000,26967,1.130000,0.631542,97.071000,97.099000,97.949500,97.255458,0.489317,29.287091,1,train
AAPL,240,2016-06-16,20:30:00,2016-06-16T20:30:00+00:00,97.049000,97.359000,97.039000,97.359000,9,0.320000,0.164611,96.967000,97.126000,97.869500,97.274284,0.490886,34.496920,0,train
AAPL,240,2016-06-17,12:30:00,2016-06-17T12:30:00+00:00,97.029000,97.109000,95.179000,95.709000,24418,1.930000,-1.694759,96.743000,96.992000,97.721000,96.989687,0.734942,26.624406,0,train
AAPL,240,2016-06-17,16:30:00,2016-06-17T16:30:00+00:00,95.689000,95.819000,95.039000,95.089000,26331,0.780000,-0.647797,96.389000,96.791000,97.541500,96.644107,0.748215,23.913043,1,train
AAPL,240,2016-06-17,20:30:00,2016-06-17T20:30:00+00:00,95.089000,95.109000,94.989000,95.109000,52,0.120000,0.021033,96.093000,96.581000,97.323500,96.364997,0.744394,30.983302,1,train
AAPL,240,2016-06-20,12:30:00,2016-06-20T12:30:00+00:00,95.919000,96.399000,95.449000,95.789000,22754,0.950000,0.714969,95.811000,96.441000,97.138500,96.260270,0.800069,39.166667,0,train
AAPL,240,2016-06-20,16:30:00,2016-06-20T16:30:00+00:00,95.789000,95.909000,94.849000,94.929000,24633,1.060000,-0.897807,95.325000,96.146000,96.917500,96.018221,0.770830,34.457478,1,train
AAPL,240,2016-06-20,20:30:00,2016-06-20T20:30:00+00:00,94.929000,95.159000,94.869000,95.009000,67,0.290000,0.084274,95.185000,95.964000,96.724500,95.834726,0.728080,34.744526,1,train
AAPL,240,2016-06-21,12:30:00,2016-06-21T12:30:00+00:00,94.999000,96.169000,94.519000,96.159000,22660,1.650000,1.210412,95.399000,95.894000,96.599500,95.893685,0.852281,43.346008,0,train
AAPL,240,2016-06-21,16:30:00,2016-06-21T16:30:00+00:00,96.129000,96.189000,95.619000,95.689000,25258,0.570000,-0.488774,95.515000,95.804000,96.449500,95.856470,0.860565,41.007194,0,train
AAPL,240,2016-06-21,20:30:00,2016-06-21T20:30:00+00:00,95.719000,95.719000,95.639000,95.679000,14,0.080000,-0.010451,95.493000,95.652000,96.375500,95.824202,0.823903,35.639687,0,train
AAPL,240,2016-06-22,12:30:00,2016-06-22T12:30:00+00:00,96.359000,96.729000,95.479000,95.659000,20692,1.250000,-0.020903,95.639000,95.482000,96.304000,95.794166,0.817989,41.176471,0,train
AAPL,240,2016-06-22,16:30:00,2016-06-22T16:30:00+00:00,95.639000,95.689000,95.189000,95.219000,25156,0.500000,-0.459967,95.681000,95.433000,96.212500,95.689590,0.635613,38.352273,1,train
AAPL,240,2016-06-22,20:30:00,2016-06-22T20:30:00+00:00,95.249000,95.419000,95.219000,95.409000,76,0.200000,0.199540,95.531000,95.465000,96.128000,95.638574,0.602614,41.522989,1,train
AAPL,240,2016-06-23,12:30:00,2016-06-23T12:30:00+00:00,95.789000,95.919000,95.069000,95.579000,20357,0.850000,0.178180,95.509000,95.512000,96.046500,95.627742,0.604250,37.576687,1,train
AAPL,240,2016-06-23,16:30:00,2016-06-23T16:30:00+00:00,95.589000,95.979000,95.209000,95.979000,24617,0.770000,0.418502,95.569000,95.531000,95.986000,95.691607,0.574596,39.792899,0,train
AAPL,240,2016-06-23,20:30:00,2016-06-23T20:30:00+00:00,95.969000,96.169000,95.879000,95.899000,69,0.290000,-0.083352,95.617000,95.628000,95.887000,95.729315,0.479734,51.830443,0,train
AAPL,240,2016-06-24,12:30:00,2016-06-24T12:30:00+00:00,93.409000,94.499000,92.539000,93.659000,22448,1.960000,-2.335791,95.305000,95.493000,95.728500,95.352894,0.908708,39.500734,0,train
AAPL,240,2016-06-24,16:30:00,2016-06-24T16:30:00+00:00,93.649000,93.759000,92.629000,93.299000,29377,1.130000,-0.384373,94.883000,95.207000,95.550500,94.979459,0.775735,37.342657,1,train
AAPL,240,2016-06-24,20:30:00,2016-06-24T20:30:00+00:00,93.299000,93.309000,93.189000,93.309000,45,0.120000,0.010718,94.429000,94.969000,95.386500,94.675739,0.778216,30.864198,0,train
AAPL,240,2016-06-27,12:30:00,2016-06-27T12:30:00+00:00,92.729000,92.999000,91.419000,91.959000,27095,1.580000,-1.446806,93.625000,94.597000,95.124500,94.181786,0.857821,28.694405,0,train
AAPL,240,2016-06-27,16:30:00,2016-06-27T16:30:00+00:00,91.949000,92.119000,91.319000,91.799000,29594,0.800000,-0.173991,92.805000,94.211000,94.846500,93.748553,0.851799,27.234043,0,train
AAPL,240,2016-06-27,20:30:00,2016-06-27T20:30:00+00:00,91.779000,91.849000,91.579000,91.669000,24,0.270000,-0.141614,92.407000,93.856000,94.644500,93.370452,0.855571,12.769486,1,train
AAPL,240,2016-06-28,12:30:00,2016-06-28T12:30:00+00:00,92.959000,93.149000,91.959000,92.279000,25102,1.190000,0.665438,92.203000,93.543000,94.504000,93.172006,0.901823,22.366288,1,train
AAPL,240,2016-06-28,16:30:00,2016-06-28T16:30:00+00:00,92.279000,93.499000,92.199000,93.419000,26950,1.300000,1.235384,92.225000,93.327000,94.419500,93.216914,1.021899,34.520548,1,train
AAPL,240,2016-06-28,20:30:00,2016-06-28T20:30:00+00:00,93.439000,93.459000,93.329000,93.439000,32,0.130000,0.021409,92.521000,93.073000,94.302000,93.257293,1.001692,34.794521,1,train
AAPL,240,2016-06-29,12:30:00,2016-06-29T12:30:00+00:00,93.899000,94.339000,93.449000,94.249000,24037,0.890000,0.866876,93.011000,92.908000,94.268000,93.437604,1.063803,43.676662,0,train
AAPL,240,2016-06-29,16:30:00,2016-06-29T16:30:00+00:00,94.259000,94.389000,93.939000,94.079000,23491,0.450000,-0.180373,93.493000,92.950000,94.221500,93.554221,0.747034,41.307190,1,train
AAPL,240,2016-06-29,20:30:00,2016-06-29T20:30:00+00:00,94.079000,94.289000,94.059000,94.259000,21,0.230000,0.191329,93.889000,93.046000,94.126500,93.682363,0.732108,41.383812,1,train
AAPL,240,2016-06-30,12:30:00,2016-06-30T12:30:00+00:00,93.899000,95.419000,93.889000,95.279000,25104,1.530000,1.082125,94.261000,93.243000,94.106000,93.972660,0.792694,45.772947,1,train
AAPL,240,2016-06-30,16:30:00,2016-06-30T16:30:00+00:00,95.289000,95.609000,95.159000,95.309000,26970,0.450000,0.031486,94.635000,93.578000,94.087500,94.215631,0.549521,46.415553,0,train
AAPL,240,2016-06-30,20:30:00,2016-06-30T20:30:00+00:00,95.289000,95.309000,95.199000,95.229000,10,0.110000,-0.083938,94.831000,93.921000,94.066000,94.399880,0.540464,62.932455,1,train
AAPL,240,2016-07-01,12:30:00,2016-07-01T12:30:00+00:00,95.409000,96.309000,95.179000,95.999000,22589,1.130000,0.808577,95.215000,94.354000,94.105000,94.690629,0.524032,70.833333,0,train
AAPL,240,2016-07-01,16:30:00,2016-07-01T16:30:00+00:00,95.999000,96.079000,95.599000,95.749000,24476,0.480000,-0.260419,95.513000,94.701000,94.122000,94.883060,0.564669,68.154762,1,train
AAPL,240,2016-07-01,20:30:00,2016-07-01T20:30:00+00:00,95.779000,95.819000,95.779000,95.779000,6,0.040000,0.031332,95.613000,94.937000,94.132000,95.045958,0.482297,85.370370,0,train
AAPL,240,2016-07-05,12:30:00,2016-07-05T12:30:00+00:00,95.039000,95.239000,94.279000,94.839000,23607,0.960000,-0.981426,95.519000,95.077000,94.075000,95.008330,0.619925,74.595469,1,train
AAPL,240,2016-07-05,16:30:00,2016-07-05T16:30:00+00:00,94.829000,94.899000,94.339000,94.849000,24462,0.560000,0.010544,95.443000,95.137000,94.022500,94.979361,0.566856,76.237624,0,train
AAPL,240,2016-07-05,20:30:00,2016-07-05T20:30:00+00:00,94.879000,94.879000,94.829000,94.849000,12,0.050000,0.000000,95.213000,95.214000,94.082000,94.955659,0.561023,73.577982,1,train
AAPL,240,2016-07-06,12:30:00,2016-07-06T12:30:00+00:00,94.319000,95.499000,94.189000,95.399000,25365,1.310000,0.579869,95.143000,95.328000,94.187000,95.036266,0.582408,70.370370,0,train
AAPL,240,2016-07-06,16:30:00,2016-07-06T16:30:00+00:00,95.399000,95.459000,94.839000,95.319000,26253,0.620000,-0.083858,95.051000,95.332000,94.287500,95.087672,0.475739,69.105691,0,train
AAPL,240,2016-07-06,20:30:00,2016-07-06T20:30:00+00:00,95.279000,95.309000,95.269000,95.289000,4,0.040000,-0.031473,95.141000,95.330000,94.454000,95.124277,0.475770,62.560386,1,train
AAPL,240,2016-07-07,12:30:00,2016-07-07T12:30:00+00:00,95.499000,96.329000,95.379000,96.119000,23514,0.950000,0.871034,95.395000,95.419000,94.670000,95.305136,0.547695,71.250000,0,train
AAPL,240,2016-07-07,16:30:00,2016-07-07T16:30:00+00:00,96.119000,96.119000,95.439000,95.719000,26020,0.680000,-0.416151,95.569000,95.391000,94.872500,95.380384,0.505568,64.541833,0,train
AAPL,240,2016-07-07,20:30:00,2016-07-07T20:30:00+00:00,95.709000,95.779000,95.629000,95.649000,7,0.150000,-0.073131,95.619000,95.381000,95.041000,95.429223,0.499435,54.545455,1,train
AAPL,240,2016-07-08,12:30:00,2016-07-08T12:30:00+00:00,95.679000,96.729000,95.669000,96.449000,23099,1.060000,0.836391,95.845000,95.448000,95.192500,95.614637,0.567029,61.776860,0,train
AAPL,240,2016-07-08,16:30:00,2016-07-08T16:30:00+00:00,96.419000,96.589000,96.199000,96.409000,23495,0.390000,-0.041473,96.069000,95.605000,95.341000,95.759067,0.435897,62.291667,0,train
AAPL,240,2016-07-08,20:30:00,2016-07-08T20:30:00+00:00,96.409000,96.409000,96.379000,96.409000,10,0.030000,0.000000,96.127000,95.761000,95.449000,95.877236,0.436325,55.086849,1,train
AAPL,240,2016-07-11,12:30:00,2016-07-11T12:30:00+00:00,96.989000,97.489000,96.549000,97.139000,22222,0.940000,0.757191,96.411000,95.990000,95.602000,96.106648,0.469146,65.410200,0,train
AAPL,240,2016-07-11,16:30:00,2016-07-11T16:30:00+00:00,97.129000,97.269000,96.649000,96.769000,22141,0.620000,-0.380897,96.635000,96.127000,95.727500,96.227076,0.489701,60.206186,0,train
AAPL,240,2016-07-11,20:30:00,2016-07-11T20:30:00+00:00,96.769000,96.819000,96.739000,96.739000,14,0.080000,-0.031002,96.693000,96.269000,95.800500,96.320153,0.487251,74.111675,1,train
AAPL,240,2016-07-12,12:30:00,2016-07-12T12:30:00+00:00,97.229000,97.539000,96.959000,97.359000,22491,0.580000,0.640900,96.883000,96.476000,95.903000,96.509034,0.505617,77.582418,0,train
AAPL,240,2016-07-12,16:30:00,2016-07-12T16:30:00+00:00,97.339000,97.369000,97.029000,97.259000,23779,0.340000,-0.102713,97.053000,96.590000,96.004500,96.645392,0.456932,75.913978,1,train
AAPL,240,2016-07-12,20:30:00,2016-07-12T20:30:00+00:00,97.259000,97.349000,97.229000,97.269000,34,0.120000,0.010282,97.079000,96.745000,96.068000,96.758775,0.419842,72.749392,0,train
AAPL,240,2016-07-13,12:30:00,2016-07-13T12:30:00+00:00,97.359000,97.499000,96.749000,96.819000,22957,0.750000,-0.462635,97.089000,96.862000,96.121500,96.769725,0.460166,66.741071,0,train
AAPL,240,2016-07-13,16:30:00,2016-07-13T16:30:00+00:00,96.839000,97.139000,96.609000,96.629000,23189,0.530000,-0.196242,97.067000,96.880000,96.164000,96.744139,0.393179,64.439655,0,train
AAPL,240,2016-07-13,20:30:00,2016-07-13T20:30:00+00:00,96.629000,96.739000,96.599000,96.619000,42,0.140000,-0.010349,96.919000,96.901000,96.253000,96.721386,0.392768,56.544503,1,train
AAPL,240,2016-07-14,12:30:00,2016-07-14T12:30:00+00:00,97.129000,98.419000,96.899000,98.229000,23978,1.520000,1.666339,97.113000,97.083000,96.422000,96.995498,0.650861,74.950298,1,train
AAPL,240,2016-07-14,16:30:00,2016-07-14T16:30:00+00:00,98.229000,98.819000,97.999000,98.619000,24604,0.820000,0.397031,97.383000,97.231000,96.610500,97.290680,0.625399,77.757009,0,train
AAPL,240,2016-07-14,20:30:00,2016-07-14T20:30:00+00:00,98.619000,98.619000,98.619000,98.619000,1,0.000000,0.000000,97.743000,97.416000,96.771500,97.532193,0.600362,73.846154,0,train
AAPL,240,2016-07-15,12:30:00,2016-07-15T12:30:00+00:00,98.439000,99.139000,98.239000,98.569000,23091,0.900000,-0.050700,98.131000,97.599000,96.934000,97.720703,0.601204,73.684211,0,train
AAPL,240,2016-07-15,16:30:00,2016-07-15T16:30:00+00:00,98.579000,98.819000,98.389000,98.419000,22459,0.430000,-0.152178,98.491000,97.705000,97.090500,97.847666,0.587141,71.337580,0,train
AAPL,240,2016-07-15,20:30:00,2016-07-15T20:30:00+00:00,98.399000,98.419000,98.219000,98.319000,51,0.200000,-0.101606,98.509000,97.811000,97.200500,97.933363,0.587096,64.460784,1,train
AAPL,240,2016-07-18,12:30:00,2016-07-18T12:30:00+00:00,98.859000,99.969000,98.409000,99.739000,22998,1.560000,1.444278,98.733000,98.058000,97.401500,98.261661,0.720098,78.947368,0,train
AAPL,240,2016-07-18,16:30:00,2016-07-18T16:30:00+00:00,99.729000,99.799000,99.199000,99.559000,22505,0.600000,-0.180471,98.921000,98.332000,97.597000,98.497541,0.693979,76.704545,1,train
AAPL,240,2016-07-18,20:30:00,2016-07-18T20:30:00+00:00,99.559000,99.599000,99.509000,99.579000,25,0.090000,0.020089,99.123000,98.627000,97.753500,98.694170,0.680672,73.717949,0,train
AAPL,240,2016-07-19,12:30:00,2016-07-19T12:30:00+00:00,99.229000,99.839000,99.159000,99.549000,22031,0.680000,-0.030127,99.349000,98.920000,97.910500,98.849593,0.681712,74.837310,1,train
AAPL,240,2016-07-19,16:30:00,2016-07-19T16:30:00+00:00,99.549000,99.849000,99.499000,99.729000,22641,0.350000,0.180815,99.631000,99.070000,98.076500,99.009485,0.484537,75.732218,0,train
AAPL,240,2016-07-19,20:30:00,2016-07-19T20:30:00+00:00,99.709000,99.719000,99.679000,99.709000,14,0.040000,-0.020054,99.625000,99.179000,98.205000,99.136670,0.479091,83.218391,1,train
AAPL,240,2016-07-20,12:30:00,2016-07-20T12:30:00+00:00,99.929000,100.289000,99.679000,99.789000,22789,0.610000,0.080233,99.671000,99.296000,98.356000,99.255275,0.477695,87.264151,0,train
AAPL,240,2016-07-20,16:30:00,2016-07-20T16:30:00+00:00,99.799000,99.849000,99.549000,99.709000,22796,0.300000,-0.080169,99.697000,99.410000,98.504500,99.337771,0.478947,85.846868,1,train
AAPL,240,2016-07-20,20:30:00,2016-07-20T20:30:00+00:00,99.779000,99.959000,99.749000,99.839000,46,0.210000,0.130379,99.755000,99.552000,98.628500,99.428903,0.469607,78.445230,0,train
AAPL,240,2016-07-21,12:30:00,2016-07-21T12:30:00+00:00,99.889000,100.829000,99.399000,99.559000,22666,1.430000,-0.280452,99.721000,99.676000,98.743500,99.452557,0.483222,67.279412,0,train
AAPL,240,2016-07-21,16:30:00,2016-07-21T16:30:00+00:00,99.529000,99.579000,98.899000,98.909000,24204,0.680000,-0.652879,99.561000,99.593000,98.825500,99.353729,0.243223,54.302671,1,train
AAPL,240,2016-07-21,20:30:00,2016-07-21T20:30:00+00:00,98.869000,99.089000,98.819000,99.019000,63,0.270000,0.111213,99.407000,99.539000,98.935500,99.292869,0.247719,56.559767,0,train
AAPL,240,2016-07-22,12:30:00,2016-07-22T12:30:00+00:00,98.849000,99.089000,98.129000,98.869000,21553,0.960000,-0.151486,99.239000,99.468000,99.047500,99.215802,0.247951,56.559767,0,train
AAPL,240,2016-07-22,16:30:00,2016-07-22T16:30:00+00:00,98.849000,98.889000,98.229000,98.309000,22156,0.660000,-0.566406,98.933000,99.344000,99.132000,99.050929,0.292127,49.871465,0,train
AAPL,240,2016-07-22,20:30:00,2016-07-22T20:30:00+00:00,98.269000,98.349000,98.269000,98.269000,24,0.080000,-0.040688,98.675000,99.198000,99.134000,98.908760,0.274222,20.717131,0,train
AAPL,240,2016-07-25,12:30:00,2016-07-25T12:30:00+00:00,98.249000,98.679000,97.239000,97.369000,22125,1.440000,-0.915853,98.367000,98.964000,99.071500,98.628804,0.360786,16.099071,0,train
AAPL,240,2016-07-25,16:30:00,2016-07-25T16:30:00+00:00,97.369000,97.409000,96.739000,97.229000,24916,0.670000,-0.143783,98.009000,98.708000,99.002000,98.374294,0.345560,14.925373,1,train
AAPL,240,2016-07-25,20:30:00,2016-07-25T20:30:00+00:00,97.239000,97.249000,96.889000,97.249000,64,0.360000,0.020570,97.685000,98.462000,98.936000,98.169695,0.352747,15.568862,0,train
AAPL,240,2016-07-26,12:30:00,2016-07-26T12:30:00+00:00,96.929000,97.809000,96.619000,97.089000,22652,1.190000,-0.164526,97.441000,98.187000,98.869500,97.973205,0.329042,10.240964,0,train
AAPL,240,2016-07-26,16:30:00,2016-07-26T16:30:00+00:00,97.079000,97.299000,95.849000,96.189000,24096,1.450000,-0.926985,97.025000,97.850000,98.763000,97.648804,0.387762,8.095238,1,train
AAPL,240,2016-07-26,20:30:00,2016-07-26T20:30:00+00:00,96.199000,101.929000,96.169000,101.699000,2716,5.760000,5.728306,97.891000,98.129000,98.861000,98.385203,1.944995,59.916926,1,train
AAPL,240,2016-07-27,12:30:00,2016-07-27T12:30:00+00:00,103.709000,104.509000,102.579000,102.839000,28121,1.930000,1.120955,99.013000,98.511000,99.025000,99.194985,1.960540,64.639850,1,train
AAPL,240,2016-07-27,16:30:00,2016-07-27T16:30:00+00:00,102.839000,103.639000,102.779000,103.039000,25868,0.860000,0.194479,100.171000,98.928000,99.198000,99.893896,1.952843,64.869888,0,train
AAPL,240,2016-07-27,20:30:00,2016-07-27T20:30:00+00:00,103.039000,103.069000,102.869000,102.889000,53,0.200000,-0.145576,101.331000,99.386000,99.365000,100.438461,1.933408,65.663217,1,train
AAPL,240,2016-07-28,12:30:00,2016-07-28T12:30:00+00:00,102.749000,104.059000,102.649000,103.579000,22935,1.410000,0.670626,102.809000,99.917000,99.557500,101.009468,1.925490,71.883786,1,train
AAPL,240,2016-07-28,16:30:00,2016-07-28T16:30:00+00:00,103.579000,104.309000,103.319000,104.239000,23285,0.990000,0.637195,103.317000,100.604000,99.784000,101.596656,1.856056,73.262032,1,train
AAPL,240,2016-07-28,20:30:00,2016-07-28T20:30:00+00:00,104.269000,104.309000,104.209000,104.279000,53,0.100000,0.038373,103.605000,101.309000,100.008500,102.084355,1.847739,74.347435,0,train
AAPL,240,2016-07-29,12:30:00,2016-07-29T12:30:00+00:00,104.179000,104.389000,103.499000,103.969000,21401,0.890000,-0.297279,103.791000,101.981000,100.221500,102.427017,1.863722,76.058932,1,train
AAPL,240,2016-07-29,16:30:00,2016-07-29T16:30:00+00:00,103.959000,104.239000,103.819000,104.049000,21733,0.420000,0.076946,104.023000,102.677000,100.432000,102.721923,1.853018,76.513761,1,train
AAPL,240,2016-07-29,20:30:00,2016-07-29T20:30:00+00:00,104.039000,104.079000,103.969000,104.059000,61,0.110000,0.009611,104.119000,103.464000,100.657000,102.965028,1.783465,83.416583,1,train
AAPL,240,2016-08-01,12:30:00,2016-08-01T12:30:00+00:00,104.629000,105.379000,104.259000,104.939000,21478,1.120000,0.845674,104.259000,103.788000,100.958500,103.323932,0.470160,85.860465,1,train
AAPL,240,2016-08-01,16:30:00,2016-08-01T16:30:00+00:00,104.939000,105.989000,104.889000,105.849000,24198,1.100000,0.867170,104.573000,104.089000,101.300000,103.783035,0.426666,86.941581,1,train
AAPL,240,2016-08-01,20:30:00,2016-08-01T20:30:00+00:00,105.849000,105.919000,105.829000,105.879000,18,0.090000,0.028342,104.955000,104.373000,101.650500,104.164120,0.433959,88.184188,0,train
AAPL,240,2016-08-02,12:30:00,2016-08-02T12:30:00+00:00,105.589000,105.909000,104.079000,104.329000,23332,1.830000,-1.463935,105.011000,104.517000,101.951500,104.194098,0.696268,83.470395,0,train
AAPL,240,2016-08-02,16:30:00,2016-08-02T16:30:00+00:00,104.299000,104.589000,103.819000,104.329000,24196,0.770000,0.000000,105.065000,104.592000,102.254500,104.218626,0.671472,69.774436,0,train
AAPL,240,2016-08-02,20:30:00,2016-08-02T20:30:00+00:00,104.349000,104.349000,104.309000,104.309000,18,0.040000,-0.019170,104.939000,104.599000,102.601500,104.235057,0.641747,63.291139,1,train
AAPL,240,2016-08-03,12:30:00,2016-08-03T12:30:00+00:00,104.569000,105.679000,104.359000,105.279000,21831,1.320000,0.929929,104.825000,104.699000,103.004000,104.424865,0.705146,67.777778,1,train
AAPL,240,2016-08-03,16:30:00,2016-08-03T16:30:00+00:00,105.279000,105.679000,105.229000,105.629000,21391,0.450000,0.332450,104.775000,104.865000,103.423000,104.643799,0.693981,71.076923,0,train
AAPL,240,2016-08-03,20:30:00,2016-08-03T20:30:00+00:00,105.629000,105.729000,105.599000,105.629000,24,0.130000,0.000000,105.035000,105.023000,103.850000,104.822926,0.695437,67.641997,0,train
AAPL,240,2016-08-04,12:30:00,2016-08-04T12:30:00+00:00,105.329000,105.839000,105.099000,105.489000,21549,0.740000,-0.132539,105.267000,105.166000,104.315000,104.944031,0.700131,61.814745,1,train
AAPL,240,2016-08-04,16:30:00,2016-08-04T16:30:00+00:00,105.489000,105.839000,105.359000,105.569000,19523,0.480000,0.075837,105.519000,105.229000,104.508500,105.057661,0.654613,62.101313,0,train
AAPL,240,2016-08-04,20:30:00,2016-08-04T20:30:00+00:00,105.549000,105.559000,105.519000,105.549000,62,0.040000,-0.018945,105.573000,105.199000,104.644000,105.146996,0.590298,65.674603,1,train
AAPL,240,2016-08-05,12:30:00,2016-08-05T12:30:00+00:00,105.899000,107.469000,105.869000,107.449000,22321,1.600000,1.800112,105.937000,105.356000,104.864500,105.565542,0.827091,74.781341,0,train
AAPL,240,2016-08-05,16:30:00,2016-08-05T16:30:00+00:00,107.449000,107.489000,107.169000,107.229000,20860,0.320000,-0.204748,106.257000,105.646000,105.081500,105.867989,0.625236,72.418670,0,train
AAPL,240,2016-08-05,20:30:00,2016-08-05T20:30:00+00:00,107.169000,107.309000,107.139000,107.209000,13,0.170000,-0.018652,106.601000,105.934000,105.263000,106.111809,0.626179,68.276973,1,train
AAPL,240,2016-08-08,12:30:00,2016-08-08T12:30:00+00:00,107.649000,107.909000,106.989000,107.839000,20408,0.920000,0.587637,107.055000,106.287000,105.443000,106.425844,0.623964,66.779089,1,train
AAPL,240,2016-08-08,16:30:00,2016-08-08T16:30:00+00:00,107.869000,108.249000,107.709000,108.149000,19399,0.540000,0.287466,107.575000,106.574000,105.636500,106.739145,0.587950,68.276973,0,train
AAPL,240,2016-08-08,20:30:00,2016-08-08T20:30:00+00:00,108.179000,108.249000,108.149000,108.149000,5,0.100000,0.000000,107.715000,106.826000,105.845500,106.995482,0.593454,90.987124,1,train
AAPL,240,2016-08-09,12:30:00,2016-08-09T12:30:00+00:00,108.349000,108.439000,107.829000,108.189000,21105,0.610000,0.036986,107.907000,107.082000,106.052500,107.212485,0.591922,91.063830,1,train
AAPL,240,2016-08-09,16:30:00,2016-08-09T16:30:00+00:00,108.189000,108.779000,108.009000,108.529000,22031,0.770000,0.314265,108.171000,107.386000,106.276000,107.451852,0.577247,92.031873,0,train
AAPL,240,2016-08-09,20:30:00,2016-08-09T20:30:00+00:00,108.459000,108.619000,108.429000,108.429000,44,0.190000,-0.092141,108.289000,107.672000,106.450500,107.629515,0.586414,87.951807,0,train
AAPL,240,2016-08-10,12:30:00,2016-08-10T12:30:00+00:00,108.629000,108.739000,107.579000,107.879000,21145,1.160000,-0.507244,108.235000,107.905000,106.552000,107.674876,0.631658,75.862069,0,train
AAPL,240,2016-08-10,16:30:00,2016-08-10T16:30:00+00:00,107.869000,108.079000,107.609000,107.799000,20694,0.470000,-0.074157,108.165000,107.940000,106.648000,107.697444,0.303825,74.492099,1,train
AAPL,240,2016-08-10,20:30:00,2016-08-10T20:30:00+00:00,107.789000,107.819000,107.789000,107.819000,3,0.030000,0.018553,108.091000,107.999000,106.822500,107.719545,0.292406,77.030162,1,train
AAPL,240,2016-08-11,12:30:00,2016-08-11T12:30:00+00:00,108.179000,108.779000,107.929000,108.319000,20643,0.850000,0.463740,108.049000,108.110000,107.022000,107.828537,0.317565,79.069767,0,train
AAPL,240,2016-08-11,16:30:00,2016-08-11T16:30:00+00:00,108.349000,108.429000,107.739000,107.819000,19857,0.690000,-0.461600,107.927000,108.108000,107.197500,107.826803,0.313139,71.785029,1,train
AAPL,240,2016-08-11,20:30:00,2016-08-11T20:30:00+00:00,107.829000,107.889000,107.769000,107.829000,16,0.120000,0.009275,107.917000,108.076000,107.325000,107.827202,0.296541,55.722892,1,train
AAPL,240,2016-08-12,12:30:00,2016-08-12T12:30:00+00:00,107.939000,108.279000,107.589000,107.889000,19944,0.690000,0.055644,107.935000,108.050000,107.438000,107.838438,0.297671,60.443038,1,train
AAPL,240,2016-08-12,16:30:00,2016-08-12T16:30:00+00:00,107.869000,108.049000,107.629000,107.959000,19188,0.420000,0.064881,107.963000,108.027000,107.554500,107.860359,0.298432,61.682243,0,train
AAPL,240,2016-08-12,20:30:00,2016-08-12T20:30:00+00:00,107.959000,107.959000,107.949000,107.949000,2,0.010000,-0.009263,107.889000,107.969000,107.677500,107.876475,0.274652,52.123552,1,train
AAPL,240,2016-08-15,12:30:00,2016-08-15T12:30:00+00:00,108.209000,109.359000,107.899000,109.169000,20152,1.460000,1.130163,108.159000,108.043000,107.857500,108.111480,0.462890,64.571429,1,train
AAPL,240,2016-08-15,16:30:00,2016-08-15T16:30:00+00:00,109.199000,109.639000,109.009000,109.549000,20045,0.630000,0.348084,108.503000,108.210000,108.057500,108.372847,0.421779,68.041237,1,train
AAPL,240,2016-08-15,20:30:00,2016-08-15T20:30:00+00:00,109.519000,109.609000,109.519000,109.569000,26,0.090000,0.018257,108.839000,108.387000,108.163500,108.590329,0.417199,67.875648,1,train
AAPL,240,2016-08-16,12:30:00,2016-08-16T12:30:00+00:00,109.559000,110.069000,109.319000,109.789000,21408,0.750000,0.200787,109.205000,108.584000,108.291500,108.808270,0.414120,66.844920,0,train
AAPL,240,2016-08-16,16:30:00,2016-08-16T16:30:00+00:00,109.789000,109.809000,109.029000,109.179000,21568,0.780000,-0.555611,109.451000,108.670000,108.390000,108.875675,0.459980,58.823529,1,train
AAPL,240,2016-08-16,20:30:00,2016-08-16T20:30:00+00:00,109.189000,109.249000,109.119000,109.249000,20,0.130000,0.064115,109.467000,108.813000,108.460500,108.943552,0.419452,68.169761,0,train
AAPL,240,2016-08-17,12:30:00,2016-08-17T12:30:00+00:00,109.079000,109.179000,108.169000,108.609000,21282,1.010000,-0.585818,109.279000,108.891000,108.483500,108.882725,0.477144,59.353349,1,train
AAPL,240,2016-08-17,16:30:00,2016-08-17T16:30:00+00:00,108.619000,109.219000,108.529000,108.959000,22639,0.690000,0.322257,109.157000,108.998000,108.524000,108.896593,0.483466,62.231760,1,train
AAPL,240,2016-08-17,20:30:00,2016-08-17T20:30:00+00:00,108.959000,109.069000,108.959000,109.069000,15,0.110000,0.100955,109.013000,109.109000,108.568000,108.927940,0.483311,58.782201,0,train
AAPL,240,2016-08-18,12:30:00,2016-08-18T12:30:00+00:00,108.849000,109.439000,108.829000,109.069000,19627,0.610000,0.000000,108.991000,109.221000,108.595000,108.953587,0.483080,66.578249,0,train
AAPL,240,2016-08-18,16:30:00,2016-08-18T16:30:00+00:00,109.099000,109.339000,108.819000,108.929000,19626,0.520000,-0.128359,108.927000,109.197000,108.620000,108.949117,0.323812,64.102564,0,train
AAPL,240,2016-08-18,20:30:00,2016-08-18T20:30:00+00:00,108.939000,108.939000,108.899000,108.929000,4,0.040000,0.000000,108.991000,109.135000,108.672500,108.945459,0.297288,63.541667,1,train
AAPL,240,2016-08-19,12:30:00,2016-08-19T12:30:00+00:00,108.789000,109.529000,108.179000,109.419000,21492,1.350000,0.449834,109.083000,109.120000,108.753500,109.031557,0.337876,67.136150,0,train
AAPL,240,2016-08-19,16:30:00,2016-08-19T16:30:00+00:00,109.419000,109.489000,108.869000,109.189000,21845,0.620000,-0.210201,109.107000,109.060000,108.822000,109.060183,0.333930,63.839286,1,train
AAPL,240,2016-08-19,20:30:00,2016-08-19T20:30:00+00:00,109.149000,109.409000,109.119000,109.219000,100,0.290000,0.027475,109.137000,109.064000,108.867000,109.089059,0.283811,50.759878,0,train
AAPL,240,2016-08-22,12:30:00,2016-08-22T12:30:00+00:00,109.139000,109.159000,107.669000,108.169000,21845,1.490000,-0.961371,108.985000,108.956000,108.884500,108.921776,0.414750,32.575758,1,train
AAPL,240,2016-08-22,16:30:00,2016-08-22T16:30:00+00:00,108.189000,108.469000,107.929000,108.309000,21560,0.540000,0.129427,108.861000,108.926000,108.908500,108.810362,0.381736,34.558824,1,train
AAPL,240,2016-08-22,20:30:00,2016-08-22T20:30:00+00:00,108.279000,108.359000,108.279000,108.349000,13,0.080000,0.036931,108.647000,108.865000,108.931500,108.726478,0.362931,31.538462,1,train
AAPL,240,2016-08-23,12:30:00,2016-08-23T12:30:00+00:00,108.479000,109.159000,108.259000,108.769000,21155,0.900000,0.387636,108.563000,108.835000,108.972000,108.734209,0.387178,44.474394,0,train
AAPL,240,2016-08-23,16:30:00,2016-08-23T16:30:00+00:00,108.779000,108.939000,108.539000,108.649000,20011,0.400000,-0.110326,108.449000,108.793000,109.007000,108.718717,0.387899,42.021277,1,train
AAPL,240,2016-08-23,20:30:00,2016-08-23T20:30:00+00:00,108.639000,108.669000,108.619000,108.669000,14,0.050000,0.018408,108.549000,108.767000,108.982000,108.709677,0.386871,50.955414,0,train
AAPL,240,2016-08-24,12:30:00,2016-08-24T12:30:00+00:00,108.739000,108.809000,107.749000,107.939000,20403,1.060000,-0.671765,108.475000,108.668000,108.901500,108.569554,0.437413,35.511364,0,train
AAPL,240,2016-08-24,16:30:00,2016-08-24T16:30:00+00:00,107.939000,108.249000,107.509000,107.789000,22651,0.740000,-0.138967,108.363000,108.505000,108.812500,108.427635,0.394097,32.022472,0,train
AAPL,240,2016-08-24,20:30:00,2016-08-24T20:30:00+00:00,107.759000,107.809000,107.709000,107.729000,13,0.100000,-0.055664,108.155000,108.359000,108.709500,108.300611,0.394472,31.491713,0,train
AAPL,240,2016-08-25,12:30:00,2016-08-25T12:30:00+00:00,107.399000,107.499000,106.509000,107.129000,21486,0.990000,-0.556953,107.851000,108.150000,108.607000,108.087590,0.410872,27.941176,1,train
AAPL,240,2016-08-25,16:30:00,2016-08-25T16:30:00+00:00,107.129000,107.719000,107.089000,107.409000,22479,0.630000,0.261367,107.599000,108.074000,108.515000,107.964210,0.330671,32.568807,0,train
AAPL,240,2016-08-25,20:30:00,2016-08-25T20:30:00+00:00,107.389000,107.409000,107.389000,107.409000,3,0.020000,0.000000,107.493000,107.984000,108.455000,107.863263,0.324473,24.031008,0,train
AAPL,240,2016-08-26,12:30:00,2016-08-26T12:30:00+00:00,107.129000,107.779000,106.129000,106.569000,23636,1.650000,-0.782057,107.249000,107.806000,108.335500,107.627942,0.387997,20.758929,1,train
AAPL,240,2016-08-26,16:30:00,2016-08-26T16:30:00+00:00,106.559000,106.969000,106.349000,106.819000,26018,0.620000,0.234590,107.067000,107.611000,108.223000,107.480862,0.366189,24.468085,0,train
AAPL,240,2016-08-26,20:30:00,2016-08-26T20:30:00+00:00,106.789000,106.839000,106.769000,106.769000,6,0.070000,-0.046808,106.995000,107.423000,108.108000,107.351433,0.368081,31.081081,1,train
AAPL,240,2016-08-29,12:30:00,2016-08-29T12:30:00+00:00,106.709000,107.069000,106.109000,106.839000,20877,0.960000,0.065562,106.881000,107.240000,108.003500,107.258263,0.371106,29.752066,0,train
AAPL,240,2016-08-29,16:30:00,2016-08-29T16:30:00+00:00,106.839000,107.279000,106.469000,106.489000,20466,0.810000,-0.327596,106.697000,107.095000,107.881500,107.118397,0.333343,26.395939,0,train
AAPL,240,2016-08-29,20:30:00,2016-08-29T20:30:00+00:00,106.319000,106.549000,106.309000,106.339000,105,0.240000,-0.140860,106.651000,106.950000,107.727500,106.976688,0.333347,16.893733,0,train
AAPL,240,2016-08-30,12:30:00,2016-08-30T12:30:00+00:00,105.459000,106.339000,105.249000,105.889000,20524,1.090000,-0.423175,106.465000,106.766000,107.562500,106.778927,0.343744,15.500000,0,train
AAPL,240,2016-08-30,16:30:00,2016-08-30T16:30:00+00:00,105.879000,105.979000,105.389000,105.759000,18625,0.590000,-0.122770,106.263000,106.629000,107.389500,106.593486,0.315959,14.598540,0,train
AAPL,240,2016-08-30,20:30:00,2016-08-30T20:30:00+00:00,105.649000,105.799000,105.619000,105.619000,71,0.180000,-0.132376,106.019000,106.450000,107.262000,106.416306,0.285042,17.045455,1,train
AAPL,240,2016-08-31,12:30:00,2016-08-31T12:30:00+00:00,105.829000,106.399000,105.439000,106.179000,19659,0.960000,0.530208,105.957000,106.327000,107.155500,106.373160,0.359308,29.516539,0,train
AAPL,240,2016-08-31,16:30:00,2016-08-31T16:30:00+00:00,106.189000,106.339000,105.839000,105.949000,19186,0.500000,-0.216615,105.879000,106.265000,107.035500,106.296040,0.277844,28.292683,0,train
AAPL,240,2016-08-31,20:30:00,2016-08-31T20:30:00+00:00,105.949000,105.949000,105.899000,105.899000,77,0.050000,-0.047193,105.881000,106.173000,106.892000,106.223851,0.258490,32.676056,1,train
AAPL,240,2016-09-01,12:30:00,2016-09-01T12:30:00+00:00,106.139000,106.369000,105.459000,106.229000,20430,0.910000,0.311618,105.975000,106.119000,106.771000,106.224787,0.287747,33.611111,1,train
AAPL,240,2016-09-01,16:30:00,2016-09-01T16:30:00+00:00,106.199000,106.639000,106.129000,106.549000,21013,0.510000,0.301236,106.161000,106.090000,106.665000,106.283735,0.307281,39.030612,0,train
AAPL,240,2016-09-01,20:30:00,2016-09-01T20:30:00+00:00,106.429000,106.529000,106.419000,106.429000,18,0.110000,-0.112624,106.211000,106.084000,106.589500,106.310147,0.290983,47.812500,1,train
AAPL,240,2016-09-02,12:30:00,2016-09-02T12:30:00+00:00,106.659000,107.839000,106.639000,106.809000,19719,1.200000,0.357046,106.383000,106.131000,106.540500,106.400847,0.307340,49.849850,1,train
AAPL,240,2016-09-02,16:30:00,2016-09-02T16:30:00+00:00,106.799000,107.599000,106.729000,107.449000,19728,0.870000,0.599200,106.693000,106.287000,106.526500,106.591421,0.304503,58.673469,0,train
AAPL,240,2016-09-02,20:30:00,2016-09-02T20:30:00+00:00,107.499000,107.569000,107.419000,107.449000,4,0.150000,0.000000,106.937000,106.456000,106.542500,106.747344,0.294747,57.922078,1,train
AAPL,240,2016-09-06,12:30:00,2016-09-06T12:30:00+00:00,107.859000,108.139000,107.469000,107.639000,17587,0.670000,0.176828,107.155000,106.658000,106.554000,106.909463,0.276427,65.582656,0,train
AAPL,240,2016-09-06,16:30:00,2016-09-06T16:30:00+00:00,107.649000,107.789000,107.329000,107.479000,15255,0.460000,-0.148645,107.365000,106.788000,106.557500,107.013015,0.266775,65.405405,1,train
AAPL,240,2016-09-06,20:30:00,2016-09-06T20:30:00+00:00,107.479000,107.539000,107.469000,107.539000,21,0.070000,0.055825,107.511000,106.947000,106.606000,107.108649,0.241010,74.924471,0,train
AAPL,240,2016-09-07,12:30:00,2016-09-07T12:30:00+00:00,107.699000,107.829000,106.929000,107.079000,19007,0.900000,-0.427752,107.437000,107.065000,106.619000,107.103258,0.298643,68.131868,1,train
AAPL,240,2016-09-07,16:30:00,2016-09-07T16:30:00+00:00,107.049000,108.589000,106.889000,108.209000,22643,1.700000,1.055296,107.589000,107.263000,106.691000,107.304302,0.421429,77.969762,0,train
AAPL,240,2016-09-07,20:30:00,2016-09-07T20:30:00+00:00,108.189000,108.219000,108.169000,108.199000,27,0.050000,-0.009241,107.701000,107.428000,106.759000,107.466975,0.423399,74.754902,0,train
AAPL,240,2016-09-08,12:30:00,2016-09-08T12:30:00+00:00,107.639000,107.839000,105.469000,105.539000,22464,2.370000,-2.458433,107.313000,107.339000,106.711500,107.116434,0.932120,46.850998,0,train
AAPL,240,2016-09-08,16:30:00,2016-09-08T16:30:00+00:00,105.529000,105.749000,105.069000,105.349000,21962,0.680000,-0.180028,106.875000,107.193000,106.662000,106.795082,0.919528,45.864662,0,train
AAPL,240,2016-09-08,20:30:00,2016-09-08T20:30:00+00:00,105.329000,105.369000,105.299000,105.299000,37,0.070000,-0.047461,106.519000,106.978000,106.632500,106.523067,0.884325,42.700157,0,train
AAPL,240,2016-09-09,12:30:00,2016-09-09T12:30:00+00:00,104.839000,105.559000,103.399000,103.659000,22742,2.160000,-1.557470,105.609000,106.599000,106.527500,106.002328,0.977726,31.209363,0,train
AAPL,240,2016-09-09,16:30:00,2016-09-09T16:30:00+00:00,103.639000,103.849000,102.859000,103.099000,25410,0.990000,-0.540233,104.589000,106.145000,106.401500,105.474450,0.960605,29.520295,0,train
AAPL,240,2016-09-09,20:30:00,2016-09-09T20:30:00+00:00,103.099000,103.139000,103.019000,103.019000,76,0.120000,-0.077595,104.085000,105.699000,106.243500,105.028004,0.963142,25.798212,1,train
AAPL,240,2016-09-12,12:30:00,2016-09-12T12:30:00+00:00,102.459000,104.839000,102.369000,104.379000,22728,2.470000,1.320145,103.891000,105.383000,106.165000,104.910004,1.104907,32.046784,1,train
AAPL,240,2016-09-12,16:30:00,2016-09-12T16:30:00+00:00,104.399000,105.559000,104.069000,105.289000,24970,1.490000,0.871823,103.889000,105.204000,106.134500,104.978912,1.162146,38.583510,0,train
AAPL,240,2016-09-12,20:30:00,2016-09-12T20:30:00+00:00,105.289000,105.299000,105.269000,105.279000,23,0.030000,-0.009498,104.213000,104.911000,106.087000,105.033474,1.084366,37.284483,1,train
AAPL,240,2016-09-13,12:30:00,2016-09-13T12:30:00+00:00,106.319000,108.629000,106.299000,108.029000,26186,2.330000,2.612107,105.199000,104.894000,106.161000,105.578115,1.419223,52.316765,0,train
AAPL,240,2016-09-13,16:30:00,2016-09-13T16:30:00+00:00,107.989000,108.319000,107.559000,107.719000,26762,0.760000,-0.286960,106.139000,105.112000,106.225500,105.967367,1.141325,50.742574,1,train
AAPL,240,2016-09-13,20:30:00,2016-09-13T20:30:00+00:00,107.649000,107.819000,107.619000,107.779000,57,0.200000,0.055700,106.819000,105.355000,106.274000,106.296754,1.134779,52.986348,1,train
AAPL,240,2016-09-14,12:30:00,2016-09-14T12:30:00+00:00,108.569000,112.669000,108.299000,112.389000,25421,4.370000,4.277271,108.239000,106.064000,106.521000,107.404435,1.699265,63.750000,0,train
AAPL,240,2016-09-14,16:30:00,2016-09-14T16:30:00+00:00,112.429000,112.869000,110.779000,111.459000,27644,2.090000,-0.827483,109.475000,106.844000,106.721500,108.141629,1.606243,60.111663,1,train
AAPL,240,2016-09-14,20:30:00,2016-09-14T20:30:00+00:00,111.479000,111.529000,111.459000,111.529000,19,0.070000,0.062803,110.175000,107.687000,106.916000,108.757515,1.563612,72.135994,1,train
AAPL,240,2016-09-15,12:30:00,2016-09-15T12:30:00+00:00,113.199000,115.339000,113.089000,114.959000,25580,2.250000,3.075433,111.623000,108.881000,107.290000,109.885057,1.680551,78.652355,1,train
AAPL,240,2016-09-15,16:30:00,2016-09-15T16:30:00+00:00,114.969000,115.569000,114.509000,115.189000,24025,1.060000,0.200071,113.105000,109.962000,107.672500,110.849411,1.702551,79.174041,0,train
AAPL,240,2016-09-15,20:30:00,2016-09-15T20:30:00+00:00,115.199000,115.219000,115.099000,115.139000,73,0.120000,-0.043407,113.655000,110.947000,108.075500,111.629336,1.734690,87.369792,0,train
AAPL,240,2016-09-16,12:30:00,2016-09-16T12:30:00+00:00,114.899000,115.959000,114.379000,114.459000,23696,1.580000,-0.590591,114.255000,111.865000,108.388000,112.143820,1.778162,86.692506,1,train
AAPL,240,2016-09-16,16:30:00,2016-09-16T16:30:00+00:00,114.439000,114.959000,113.859000,114.859000,23762,1.100000,0.349470,114.921000,112.548000,108.721000,112.637489,1.670200,87.468354,0,train
AAPL,240,2016-09-16,20:30:00,2016-09-16T20:30:00+00:00,114.819000,114.869000,114.809000,114.819000,55,0.060000,-0.034825,114.893000,113.258000,109.185000,113.034128,1.656715,86.049724,0,train
AAPL,240,2016-09-19,12:30:00,2016-09-19T12:30:00+00:00,115.219000,116.009000,113.149000,113.469000,21619,2.860000,-1.175764,114.549000,113.827000,109.591000,113.113195,1.749188,77.412869,0,train
AAPL,240,2016-09-19,16:30:00,2016-09-19T16:30:00+00:00,113.469000,113.979000,113.079000,113.399000,21812,0.900000,-0.061691,114.201000,113.928000,109.996000,113.165160,1.152593,77.102804,0,train
AAPL,240,2016-09-19,20:30:00,2016-09-19T20:30:00+00:00,113.379000,113.409000,113.339000,113.389000,12,0.070000,-0.008818,113.987000,114.121000,110.482500,113.205858,1.107969,71.895425,1,train
AAPL,240,2016-09-20,12:30:00,2016-09-20T12:30:00+00:00,113.059000,113.959000,112.349000,113.649000,21020,1.610000,0.229299,113.745000,114.333000,111.010000,113.286429,1.107308,74.323216,0,train
AAPL,240,2016-09-20,16:30:00,2016-09-20T16:30:00+00:00,113.659000,113.779000,113.009000,113.269000,20418,0.770000,-0.334363,113.435000,114.164000,111.522500,113.283260,0.453194,71.942446,0,train
AAPL,240,2016-09-20,20:30:00,2016-09-20T20:30:00+00:00,113.239000,113.349000,113.229000,113.229000,10,0.120000,-0.035314,113.387000,113.968000,111.965000,113.273395,0.439053,55.289673,0,train
AAPL,240,2016-09-21,12:30:00,2016-09-21T12:30:00+00:00,113.999000,114.059000,112.329000,112.429000,19538,1.730000,-0.706533,113.193000,113.697000,112.322000,113.119868,0.466902,56.209987,1,train
AAPL,240,2016-09-21,16:30:00,2016-09-21T16:30:00+00:00,112.399000,113.469000,112.269000,113.449000,23254,1.200000,0.907239,113.205000,113.596000,112.730500,113.179711,0.569759,60.958904,0,train
AAPL,240,2016-09-21,20:30:00,2016-09-21T20:30:00+00:00,113.439000,113.509000,113.369000,113.429000,67,0.140000,-0.017629,113.161000,113.453000,113.000500,113.225036,0.549986,35.700935,1,train
AAPL,240,2016-09-22,12:30:00,2016-09-22T12:30:00+00:00,113.839000,114.769000,113.809000,114.429000,19692,0.960000,0.881609,113.393000,113.414000,113.336000,113.443938,0.636080,43.790850,0,train
AAPL,240,2016-09-22,16:30:00,2016-09-22T16:30:00+00:00,114.409000,114.629000,114.049000,114.389000,20534,0.580000,-0.034956,113.625000,113.506000,113.666500,113.615768,0.494806,43.862520,1,train
AAPL,240,2016-09-22,20:30:00,2016-09-22T20:30:00+00:00,114.419000,114.469000,114.369000,114.459000,15,0.100000,0.061195,114.031000,113.612000,113.770000,113.769083,0.492364,50.000000,0,train
AAPL,240,2016-09-23,12:30:00,2016-09-23T12:30:00+00:00,114.159000,114.719000,113.929000,114.389000,18332,0.790000,-0.061157,114.219000,113.712000,113.916500,113.881795,0.493856,45.454545,0,train
AAPL,240,2016-09-23,16:30:00,2016-09-23T16:30:00+00:00,114.389000,114.539000,111.389000,112.229000,23409,3.150000,-1.888293,113.979000,113.570000,113.951500,113.581287,0.791368,32.235940,1,train
AAPL,240,2016-09-23,20:30:00,2016-09-23T20:30:00+00:00,112.229000,112.299000,112.129000,112.259000,53,0.170000,0.026731,113.545000,113.469000,113.816500,113.340871,0.788877,39.865997,1,train
AAPL,240,2016-09-26,12:30:00,2016-09-26T12:30:00+00:00,111.549000,113.229000,111.199000,112.869000,20372,2.030000,0.543386,113.241000,113.433000,113.700500,113.255076,0.813896,45.929339,0,train
AAPL,240,2016-09-26,16:30:00,2016-09-26T16:30:00+00:00,112.869000,113.029000,112.619000,112.639000,19920,0.410000,-0.203776,112.877000,113.454000,113.575500,113.143062,0.782297,44.427935,1,train
AAPL,240,2016-09-26,20:30:00,2016-09-26T20:30:00+00:00,112.659000,112.689000,112.649000,112.659000,9,0.040000,0.017756,112.531000,113.375000,113.485500,113.055051,0.718343,42.372881,1,train
AAPL,240,2016-09-27,12:30:00,2016-09-27T12:30:00+00:00,112.759000,113.049000,112.159000,112.689000,20076,0.890000,0.026629,112.623000,113.301000,113.377000,112.988496,0.718820,45.276873,1,train
AAPL,240,2016-09-27,16:30:00,2016-09-27T16:30:00+00:00,112.689000,113.019000,112.509000,112.859000,20484,0.510000,0.150858,112.743000,113.144000,113.279000,112.964952,0.645518,47.049442,0,train
AAPL,240,2016-09-27,20:30:00,2016-09-27T20:30:00+00:00,112.859000,112.909000,112.849000,112.849000,4,0.060000,-0.008861,112.739000,112.990000,113.248000,112.943869,0.646026,53.832117,1,train
AAPL,240,2016-09-28,12:30:00,2016-09-28T12:30:00+00:00,113.569000,114.479000,113.339000,113.469000,22169,1.140000,0.549407,112.905000,112.891000,113.251500,113.039348,0.679936,50.196850,1,train
AAPL,240,2016-09-28,16:30:00,2016-09-28T16:30:00+00:00,113.499000,113.989000,113.269000,113.679000,23333,0.720000,0.185073,113.109000,112.820000,113.266000,113.155648,0.685321,52.371917,0,train
AAPL,240,2016-09-28,20:30:00,2016-09-28T20:30:00+00:00,113.649000,113.689000,113.649000,113.679000,7,0.040000,0.000000,113.307000,112.965000,113.267500,113.250803,0.243077,41.217799,0,train
AAPL,240,2016-09-29,12:30:00,2016-09-29T12:30:00+00:00,112.999000,113.619000,112.019000,112.749000,20790,1.600000,-0.818093,113.285000,113.014000,113.241500,113.159566,0.386790,34.108527,0,train
AAPL,240,2016-09-29,16:30:00,2016-09-29T16:30:00+00:00,112.729000,112.809000,111.619000,112.069000,27146,1.190000,-0.603110,113.129000,112.934000,113.183500,112.961281,0.392276,29.289428,0,train
AAPL,240,2016-09-29,20:30:00,2016-09-29T20:30:00+00:00,112.059000,112.079000,112.059000,112.069000,5,0.020000,0.000000,112.849000,112.877000,113.165500,112.799048,0.389864,29.649123,1,train
AAPL,240,2016-09-30,12:30:00,2016-09-30T12:30:00+00:00,112.429000,113.069000,111.629000,112.919000,23389,1.440000,0.758461,112.697000,112.903000,113.139000,112.820858,0.466922,57.858770,0,train
AAPL,240,2016-09-30,16:30:00,2016-09-30T16:30:00+00:00,112.899000,113.199000,112.619000,112.799000,23636,0.580000,-0.106271,112.521000,112.914000,113.107500,112.816884,0.468728,56.026786,0,train
AAPL,240,2016-09-30,20:30:00,2016-09-30T20:30:00+00:00,112.819000,112.849000,112.619000,112.649000,59,0.230000,-0.132980,112.501000,112.893000,113.018500,112.786359,0.467894,47.263682,0,train
AAPL,240,2016-10-03,12:30:00,2016-10-03T12:30:00+00:00,112.859000,112.889000,112.159000,112.529000,21738,0.730000,-0.106526,112.593000,112.861000,112.925500,112.739567,0.468709,48.593350,0,train
AAPL,240,2016-10-03,16:30:00,2016-10-03T16:30:00+00:00,112.529000,112.539000,112.109000,112.179000,23284,0.430000,-0.311031,112.615000,112.732000,112.811500,112.637646,0.428290,44.339623,1,train
AAPL,240,2016-10-03,20:30:00,2016-10-03T20:30:00+00:00,112.149000,112.389000,112.119000,112.389000,63,0.270000,0.187201,112.509000,112.603000,112.711500,112.592437,0.428456,46.606335,1,train
AAPL,240,2016-10-04,12:30:00,2016-10-04T12:30:00+00:00,112.399000,114.149000,112.279000,113.169000,25233,1.870000,0.694018,112.583000,112.552000,112.758500,112.697267,0.499204,53.081511,0,train
AAPL,240,2016-10-04,16:30:00,2016-10-04T16:30:00+00:00,113.199000,113.359000,112.449000,112.779000,26726,0.910000,-0.344617,112.609000,112.555000,112.784500,112.712127,0.436070,49.353050,1,train
AAPL,240,2016-10-04,20:30:00,2016-10-04T20:30:00+00:00,112.809000,112.809000,112.749000,112.809000,7,0.060000,0.026601,112.665000,112.629000,112.781500,112.729741,0.380686,43.153527,1,train
AAPL,240,2016-10-05,12:30:00,2016-10-05T12:30:00+00:00,112.959000,113.489000,112.519000,112.929000,21900,0.970000,0.106374,112.815000,112.715000,112.796000,112.765970,0.380108,42.071882,1,train
AAPL,240,2016-10-05,16:30:00,2016-10-05T16:30:00+00:00,112.919000,113.649000,112.709000,113.619000,21775,0.940000,0.611003,113.061000,112.785000,112.844000,112.921066,0.352605,49.446494,0,train
AAPL,240,2016-10-05,20:30:00,2016-10-05T20:30:00+00:00,113.639000,113.699000,112.879000,113.259000,182,0.820000,-0.316848,113.079000,112.831000,112.872500,112.982509,0.369670,55.257732,1,train
AAPL,240,2016-10-06,12:30:00,2016-10-06T12:30:00+00:00,113.259000,114.069000,112.949000,114.039000,23567,1.120000,0.688687,113.331000,112.970000,112.931500,113.174598,0.415143,69.898990,0,train
AAPL,240,2016-10-06,16:30:00,2016-10-06T16:30:00+00:00,114.039000,114.179000,113.689000,113.759000,23356,0.490000,-0.245530,113.521000,113.093000,112.977000,113.280853,0.425889,66.156788,0,train
AAPL,240,2016-10-06,20:30:00,2016-10-06T20:30:00+00:00,113.759000,113.769000,113.699000,113.759000,15,0.070000,0.000000,113.687000,113.251000,112.991500,113.367789,0.402471,59.589041,0,train
AAPL,240,2016-10-07,12:30:00,2016-10-07T12:30:00+00:00,113.649000,114.399000,113.329000,113.739000,24328,1.070000,-0.017581,113.711000,113.386000,112.994500,113.435282,0.405043,60.981308,1,train
AAPL,240,2016-10-07,16:30:00,2016-10-07T16:30:00+00:00,113.739000,114.139000,113.489000,113.899000,23557,0.650000,0.140673,113.839000,113.459000,113.005500,113.519594,0.352308,64.568765,0,train
AAPL,240,2016-10-07,20:30:00,2016-10-07T20:30:00+00:00,113.909000,113.909000,113.799000,113.799000,12,0.110000,-0.087797,113.791000,113.561000,113.058000,113.570395,0.327637,64.871194,1,train
AAPL,240,2016-10-10,12:30:00,2016-10-10T12:30:00+00:00,114.989000,116.319000,114.549000,116.049000,23488,1.770000,1.977170,114.249000,113.885000,113.257000,114.021051,0.678303,81.361426,0,train
AAPL,240,2016-10-10,16:30:00,2016-10-10T16:30:00+00:00,116.049000,116.589000,115.789000,115.909000,23116,0.800000,-0.120639,114.679000,114.183000,113.449000,114.364314,0.688688,78.852459,1,train
AAPL,240,2016-10-10,20:30:00,2016-10-10T20:30:00+00:00,115.889000,115.949000,115.889000,115.949000,16,0.060000,0.034510,115.121000,114.416000,113.600500,114.652439,0.680391,75.932836,1,train
AAPL,240,2016-10-11,12:30:00,2016-10-11T12:30:00+00:00,118.019000,118.529000,116.539000,116.719000,27337,1.990000,0.664085,115.685000,114.762000,113.796500,115.028177,0.667339,84.320557,0,train
AAPL,240,2016-10-11,16:30:00,2016-10-11T16:30:00+00:00,116.689000,117.269000,116.019000,116.199000,28730,1.250000,-0.445514,116.165000,114.978000,113.974000,115.241054,0.690553,77.207063,0,train
AAPL,240,2016-10-11,20:30:00,2016-10-11T20:30:00+00:00,116.199000,116.249000,116.169000,116.199000,24,0.080000,0.000000,116.195000,115.222000,114.157500,115.415226,0.677592,76.759411,1,train
AAPL,240,2016-10-12,12:30:00,2016-10-12T12:30:00+00:00,116.519000,117.579000,116.389000,117.229000,21739,1.190000,0.886410,116.459000,115.569000,114.410000,115.745003,0.703884,77.984496,0,train
AAPL,240,2016-10-12,16:30:00,2016-10-12T16:30:00+00:00,117.219000,117.819000,116.929000,117.119000,22186,0.890000,-0.093833,116.693000,115.907000,114.646500,115.994821,0.708145,81.129032,0,train
AAPL,240,2016-10-12,20:30:00,2016-10-12T20:30:00+00:00,117.119000,117.119000,117.089000,117.109000,26,0.030000,-0.008538,116.771000,116.228000,114.843500,116.197399,0.713323,78.268877,0,train
AAPL,240,2016-10-13,12:30:00,2016-10-13T12:30:00+00:00,116.439000,117.119000,115.569000,116.449000,22603,1.550000,-0.563578,116.821000,116.493000,115.027000,116.243144,0.755258,73.149742,1,train
AAPL,240,2016-10-13,16:30:00,2016-10-13T16:30:00+00:00,116.459000,117.279000,116.339000,116.569000,23484,0.940000,0.103049,116.895000,116.545000,115.215000,116.302391,0.441876,73.693086,1,train
AAPL,240,2016-10-13,20:30:00,2016-10-13T20:30:00+00:00,116.609000,116.799000,116.609000,116.799000,20,0.190000,0.197308,116.809000,116.634000,115.408500,116.392683,0.440020,74.918567,1,train
AAPL,240,2016-10-14,12:30:00,2016-10-14T12:30:00+00:00,117.349000,117.989000,116.949000,117.509000,21563,1.040000,0.607882,116.887000,116.790000,115.603000,116.595650,0.470138,76.980568,0,train
AAPL,240,2016-10-14,16:30:00,2016-10-14T16:30:00+00:00,117.519000,117.739000,117.169000,117.489000,23756,0.570000,-0.017020,116.963000,116.867000,115.814500,116.758077,0.432780,77.912254,0,train
AAPL,240,2016-10-14,20:30:00,2016-10-14T20:30:00+00:00,117.459000,117.509000,117.459000,117.489000,21,0.050000,0.000000,117.171000,116.996000,115.987000,116.890972,0.395530,66.513761,0,train
AAPL,240,2016-10-17,12:30:00,2016-10-17T12:30:00+00:00,117.599000,117.759000,116.599000,116.949000,21160,1.160000,-0.459617,117.247000,117.071000,116.146500,116.901523,0.434653,60.924370,1,train
AAPL,240,2016-10-17,16:30:00,2016-10-17T16:30:00+00:00,116.979000,117.469000,116.749000,117.349000,21345,0.720000,0.342029,117.357000,117.083000,116.326000,116.982882,0.345274,63.671875,0,train
AAPL,240,2016-10-17,20:30:00,2016-10-17T20:30:00+00:00,117.549000,117.569000,117.089000,117.099000,26,0.480000,-0.213040,117.275000,117.081000,116.494000,117.003995,0.351292,54.130435,1,train
AAPL,240,2016-10-18,12:30:00,2016-10-18T12:30:00+00:00,117.989000,118.329000,117.419000,117.979000,20417,0.910000,0.751501,117.373000,117.168000,116.698000,117.181268,0.424176,67.943548,0,train
AAPL,240,2016-10-18,16:30:00,2016-10-18T16:30:00+00:00,118.009000,118.029000,117.019000,117.079000,20418,1.010000,-0.762848,117.291000,117.231000,116.862000,117.162674,0.460616,57.508532,1,train
AAPL,240,2016-10-18,20:30:00,2016-10-18T20:30:00+00:00,117.079000,117.199000,117.049000,117.139000,37,0.150000,0.051247,117.329000,117.288000,116.916500,117.158370,0.460305,49.079755,0,train
AAPL,240,2016-10-19,12:30:00,2016-10-19T12:30:00+00:00,117.259000,117.599000,116.429000,117.059000,19519,1.170000,-0.068295,117.271000,117.314000,116.974000,117.140302,0.458504,49.382716,0,train
AAPL,240,2016-10-19,16:30:00,2016-10-19T16:30:00+00:00,117.029000,117.419000,116.839000,117.059000,18801,0.580000,0.000000,117.263000,117.269000,117.029500,117.125520,0.410115,49.484536,0,train
AAPL,240,2016-10-19,20:30:00,2016-10-19T20:30:00+00:00,117.059000,117.059000,116.969000,116.999000,42,0.090000,-0.051256,117.067000,117.220000,117.043500,117.102517,0.410067,56.470588,0,train
AAPL,240,2016-10-20,12:30:00,2016-10-20T12:30:00+00:00,116.629000,117.159000,116.149000,116.929000,20158,1.010000,-0.059830,117.037000,117.164000,117.080000,117.070968,0.409838,54.285714,0,train
AAPL,240,2016-10-20,16:30:00,2016-10-20T16:30:00+00:00,116.929000,117.219000,116.629000,116.869000,21145,0.590000,-0.051313,116.983000,117.156000,117.113500,117.034247,0.383668,50.868486,1,train
AAPL,240,2016-10-20,20:30:00,2016-10-20T20:30:00+00:00,116.899000,116.959000,116.869000,116.939000,17,0.090000,0.059896,116.959000,117.115000,117.099000,117.016929,0.365143,41.592920,0,train
AAPL,240,2016-10-21,12:30:00,2016-10-21T12:30:00+00:00,116.839000,117.099000,116.139000,116.379000,20114,0.960000,-0.478882,116.823000,117.043000,117.062000,116.900942,0.388523,35.877863,0,train
AAPL,240,2016-10-21,16:30:00,2016-10-21T16:30:00+00:00,116.379000,116.579000,116.099000,116.249000,18801,0.480000,-0.111704,116.673000,116.870000,117.019000,116.782407,0.263838,34.729064,1,train
AAPL,240,2016-10-21,20:30:00,2016-10-21T20:30:00+00:00,116.299000,116.369000,116.279000,116.339000,24,0.090000,0.077420,116.555000,116.796000,117.013500,116.701788,0.158984,41.551247,1,train
AAPL,240,2016-10-24,12:30:00,2016-10-24T12:30:00+00:00,116.929000,117.419000,116.689000,117.129000,18406,0.730000,0.679050,116.607000,116.795000,117.041500,116.779463,0.284018,47.250000,1,train
AAPL,240,2016-10-24,16:30:00,2016-10-24T16:30:00+00:00,117.149000,117.579000,117.029000,117.399000,19611,0.550000,0.230515,116.699000,116.829000,117.071500,116.892106,0.291707,53.731343,1,train
AAPL,240,2016-10-24,20:30:00,2016-10-24T20:30:00+00:00,117.379000,117.499000,117.379000,117.499000,36,0.120000,0.085180,116.923000,116.873000,117.071000,117.002450,0.291997,42.592593,0,train
AAPL,240,2016-10-25,12:30:00,2016-10-25T12:30:00+00:00,117.909000,117.939000,117.129000,117.319000,20741,0.810000,-0.153193,117.137000,116.905000,117.062500,117.060005,0.297188,54.761905,1,train
AAPL,240,2016-10-25,16:30:00,2016-10-25T16:30:00+00:00,117.319000,118.289000,117.239000,118.229000,21889,1.050000,0.775663,117.515000,117.035000,117.099500,117.272549,0.376659,66.172107,0,train
AAPL,240,2016-10-25,20:30:00,2016-10-25T20:30:00+00:00,118.159000,121.689000,114.979000,115.739000,2538,6.710000,-2.106082,117.237000,116.922000,117.039000,116.993722,0.798946,38.581315,0,train
AAPL,240,2016-10-26,12:30:00,2016-10-26T12:30:00+00:00,114.499000,115.149000,113.149000,115.079000,23091,2.000000,-0.570249,116.773000,116.736000,116.925500,116.645591,0.810211,34.627329,1,train
AAPL,240,2016-10-26,16:30:00,2016-10-26T16:30:00+00:00,115.069000,115.509000,114.429000,115.399000,21633,1.080000,0.278070,116.353000,116.638000,116.840500,116.418938,0.812179,38.059701,0,train
AAPL,240,2016-10-26,20:30:00,2016-10-26T20:30:00+00:00,115.429000,115.429000,115.249000,115.249000,17,0.180000,-0.129984,115.939000,116.538000,116.704000,116.206222,0.812275,37.610619,0,train
AAPL,240,2016-10-27,12:30:00,2016-10-27T12:30:00+00:00,115.439000,115.639000,114.579000,115.039000,21009,1.060000,-0.182214,115.301000,116.408000,116.602000,115.994000,0.810712,36.796537,0,train
AAPL,240,2016-10-27,16:30:00,2016-10-27T16:30:00+00:00,115.039000,115.069000,113.889000,114.019000,22014,1.180000,-0.886656,114.957000,116.097000,116.446000,115.634909,0.792525,31.472081,1,train
AAPL,240,2016-10-27,20:30:00,2016-10-27T20:30:00+00:00,114.009000,114.099000,113.969000,114.069000,47,0.130000,0.043852,114.755000,115.764000,116.296500,115.350198,0.781657,34.328358,1,train
AAPL,240,2016-10-28,12:30:00,2016-10-28T12:30:00+00:00,113.999000,115.049000,113.689000,114.939000,24918,1.360000,0.762696,114.663000,115.508000,116.190500,115.275435,0.844132,41.923551,0,train
AAPL,240,2016-10-28,16:30:00,2016-10-28T16:30:00+00:00,114.909000,114.979000,113.279000,113.469000,31985,1.700000,-1.278939,114.307000,115.123000,116.014000,114.946992,0.907400,34.878820,1,train
AAPL,240,2016-10-28,20:30:00,2016-10-28T20:30:00+00:00,113.459000,113.599000,113.429000,113.489000,29,0.170000,0.017626,113.997000,114.649000,115.842000,114.681903,0.833480,29.128440,1,train
AAPL,240,2016-10-31,12:30:00,2016-10-31T12:30:00+00:00,113.319000,113.779000,113.059000,113.619000,26511,0.720000,0.114549,113.917000,114.437000,115.679500,114.488648,0.590307,27.972028,0,train
AAPL,240,2016-10-31,16:30:00,2016-10-31T16:30:00+00:00,113.609000,114.069000,113.319000,113.399000,26445,0.750000,-0.193630,113.783000,114.269000,115.502500,114.290530,0.574671,26.436782,0,train
AAPL,240,2016-10-31,20:30:00,2016-10-31T20:30:00+00:00,113.359000,113.359000,113.329000,113.329000,6,0.030000,-0.061729,113.461000,114.062000,115.350000,114.115706,0.556608,26.775320,0,train
AAPL,240,2016-11-01,12:30:00,2016-11-01T12:30:00+00:00,113.269000,113.609000,111.519000,111.739000,28152,2.090000,-1.402995,113.115000,113.711000,115.124500,113.683578,0.676665,14.994606,0,train
AAPL,240,2016-11-01,16:30:00,2016-11-01T16:30:00+00:00,111.729000,111.879000,110.349000,111.279000,34970,1.530000,-0.411674,112.673000,113.335000,114.871500,113.246382,0.675863,19.198895,1,train
AAPL,240,2016-11-01,20:30:00,2016-11-01T20:30:00+00:00,111.269000,111.359000,111.229000,111.289000,34,0.130000,0.008986,112.207000,113.062000,114.579500,112.890494,0.652806,21.244310,1,train
AAPL,240,2016-11-02,12:30:00,2016-11-02T12:30:00+00:00,110.939000,112.189000,110.819000,111.769000,27480,1.370000,0.431309,111.881000,112.832000,114.298000,112.686586,0.682362,23.111111,0,train
AAPL,240,2016-11-02,16:30:00,2016-11-02T16:30:00+00:00,111.759000,112.059000,110.999000,111.349000,32583,1.060000,-0.375775,111.485000,112.473000,113.990500,112.443389,0.592727,22.222222,1,train
AAPL,240,2016-11-02,20:30:00,2016-11-02T20:30:00+00:00,111.339000,111.379000,111.289000,111.379000,26,0.090000,0.026942,111.413000,112.264000,113.693500,112.249864,0.492130,23.245614,0,train
AAPL,240,2016-11-03,12:30:00,2016-11-03T12:30:00+00:00,110.699000,111.299000,110.119000,110.329000,28261,1.180000,-0.942727,111.223000,111.948000,113.298500,111.900616,0.539680,23.144105,0,train
AAPL,240,2016-11-03,16:30:00,2016-11-03T16:30:00+00:00,110.329000,110.379000,109.339000,109.469000,30727,1.040000,-0.779487,110.859000,111.533000,112.985000,111.458504,0.540984,20.052083,0,train
AAPL,240,2016-11-03,20:30:00,2016-11-03T20:30:00+00:00,109.469000,109.529000,109.469000,109.469000,9,0.060000,0.000000,110.399000,111.140000,112.704500,111.096776,0.551367,9.838473,1,train
AAPL,240,2016-11-04,12:30:00,2016-11-04T12:30:00+00:00,109.289000,109.799000,107.849000,109.689000,28374,1.950000,0.200970,110.067000,110.776000,112.419000,110.840817,0.572518,16.007194,0,train
AAPL,240,2016-11-04,16:30:00,2016-11-04T16:30:00+00:00,109.709000,110.089000,108.499000,108.689000,27469,1.590000,-0.911668,109.529000,110.471000,112.091000,110.449577,0.483897,13.302752,1,train
AAPL,240,2016-11-04,20:30:00,2016-11-04T20:30:00+00:00,108.689000,108.749000,108.659000,108.749000,18,0.090000,0.055203,109.213000,110.218000,111.776500,110.140381,0.491738,12.364760,1,train
AAPL,240,2016-11-07,13:30:00,2016-11-07T13:30:00+00:00,109.949000,110.319000,109.289000,109.889000,25870,1.030000,1.048286,109.297000,110.078000,111.570000,110.094676,0.636159,26.251691,1,train
AAPL,240,2016-11-07,17:30:00,2016-11-07T17:30:00+00:00,109.879000,110.349000,109.559000,110.149000,25412,0.790000,0.236602,109.433000,109.916000,111.374000,110.104553,0.620026,29.023747,1,train
AAPL,240,2016-11-07,21:30:00,2016-11-07T21:30:00+00:00,110.169000,110.239000,110.159000,110.219000,17,0.080000,0.063550,109.539000,109.803000,111.138000,110.125361,0.617350,37.458746,1,train
AAPL,240,2016-11-08,13:30:00,2016-11-08T13:30:00+00:00,109.999000,111.449000,109.519000,111.309000,25615,1.930000,0.988940,110.063000,109.796000,111.030000,110.340568,0.707709,50.224215,0,train
AAPL,240,2016-11-08,17:30:00,2016-11-08T17:30:00+00:00,111.289000,111.549000,110.489000,110.859000,30145,1.060000,-0.404280,110.485000,109.849000,110.898500,110.434829,0.646162,46.984572,1,train
AAPL,240,2016-11-08,21:30:00,2016-11-08T21:30:00+00:00,110.859000,110.889000,110.849000,110.879000,28,0.040000,0.018041,110.683000,109.990000,110.761500,110.515587,0.578062,43.328336,0,train
AAPL,240,2016-11-09,13:30:00,2016-11-09T13:30:00+00:00,109.889000,111.089000,107.869000,109.479000,34811,3.220000,-1.262638,110.549000,109.991000,110.565500,110.327117,0.727966,37.777778,1,train
AAPL,240,2016-11-09,17:30:00,2016-11-09T17:30:00+00:00,109.479000,111.149000,109.009000,110.649000,35167,2.140000,1.068698,110.635000,110.087000,110.431500,110.385641,0.802089,45.847554,1,train
AAPL,240,2016-11-09,21:30:00,2016-11-09T21:30:00+00:00,110.649000,110.919000,110.619000,110.899000,47,0.300000,0.225940,110.553000,110.308000,110.389500,110.478979,0.720777,53.566959,0,train
AAPL,240,2016-11-10,13:30:00,2016-11-10T13:30:00+00:00,110.819000,110.999000,105.649000,107.009000,33876,5.350000,-3.507696,109.783000,110.134000,110.176000,109.848074,1.380806,38.838475,1,train
AAPL,240,2016-11-10,17:30:00,2016-11-10T17:30:00+00:00,107.029000,108.619000,106.929000,107.509000,35659,1.690000,0.467250,109.109000,109.896000,109.987000,109.422788,1.336168,41.493056,0,train
AAPL,240,2016-11-10,21:30:00,2016-11-10T21:30:00+00:00,107.549000,107.579000,107.389000,107.479000,55,0.190000,-0.027905,108.709000,109.629000,109.772500,109.069372,1.328931,40.247132,1,train
AAPL,240,2016-11-11,13:30:00,2016-11-11T13:30:00+00:00,106.959000,108.519000,106.379000,108.459000,30585,2.140000,0.911806,108.271000,109.453000,109.628000,108.958395,1.376469,48.983201,0,train
AAPL,240,2016-11-11,17:30:00,2016-11-11T17:30:00+00:00,108.459000,108.709000,107.789000,108.269000,30324,0.920000,-0.175181,107.745000,109.149000,109.472500,108.833050,1.317188,47.902098,0,train
AAPL,240,2016-11-11,21:30:00,2016-11-11T21:30:00+00:00,108.269000,108.309000,108.259000,108.269000,13,0.050000,0.000000,107.997000,108.890000,109.369500,108.730496,1.318764,42.135922,0,train
AAPL,240,2016-11-14,13:30:00,2016-11-14T13:30:00+00:00,107.999000,108.129000,103.909000,104.539000,35272,4.220000,-3.445123,107.403000,108.256000,109.123000,107.968406,1.658013,29.629630,1,train
AAPL,240,2016-11-14,17:30:00,2016-11-14T17:30:00+00:00,104.559000,106.129000,104.369000,105.549000,36073,1.760000,0.966147,107.017000,107.863000,108.927000,107.528514,1.704384,34.126445,0,train
AAPL,240,2016-11-14,21:30:00,2016-11-14T21:30:00+00:00,105.529000,105.659000,105.389000,105.419000,118,0.270000,-0.123166,106.409000,107.340000,108.713500,107.144966,1.634258,28.581818,1,train
AAPL,240,2016-11-15,13:30:00,2016-11-15T13:30:00+00:00,106.049000,107.519000,105.989000,106.469000,30317,1.530000,0.996025,106.049000,106.897000,108.602500,107.022063,1.687997,34.703833,1,train
AAPL,240,2016-11-15,17:30:00,2016-11-15T17:30:00+00:00,106.469000,107.449000,106.169000,106.929000,32149,1.280000,0.432051,105.781000,106.889000,108.511500,107.005142,1.294321,36.646383,0,train
AAPL,240,2016-11-15,21:30:00,2016-11-15T21:30:00+00:00,106.929000,106.949000,106.749000,106.919000,15,0.200000,-0.009352,106.257000,106.830000,108.363000,106.989480,1.283945,40.447761,1,train
AAPL,240,2016-11-16,13:30:00,2016-11-16T13:30:00+00:00,106.369000,109.809000,106.109000,109.799000,30889,3.700000,2.693628,107.107000,107.062000,108.345500,107.500302,1.549523,47.187293,1,train
AAPL,240,2016-11-16,17:30:00,2016-11-16T17:30:00+00:00,109.789000,110.069000,109.159000,109.849000,31961,0.910000,0.045538,107.993000,107.201000,108.327000,107.927338,1.530944,46.478873,0,train
AAPL,240,2016-11-16,21:30:00,2016-11-16T21:30:00+00:00,109.849000,109.849000,109.619000,109.629000,17,0.230000,-0.200275,108.625000,107.337000,108.243000,108.236731,1.531535,61.654804,0,train
AAPL,240,2016-11-17,13:30:00,2016-11-17T13:30:00+00:00,109.849000,110.184000,108.659000,109.469000,32022,1.525000,-0.145947,109.133000,107.457000,108.173500,108.460780,1.533664,58.990826,1,train
AAPL,240,2016-11-17,17:30:00,2016-11-17T17:30:00+00:00,109.469000,109.809000,109.219000,109.629000,31459,0.590000,0.146160,109.675000,107.966000,108.111000,108.673184,0.892134,59.746147,1,train
AAPL,240,2016-11-17,21:30:00,2016-11-17T21:30:00+00:00,109.659000,109.729000,109.629000,109.659000,16,0.100000,0.027365,109.647000,108.377000,108.120000,108.852423,0.884665,55.952381,1,train
AAPL,240,2016-11-18,13:30:00,2016-11-18T13:30:00+00:00,109.609000,110.379000,109.419000,109.889000,25597,0.960000,0.209741,109.655000,108.824000,108.082000,109.040891,0.869501,58.003953,0,train
AAPL,240,2016-11-18,17:30:00,2016-11-18T17:30:00+00:00,109.919000,110.059000,109.529000,109.849000,25761,0.530000,-0.036400,109.699000,109.162000,108.029500,109.187820,0.854605,57.775591,0,train
AAPL,240,2016-11-18,21:30:00,2016-11-18T21:30:00+00:00,109.819000,109.899000,109.819000,109.839000,89,0.080000,-0.009103,109.773000,109.453000,108.171000,109.306217,0.859337,91.149068,1,train
AAPL,240,2016-11-21,13:30:00,2016-11-21T13:30:00+00:00,110.119000,111.729000,109.819000,111.379000,27273,1.910000,1.402052,110.123000,109.899000,108.364500,109.683086,0.921617,91.822095,1,train
AAPL,240,2016-11-21,17:30:00,2016-11-21T17:30:00+00:00,111.379000,111.834000,111.259000,111.579000,29309,0.575000,0.179567,110.507000,110.077000,108.569500,110.027798,0.455457,93.750000,1,train
AAPL,240,2016-11-21,21:30:00,2016-11-21T21:30:00+00:00,111.579000,111.599000,111.459000,111.599000,39,0.140000,0.017925,110.849000,110.252000,108.726500,110.313471,0.456324,92.678869,1,train
AAPL,240,2016-11-22,13:30:00,2016-11-22T13:30:00+00:00,111.719000,112.259000,111.219000,111.769000,28118,1.040000,0.152331,111.233000,110.466000,108.901500,110.578113,0.438753,92.307692,0,train
AAPL,240,2016-11-22,17:30:00,2016-11-22T17:30:00+00:00,111.769000,111.839000,111.479000,111.649000,26402,0.360000,-0.107364,111.595000,110.684000,109.070500,110.772819,0.435586,90.566038,0,train
AAPL,240,2016-11-22,21:30:00,2016-11-22T21:30:00+00:00,111.619000,111.659000,111.609000,111.609000,31,0.050000,-0.035827,111.641000,110.882000,109.424000,110.924852,0.441761,80.267559,0,train
AAPL,240,2016-11-23,13:30:00,2016-11-23T13:30:00+00:00,111.369000,111.369000,110.159000,110.729000,26440,1.210000,-0.788467,111.471000,110.989000,109.683000,110.889243,0.537948,61.518325,1,train
AAPL,240,2016-11-23,17:30:00,2016-11-23T17:30:00+00:00,110.719000,111.219000,110.509000,110.949000,26255,0.710000,0.198683,111.341000,111.095000,109.959500,110.900108,0.537705,67.277487,1,train
AAPL,240,2016-11-23,21:30:00,2016-11-23T21:30:00+00:00,110.999000,111.019000,110.969000,110.989000,17,0.050000,0.036053,111.185000,111.209000,110.185500,110.916270,0.536189,70.540541,1,train
AAPL,240,2016-11-25,13:30:00,2016-11-25T13:30:00+00:00,110.949000,111.709000,110.759000,111.439000,20048,0.950000,0.405446,111.143000,111.369000,110.411000,111.011312,0.542412,72.681704,1,train
AAPL,240,2016-11-25,17:30:00,2016-11-25T17:30:00+00:00,111.449000,111.629000,111.339000,111.609000,3252,0.290000,0.152550,111.143000,111.392000,110.645500,111.119982,0.318721,73.607748,1,train
AAPL,240,2016-11-28,13:30:00,2016-11-28T13:30:00+00:00,111.279000,112.309000,111.209000,111.699000,25808,1.100000,0.080639,111.337000,111.404000,110.740500,111.225258,0.314766,72.681704,0,train
AAPL,240,2016-11-28,17:30:00,2016-11-28T17:30:00+00:00,111.699000,111.839000,111.249000,111.399000,24034,0.590000,-0.268579,111.427000,111.384000,110.818000,111.256848,0.326891,68.235294,0,train
AAPL,240,2016-11-28,21:30:00,2016-11-28T21:30:00+00:00,111.419000,111.419000,111.319000,111.349000,18,0.100000,-0.044884,111.499000,111.342000,110.904000,111.273603,0.321413,67.599068,1,train
AAPL,240,2016-11-29,13:30:00,2016-11-29T13:30:00+00:00,110.829000,111.869000,109.899000,111.539000,26711,1.970000,0.170635,111.519000,111.331000,111.007500,111.321857,0.326647,52.721088,0,train
AAPL,240,2016-11-29,17:30:00,2016-11-29T17:30:00+00:00,111.539000,111.769000,110.759000,111.059000,24299,1.010000,-0.430343,111.409000,111.276000,111.079000,111.274065,0.352961,41.925466,0,train
AAPL,240,2016-11-29,21:30:00,2016-11-29T21:30:00+00:00,111.069000,111.069000,110.829000,110.869000,81,0.240000,-0.171080,111.243000,111.290000,111.139500,111.200416,0.247430,39.233038,0,train
AAPL,240,2016-11-30,13:30:00,2016-11-30T13:30:00+00:00,111.229000,112.039000,110.369000,110.789000,26997,1.670000,-0.072157,111.121000,111.274000,111.184500,111.125613,0.239534,35.151515,0,train
AAPL,240,2016-11-30,17:30:00,2016-11-30T17:30:00+00:00,110.759000,111.039000,110.119000,110.399000,27761,0.920000,-0.352021,110.931000,111.215000,111.212000,110.993502,0.260970,32.492997,0,train
AAPL,240,2016-11-30,21:30:00,2016-11-30T21:30:00+00:00,110.379000,110.439000,110.369000,110.389000,10,0.070000,-0.009058,110.701000,111.110000,111.239500,110.883592,0.207509,32.768362,0,train
AAPL,240,2016-12-01,13:30:00,2016-12-01T13:30:00+00:00,109.999000,110.779000,109.069000,109.769000,29138,1.710000,-0.561650,110.443000,110.926000,111.159000,110.680939,0.234243,35.365854,0,train
AAPL,240,2016-12-01,17:30:00,2016-12-01T17:30:00+00:00,109.799000,110.009000,108.849000,109.349000,30828,1.160000,-0.382622,110.139000,110.691000,111.047500,110.438769,0.225733,27.011494,0,train
AAPL,240,2016-12-01,21:30:00,2016-12-01T21:30:00+00:00,109.309000,109.439000,109.299000,109.309000,12,0.140000,-0.036580,109.843000,110.482000,110.933000,110.233356,0.231149,25.862069,1,train
AAPL,240,2016-12-02,13:30:00,2016-12-02T13:30:00+00:00,109.119000,109.919000,108.679000,109.569000,24783,1.240000,0.237858,109.677000,110.304000,110.823000,110.112564,0.265477,21.580547,1,train
AAPL,240,2016-12-02,17:30:00,2016-12-02T17:30:00+00:00,109.559000,109.979000,109.449000,109.839000,24100,0.530000,0.246420,109.567000,110.134000,110.732500,110.062825,0.276825,23.893805,0,train
AAPL,240,2016-12-05,13:30:00,2016-12-05T13:30:00+00:00,110.159000,110.229000,108.259000,108.979000,26500,1.970000,-0.782964,109.409000,109.926000,110.601000,109.865766,0.332851,17.307692,1,train
AAPL,240,2016-12-05,17:30:00,2016-12-05T17:30:00+00:00,108.979000,109.419000,108.919000,109.139000,26121,0.500000,0.146817,109.367000,109.753000,110.521500,109.733627,0.349454,21.890547,0,train
AAPL,240,2016-12-05,21:30:00,2016-12-05T21:30:00+00:00,109.159000,109.159000,109.009000,109.129000,67,0.150000,-0.009163,109.331000,109.587000,110.430500,109.623695,0.351705,22.110553,1,train
AAPL,240,2016-12-06,13:30:00,2016-12-06T13:30:00+00:00,110.059000,110.349000,109.159000,109.469000,24404,1.190000,0.311558,109.311000,109.494000,110.354500,109.595568,0.371462,24.939467,1,train
AAPL,240,2016-12-06,17:30:00,2016-12-06T17:30:00+00:00,109.499000,109.939000,109.329000,109.849000,22767,0.610000,0.347130,109.313000,109.440000,110.275000,109.641647,0.395724,34.987593,1,train
AAPL,240,2016-12-06,21:30:00,2016-12-06T21:30:00+00:00,109.589000,109.869000,109.569000,109.869000,81,0.300000,0.018207,109.491000,109.450000,110.188000,109.682984,0.352243,37.046632,0,train
AAPL,240,2016-12-07,13:30:00,2016-12-07T13:30:00+00:00,109.169000,110.079000,109.019000,109.829000,25806,1.060000,-0.036407,109.629000,109.498000,110.094500,109.709532,0.325392,37.434555,1,train
AAPL,240,2016-12-07,17:30:00,2016-12-07T17:30:00+00:00,109.829000,111.179000,109.749000,110.739000,31495,1.430000,0.828561,109.951000,109.641000,110.061500,109.896708,0.406423,53.917051,1,train
AAPL,240,2016-12-07,21:30:00,2016-12-07T21:30:00+00:00,110.729000,110.899000,110.579000,110.849000,47,0.320000,0.099333,110.227000,109.769000,110.036500,110.069852,0.404726,55.180180,1,train
AAPL,240,2016-12-08,13:30:00,2016-12-08T13:30:00+00:00,110.699000,112.389000,110.489000,112.279000,26464,1.900000,1.290043,110.713000,110.013000,110.073500,110.471515,0.550222,73.904762,0,train
AAPL,240,2016-12-08,17:30:00,2016-12-08T17:30:00+00:00,112.279000,112.419000,111.759000,112.219000,27730,0.660000,-0.053438,111.183000,110.337000,110.131500,110.789240,0.439494,79.345603,0,train
AAPL,240,2016-12-08,21:30:00,2016-12-08T21:30:00+00:00,112.219000,112.329000,112.019000,112.049000,36,0.310000,-0.151489,111.627000,110.628000,110.190500,111.018287,0.460248,77.290837,1,train
AAPL,240,2016-12-09,13:30:00,2016-12-09T13:30:00+00:00,112.069000,114.689000,112.039000,114.129000,25221,2.650000,1.856331,112.305000,111.128000,110.357500,111.583871,0.668143,83.333333,0,train
AAPL,240,2016-12-09,17:30:00,2016-12-09T17:30:00+00:00,114.119000,114.289000,113.549000,113.849000,24330,0.740000,-0.245336,112.905000,111.566000,110.530000,111.995713,0.703336,79.270073,0,train
AAPL,240,2016-12-12,13:30:00,2016-12-12T13:30:00+00:00,113.369000,113.599000,112.479000,112.899000,25124,1.120000,-0.834439,113.029000,111.871000,110.655500,112.159947,0.804325,78.242075,1,train
AAPL,240,2016-12-12,17:30:00,2016-12-12T17:30:00+00:00,112.899000,113.299000,112.689000,113.239000,25368,0.610000,0.301154,113.233000,112.208000,110.829000,112.356138,0.799164,78.792135,0,train
AAPL,240,2016-12-12,21:30:00,2016-12-12T21:30:00+00:00,113.239000,113.239000,113.189000,113.229000,12,0.050000,-0.008831,113.469000,112.548000,111.023000,112.514840,0.797900,78.792135,1,train
AAPL,240,2016-12-13,13:30:00,2016-12-13T13:30:00+00:00,113.509000,115.829000,113.479000,115.539000,27666,2.350000,2.040113,113.751000,113.028000,111.334500,113.064688,0.961006,83.388339,0,train
AAPL,240,2016-12-13,17:30:00,2016-12-13T17:30:00+00:00,115.559000,115.909000,115.029000,115.049000,27691,0.880000,-0.424099,113.991000,113.448000,111.608500,113.425472,0.994644,78.260870,1,train
AAPL,240,2016-12-13,21:30:00,2016-12-13T21:30:00+00:00,115.159000,115.229000,115.129000,115.229000,12,0.100000,0.156455,114.457000,113.743000,111.878000,113.753386,0.942240,78.632479,1,train
AAPL,240,2016-12-14,13:30:00,2016-12-14T13:30:00+00:00,114.869000,116.189000,114.829000,115.619000,25029,1.360000,0.338456,114.933000,114.083000,112.210000,114.092589,0.935714,79.814624,0,train
AAPL,240,2016-12-14,17:30:00,2016-12-14T17:30:00+00:00,115.629000,116.009000,114.999000,115.209000,33641,1.010000,-0.354613,115.329000,114.399000,112.513500,114.295572,0.948786,74.267101,0,train
AAPL,240,2016-12-14,21:30:00,2016-12-14T21:30:00+00:00,115.209000,115.259000,115.199000,115.209000,10,0.060000,0.000000,115.263000,114.507000,112.817500,114.461650,0.771729,73.956044,1,train
AAPL,240,2016-12-15,13:30:00,2016-12-15T13:30:00+00:00,114.849000,116.709000,114.819000,116.089000,28947,1.890000,0.763829,115.471000,114.731000,113.148500,114.757532,0.787820,72.280702,0,train
AAPL,240,2016-12-15,17:30:00,2016-12-15T17:30:00+00:00,116.089000,116.339000,115.379000,115.869000,30211,0.960000,-0.189510,115.599000,115.028000,113.449500,114.959617,0.717158,70.952928,0,train
AAPL,240,2016-12-15,21:30:00,2016-12-15T21:30:00+00:00,115.869000,115.879000,115.469000,115.749000,44,0.410000,-0.103565,115.625000,115.279000,113.743500,115.103141,0.726085,71.362587,1,train
AAPL,240,2016-12-16,13:30:00,2016-12-16T13:30:00+00:00,116.219000,116.489000,115.619000,116.049000,25691,0.870000,0.259182,115.793000,115.561000,114.054500,115.275116,0.721558,63.953488,0,train
AAPL,240,2016-12-16,17:30:00,2016-12-16T17:30:00+00:00,116.059000,116.179000,115.729000,115.969000,28162,0.450000,-0.068936,115.945000,115.604000,114.316000,115.401276,0.354717,65.868263,1,train
AAPL,240,2016-12-19,13:30:00,2016-12-19T13:30:00+00:00,115.879000,117.369000,115.719000,117.029000,25084,1.650000,0.914037,116.133000,115.802000,114.625000,115.697226,0.409337,80.412371,0,train
AAPL,240,2016-12-19,17:30:00,2016-12-19T17:30:00+00:00,117.009000,117.189000,116.349000,116.519000,24848,0.840000,-0.435789,116.263000,115.931000,114.837000,115.846640,0.452346,73.563218,1,train
AAPL,240,2016-12-19,21:30:00,2016-12-19T21:30:00+00:00,116.549000,116.559000,116.519000,116.559000,10,0.040000,0.034329,116.425000,116.025000,115.054000,115.976160,0.445625,73.819742,1,train
AAPL,240,2016-12-20,13:30:00,2016-12-20T13:30:00+00:00,116.789000,117.489000,116.559000,117.019000,21836,0.930000,0.394650,116.619000,116.206000,115.302500,116.165767,0.426663,64.396887,0,train
AAPL,240,2016-12-20,17:30:00,2016-12-20T17:30:00+00:00,117.019000,117.139000,116.689000,116.819000,21933,0.450000,-0.170912,116.789000,116.367000,115.437000,116.284537,0.436942,68.247423,1,train
AAPL,240,2016-12-20,21:30:00,2016-12-20T21:30:00+00:00,116.819000,116.869000,116.769000,116.869000,6,0.100000,0.042801,116.757000,116.445000,115.588000,116.390803,0.378033,67.372881,1,train
AAPL,240,2016-12-21,13:30:00,2016-12-21T13:30:00+00:00,116.749000,117.339000,116.729000,117.089000,19110,0.610000,0.188245,116.871000,116.567000,115.797500,116.517748,0.368229,66.153846,0,train
AAPL,240,2016-12-21,17:30:00,2016-12-21T17:30:00+00:00,117.089000,117.389000,116.789000,116.999000,19819,0.600000,-0.076865,116.959000,116.692000,115.985500,116.605248,0.366639,71.158392,1,train
AAPL,240,2016-12-21,21:30:00,2016-12-21T21:30:00+00:00,117.009000,117.049000,117.009000,117.039000,11,0.040000,0.034188,116.963000,116.791000,116.176000,116.684112,0.363223,71.428571,0,train
AAPL,240,2016-12-22,13:30:00,2016-12-22T13:30:00+00:00,116.899000,117.009000,115.609000,115.929000,22536,1.400000,-0.948402,116.785000,116.787000,116.195500,116.546819,0.489361,48.222222,1,train
AAPL,240,2016-12-22,17:30:00,2016-12-22T17:30:00+00:00,115.899000,116.289000,115.639000,116.179000,22820,0.650000,0.215649,116.647000,116.702000,116.252000,116.479943,0.382132,53.421634,1,train
AAPL,240,2016-12-22,21:30:00,2016-12-22T21:30:00+00:00,116.169000,116.279000,116.169000,116.199000,10,0.110000,0.017215,116.469000,116.670000,116.300500,116.428862,0.360479,55.079007,1,train
AAPL,240,2016-12-23,13:30:00,2016-12-23T13:30:00+00:00,115.809000,116.489000,115.609000,116.279000,15389,0.880000,0.068847,116.325000,116.642000,116.333500,116.401615,0.361295,52.731591,1,train
AAPL,240,2016-12-23,17:30:00,2016-12-23T17:30:00+00:00,116.289000,116.509000,116.239000,116.479000,15160,0.270000,0.172000,116.213000,116.588000,116.397000,116.415685,0.338828,55.889145,1,train
AAPL,240,2016-12-27,13:30:00,2016-12-27T13:30:00+00:00,116.709000,117.789000,116.109000,117.429000,19071,1.680000,0.815598,116.513000,116.649000,116.508000,116.599924,0.429744,54.739336,0,train
AAPL,240,2016-12-27,17:30:00,2016-12-27T17:30:00+00:00,117.419000,117.609000,117.169000,117.239000,18161,0.440000,-0.161800,116.725000,116.686000,116.565500,116.716119,0.435117,59.230769,0,train
AAPL,240,2016-12-27,21:30:00,2016-12-27T21:30:00+00:00,117.239000,117.259000,117.209000,117.239000,13,0.050000,0.000000,116.933000,116.701000,116.634000,116.811189,0.431687,58.808290,0,train
AAPL,240,2016-12-28,13:30:00,2016-12-28T13:30:00+00:00,117.639000,117.989000,116.739000,116.929000,20346,1.250000,-0.264417,117.063000,116.694000,116.693000,116.832609,0.440050,48.787062,0,train
AAPL,240,2016-12-28,17:30:00,2016-12-28T17:30:00+00:00,116.939000,117.029000,116.539000,116.619000,20964,0.490000,-0.265118,117.091000,116.652000,116.721500,116.793771,0.447200,47.382199,0,train
AAPL,240,2016-12-28,21:30:00,2016-12-28T21:30:00+00:00,116.519000,116.669000,116.519000,116.599000,33,0.150000,-0.017150,116.925000,116.719000,116.753000,116.758358,0.312564,46.437995,1,train
AAPL,240,2016-12-29,13:30:00,2016-12-29T13:30:00+00:00,116.639000,117.099000,116.349000,116.629000,21883,0.750000,0.025729,116.803000,116.764000,116.733000,116.734838,0.307658,43.611111,0,train
AAPL,240,2016-12-29,17:30:00,2016-12-29T17:30:00+00:00,116.629000,116.759000,116.449000,116.609000,21400,0.310000,-0.017148,116.677000,116.805000,116.737500,116.711959,0.308121,44.475921,0,train
AAPL,240,2016-12-29,21:30:00,2016-12-29T21:30:00+00:00,116.719000,116.719000,116.609000,116.609000,3,0.110000,0.000000,116.613000,116.838000,116.740000,116.693239,0.308066,43.839542,0,train
AAPL,240,2016-12-30,13:30:00,2016-12-30T13:30:00+00:00,116.999000,117.189000,115.539000,115.859000,22255,1.650000,-0.643175,116.461000,116.776000,116.682000,116.541559,0.367980,48.881789,0,train
AAPL,240,2016-12-30,17:30:00,2016-12-30T17:30:00+00:00,115.889000,115.989000,115.399000,115.819000,22770,0.590000,-0.034525,116.305000,116.615000,116.632000,116.410185,0.208891,43.835616,0,train
AAPL,240,2017-01-03,13:30:00,2017-01-03T13:30:00+00:00,116.149000,116.299000,114.759000,115.369000,27952,1.540000,-0.388537,116.053000,116.428000,116.557000,116.220878,0.223580,37.611940,1,train
AAPL,240,2017-01-03,17:30:00,2017-01-03T17:30:00+00:00,115.379000,116.169000,115.119000,115.909000,26010,1.050000,0.468063,115.913000,116.295000,116.498000,116.164173,0.297630,45.144357,1,train
AAPL,240,2017-01-03,21:30:00,2017-01-03T21:30:00+00:00,115.889000,116.069000,115.889000,115.999000,11,0.180000,0.077647,115.791000,116.202000,116.448000,116.134142,0.298031,43.513514,1,train
AAPL,240,2017-01-04,13:30:00,2017-01-04T13:30:00+00:00,116.009000,116.489000,115.719000,116.149000,24786,0.770000,0.129311,115.849000,116.155000,116.403500,116.136843,0.296822,27.931034,0,train
AAPL,240,2017-01-04,17:30:00,2017-01-04T17:30:00+00:00,116.129000,116.289000,115.869000,116.029000,23578,0.420000,-0.103316,115.891000,116.098000,116.408500,116.117235,0.297336,28.621908,0,train
AAPL,240,2017-01-04,21:30:00,2017-01-04T21:30:00+00:00,116.019000,116.039000,115.969000,115.999000,25,0.070000,-0.025856,116.017000,116.035000,116.399500,116.095738,0.296349,28.321678,1,train
AAPL,240,2017-01-05,13:30:00,2017-01-05T13:30:00+00:00,115.799000,116.839000,115.779000,116.499000,25708,1.060000,0.431038,116.135000,116.024000,116.414500,116.169058,0.333999,42.950820,1,train
AAPL,240,2017-01-05,17:30:00,2017-01-05T17:30:00+00:00,116.479000,116.809000,116.259000,116.609000,24105,0.550000,0.094421,116.257000,116.024000,116.431000,116.249048,0.335611,49.824561,1,train
AAPL,240,2017-01-05,21:30:00,2017-01-05T21:30:00+00:00,116.579000,116.669000,116.579000,116.669000,4,0.090000,0.051454,116.361000,116.105000,116.440500,116.325403,0.248043,51.211073,1,train
AAPL,240,2017-01-06,13:30:00,2017-01-06T13:30:00+00:00,116.319000,118.149000,116.319000,118.089000,27560,1.830000,1.217119,116.773000,116.332000,116.473500,116.646057,0.434881,67.056075,0,train
AAPL,240,2017-01-06,17:30:00,2017-01-06T17:30:00+00:00,118.059000,118.149000,117.619000,117.889000,27990,0.530000,-0.169364,117.151000,116.584000,116.506000,116.872046,0.406814,64.349776,1,train
AAPL,240,2017-01-09,13:30:00,2017-01-09T13:30:00+00:00,118.029000,119.419000,117.759000,119.069000,26771,1.660000,1.000942,117.665000,116.900000,116.597500,117.271493,0.472882,71.808511,0,train
AAPL,240,2017-01-09,17:30:00,2017-01-09T17:30:00+00:00,119.079000,119.369000,118.699000,118.979000,26214,0.670000,-0.075586,118.139000,117.198000,116.700000,117.581948,0.482211,81.325301,0,train
AAPL,240,2017-01-09,21:30:00,2017-01-09T21:30:00+00:00,118.899000,118.999000,118.869000,118.899000,25,0.130000,-0.067239,118.585000,117.473000,116.814000,117.821412,0.491814,80.677291,1,train
AAPL,240,2017-01-10,13:30:00,2017-01-10T13:30:00+00:00,118.899000,119.369000,118.279000,119.249000,25265,1.090000,0.294367,118.817000,117.795000,116.946500,118.080974,0.477248,89.430894,0,train
AAPL,240,2017-01-10,17:30:00,2017-01-10T17:30:00+00:00,119.249000,119.279000,118.739000,119.069000,25705,0.540000,-0.150945,119.053000,118.102000,117.068500,118.260615,0.487542,84.649123,0,train
AAPL,240,2017-01-10,21:30:00,2017-01-10T21:30:00+00:00,119.089000,119.089000,119.049000,119.049000,6,0.040000,-0.016797,119.049000,118.357000,117.190500,118.403958,0.490910,83.964365,0,train
AAPL,240,2017-01-11,13:30:00,2017-01-11T13:30:00+00:00,118.889000,119.349000,118.539000,118.969000,27555,0.810000,-0.067199,119.047000,118.593000,117.308500,118.506693,0.498033,81.900452,1,train
AAPL,240,2017-01-11,17:30:00,2017-01-11T17:30:00+00:00,118.949000,119.919000,118.569000,119.689000,30176,1.350000,0.605200,119.205000,118.895000,117.500000,118.721658,0.510113,86.454183,1,train
AAPL,240,2017-01-11,21:30:00,2017-01-11T21:30:00+00:00,119.669000,119.709000,119.669000,119.699000,15,0.040000,0.008355,119.295000,119.056000,117.694000,118.899356,0.385276,87.000000,0,train
AAPL,240,2017-01-12,13:30:00,2017-01-12T13:30:00+00:00,118.959000,119.179000,118.179000,118.729000,29030,1.000000,-0.810366,119.227000,119.140000,117.862000,118.868382,0.482751,70.383912,1,train
AAPL,240,2017-01-12,17:30:00,2017-01-12T17:30:00+00:00,118.739000,119.269000,118.709000,119.149000,27301,0.560000,0.353747,119.247000,119.148000,118.024000,118.919404,0.375957,71.972318,0,train
AAPL,240,2017-01-12,21:30:00,2017-01-12T21:30:00+00:00,119.059000,119.199000,119.029000,119.129000,26,0.170000,-0.016786,119.279000,119.163000,118.180500,118.957512,0.374974,71.428571,0,train
AAPL,240,2017-01-13,13:30:00,2017-01-13T13:30:00+00:00,119.089000,119.609000,118.799000,118.899000,24462,0.810000,-0.193068,119.121000,119.163000,118.318000,118.946874,0.380052,58.901099,1,train
AAPL,240,2017-01-13,17:30:00,2017-01-13T17:30:00+00:00,118.899000,119.169000,118.779000,118.989000,23890,0.390000,0.075694,118.979000,119.137000,118.466000,118.954533,0.367353,62.387387,1,train
AAPL,240,2017-01-17,13:30:00,2017-01-17T13:30:00+00:00,118.589000,120.219000,118.219000,119.959000,26603,2.000000,0.815201,119.225000,119.226000,118.664000,119.137163,0.447705,60.520095,0,train
AAPL,240,2017-01-17,17:30:00,2017-01-17T17:30:00+00:00,119.959000,120.039000,119.549000,119.949000,27093,0.490000,-0.008336,119.385000,119.316000,118.836500,119.284770,0.447519,61.686747,0,train
AAPL,240,2017-01-17,21:30:00,2017-01-17T21:30:00+00:00,119.969000,119.969000,119.879000,119.909000,82,0.090000,-0.033348,119.541000,119.410000,119.001500,119.398266,0.446440,62.287105,0,train
AAPL,240,2017-01-18,13:30:00,2017-01-18T13:30:00+00:00,119.989000,120.489000,119.719000,119.909000,26154,0.770000,0.000000,119.743000,119.432000,119.163500,119.491127,0.406512,58.776596,1,train
AAPL,240,2017-01-18,17:30:00,2017-01-18T17:30:00+00:00,119.929000,120.239000,119.829000,119.979000,24556,0.410000,0.058378,119.941000,119.460000,119.258000,119.579831,0.406673,62.465753,0,train
AAPL,240,2017-01-18,21:30:00,2017-01-18T21:30:00+00:00,119.980000,119.980000,119.860000,119.919000,28,0.120000,-0.050009,119.933000,119.579000,119.359500,119.641498,0.286700,61.788618,1,train
AAPL,240,2017-01-19,13:30:00,2017-01-19T13:30:00+00:00,119.490000,120.079000,119.069000,119.939000,24906,1.010000,0.016678,119.931000,119.658000,119.403000,119.695589,0.273062,63.360882,0,train
AAPL,240,2017-01-19,17:30:00,2017-01-19T17:30:00+00:00,119.949000,119.999000,119.489000,119.819000,27503,0.510000,-0.100051,119.913000,119.727000,119.445000,119.718028,0.277121,52.145215,1,train
AAPL,240,2017-01-19,21:30:00,2017-01-19T21:30:00+00:00,119.469000,119.849000,119.469000,119.839000,18,0.380000,0.016692,119.899000,119.821000,119.492000,119.740023,0.263605,52.302632,1,train
AAPL,240,2017-01-20,13:30:00,2017-01-20T13:30:00+00:00,120.059000,120.319000,119.799000,119.919000,26770,0.520000,0.066756,119.887000,119.914000,119.525500,119.772564,0.263633,77.674419,1,train
AAPL,240,2017-01-20,17:30:00,2017-01-20T17:30:00+00:00,119.919000,119.999000,119.699000,119.989000,29241,0.300000,0.058373,119.901000,119.917000,119.571500,119.811916,0.053185,73.333333,0,train
AAPL,240,2017-01-23,13:30:00,2017-01-23T13:30:00+00:00,119.699000,120.799000,119.669000,119.989000,26589,1.130000,0.000000,119.911000,119.921000,119.618500,119.844113,0.053061,74.157303,1,train
AAPL,240,2017-01-23,17:30:00,2017-01-23T17:30:00+00:00,119.979000,120.199000,119.889000,120.029000,27457,0.310000,0.033336,119.953000,119.933000,119.671500,119.877729,0.052119,85.534591,1,train
AAPL,240,2017-01-23,21:30:00,2017-01-23T21:30:00+00:00,120.009000,120.039000,120.009000,120.039000,2,0.030000,0.008331,119.993000,119.946000,119.689000,119.907051,0.052008,84.768212,0,train
AAPL,240,2017-01-24,13:30:00,2017-01-24T13:30:00+00:00,119.479000,120.089000,119.329000,119.999000,24391,0.760000,-0.033323,120.009000,119.948000,119.704000,119.923769,0.050766,53.448276,0,train
AAPL,240,2017-01-24,17:30:00,2017-01-24T17:30:00+00:00,119.999000,120.089000,119.839000,119.869000,25678,0.250000,-0.108334,119.985000,119.943000,119.761000,119.913811,0.059894,44.285714,1,train
AAPL,240,2017-01-24,21:30:00,2017-01-24T21:30:00+00:00,119.989000,119.999000,119.839000,119.999000,9,0.160000,0.108452,119.987000,119.949000,119.803500,119.929300,0.069673,55.696203,1,train
AAPL,240,2017-01-25,13:30:00,2017-01-25T13:30:00+00:00,120.159000,121.679000,120.139000,121.359000,25427,1.540000,1.133343,120.253000,120.103000,119.915000,120.189245,0.358024,83.720930,1,train
AAPL,240,2017-01-25,17:30:00,2017-01-25T17:30:00+00:00,121.359000,122.089000,121.329000,121.799000,26575,0.760000,0.362561,120.605000,120.299000,120.060000,120.481928,0.362713,86.111111,1,train
AAPL,240,2017-01-25,21:30:00,2017-01-25T21:30:00+00:00,121.869000,121.879000,121.769000,121.849000,14,0.110000,0.041051,120.975000,120.492000,120.203000,120.730487,0.363560,88.446215,0,train
AAPL,240,2017-01-26,13:30:00,2017-01-26T13:30:00+00:00,121.649000,122.429000,121.569000,121.769000,25807,0.860000,-0.065655,121.355000,120.670000,120.293500,120.919307,0.369494,85.603113,1,train
AAPL,240,2017-01-26,17:30:00,2017-01-26T17:30:00+00:00,121.789000,122.109000,121.749000,121.949000,25924,0.360000,0.147821,121.745000,120.866000,120.393500,121.106524,0.365855,90.494297,0,train
AAPL,240,2017-01-26,21:30:00,2017-01-26T21:30:00+00:00,121.689000,122.059000,121.669000,121.939000,52,0.390000,-0.008200,121.861000,121.057000,120.495000,121.257883,0.367719,90.076336,1,train
AAPL,240,2017-01-27,13:30:00,2017-01-27T13:30:00+00:00,121.949000,122.329000,121.819000,121.999000,23820,0.510000,0.049205,121.901000,121.253000,120.599500,121.392632,0.366086,90.000000,0,train
AAPL,240,2017-01-27,17:30:00,2017-01-27T17:30:00+00:00,121.999000,121.999000,121.569000,121.709000,22761,0.430000,-0.237707,121.873000,121.424000,120.686000,121.450153,0.383535,80.496454,0,train
AAPL,240,2017-01-30,13:30:00,2017-01-30T13:30:00+00:00,120.909000,121.339000,120.619000,121.219000,23475,0.720000,-0.402600,121.763000,121.559000,120.751000,121.408125,0.414904,68.580060,1,train
AAPL,240,2017-01-30,17:30:00,2017-01-30T17:30:00+00:00,121.249000,121.729000,121.069000,121.669000,22173,0.660000,0.371229,121.707000,121.726000,120.837500,121.455557,0.422841,72.043011,0,train
AAPL,240,2017-01-30,21:30:00,2017-01-30T21:30:00+00:00,121.699000,121.699000,121.569000,121.609000,77,0.130000,-0.049314,121.641000,121.751000,120.927000,121.483456,0.239508,70.822281,0,train
AAPL,240,2017-01-31,13:30:00,2017-01-31T13:30:00+00:00,121.309000,121.379000,120.679000,121.169000,23953,0.700000,-0.361815,121.475000,121.688000,120.993500,121.426282,0.234155,64.028777,1,train
AAPL,240,2017-01-31,17:30:00,2017-01-31T17:30:00+00:00,121.179000,121.589000,120.589000,121.329000,27062,1.000000,0.132047,121.399000,121.636000,121.064000,121.408594,0.239854,67.380952,1,train
AAPL,240,2017-01-31,21:30:00,2017-01-31T21:30:00+00:00,121.349000,125.169000,119.079000,123.949000,2727,6.090000,2.159418,121.945000,121.854000,121.262000,121.870486,0.735646,79.521674,1,train
AAPL,240,2017-02-01,13:30:00,2017-02-01T13:30:00+00:00,127.099000,128.789000,126.769000,128.759000,32124,2.020000,3.880628,123.363000,122.535000,121.700500,123.122943,1.381253,86.489152,1,train
AAPL,240,2017-02-01,17:30:00,2017-02-01T17:30:00+00:00,128.789000,130.479000,128.689000,128.769000,31799,1.790000,0.007766,124.795000,123.218000,122.137500,124.149499,1.380541,85.890834,1,train
AAPL,240,2017-02-01,21:30:00,2017-02-01T21:30:00+00:00,128.879000,128.919000,128.779000,128.899000,64,0.140000,0.100956,126.341000,123.908000,122.580500,125.013045,1.378530,86.006129,0,train
AAPL,240,2017-02-02,13:30:00,2017-02-02T13:30:00+00:00,128.399000,129.379000,127.749000,127.969000,25721,1.630000,-0.721495,127.669000,124.534000,122.979000,125.550491,1.417575,79.135338,1,train
AAPL,240,2017-02-02,17:30:00,2017-02-02T17:30:00+00:00,127.949000,128.539000,127.859000,128.279000,25641,0.680000,0.242246,128.535000,125.240000,123.399500,126.046584,1.385671,79.387187,0,train
AAPL,240,2017-02-02,21:30:00,2017-02-02T21:30:00+00:00,128.299000,128.299000,128.169000,128.199000,49,0.130000,-0.062364,128.423000,125.893000,123.809500,126.437932,1.399511,78.874539,1,train
AAPL,240,2017-02-03,13:30:00,2017-02-03T13:30:00+00:00,128.249000,129.169000,128.139000,128.489000,23019,1.030000,0.226211,128.367000,126.581000,124.166000,126.810854,1.389453,79.313460,1,train
AAPL,240,2017-02-03,17:30:00,2017-02-03T17:30:00+00:00,128.469000,129.059000,128.309000,129.049000,22164,0.750000,0.435835,128.397000,127.369000,124.528500,127.217789,1.353050,82.363316,1,train
AAPL,240,2017-02-06,13:30:00,2017-02-06T13:30:00+00:00,128.719000,130.459000,128.649000,130.159000,23448,1.810000,0.860138,128.835000,128.252000,124.944000,127.752555,1.342219,87.374582,1,train
AAPL,240,2017-02-06,17:30:00,2017-02-06T17:30:00+00:00,130.159000,130.489000,130.019000,130.239000,25295,0.470000,0.061463,129.227000,128.881000,125.367500,128.204636,1.251928,86.971527,1,train
AAPL,240,2017-02-06,21:30:00,2017-02-06T21:30:00+00:00,130.239000,130.259000,130.149000,130.259000,16,0.110000,0.015356,129.639000,129.031000,125.783000,128.578157,0.400329,87.445887,1,train
AAPL,240,2017-02-07,13:30:00,2017-02-07T13:30:00+00:00,130.439000,131.989000,130.309000,131.899000,22703,1.680000,1.259030,130.321000,129.344000,126.281000,129.181946,0.535317,92.078431,0,train
AAPL,240,2017-02-07,17:30:00,2017-02-07T17:30:00+00:00,131.879000,132.079000,131.139000,131.539000,24658,0.940000,-0.272936,130.819000,129.608000,126.758000,129.610501,0.558785,89.420849,0,train
AAPL,240,2017-02-07,21:30:00,2017-02-07T21:30:00+00:00,131.509000,131.539000,131.399000,131.429000,53,0.140000,-0.083625,131.073000,129.954000,127.244000,129.941138,0.470841,85.823755,1,train
AAPL,240,2017-02-08,13:30:00,2017-02-08T13:30:00+00:00,131.509000,131.779000,131.159000,131.559000,21141,0.620000,0.098913,131.337000,130.282000,127.761000,130.235294,0.473889,74.305556,1,train
AAPL,240,2017-02-08,17:30:00,2017-02-08T17:30:00+00:00,131.549000,132.209000,131.429000,132.009000,22342,0.780000,0.342052,131.687000,130.663000,128.278000,130.557786,0.460990,76.129032,1,train
AAPL,240,2017-02-08,21:30:00,2017-02-08T21:30:00+00:00,132.059000,132.079000,132.029000,132.059000,20,0.050000,0.037876,131.719000,131.020000,128.800500,130.830734,0.467874,75.816993,0,train
AAPL,240,2017-02-09,13:30:00,2017-02-09T13:30:00+00:00,131.549000,132.149000,131.089000,131.839000,20976,1.060000,-0.166592,131.779000,131.299000,129.334000,131.014055,0.483448,85.767098,1,train
AAPL,240,2017-02-09,17:30:00,2017-02-09T17:30:00+00:00,131.829000,132.429000,131.779000,132.259000,20939,0.650000,0.318570,131.945000,131.509000,129.880500,131.240409,0.430616,86.050725,1,train
AAPL,240,2017-02-09,21:30:00,2017-02-09T21:30:00+00:00,132.249000,132.299000,131.979000,132.299000,13,0.320000,0.030244,132.093000,131.715000,130.298000,131.432880,0.431530,87.408759,0,train
AAPL,240,2017-02-10,13:30:00,2017-02-10T13:30:00+00:00,132.159000,132.929000,132.069000,132.219000,20489,0.860000,-0.060469,132.135000,131.911000,130.471000,131.575811,0.434965,85.388994,0,train
AAPL,240,2017-02-10,17:30:00,2017-02-10T17:30:00+00:00,132.219000,132.549000,132.029000,132.109000,22060,0.520000,-0.083195,132.145000,131.932000,130.638000,131.672754,0.196596,81.742739,1,train
AAPL,240,2017-02-13,13:30:00,2017-02-13T13:30:00+00:00,132.530000,133.810000,132.520000,133.700000,21183,1.290000,1.204309,132.517200,132.148100,130.878050,132.041344,0.402488,83.399359,0,train
AAPL,240,2017-02-13,17:30:00,2017-02-13T17:30:00+00:00,133.730000,133.770000,133.150000,133.170000,24017,0.620000,-0.396410,132.699400,132.322200,131.138100,132.246555,0.434717,75.482525,1,train
AAPL,240,2017-02-13,21:30:00,2017-02-13T21:30:00+00:00,133.200000,133.270000,133.170000,133.210000,16,0.100000,0.030037,132.881600,132.487300,131.384650,132.421726,0.435853,75.567493,1,train
AAPL,240,2017-02-14,13:30:00,2017-02-14T13:30:00+00:00,133.080000,134.380000,133.000000,134.260000,23925,1.380000,0.788229,133.289800,132.712400,131.687700,132.755958,0.480970,72.785177,1,train
AAPL,240,2017-02-14,17:30:00,2017-02-14T17:30:00+00:00,134.260000,135.080000,134.220000,134.880000,25882,0.860000,0.461791,133.844000,132.994500,132.007250,133.142147,0.486654,80.702077,1,train
AAPL,240,2017-02-14,21:30:00,2017-02-14T21:30:00+00:00,134.890000,135.250000,134.770000,135.250000,82,0.480000,0.274318,134.154000,133.335600,132.317300,133.525393,0.468096,83.511665,0,train
AAPL,240,2017-02-15,13:30:00,2017-02-15T13:30:00+00:00,135.620000,136.250000,134.860000,135.060000,25309,1.390000,-0.140481,134.532000,133.615700,132.562350,133.804413,0.483611,80.385350,1,train
AAPL,240,2017-02-15,17:30:00,2017-02-15T17:30:00+00:00,135.060000,135.560000,134.590000,135.480000,25313,0.970000,0.310973,134.986000,133.933800,132.824400,134.109065,0.480098,80.282673,1,train
AAPL,240,2017-02-15,21:30:00,2017-02-15T21:30:00+00:00,135.500000,135.550000,135.490000,135.520000,25,0.060000,0.029525,135.238000,134.263900,133.087450,134.365599,0.474675,80.248208,0,train
AAPL,240,2017-02-16,13:30:00,2017-02-16T13:30:00+00:00,135.220000,135.890000,134.820000,135.430000,25099,1.070000,-0.066411,135.348000,134.596000,133.264000,134.559126,0.473402,82.114112,0,train
AAPL,240,2017-02-16,17:30:00,2017-02-16T17:30:00+00:00,135.430000,135.460000,135.020000,135.290000,25839,0.440000,-0.103374,135.356000,134.755000,133.451550,134.692012,0.343038,78.535116,0,train
AAPL,240,2017-02-16,21:30:00,2017-02-16T21:30:00+00:00,135.200000,135.310000,135.170000,135.260000,14,0.140000,-0.022175,135.396000,134.964000,133.643100,134.795283,0.298047,77.928693,1,train
AAPL,240,2017-02-17,13:30:00,2017-02-17T13:30:00+00:00,134.850000,135.780000,134.820000,135.400000,23348,0.960000,0.103504,135.380000,135.183000,133.835150,134.905231,0.295485,79.667972,1,train
AAPL,240,2017-02-17,17:30:00,2017-02-17T17:30:00+00:00,135.400000,135.690000,135.250000,135.690000,23212,0.440000,0.214180,135.414000,135.326000,134.019200,135.047917,0.201449,82.313662,1,train
AAPL,240,2017-02-21,13:30:00,2017-02-21T13:30:00+00:00,136.190000,136.600000,135.950000,136.250000,21965,0.650000,0.412705,135.578000,135.463000,134.228750,135.266477,0.192207,78.270510,1,train
AAPL,240,2017-02-21,17:30:00,2017-02-21T17:30:00+00:00,136.250000,136.740000,136.170000,136.550000,22226,0.570000,0.220183,135.830000,135.593000,134.464300,135.499845,0.187497,89.485981,1,train
AAPL,240,2017-02-21,21:30:00,2017-02-21T21:30:00+00:00,136.640000,136.650000,136.520000,136.600000,18,0.130000,0.036617,136.098000,135.747000,134.681350,135.699873,0.170265,89.510490,1,train
AAPL,240,2017-02-22,13:30:00,2017-02-22T13:30:00+00:00,136.430000,136.660000,136.080000,136.610000,20431,0.580000,0.007321,136.340000,135.860000,134.896900,135.865351,0.157766,86.153846,1,train
AAPL,240,2017-02-22,17:30:00,2017-02-22T17:30:00+00:00,136.620000,137.110000,136.530000,137.040000,20933,0.580000,0.314765,136.610000,136.012000,135.137950,136.078923,0.172115,85.294118,1,train
AAPL,240,2017-02-22,21:30:00,2017-02-22T21:30:00+00:00,137.060000,137.060000,137.050000,137.060000,3,0.010000,0.014594,136.772000,136.175000,135.385500,136.257301,0.164539,83.394834,0,train
AAPL,240,2017-02-23,13:30:00,2017-02-23T13:30:00+00:00,137.300000,137.470000,136.270000,136.660000,23594,1.200000,-0.291843,136.794000,136.312000,135.533500,136.330519,0.199934,77.397260,0,train
AAPL,240,2017-02-23,17:30:00,2017-02-23T17:30:00+00:00,136.640000,136.920000,136.330000,136.470000,23770,0.590000,-0.139031,136.768000,136.433000,135.698500,136.355879,0.211038,68.401487,0,train
AAPL,240,2017-02-23,21:30:00,2017-02-23T21:30:00+00:00,136.500000,136.540000,136.450000,136.450000,12,0.090000,-0.014655,136.736000,136.538000,135.860500,136.372992,0.213449,67.415730,0,train
AAPL,240,2017-02-24,13:30:00,2017-02-24T13:30:00+00:00,135.410000,136.080000,135.110000,135.970000,22023,0.970000,-0.351777,136.522000,136.566000,135.946000,136.299721,0.245762,58.823529,1,train
AAPL,240,2017-02-24,17:30:00,2017-02-24T17:30:00+00:00,135.970000,136.640000,135.890000,136.640000,21551,0.750000,0.492756,136.438000,136.605000,136.034000,136.361590,0.260787,68.802228,1,train
AAPL,240,2017-02-27,13:30:00,2017-02-27T13:30:00+00:00,136.870000,137.420000,136.250000,137.070000,21854,1.170000,0.314696,136.520000,136.657000,136.125000,136.490392,0.270038,72.681704,0,train
AAPL,240,2017-02-27,17:30:00,2017-02-27T17:30:00+00:00,137.070000,137.230000,136.780000,136.790000,22177,0.450000,-0.204275,136.584000,136.676000,136.211500,136.544866,0.280742,66.828087,0,train
AAPL,240,2017-02-27,21:30:00,2017-02-27T21:30:00+00:00,136.800000,136.810000,136.730000,136.750000,18,0.080000,-0.029242,136.644000,136.690000,136.275000,136.582163,0.281080,63.659794,1,train
AAPL,240,2017-02-28,13:30:00,2017-02-28T13:30:00+00:00,136.920000,137.420000,136.760000,136.830000,20076,0.660000,0.058501,136.816000,136.669000,136.340500,136.627224,0.261250,58.529412,1,train
AAPL,240,2017-02-28,17:30:00,2017-02-28T17:30:00+00:00,136.840000,137.240000,136.670000,136.910000,23187,0.570000,0.058467,136.870000,136.654000,136.414500,136.678638,0.262170,55.660377,1,train
AAPL,240,2017-02-28,21:30:00,2017-02-28T21:30:00+00:00,136.920000,136.980000,136.900000,136.960000,12,0.080000,0.036520,136.848000,136.684000,136.498000,136.729795,0.242891,55.660377,1,train
AAPL,240,2017-03-01,13:30:00,2017-03-01T13:30:00+00:00,137.750000,139.980000,137.570000,139.770000,23991,2.410000,2.051694,137.444000,137.014000,136.723500,137.282559,0.678553,76.421405,0,train
AAPL,240,2017-03-01,17:30:00,2017-03-01T17:30:00+00:00,139.770000,140.140000,139.490000,139.720000,26515,0.650000,-0.035773,138.038000,137.341000,136.939500,137.725730,0.679470,73.928571,0,train
AAPL,240,2017-03-01,21:30:00,2017-03-01T21:30:00+00:00,139.730000,139.800000,139.690000,139.700000,24,0.110000,-0.014314,138.612000,137.714000,137.140000,138.084688,0.654792,73.571429,0,train
AAPL,240,2017-03-02,13:30:00,2017-03-02T13:30:00+00:00,139.990000,140.260000,139.200000,139.440000,22374,1.060000,-0.186113,139.118000,137.994000,137.299500,138.331109,0.664584,75.457875,0,train
AAPL,240,2017-03-02,17:30:00,2017-03-02T17:30:00+00:00,139.440000,139.620000,138.490000,139.000000,25251,1.130000,-0.315548,139.526000,138.187000,137.422000,138.452725,0.682665,72.154116,0,train
AAPL,240,2017-03-02,21:30:00,2017-03-02T21:30:00+00:00,138.920000,138.960000,138.900000,138.930000,10,0.060000,-0.050360,139.358000,138.401000,137.538500,138.539503,0.675690,71.527778,1,train
AAPL,240,2017-03-03,13:30:00,2017-03-03T13:30:00+00:00,138.600000,139.350000,138.530000,139.300000,21293,0.820000,0.266321,139.274000,138.656000,137.673000,138.677775,0.673079,79.469027,1,train
AAPL,240,2017-03-03,17:30:00,2017-03-03T17:30:00+00:00,139.290000,139.820000,139.270000,139.720000,25348,0.550000,0.301508,139.278000,138.945000,137.807000,138.867270,0.672313,78.518519,0,train
AAPL,240,2017-03-06,13:30:00,2017-03-06T13:30:00+00:00,139.330000,139.740000,138.570000,138.670000,20847,1.170000,-0.751503,139.124000,139.121000,137.887500,138.831403,0.738314,63.289037,1,train
AAPL,240,2017-03-06,17:30:00,2017-03-06T17:30:00+00:00,138.680000,139.530000,138.610000,139.310000,22649,0.920000,0.461527,139.186000,139.356000,138.020000,138.918421,0.744526,69.749216,1,train
AAPL,240,2017-03-06,21:30:00,2017-03-06T21:30:00+00:00,139.370000,139.390000,139.310000,139.360000,20,0.080000,0.035891,139.272000,139.315000,138.164500,138.998708,0.344932,70.422535,1,train
AAPL,240,2017-03-07,13:30:00,2017-03-07T13:30:00+00:00,138.990000,139.980000,138.760000,139.460000,21837,1.220000,0.071757,139.304000,139.289000,138.315000,139.082579,0.346364,70.514821,0,train
AAPL,240,2017-03-07,17:30:00,2017-03-07T17:30:00+00:00,139.460000,139.750000,139.120000,139.450000,24643,0.630000,-0.007171,139.250000,139.264000,138.489000,139.149383,0.346380,70.031546,1,train
AAPL,240,2017-03-07,21:30:00,2017-03-07T21:30:00+00:00,139.460000,139.490000,139.440000,139.470000,506,0.050000,0.014342,139.410000,139.267000,138.630500,139.207677,0.341293,69.889065,0,train
AAPL,240,2017-03-08,13:30:00,2017-03-08T13:30:00+00:00,139.080000,139.790000,138.660000,139.170000,23029,1.130000,-0.215100,139.382000,139.284000,138.735500,139.200827,0.332245,42.105263,0,train
AAPL,240,2017-03-08,17:30:00,2017-03-08T17:30:00+00:00,139.150000,139.420000,138.790000,138.980000,23875,0.630000,-0.136524,139.306000,139.289000,138.845000,139.160676,0.335167,40.609137,0,train
AAPL,240,2017-03-08,21:30:00,2017-03-08T21:30:00+00:00,138.940000,139.000000,138.930000,138.970000,34,0.070000,-0.007195,139.208000,139.256000,138.956000,139.126008,0.322304,40.712468,0,train
AAPL,240,2017-03-09,13:30:00,2017-03-09T13:30:00+00:00,138.460000,138.810000,137.030000,138.460000,22647,1.780000,-0.366986,139.010000,139.130000,139.037500,139.004916,0.316741,38.277512,1,train
AAPL,240,2017-03-09,17:30:00,2017-03-09T17:30:00+00:00,138.470000,138.680000,137.780000,138.550000,25435,0.900000,0.065001,138.826000,139.118000,139.119500,138.922204,0.216757,44.125326,1,train
AAPL,240,2017-03-09,21:30:00,2017-03-09T21:30:00+00:00,138.550000,138.700000,138.550000,138.690000,21,0.150000,0.101047,138.730000,139.056000,139.206000,138.879985,0.149432,46.923077,1,train
AAPL,240,2017-03-10,13:30:00,2017-03-10T13:30:00+00:00,138.980000,139.340000,138.620000,139.200000,23724,0.720000,0.367727,138.774000,139.040000,139.177500,138.938169,0.198164,48.762376,0,train
AAPL,240,2017-03-10,17:30:00,2017-03-10T17:30:00+00:00,139.170000,139.310000,138.740000,139.140000,23689,0.570000,-0.043103,138.808000,139.008000,139.148500,138.974866,0.196133,42.119565,0,train
AAPL,240,2017-03-13,12:30:00,2017-03-13T12:30:00+00:00,138.710000,139.420000,138.680000,138.990000,21834,0.740000,-0.107805,138.914000,138.962000,139.113000,138.977618,0.197817,55.755396,1,train
AAPL,240,2017-03-13,16:30:00,2017-03-13T16:30:00+00:00,139.000000,139.360000,138.960000,139.250000,20727,0.400000,0.187064,139.054000,138.940000,139.103500,139.027142,0.209586,48.750000,0,train
AAPL,240,2017-03-13,20:30:00,2017-03-13T20:30:00+00:00,139.250000,139.280000,139.140000,139.170000,27,0.140000,-0.057451,139.150000,138.940000,139.112000,139.053116,0.198550,46.090535,0,train
AAPL,240,2017-03-14,12:30:00,2017-03-14T12:30:00+00:00,138.890000,139.640000,138.810000,139.070000,22259,0.830000,-0.071855,139.124000,138.949000,139.119000,139.056186,0.194617,41.975309,0,train
AAPL,240,2017-03-14,16:30:00,2017-03-14T16:30:00+00:00,139.090000,139.150000,138.830000,138.880000,21798,0.320000,-0.136622,139.072000,138.940000,139.098000,139.024152,0.199873,39.080460,1,train
AAPL,240,2017-03-14,20:30:00,2017-03-14T20:30:00+00:00,138.900000,139.010000,138.900000,138.980000,11,0.110000,0.072005,139.070000,138.992000,139.061000,139.016124,0.155029,40.892193,1,train
AAPL,240,2017-03-15,12:30:00,2017-03-15T12:30:00+00:00,139.150000,139.900000,138.990000,139.820000,19529,0.910000,0.604404,139.184000,139.119000,139.118500,139.162284,0.237516,60.061920,1,train
AAPL,240,2017-03-15,16:30:00,2017-03-15T16:30:00+00:00,139.850000,140.740000,139.710000,140.500000,28597,1.030000,0.486340,139.450000,139.300000,139.178000,139.405505,0.268464,70.430108,0,train
AAPL,240,2017-03-15,20:30:00,2017-03-15T20:30:00+00:00,140.450000,140.460000,140.390000,140.420000,19,0.070000,-0.056940,139.720000,139.422000,139.231000,139.589958,0.260153,69.129288,1,train
AAPL,240,2017-03-16,12:30:00,2017-03-16T12:30:00+00:00,140.690000,141.000000,140.230000,140.770000,23987,0.770000,0.249252,140.098000,139.585000,139.296500,139.804511,0.260259,81.818182,0,train
AAPL,240,2017-03-16,16:30:00,2017-03-16T16:30:00+00:00,140.770000,140.840000,140.350000,140.640000,23500,0.490000,-0.092349,140.430000,139.750000,139.356000,139.956418,0.258819,78.474114,1,train
AAPL,240,2017-03-16,20:30:00,2017-03-16T20:30:00+00:00,140.650000,140.660000,140.640000,140.660000,10,0.020000,0.014221,140.598000,139.891000,139.415500,140.084342,0.259493,77.746479,0,train
AAPL,240,2017-03-17,12:30:00,2017-03-17T12:30:00+00:00,140.660000,141.020000,140.380000,140.660000,20282,0.640000,0.000000,140.630000,140.040000,139.490000,140.189007,0.256208,74.013158,0,train
AAPL,240,2017-03-17,16:30:00,2017-03-17T16:30:00+00:00,140.660000,140.940000,139.860000,139.900000,23796,1.080000,-0.540310,140.526000,140.123000,139.536000,140.136461,0.325869,60.160428,1,train
AAPL,240,2017-03-20,12:30:00,2017-03-20T12:30:00+00:00,140.240000,141.330000,140.190000,141.080000,20102,1.140000,0.843460,140.588000,140.343000,139.641500,140.308013,0.399278,71.907757,1,train
AAPL,240,2017-03-20,16:30:00,2017-03-20T16:30:00+00:00,141.060000,141.470000,140.830000,141.410000,22708,0.640000,0.233910,140.742000,140.586000,139.789000,140.508374,0.398685,72.314050,1,train
AAPL,240,2017-03-20,20:30:00,2017-03-20T20:30:00+00:00,141.420000,141.520000,141.380000,141.430000,55,0.140000,0.014143,140.896000,140.747000,139.933000,140.675943,0.370623,73.640167,0,train
AAPL,240,2017-03-21,12:30:00,2017-03-21T12:30:00+00:00,141.980000,142.780000,140.920000,141.080000,30014,1.860000,-0.247472,140.980000,140.805000,140.052500,140.749408,0.361501,69.980119,0,train
AAPL,240,2017-03-21,16:30:00,2017-03-21T16:30:00+00:00,141.070000,141.120000,139.700000,139.880000,34244,1.420000,-0.850581,140.976000,140.751000,140.086500,140.591334,0.459437,58.278146,0,train
AAPL,240,2017-03-21,20:30:00,2017-03-21T20:30:00+00:00,139.910000,139.910000,139.680000,139.710000,58,0.230000,-0.121533,140.702000,140.645000,140.115000,140.431091,0.448550,55.973813,1,train
AAPL,240,2017-03-22,12:30:00,2017-03-22T12:30:00+00:00,139.390000,141.380000,139.370000,140.940000,25749,2.010000,0.880395,140.608000,140.675000,140.212500,140.523620,0.540365,58.615385,1,train
AAPL,240,2017-03-22,16:30:00,2017-03-22T16:30:00+00:00,140.950000,141.590000,140.620000,141.250000,26533,0.970000,0.219952,140.572000,140.734000,140.312500,140.655689,0.543915,56.117455,0,train
AAPL,240,2017-03-22,20:30:00,2017-03-22T20:30:00+00:00,141.250000,141.250000,141.170000,141.180000,14,0.080000,-0.049558,140.592000,140.786000,140.413000,140.751018,0.544577,56.209150,1,train
AAPL,240,2017-03-23,12:30:00,2017-03-23T12:30:00+00:00,141.220000,141.580000,140.580000,141.460000,22463,1.000000,0.198328,140.908000,140.942000,140.532500,140.879924,0.506121,55.702479,0,train
AAPL,240,2017-03-23,16:30:00,2017-03-23T16:30:00+00:00,141.460000,141.460000,140.600000,140.770000,28209,0.860000,-0.487770,141.120000,140.911000,140.627000,140.859938,0.465854,50.983359,0,train
AAPL,240,2017-03-23,20:30:00,2017-03-23T20:30:00+00:00,140.770000,140.890000,140.740000,140.770000,24,0.150000,0.000000,141.086000,140.847000,140.716500,140.843586,0.457428,50.834598,1,train
AAPL,240,2017-03-24,12:30:00,2017-03-24T12:30:00+00:00,141.100000,141.730000,140.920000,141.360000,20649,0.810000,0.419123,141.108000,140.840000,140.793500,140.937479,0.480532,54.874652,0,train
AAPL,240,2017-03-24,16:30:00,2017-03-24T16:30:00+00:00,141.340000,141.430000,140.340000,140.630000,28481,1.090000,-0.516412,140.998000,140.795000,140.800000,140.881574,0.502693,55.104895,1,train
AAPL,240,2017-03-27,12:30:00,2017-03-27T12:30:00+00:00,139.550000,140.820000,138.590000,140.810000,24176,2.230000,0.127995,140.868000,140.888000,140.819500,140.868560,0.412543,47.804878,1,train
AAPL,240,2017-03-27,16:30:00,2017-03-27T16:30:00+00:00,140.790000,141.210000,140.650000,140.910000,24438,0.560000,0.071018,140.896000,141.008000,140.826500,140.876095,0.407222,45.777027,0,train
AAPL,240,2017-03-27,20:30:00,2017-03-27T20:30:00+00:00,140.910000,140.930000,140.890000,140.910000,10,0.040000,0.000000,140.924000,141.005000,140.840000,140.882259,0.296616,45.593220,1,train
AAPL,240,2017-03-28,12:30:00,2017-03-28T12:30:00+00:00,140.840000,142.870000,140.590000,142.800000,23709,2.280000,1.341282,141.212000,141.160000,140.947000,141.230940,0.518613,61.559140,1,train
AAPL,240,2017-03-28,16:30:00,2017-03-28T16:30:00+00:00,142.810000,144.030000,142.590000,143.650000,28350,1.440000,0.595238,141.816000,141.407000,141.096500,141.670769,0.536298,76.586742,0,train
AAPL,240,2017-03-28,20:30:00,2017-03-28T20:30:00+00:00,143.660000,143.690000,143.620000,143.620000,27,0.070000,-0.020884,142.378000,141.623000,141.282500,142.025174,0.539702,78.129496,1,train
AAPL,240,2017-03-29,12:30:00,2017-03-29T12:30:00+00:00,143.570000,144.190000,143.170000,143.700000,23151,1.020000,0.055703,142.936000,141.916000,141.413500,142.329688,0.493389,73.793103,1,train
AAPL,240,2017-03-29,16:30:00,2017-03-29T16:30:00+00:00,143.720000,144.480000,143.480000,144.110000,24548,1.000000,0.285317,143.576000,142.250000,141.548500,142.653381,0.488293,74.237288,1,train
AAPL,240,2017-03-29,20:30:00,2017-03-29T20:30:00+00:00,144.120000,144.210000,144.110000,144.150000,24,0.100000,0.027757,143.846000,142.529000,141.684500,142.925494,0.487654,75.298126,0,train
AAPL,240,2017-03-30,12:30:00,2017-03-30T12:30:00+00:00,144.100000,144.490000,143.570000,143.830000,20876,0.920000,-0.221991,143.882000,142.849000,141.822000,143.089949,0.447010,70.050761,0,train
AAPL,240,2017-03-30,16:30:00,2017-03-30T16:30:00+00:00,143.810000,144.130000,143.470000,143.770000,22580,0.660000,-0.041716,143.912000,143.145000,142.016500,143.213595,0.454312,78.409091,1,train
AAPL,240,2017-03-30,20:30:00,2017-03-30T20:30:00+00:00,143.780000,143.850000,143.780000,143.850000,4,0.070000,0.055644,143.942000,143.439000,142.223500,143.329305,0.454857,78.731343,1,train
AAPL,240,2017-03-31,12:30:00,2017-03-31T12:30:00+00:00,143.750000,144.260000,142.980000,143.970000,18727,1.280000,0.083420,143.914000,143.745000,142.375000,143.445795,0.451378,76.687117,0,train
AAPL,240,2017-03-31,16:30:00,2017-03-31T16:30:00+00:00,143.970000,144.110000,143.470000,143.670000,22600,0.640000,-0.208377,143.818000,143.832000,142.496000,143.486560,0.237416,84.080717,0,train
AAPL,240,2017-04-03,12:30:00,2017-04-03T12:30:00+00:00,143.500000,144.110000,143.030000,143.510000,24486,1.080000,-0.111366,143.754000,143.818000,142.612500,143.490821,0.149697,80.405405,1,train
AAPL,240,2017-04-03,16:30:00,2017-04-03T16:30:00+00:00,143.530000,143.890000,143.330000,143.660000,24306,0.560000,0.104522,143.732000,143.822000,142.722500,143.521581,0.153847,80.623608,1,train
AAPL,240,2017-04-03,20:30:00,2017-04-03T20:30:00+00:00,143.660000,143.670000,143.650000,143.670000,3,0.020000,0.006961,143.696000,143.819000,142.867500,143.548566,0.152756,80.666667,1,train
AAPL,240,2017-04-04,12:30:00,2017-04-04T12:30:00+00:00,143.180000,144.480000,143.160000,144.310000,21819,1.320000,0.445465,143.764000,143.839000,143.044500,143.687009,0.190062,73.230769,1,train
AAPL,240,2017-04-04,16:30:00,2017-04-04T16:30:00+00:00,144.300000,144.880000,144.000000,144.720000,22901,0.880000,0.284111,143.974000,143.896000,143.212500,143.874825,0.208512,69.039146,1,train
AAPL,240,2017-04-04,20:30:00,2017-04-04T20:30:00+00:00,144.770000,144.850000,144.730000,144.830000,13,0.120000,0.076009,144.238000,143.996000,143.422500,144.048494,0.187163,70.934256,1,train
AAPL,240,2017-04-05,12:30:00,2017-04-05T12:30:00+00:00,144.600000,145.440000,143.240000,145.180000,23567,2.200000,0.241663,144.542000,144.137000,143.641000,144.254222,0.189892,73.417722,0,train
AAPL,240,2017-04-05,16:30:00,2017-04-05T16:30:00+00:00,145.160000,145.450000,143.790000,143.880000,27715,1.660000,-0.895440,144.584000,144.140000,143.789500,144.186182,0.368002,47.160494,0,train
AAPL,240,2017-04-05,20:30:00,2017-04-05T20:30:00+00:00,143.900000,143.900000,143.430000,143.500000,85,0.470000,-0.264109,144.422000,144.093000,143.919000,144.061421,0.375858,42.596811,1,train
AAPL,240,2017-04-06,12:30:00,2017-04-06T12:30:00+00:00,144.050000,144.510000,143.440000,144.040000,23205,1.070000,0.376307,144.286000,144.130000,143.981000,144.057527,0.390571,52.277657,0,train
AAPL,240,2017-04-06,16:30:00,2017-04-06T16:30:00+00:00,144.020000,144.400000,143.430000,143.620000,24158,0.970000,-0.291586,144.044000,144.141000,143.979500,143.977976,0.401636,48.490946,0,train
AAPL,240,2017-04-06,20:30:00,2017-04-06T20:30:00+00:00,143.640000,143.800000,143.570000,143.620000,36,0.230000,0.000000,143.732000,144.137000,143.979500,143.912890,0.400214,47.648262,1,train
AAPL,240,2017-04-07,12:30:00,2017-04-07T12:30:00+00:00,143.380000,144.160000,143.200000,143.870000,21526,0.960000,0.174070,143.730000,144.157000,143.988000,143.905092,0.404102,49.003984,0,train
AAPL,240,2017-04-07,16:30:00,2017-04-07T16:30:00+00:00,143.870000,144.010000,143.290000,143.340000,22740,0.720000,-0.368388,143.698000,144.060000,143.949500,143.802348,0.389382,46.857143,0,train
AAPL,240,2017-04-10,12:30:00,2017-04-10T12:30:00+00:00,143.620000,143.860000,143.020000,143.230000,20449,0.840000,-0.076741,143.536000,143.911000,143.903500,143.698284,0.369467,47.307692,0,train
AAPL,240,2017-04-10,16:30:00,2017-04-10T16:30:00+00:00,143.240000,143.750000,142.870000,143.100000,23659,0.880000,-0.090763,143.432000,143.738000,143.867000,143.589505,0.364224,44.594595,0,train
AAPL,240,2017-04-10,20:30:00,2017-04-10T20:30:00+00:00,143.130000,143.150000,143.100000,143.100000,9,0.050000,0.000000,143.328000,143.530000,143.833500,143.500504,0.345115,44.487427,0,train
AAPL,240,2017-04-11,12:30:00,2017-04-11T12:30:00+00:00,142.910000,143.290000,140.020000,141.310000,26852,3.270000,-1.250874,142.816000,143.273000,143.706500,143.102231,0.437169,26.265823,1,train
AAPL,240,2017-04-11,16:30:00,2017-04-11T16:30:00+00:00,141.300000,142.140000,140.970000,141.580000,27047,1.170000,0.191069,142.464000,143.081000,143.587000,142.825462,0.450830,24.595469,0,train
AAPL,240,2017-04-11,20:30:00,2017-04-11T20:30:00+00:00,141.550000,141.560000,141.340000,141.400000,38,0.220000,-0.127137,142.098000,142.817000,143.473500,142.566287,0.414169,22.560000,0,train
AAPL,240,2017-04-12,12:30:00,2017-04-12T12:30:00+00:00,141.430000,142.130000,141.040000,141.380000,23636,1.090000,-0.014144,141.754000,142.593000,143.367000,142.350598,0.415455,17.905405,1,train
AAPL,240,2017-04-12,16:30:00,2017-04-12T16:30:00+00:00,141.380000,141.790000,140.980000,141.770000,25678,0.810000,0.275852,141.488000,142.408000,143.272500,142.245035,0.435652,28.942116,0,train
AAPL,240,2017-04-12,20:30:00,2017-04-12T20:30:00+00:00,141.720000,141.800000,141.720000,141.760000,22,0.080000,-0.007054,141.578000,142.197000,143.177000,142.156847,0.425308,31.250000,1,train
AAPL,240,2017-04-13,12:30:00,2017-04-13T12:30:00+00:00,141.590000,142.370000,141.520000,142.010000,22715,0.850000,0.176354,141.664000,142.064000,143.062000,142.130147,0.428648,26.666667,0,train
AAPL,240,2017-04-13,16:30:00,2017-04-13T16:30:00+00:00,142.000000,142.140000,141.020000,141.090000,26265,1.120000,-0.647842,141.602000,141.850000,142.880500,141.941030,0.463006,23.917526,1,train
AAPL,240,2017-04-13,20:30:00,2017-04-13T20:30:00+00:00,141.090000,141.220000,141.060000,141.110000,49,0.160000,0.014175,141.548000,141.651000,142.694500,141.789933,0.465666,24.229979,1,train
AAPL,240,2017-04-17,12:30:00,2017-04-17T12:30:00+00:00,141.700000,141.930000,140.850000,141.270000,19829,1.080000,0.113387,141.448000,141.468000,142.499000,141.695400,0.470778,22.803347,1,train
AAPL,240,2017-04-17,16:30:00,2017-04-17T16:30:00+00:00,141.280000,141.860000,141.210000,141.800000,21191,0.650000,0.375168,141.456000,141.517000,142.395000,141.714418,0.283115,33.891213,0,train
AAPL,240,2017-04-17,20:30:00,2017-04-17T20:30:00+00:00,141.780000,141.830000,141.760000,141.800000,13,0.070000,0.000000,141.414000,141.539000,142.310000,141.729979,0.277808,34.689507,0,train
AAPL,240,2017-04-18,12:30:00,2017-04-18T12:30:00+00:00,141.490000,142.030000,141.080000,141.320000,22329,0.950000,-0.338505,141.460000,141.531000,142.174000,141.655437,0.297258,32.270916,0,train
AAPL,240,2017-04-18,16:30:00,2017-04-18T16:30:00+00:00,141.310000,141.560000,141.070000,141.170000,25105,0.490000,-0.106142,141.472000,141.510000,142.051500,141.567176,0.298982,31.334623,1,train
AAPL,240,2017-04-18,20:30:00,2017-04-18T20:30:00+00:00,141.200000,141.230000,141.170000,141.220000,55,0.060000,0.035418,141.462000,141.455000,141.931500,141.504053,0.282241,48.688047,1,train
AAPL,240,2017-04-19,12:30:00,2017-04-19T12:30:00+00:00,141.800000,141.980000,141.280000,141.420000,19318,0.700000,0.141623,141.386000,141.421000,141.809000,141.488771,0.287940,47.619048,0,train
AAPL,240,2017-04-19,16:30:00,2017-04-19T16:30:00+00:00,141.410000,141.540000,140.420000,140.690000,24727,1.120000,-0.516193,141.164000,141.289000,141.676500,141.343540,0.316375,40.920716,1,train
AAPL,240,2017-04-19,20:30:00,2017-04-19T20:30:00+00:00,140.700000,140.750000,140.670000,140.720000,29,0.080000,0.021323,141.044000,141.252000,141.551000,141.230169,0.249696,41.581633,1,train
AAPL,240,2017-04-20,12:30:00,2017-04-20T12:30:00+00:00,141.220000,142.730000,140.990000,142.660000,23140,1.740000,1.378624,141.342000,141.407000,141.529000,141.490138,0.510582,58.135283,0,train
AAPL,240,2017-04-20,16:30:00,2017-04-20T16:30:00+00:00,142.690000,142.910000,142.290000,142.400000,25804,0.620000,-0.182252,141.578000,141.520000,141.494000,141.655567,0.518886,55.594406,0,train
AAPL,240,2017-04-20,20:30:00,2017-04-20T20:30:00+00:00,142.400000,142.450000,142.370000,142.390000,29,0.080000,-0.007022,141.772000,141.579000,141.548000,141.789101,0.508781,53.467153,0,train
AAPL,240,2017-04-21,12:30:00,2017-04-21T12:30:00+00:00,142.450000,142.650000,142.080000,142.260000,18990,0.570000,-0.091299,142.086000,141.625000,141.582000,141.874719,0.510448,62.473348,0,train
AAPL,240,2017-04-21,16:30:00,2017-04-21T16:30:00+00:00,142.270000,142.430000,141.830000,142.250000,23535,0.600000,-0.007029,142.392000,141.718000,141.624500,141.942952,0.494104,62.179487,1,train
AAPL,240,2017-04-24,12:30:00,2017-04-24T12:30:00+00:00,143.700000,143.930000,143.170000,143.680000,21676,0.760000,1.005272,142.596000,141.969000,141.739500,142.258779,0.570064,70.252101,0,train
AAPL,240,2017-04-24,16:30:00,2017-04-24T16:30:00+00:00,143.700000,143.860000,143.470000,143.560000,21845,0.390000,-0.083519,142.828000,142.203000,141.829000,142.495364,0.574588,65.884477,1,train
AAPL,240,2017-04-24,20:30:00,2017-04-24T20:30:00+00:00,143.600000,143.660000,143.570000,143.660000,9,0.090000,0.069657,143.082000,142.427000,141.924000,142.707116,0.575377,66.489362,1,train
AAPL,240,2017-04-25,12:30:00,2017-04-25T12:30:00+00:00,144.010000,144.690000,143.670000,144.570000,26726,1.020000,0.633440,143.544000,142.815000,142.052000,143.045822,0.539252,76.771005,0,train
AAPL,240,2017-04-25,16:30:00,2017-04-25T16:30:00+00:00,144.600000,144.890000,144.400000,144.430000,28880,0.490000,-0.096839,143.980000,143.186000,142.219000,143.297491,0.546641,76.897690,0,train
AAPL,240,2017-04-25,20:30:00,2017-04-25T20:30:00+00:00,144.450000,144.450000,144.420000,144.420000,3,0.030000,-0.006924,144.128000,143.362000,142.384500,143.501584,0.383344,76.578073,0,train
AAPL,240,2017-04-26,12:30:00,2017-04-26T12:30:00+00:00,144.530000,144.590000,143.790000,144.080000,28222,0.800000,-0.235424,144.232000,143.530000,142.525000,143.606750,0.388389,71.590909,0,train
AAPL,240,2017-04-26,16:30:00,2017-04-26T16:30:00+00:00,144.070000,144.570000,143.340000,143.690000,33745,1.230000,-0.270683,144.238000,143.660000,142.619500,143.621887,0.406356,75.773196,1,train
AAPL,240,2017-04-26,20:30:00,2017-04-26T20:30:00+00:00,143.690000,143.710000,143.690000,143.710000,16,0.020000,0.013919,144.066000,143.805000,142.715000,143.637907,0.402435,75.731497,0,train
AAPL,240,2017-04-27,12:30:00,2017-04-27T12:30:00+00:00,143.740000,144.140000,143.270000,143.640000,27970,0.870000,-0.048709,143.908000,143.944000,142.831000,143.638288,0.403905,62.436548,0,train
AAPL,240,2017-04-27,16:30:00,2017-04-27T16:30:00+00:00,143.660000,143.900000,143.470000,143.580000,28692,0.430000,-0.041771,143.740000,143.934000,142.951500,143.627690,0.248341,65.775401,1,train
AAPL,240,2017-04-27,20:30:00,2017-04-27T20:30:00+00:00,143.600000,143.800000,143.420000,143.660000,97,0.380000,0.055718,143.656000,143.944000,143.073500,143.633564,0.247456,66.666667,1,train
AAPL,240,2017-04-28,12:30:00,2017-04-28T12:30:00+00:00,143.860000,144.170000,143.230000,144.110000,28230,0.940000,0.313240,143.740000,143.989000,143.208000,143.720189,0.265606,72.397094,0,train
AAPL,240,2017-04-28,16:30:00,2017-04-28T16:30:00+00:00,144.090000,144.290000,143.420000,143.600000,29614,0.870000,-0.353896,143.718000,143.892000,143.353500,143.698337,0.189685,64.578834,1,train
AAPL,240,2017-05-01,12:30:00,2017-05-01T12:30:00+00:00,144.510000,146.330000,144.260000,146.280000,27148,2.070000,1.866295,144.246000,144.077000,143.631500,144.167730,0.639072,72.108844,1,train
AAPL,240,2017-05-01,16:30:00,2017-05-01T16:30:00+00:00,146.300000,147.180000,146.240000,146.610000,31082,0.940000,0.225595,144.852000,144.296000,143.829000,144.611779,0.637798,75.041051,1,train
AAPL,240,2017-05-01,20:30:00,2017-05-01T20:30:00+00:00,146.590000,146.800000,146.590000,146.660000,63,0.210000,0.034104,145.452000,144.554000,144.042000,144.984183,0.625156,74.834437,1,train
AAPL,240,2017-05-02,12:30:00,2017-05-02T12:30:00+00:00,147.200000,148.080000,146.970000,147.500000,24161,1.110000,0.572753,146.130000,144.935000,144.297500,145.441604,0.614494,74.539363,1,train
AAPL,240,2017-05-02,16:30:00,2017-05-02T16:30:00+00:00,147.490000,147.950000,146.810000,147.780000,28345,1.140000,0.189831,146.966000,145.342000,144.573500,145.866767,0.609042,77.414075,0,train
AAPL,240,2017-05-02,20:30:00,2017-05-02T20:30:00+00:00,147.800000,148.070000,144.280000,144.350000,2393,3.790000,-2.321018,146.580000,145.413000,144.678500,145.590991,1.026606,49.632739,1,train
AAPL,240,2017-05-03,12:30:00,2017-05-03T12:30:00+00:00,145.800000,146.960000,144.250000,146.940000,31018,2.710000,1.794250,146.646000,145.749000,144.841500,145.836266,1.162716,62.139219,0,train
AAPL,240,2017-05-03,16:30:00,2017-05-03T16:30:00+00:00,146.970000,147.490000,146.170000,146.300000,32135,1.320000,-0.435552,146.574000,146.013000,144.978500,145.920581,1.181485,60.847880,1,train
AAPL,240,2017-05-03,20:30:00,2017-05-03T20:30:00+00:00,146.290000,146.420000,145.780000,146.400000,202,0.640000,0.068353,146.354000,146.242000,145.115500,146.007748,1.181152,61.106524,0,train
AAPL,240,2017-05-04,12:30:00,2017-05-04T12:30:00+00:00,146.730000,147.120000,145.780000,146.040000,26905,1.340000,-0.245902,146.006000,146.486000,145.189000,146.013612,1.176374,59.677419,1,train
AAPL,240,2017-05-04,16:30:00,2017-05-04T16:30:00+00:00,146.030000,146.660000,145.980000,146.340000,28765,0.680000,0.205423,146.404000,146.492000,145.284500,146.072955,1.017561,60.917722,1,train
AAPL,240,2017-05-04,20:30:00,2017-05-04T20:30:00+00:00,146.350000,146.540000,146.320000,146.350000,43,0.220000,0.006833,146.286000,146.466000,145.381000,146.123327,1.014729,60.700080,1,train
AAPL,240,2017-05-05,12:30:00,2017-05-05T12:30:00+00:00,146.700000,148.900000,146.690000,148.460000,26271,2.210000,1.441749,146.718000,146.646000,145.600000,146.548177,1.114713,65.284610,1,train
AAPL,240,2017-05-05,16:30:00,2017-05-05T16:30:00+00:00,148.470000,148.970000,148.330000,148.940000,26429,0.640000,0.323319,147.226000,146.790000,145.862500,146.983054,1.106407,68.802817,1,train
AAPL,240,2017-05-08,12:30:00,2017-05-08T12:30:00+00:00,148.800000,152.960000,148.750000,152.900000,28002,4.210000,2.658789,148.598000,147.302000,146.322000,148.058862,1.371678,71.382429,0,train
AAPL,240,2017-05-08,16:30:00,2017-05-08T16:30:00+00:00,152.900000,153.690000,152.420000,152.900000,26722,1.270000,0.000000,149.910000,148.157000,146.785000,148.939069,1.021149,70.759076,1,train
AAPL,240,2017-05-08,20:30:00,2017-05-08T20:30:00+00:00,152.910000,152.970000,152.900000,152.920000,10,0.070000,0.013080,151.224000,148.755000,147.252000,149.662875,0.938118,70.701058,1,train
AAPL,240,2017-05-09,12:30:00,2017-05-09T12:30:00+00:00,153.590000,154.870000,153.480000,154.250000,25266,1.390000,0.869736,152.382000,149.550000,147.781500,150.496897,0.898350,71.620756,0,train
AAPL,240,2017-05-09,16:30:00,2017-05-09T16:30:00+00:00,154.250000,154.520000,153.420000,153.960000,24769,1.100000,-0.188006,153.386000,150.306000,148.274000,151.126552,0.916592,69.782330,0,train
AAPL,240,2017-05-09,20:30:00,2017-05-09T20:30:00+00:00,153.940000,154.010000,153.910000,153.910000,24,0.100000,-0.032476,153.588000,151.093000,148.789500,151.632634,0.899397,89.052288,0,train
AAPL,240,2017-05-10,12:30:00,2017-05-10T12:30:00+00:00,152.880000,153.930000,152.080000,153.210000,21812,1.850000,-0.454811,153.650000,151.780000,149.136000,151.919428,0.948739,80.289855,1,train
AAPL,240,2017-05-10,16:30:00,2017-05-10T16:30:00+00:00,153.200000,153.630000,152.810000,153.280000,22978,0.820000,0.045689,153.722000,152.473000,149.469500,152.166804,0.946737,85.685072,0,train
AAPL,240,2017-05-10,20:30:00,2017-05-10T20:30:00+00:00,153.280000,153.280000,153.200000,153.210000,15,0.080000,-0.045668,153.514000,152.948000,149.797000,152.356476,0.891961,84.923077,0,train
AAPL,240,2017-05-11,12:30:00,2017-05-11T12:30:00+00:00,152.560000,153.540000,152.270000,152.870000,20596,1.270000,-0.221918,153.296000,153.341000,150.065500,152.449844,0.908182,85.097636,1,train
AAPL,240,2017-05-11,16:30:00,2017-05-11T16:30:00+00:00,152.850000,154.060000,152.570000,153.750000,22440,1.490000,0.575653,153.264000,153.426000,150.364000,152.686236,0.387751,85.935984,1,train
AAPL,240,2017-05-11,20:30:00,2017-05-11T20:30:00+00:00,153.720000,153.800000,153.620000,153.800000,19,0.180000,0.032520,153.382000,153.516000,150.836500,152.888739,0.387364,85.990338,1,train
AAPL,240,2017-05-12,12:30:00,2017-05-12T12:30:00+00:00,154.590000,156.410000,154.570000,156.010000,23125,1.840000,1.436931,153.928000,153.825000,151.290000,153.456241,0.581495,86.124402,1,train
AAPL,240,2017-05-12,16:30:00,2017-05-12T16:30:00+00:00,156.010000,156.230000,155.500000,156.070000,21848,0.730000,0.038459,154.500000,154.007000,151.778500,153.931470,0.532772,85.543370,0,train
AAPL,240,2017-05-15,12:30:00,2017-05-15T12:30:00+00:00,156.470000,156.640000,155.030000,155.120000,19505,1.610000,-0.608701,154.950000,154.123000,152.214500,154.147566,0.574640,65.811966,1,train
AAPL,240,2017-05-15,16:30:00,2017-05-15T16:30:00+00:00,155.130000,155.680000,155.040000,155.590000,20692,0.640000,0.302991,155.318000,154.291000,152.692000,154.409827,0.577353,67.957276,1,train
AAPL,240,2017-05-15,20:30:00,2017-05-15T20:30:00+00:00,155.640000,155.680000,155.560000,155.600000,31,0.120000,0.006427,155.678000,154.530000,153.155000,154.626222,0.544708,67.914439,0,train
AAPL,240,2017-05-16,12:30:00,2017-05-16T12:30:00+00:00,155.960000,156.160000,154.690000,155.290000,18744,1.470000,-0.199229,155.534000,154.731000,153.602000,154.746909,0.555628,58.049536,1,train
AAPL,240,2017-05-16,16:30:00,2017-05-16T16:30:00+00:00,155.320000,155.470000,154.940000,155.380000,19460,0.530000,0.057956,155.396000,154.948000,153.948000,154.862016,0.552911,61.341853,0,train
AAPL,240,2017-05-16,20:30:00,2017-05-16T20:30:00+00:00,155.400000,155.480000,155.340000,155.360000,21,0.140000,-0.012872,155.444000,155.197000,154.269000,154.952559,0.541452,61.637239,0,train
AAPL,240,2017-05-17,12:30:00,2017-05-17T12:30:00+00:00,154.070000,154.540000,149.980000,151.540000,24239,4.560000,-2.458805,154.634000,154.976000,154.201000,154.332094,0.967322,41.069519,0,train
AAPL,240,2017-05-17,16:30:00,2017-05-17T16:30:00+00:00,151.540000,152.170000,149.680000,150.250000,29288,2.490000,-0.851260,153.564000,154.621000,154.068500,153.589895,0.989874,35.666982,1,train
AAPL,240,2017-05-17,20:30:00,2017-05-17T20:30:00+00:00,150.270000,150.430000,150.270000,150.340000,67,0.160000,0.059900,152.574000,154.054000,153.939500,152.999005,0.812246,36.449481,1,train
AAPL,240,2017-05-18,12:30:00,2017-05-18T12:30:00+00:00,150.570000,153.330000,150.430000,152.200000,23877,2.900000,1.237196,151.938000,153.667000,153.837000,152.853731,0.954631,47.233691,1,train
AAPL,240,2017-05-18,16:30:00,2017-05-18T16:30:00+00:00,152.210000,153.210000,151.880000,152.400000,25743,1.330000,0.131406,151.346000,153.395000,153.759000,152.771235,0.952128,44.094488,0,train
AAPL,240,2017-05-18,20:30:00,2017-05-18T20:30:00+00:00,152.390000,152.410000,152.370000,152.380000,10,0.040000,-0.013123,151.514000,153.074000,153.682500,152.700101,0.939750,43.771930,1,train
AAPL,240,2017-05-19,12:30:00,2017-05-19T12:30:00+00:00,153.850000,153.970000,152.980000,153.500000,20361,0.990000,0.735005,152.164000,152.864000,153.697000,152.845537,0.985048,37.827352,0,train
AAPL,240,2017-05-19,16:30:00,2017-05-19T16:30:00+00:00,153.500000,153.720000,152.600000,152.990000,21649,1.120000,-0.332248,152.694000,152.634000,153.682500,152.871803,0.986963,35.687732,1,train
AAPL,240,2017-05-22,12:30:00,2017-05-22T12:30:00+00:00,153.480000,154.560000,152.870000,153.850000,18443,1.690000,0.562128,153.024000,152.481000,153.714500,153.049657,1.011048,44.048735,1,train
AAPL,240,2017-05-22,16:30:00,2017-05-22T16:30:00+00:00,153.850000,154.100000,153.550000,154.010000,19287,0.550000,0.103997,153.346000,152.346000,153.771500,153.224265,1.012767,42.374517,0,train
AAPL,240,2017-05-22,20:30:00,2017-05-22T20:30:00+00:00,153.980000,154.010000,153.940000,153.990000,14,0.070000,-0.012986,153.668000,152.591000,153.783500,153.363489,0.576529,42.237223,0,train
AAPL,240,2017-05-23,12:30:00,2017-05-23T12:30:00+00:00,154.750000,154.970000,153.490000,153.560000,18033,1.480000,-0.279239,153.680000,152.922000,153.771500,153.399219,0.486112,41.754051,1,train
AAPL,240,2017-05-23,16:30:00,2017-05-23T16:30:00+00:00,153.540000,153.790000,153.290000,153.690000,20785,0.500000,0.084657,153.820000,153.257000,153.655500,153.452088,0.485273,41.975309,1,train
AAPL,240,2017-05-23,20:30:00,2017-05-23T20:30:00+00:00,153.710000,153.760000,153.670000,153.700000,32,0.090000,0.006507,153.790000,153.407000,153.537000,153.497163,0.330484,42.110266,0,train
AAPL,240,2017-05-24,12:30:00,2017-05-24T12:30:00+00:00,153.700000,154.140000,152.660000,153.150000,18114,1.480000,-0.357840,153.618000,153.482000,153.438500,153.434042,0.359986,61.103448,1,train
AAPL,240,2017-05-24,16:30:00,2017-05-24T16:30:00+00:00,153.120000,153.490000,152.890000,153.280000,21231,0.600000,0.084884,153.476000,153.572000,153.323000,153.406035,0.359420,74.876847,1,train
AAPL,240,2017-05-24,20:30:00,2017-05-24T20:30:00+00:00,153.310000,153.310000,153.250000,153.300000,33,0.060000,0.013048,153.424000,153.552000,153.208000,153.386756,0.270052,74.584718,1,train
AAPL,240,2017-05-25,12:30:00,2017-05-25T12:30:00+00:00,153.700000,154.100000,153.010000,153.930000,19266,1.090000,0.410959,153.472000,153.646000,153.140000,153.485527,0.274572,68.058455,0,train
AAPL,240,2017-05-25,16:30:00,2017-05-25T16:30:00+00:00,153.910000,154.330000,153.660000,153.820000,22036,0.670000,-0.071461,153.496000,153.643000,153.062000,153.546341,0.212278,65.106383,0,train
AAPL,240,2017-05-25,20:30:00,2017-05-25T20:30:00+00:00,153.820000,153.830000,153.680000,153.780000,10,0.150000,-0.026004,153.622000,153.620000,152.983000,153.588824,0.209038,64.830508,0,train
AAPL,240,2017-05-26,12:30:00,2017-05-26T12:30:00+00:00,153.300000,154.210000,153.180000,153.700000,18647,1.030000,-0.052022,153.706000,153.591000,153.091000,153.609038,0.209366,52.717391,0,train
AAPL,240,2017-05-26,16:30:00,2017-05-26T16:30:00+00:00,153.700000,153.920000,153.290000,153.560000,21940,0.630000,-0.091087,153.758000,153.591000,153.256500,153.600122,0.190994,58.610272,1,train
AAPL,240,2017-05-30,12:30:00,2017-05-30T12:30:00+00:00,153.300000,154.340000,153.180000,154.330000,18676,1.160000,0.501433,153.838000,153.655000,153.456000,153.732827,0.248343,57.453416,0,train
AAPL,240,2017-05-30,16:30:00,2017-05-30T16:30:00+00:00,154.320000,154.420000,153.570000,153.600000,20438,0.850000,-0.473012,153.794000,153.645000,153.526000,153.708677,0.297377,44.591029,0,train
AAPL,240,2017-05-30,20:30:00,2017-05-30T20:30:00+00:00,153.580000,153.600000,153.580000,153.600000,6,0.020000,0.000000,153.758000,153.690000,153.586000,153.688917,0.270682,44.827586,0,train
AAPL,240,2017-05-31,12:30:00,2017-05-31T12:30:00+00:00,154.040000,154.170000,152.350000,153.120000,21418,1.820000,-0.312500,153.642000,153.674000,153.623000,153.585478,0.290146,44.240838,0,train
AAPL,240,2017-05-31,16:30:00,2017-05-31T16:30:00+00:00,153.140000,153.240000,152.430000,152.790000,24167,0.810000,-0.215517,153.488000,153.623000,153.587500,153.440845,0.297044,38.805970,1,train
AAPL,240,2017-05-31,20:30:00,2017-05-31T20:30:00+00:00,152.820000,152.890000,152.790000,152.870000,95,0.100000,0.052359,153.196000,153.517000,153.581500,153.337055,0.256363,39.853301,1,train
AAPL,240,2017-06-01,12:30:00,2017-06-01T12:30:00+00:00,153.300000,153.320000,152.180000,152.970000,19991,1.140000,0.065415,153.070000,153.432000,153.537500,153.270318,0.259835,47.527473,1,train
AAPL,240,2017-06-01,16:30:00,2017-06-01T16:30:00+00:00,152.990000,153.170000,152.660000,153.160000,22480,0.510000,0.124207,152.982000,153.370000,153.495000,153.250260,0.265973,48.378378,0,train
AAPL,240,2017-06-01,20:30:00,2017-06-01T20:30:00+00:00,153.130000,153.180000,153.040000,153.070000,28,0.140000,-0.058762,152.972000,153.307000,153.449000,153.217486,0.266015,46.949602,1,train
AAPL,240,2017-06-02,12:30:00,2017-06-02T12:30:00+00:00,153.380000,154.580000,152.860000,154.550000,20417,1.720000,0.966878,153.324000,153.406000,153.498500,153.459761,0.413349,56.709957,1,train
AAPL,240,2017-06-02,16:30:00,2017-06-02T16:30:00+00:00,154.570000,155.440000,154.440000,155.340000,25970,1.000000,0.511161,153.818000,153.507000,153.581000,153.801623,0.414500,64.339623,0,train
AAPL,240,2017-06-05,12:30:00,2017-06-05T12:30:00+00:00,154.200000,154.480000,153.450000,153.920000,22954,1.030000,-0.914124,154.008000,153.539000,153.592000,153.823146,0.494072,51.047904,0,train
AAPL,240,2017-06-05,16:30:00,2017-06-05T16:30:00+00:00,153.920000,154.150000,153.570000,153.840000,23291,0.580000,-0.051975,154.144000,153.563000,153.626500,153.826210,0.494601,51.047904,1,train
AAPL,240,2017-06-05,20:30:00,2017-06-05T20:30:00+00:00,153.860000,154.000000,153.830000,153.920000,42,0.170000,0.052002,154.314000,153.643000,153.658500,153.843263,0.480885,52.719033,1,train
AAPL,240,2017-06-06,12:30:00,2017-06-06T12:30:00+00:00,153.370000,154.780000,153.370000,154.420000,20882,1.410000,0.324844,154.288000,153.806000,153.714500,153.948124,0.477688,50.708661,1,train
AAPL,240,2017-06-06,16:30:00,2017-06-06T16:30:00+00:00,154.430000,155.790000,154.160000,154.450000,25642,1.630000,0.019428,154.110000,153.964000,153.740500,154.039374,0.478221,57.522124,0,train
AAPL,240,2017-06-06,20:30:00,2017-06-06T20:30:00+00:00,154.420000,154.440000,154.330000,154.430000,20,0.110000,-0.012949,154.212000,154.110000,153.771000,154.110397,0.479562,57.319224,1,train
AAPL,240,2017-06-07,12:30:00,2017-06-07T12:30:00+00:00,154.850000,155.960000,154.750000,155.070000,21332,1.210000,0.414427,154.458000,154.301000,153.835500,154.284870,0.490120,66.723842,1,train
AAPL,240,2017-06-07,16:30:00,2017-06-07T16:30:00+00:00,155.060000,155.560000,154.480000,155.360000,24769,1.080000,0.187012,154.746000,154.530000,153.918500,154.480349,0.486021,72.193437,0,train
AAPL,240,2017-06-07,20:30:00,2017-06-07T20:30:00+00:00,155.370000,155.370000,155.180000,155.200000,19,0.190000,-0.102987,154.902000,154.595000,154.000500,154.611194,0.395459,69.846678,0,train
AAPL,240,2017-06-08,12:30:00,2017-06-08T12:30:00+00:00,155.640000,155.730000,154.380000,154.980000,21745,1.350000,-0.141753,155.008000,154.559000,154.033000,154.678250,0.362002,66.777963,0,train
AAPL,240,2017-06-08,16:30:00,2017-06-08T16:30:00+00:00,154.970000,155.130000,154.510000,154.840000,22974,0.620000,-0.090334,155.090000,154.651000,154.095000,154.707659,0.188954,64.141414,0,train
AAPL,240,2017-06-08,20:30:00,2017-06-08T20:30:00+00:00,154.850000,154.910000,154.820000,154.820000,23,0.090000,-0.012917,155.040000,154.749000,154.156000,154.728085,0.186778,64.906303,0,train
AAPL,240,2017-06-09,12:30:00,2017-06-09T12:30:00+00:00,155.150000,155.200000,152.080000,152.200000,22862,3.120000,-1.692288,154.408000,154.577000,154.110000,154.268433,0.586231,33.238231,0,train
AAPL,240,2017-06-09,16:30:00,2017-06-09T16:30:00+00:00,152.200000,152.270000,146.000000,148.620000,37305,6.270000,-2.352168,153.092000,153.997000,153.901500,153.241445,0.895083,15.714286,0,train
AAPL,240,2017-06-12,12:30:00,2017-06-12T12:30:00+00:00,145.680000,147.100000,142.520000,144.130000,34463,4.580000,-3.021128,150.922000,152.965000,153.464500,151.584819,1.206993,11.965812,1,train
AAPL,240,2017-06-12,16:30:00,2017-06-12T16:30:00+00:00,144.130000,145.410000,143.340000,145.320000,31176,2.070000,0.825644,149.018000,152.054000,153.082000,150.445761,1.285275,19.527897,0,train
AAPL,240,2017-06-12,20:30:00,2017-06-12T20:30:00+00:00,145.340000,145.350000,145.190000,145.310000,56,0.160000,-0.006881,147.116000,151.078000,152.689500,149.511986,1.254923,19.051042,1,train
AAPL,240,2017-06-13,12:30:00,2017-06-13T12:30:00+00:00,146.870000,147.420000,145.120000,146.100000,28273,2.300000,0.543665,145.896000,150.152000,152.341000,148.891625,1.285753,20.704225,1,train
AAPL,240,2017-06-13,16:30:00,2017-06-13T16:30:00+00:00,146.110000,146.880000,145.420000,146.600000,27872,1.460000,0.342231,145.492000,149.292000,151.943500,148.474966,1.312502,23.244717,1,train
AAPL,240,2017-06-13,20:30:00,2017-06-13T20:30:00+00:00,146.600000,146.700000,146.520000,146.630000,43,0.180000,0.020464,145.992000,148.457000,151.508000,148.139518,1.319239,23.433243,0,train
AAPL,240,2017-06-14,12:30:00,2017-06-14T12:30:00+00:00,146.870000,147.490000,145.350000,145.590000,25257,2.140000,-0.709268,146.046000,147.532000,151.091500,147.675969,1.310057,18.567639,0,train
AAPL,240,2017-06-14,16:30:00,2017-06-14T16:30:00+00:00,145.600000,146.110000,143.820000,145.100000,32653,2.290000,-0.336562,146.004000,146.560000,150.654500,147.207611,1.297710,16.426702,0,train
AAPL,240,2017-06-14,20:30:00,2017-06-14T20:30:00+00:00,145.060000,145.150000,145.040000,145.060000,41,0.110000,-0.027567,145.796000,145.846000,150.211500,146.817136,1.253552,16.556728,0,train
AAPL,240,2017-06-15,12:30:00,2017-06-15T12:30:00+00:00,143.150000,144.170000,142.190000,143.420000,27762,1.980000,-1.130567,145.160000,145.326000,149.661500,146.199475,1.100119,15.138721,1,train
AAPL,240,2017-06-15,16:30:00,2017-06-15T16:30:00+00:00,143.430000,144.470000,143.210000,144.200000,28829,1.260000,0.543857,144.674000,145.333000,149.149000,145.835934,0.604197,19.105691,1,train
AAPL,240,2017-06-15,20:30:00,2017-06-15T20:30:00+00:00,144.210000,144.350000,144.190000,144.280000,29,0.160000,0.055479,144.412000,145.229000,148.641500,145.553037,0.533080,19.502315,0,train
AAPL,240,2017-06-16,12:30:00,2017-06-16T12:30:00+00:00,144.400000,144.480000,142.970000,143.360000,26906,1.510000,-0.637649,144.064000,145.034000,148.056000,145.154303,0.561286,21.630295,0,train
AAPL,240,2017-06-16,16:30:00,2017-06-16T16:30:00+00:00,143.350000,143.490000,142.170000,142.230000,28481,1.320000,-0.788225,143.498000,144.647000,147.399500,144.622612,0.540355,25.666413,1,train
AAPL,240,2017-06-19,12:30:00,2017-06-19T12:30:00+00:00,143.690000,146.180000,143.340000,145.860000,26102,2.840000,2.552204,143.986000,144.573000,146.932500,144.847591,1.038976,57.049715,1,train
AAPL,240,2017-06-19,16:30:00,2017-06-19T16:30:00+00:00,145.840000,146.740000,145.670000,146.220000,27885,1.070000,0.246812,144.390000,144.532000,146.494500,145.097120,1.043037,53.933566,1,train
AAPL,240,2017-06-19,20:30:00,2017-06-19T20:30:00+00:00,146.250000,146.450000,146.200000,146.310000,32,0.250000,0.061551,144.796000,144.604000,146.068000,145.317644,1.014798,54.340278,0,train
AAPL,240,2017-06-20,12:30:00,2017-06-20T12:30:00+00:00,146.480000,146.870000,144.970000,145.170000,25386,1.900000,-0.779168,145.158000,144.611000,145.585500,145.290799,1.042982,46.082561,0,train
AAPL,240,2017-06-20,16:30:00,2017-06-20T16:30:00+00:00,145.170000,145.940000,144.900000,145.000000,26892,1.040000,-0.117104,145.712000,144.605000,145.225500,145.237927,1.043722,43.067591,0,train
AAPL,240,2017-06-20,20:30:00,2017-06-20T20:30:00+00:00,144.990000,145.060000,144.980000,144.990000,25,0.080000,-0.006897,145.538000,144.762000,145.044000,145.192849,0.965987,42.881944,1,train
AAPL,240,2017-06-21,12:30:00,2017-06-21T12:30:00+00:00,145.250000,145.770000,144.580000,145.470000,23088,1.190000,0.331057,145.388000,144.889000,145.111000,145.243240,0.957752,49.452555,1,train
AAPL,240,2017-06-21,16:30:00,2017-06-21T16:30:00+00:00,145.460000,146.060000,145.220000,145.900000,26695,0.840000,0.295594,145.306000,145.051000,145.140000,145.362651,0.959748,53.669725,0,train
AAPL,240,2017-06-21,20:30:00,2017-06-21T20:30:00+00:00,145.870000,145.910000,145.790000,145.800000,34,0.120000,-0.068540,145.432000,145.295000,145.164500,145.442169,0.926399,53.375912,0,train
AAPL,240,2017-06-22,12:30:00,2017-06-22T12:30:00+00:00,145.820000,145.960000,145.090000,145.530000,22441,0.870000,-0.185185,145.538000,145.625000,145.136000,145.458138,0.875102,61.001043,1,train
AAPL,240,2017-06-22,16:30:00,2017-06-22T16:30:00+00:00,145.510000,146.680000,145.430000,145.570000,24821,1.250000,0.027486,145.654000,145.596000,145.084500,145.478477,0.319463,57.740113,0,train
AAPL,240,2017-06-22,20:30:00,2017-06-22T20:30:00+00:00,145.560000,145.650000,145.560000,145.560000,13,0.090000,-0.006870,145.672000,145.530000,145.031000,145.493299,0.305749,57.289294,1,train
AAPL,240,2017-06-23,12:30:00,2017-06-23T12:30:00+00:00,145.410000,146.900000,145.070000,146.880000,22085,1.830000,0.906843,145.868000,145.587000,145.095500,145.745427,0.430015,69.172113,0,train
AAPL,240,2017-06-23,16:30:00,2017-06-23T16:30:00+00:00,146.870000,147.150000,146.170000,146.260000,26270,0.980000,-0.422113,145.960000,145.696000,145.153500,145.838985,0.364262,73.241061,0,train
AAPL,240,2017-06-26,12:30:00,2017-06-26T12:30:00+00:00,147.030000,148.270000,145.360000,145.700000,27581,2.910000,-0.382880,145.994000,145.766000,145.185500,145.813715,0.388743,48.571429,1,train
AAPL,240,2017-06-26,16:30:00,2017-06-26T16:30:00+00:00,145.670000,146.480000,145.630000,145.780000,25151,0.850000,0.054907,146.036000,145.845000,145.303500,145.807585,0.388250,45.864662,1,train
AAPL,240,2017-06-26,20:30:00,2017-06-26T20:30:00+00:00,145.850000,145.880000,145.830000,145.860000,25,0.050000,0.054877,146.096000,145.884000,145.386500,145.817115,0.376065,45.762712,0,train
AAPL,240,2017-06-27,12:30:00,2017-06-27T12:30:00+00:00,145.210000,146.140000,144.780000,145.740000,23310,1.360000,-0.082271,145.868000,145.868000,145.459500,145.803094,0.364943,56.643357,0,train
AAPL,240,2017-06-27,16:30:00,2017-06-27T16:30:00+00:00,145.750000,145.770000,143.570000,143.770000,30758,2.200000,-1.351722,145.370000,145.665000,145.480000,145.433441,0.560736,39.901478,0,train
AAPL,240,2017-06-27,20:30:00,2017-06-27T20:30:00+00:00,143.740000,143.780000,143.470000,143.590000,50,0.310000,-0.125200,144.948000,145.471000,145.548000,145.098270,0.560505,38.817891,1,train
AAPL,240,2017-06-28,12:30:00,2017-06-28T12:30:00+00:00,144.080000,145.330000,143.140000,145.030000,25311,2.190000,1.002855,144.798000,145.417000,145.506500,145.085857,0.666347,46.952909,1,train
AAPL,240,2017-06-28,16:30:00,2017-06-28T16:30:00+00:00,145.040000,146.100000,145.020000,145.750000,23611,1.080000,0.496449,144.776000,145.436000,145.483000,145.206610,0.687398,49.001332,1,train
AAPL,240,2017-06-28,20:30:00,2017-06-28T20:30:00+00:00,145.740000,145.800000,145.710000,145.800000,24,0.090000,0.034305,144.788000,145.328000,145.457500,145.314499,0.612989,50.000000,0,train
AAPL,240,2017-06-29,12:30:00,2017-06-29T12:30:00+00:00,145.130000,145.290000,142.960000,143.450000,30571,2.330000,-1.611797,144.724000,145.047000,145.371500,144.975499,0.780916,39.098532,1,train
AAPL,240,2017-06-29,16:30:00,2017-06-29T16:30:00+00:00,143.480000,144.050000,142.270000,143.680000,34874,1.780000,0.160335,144.742000,144.845000,145.305500,144.739954,0.784973,40.287770,0,train
AAPL,240,2017-06-29,20:30:00,2017-06-29T20:30:00+00:00,143.750000,143.750000,143.060000,143.440000,43,0.690000,-0.167038,144.424000,144.611000,145.228000,144.503599,0.782085,39.357430,1,train
AAPL,240,2017-06-30,12:30:00,2017-06-30T12:30:00+00:00,143.900000,144.950000,143.310000,144.610000,25352,1.640000,0.815672,144.196000,144.486000,145.185000,144.522944,0.840049,38.430173,0,train
AAPL,240,2017-06-30,16:30:00,2017-06-30T16:30:00+00:00,144.600000,144.860000,143.980000,144.030000,23971,0.880000,-0.401079,143.842000,144.315000,145.091500,144.433318,0.846053,38.587513,0,train
AAPL,240,2017-07-03,12:30:00,2017-07-03T12:30:00+00:00,144.500000,145.290000,143.080000,143.690000,25383,2.210000,-0.236062,143.890000,144.307000,144.986000,144.298169,0.730475,39.476440,0,train
AAPL,240,2017-07-03,16:30:00,2017-07-03T16:30:00+00:00,143.670000,143.760000,143.140000,143.570000,4860,0.620000,-0.083513,143.868000,144.305000,144.888000,144.165775,0.729820,38.477581,0,train
AAPL,240,2017-07-03,20:30:00,2017-07-03T20:30:00+00:00,143.550000,143.570000,143.490000,143.540000,12,0.080000,-0.020896,143.888000,144.156000,144.786500,144.051998,0.639941,37.840671,1,train
AAPL,240,2017-07-05,12:30:00,2017-07-05T12:30:00+00:00,143.950000,144.780000,142.690000,144.620000,24371,2.090000,0.752404,143.890000,144.043000,144.739500,144.155271,0.670878,44.666667,0,train
AAPL,240,2017-07-05,16:30:00,2017-07-05T16:30:00+00:00,144.600000,144.690000,143.850000,144.010000,24778,0.840000,-0.421795,143.886000,143.864000,144.596000,144.128858,0.678030,51.312910,0,train
AAPL,240,2017-07-05,20:30:00,2017-07-05T20:30:00+00:00,143.990000,144.060000,143.910000,143.910000,24,0.150000,-0.069440,143.930000,143.910000,144.478500,144.089066,0.432175,51.766004,0,train
AAPL,240,2017-07-06,12:30:00,2017-07-06T12:30:00+00:00,142.930000,143.460000,142.400000,142.680000,27058,1.060000,-0.854701,143.752000,143.810000,144.327500,143.832872,0.510932,36.723164,1,train
AAPL,240,2017-07-06,16:30:00,2017-07-06T16:30:00+00:00,142.700000,143.310000,142.500000,142.700000,27534,0.810000,0.014017,143.584000,143.736000,144.173500,143.626895,0.510265,31.288344,0,train
AAPL,240,2017-07-06,20:30:00,2017-07-06T20:30:00+00:00,142.700000,142.700000,142.450000,142.490000,42,0.250000,-0.147162,143.158000,143.524000,144.005000,143.420187,0.409558,30.084236,1,train
AAPL,240,2017-07-07,12:30:00,2017-07-07T12:30:00+00:00,142.900000,144.250000,142.740000,144.180000,23804,1.510000,1.186048,143.192000,143.539000,143.927000,143.558335,0.574422,54.771242,0,train
AAPL,240,2017-07-07,16:30:00,2017-07-07T16:30:00+00:00,144.150000,144.740000,143.990000,144.150000,23434,0.750000,-0.020807,143.240000,143.585000,143.946000,143.665910,0.568096,53.154362,1,train
AAPL,240,2017-07-10,12:30:00,2017-07-10T12:30:00+00:00,144.480000,145.250000,143.350000,145.200000,22550,1.900000,0.728408,143.744000,143.748000,144.026500,143.944836,0.606265,60.653753,0,train
AAPL,240,2017-07-10,16:30:00,2017-07-10T16:30:00+00:00,145.230000,145.940000,144.980000,145.000000,24086,0.960000,-0.137741,144.204000,143.894000,144.025000,144.136684,0.610280,52.674897,0,train
AAPL,240,2017-07-10,20:30:00,2017-07-10T20:30:00+00:00,145.000000,145.010000,144.970000,144.990000,26,0.040000,-0.006897,144.704000,143.931000,143.987000,144.291832,0.566133,57.142857,0,train
AAPL,240,2017-07-11,12:30:00,2017-07-11T12:30:00+00:00,144.350000,145.720000,144.310000,144.900000,24451,1.410000,-0.062073,144.848000,144.020000,143.942000,144.402408,0.545500,59.350850,1,train
AAPL,240,2017-07-11,16:30:00,2017-07-11T16:30:00+00:00,144.900000,145.840000,144.770000,145.450000,22057,1.070000,0.379572,145.108000,144.174000,144.042000,144.592879,0.551834,63.623188,1,train
AAPL,240,2017-07-11,20:30:00,2017-07-11T20:30:00+00:00,145.470000,145.540000,145.440000,145.470000,22,0.100000,0.013750,145.162000,144.453000,144.131500,144.752356,0.440654,64.005806,0,train
AAPL,240,2017-07-12,12:30:00,2017-07-12T12:30:00+00:00,145.590000,146.230000,144.790000,145.210000,22862,1.440000,-0.178731,145.204000,144.704000,144.220000,144.835564,0.453466,54.859967,1,train
AAPL,240,2017-07-12,16:30:00,2017-07-12T16:30:00+00:00,145.220000,146.040000,144.980000,145.510000,23013,1.060000,0.206597,145.308000,145.006000,144.265000,144.958189,0.439073,63.020833,0,train
AAPL,240,2017-07-12,20:30:00,2017-07-12T20:30:00+00:00,145.500000,145.530000,145.140000,145.380000,47,0.390000,-0.089341,145.404000,145.126000,144.332500,145.034882,0.281151,62.694301,1,train
AAPL,240,2017-07-13,12:30:00,2017-07-13T12:30:00+00:00,145.400000,148.030000,145.380000,148.000000,24022,2.650000,1.802174,145.914000,145.511000,144.548000,145.573994,0.607625,87.047354,0,train
AAPL,240,2017-07-13,16:30:00,2017-07-13T16:30:00+00:00,147.980000,148.480000,147.550000,147.780000,26098,0.930000,-0.148649,146.376000,145.769000,144.758500,145.975086,0.596593,84.417344,0,train
AAPL,240,2017-07-13,20:30:00,2017-07-13T20:30:00+00:00,147.720000,147.780000,147.670000,147.760000,19,0.110000,-0.013534,146.886000,146.045000,144.969500,146.299616,0.590555,86.648122,1,train
AAPL,240,2017-07-14,12:30:00,2017-07-14T12:30:00+00:00,147.450000,148.470000,147.310000,148.470000,20989,1.160000,0.480509,147.478000,146.393000,145.162000,146.694231,0.592582,84.541063,1,train
AAPL,240,2017-07-14,16:30:00,2017-07-14T16:30:00+00:00,148.470000,149.320000,148.310000,149.030000,24174,1.010000,0.377181,148.208000,146.806000,145.413000,147.118916,0.584001,86.201780,1,train
AAPL,240,2017-07-17,12:30:00,2017-07-17T12:30:00+00:00,149.150000,150.860000,148.540000,149.860000,23828,2.320000,0.556935,148.580000,147.247000,145.710500,147.617295,0.589924,85.736196,0,train
AAPL,240,2017-07-17,16:30:00,2017-07-17T16:30:00+00:00,149.870000,150.130000,149.420000,149.700000,22240,0.710000,-0.106766,148.964000,147.670000,146.061500,147.995969,0.597619,86.265432,1,train
AAPL,240,2017-07-17,20:30:00,2017-07-17T20:30:00+00:00,149.720000,149.760000,149.540000,149.730000,47,0.220000,0.020040,149.358000,148.122000,146.413000,148.311247,0.583485,86.461538,0,train
AAPL,240,2017-07-18,12:30:00,2017-07-18T12:30:00+00:00,149.210000,149.450000,148.640000,149.180000,23234,0.810000,-0.367328,149.500000,148.489000,146.747500,148.469202,0.621604,80.747126,1,train
AAPL,240,2017-07-18,16:30:00,2017-07-18T16:30:00+00:00,149.200000,150.090000,149.170000,150.090000,23668,0.920000,0.610001,149.712000,148.960000,147.043000,148.763893,0.618376,81.693989,1,train
AAPL,240,2017-07-18,20:30:00,2017-07-18T20:30:00+00:00,150.070000,150.130000,150.040000,150.130000,36,0.090000,0.026651,149.766000,149.173000,147.342000,149.012276,0.336521,81.743869,1,train
AAPL,240,2017-07-19,12:30:00,2017-07-19T12:30:00+00:00,150.240000,150.940000,149.920000,150.760000,20719,1.020000,0.419636,149.978000,149.471000,147.620000,149.330044,0.329616,85.992218,1,train
AAPL,240,2017-07-19,16:30:00,2017-07-19T16:30:00+00:00,150.780000,151.410000,150.700000,150.800000,22504,0.710000,0.026532,150.192000,149.775000,147.910000,149.597309,0.326960,85.503356,0,train
AAPL,240,2017-07-19,20:30:00,2017-07-19T20:30:00+00:00,150.800000,150.850000,150.750000,150.770000,20,0.100000,-0.019894,150.510000,150.005000,148.199000,149.810525,0.318171,86.666667,1,train
AAPL,240,2017-07-20,12:30:00,2017-07-20T12:30:00+00:00,151.350000,151.720000,150.160000,150.920000,21236,1.560000,0.099489,150.676000,150.194000,148.500000,150.012248,0.308529,79.918033,0,train
AAPL,240,2017-07-20,16:30:00,2017-07-20T16:30:00+00:00,150.930000,150.970000,150.170000,150.300000,21548,0.800000,-0.410814,150.710000,150.238000,148.742500,150.064567,0.310295,73.863636,1,train
AAPL,240,2017-07-20,20:30:00,2017-07-20T20:30:00+00:00,150.310000,150.470000,150.290000,150.340000,39,0.180000,0.026613,150.626000,150.302000,148.986000,150.114645,0.306620,74.339623,0,train
AAPL,240,2017-07-21,12:30:00,2017-07-21T12:30:00+00:00,150.000000,150.230000,148.850000,150.070000,21171,1.380000,-0.179593,150.480000,150.336000,149.229000,150.106528,0.314680,66.460905,1,train
AAPL,240,2017-07-21,16:30:00,2017-07-21T16:30:00+00:00,150.100000,150.430000,149.890000,150.300000,20339,0.540000,0.153262,150.386000,150.448000,149.468500,150.141705,0.284525,64.017660,1,train
AAPL,240,2017-07-24,12:30:00,2017-07-24T12:30:00+00:00,150.220000,151.770000,149.990000,151.690000,21077,1.780000,0.924817,150.540000,150.608000,149.784000,150.423213,0.358162,67.976424,1,train
AAPL,240,2017-07-24,16:30:00,2017-07-24T16:30:00+00:00,151.690000,152.430000,151.500000,151.880000,24544,0.930000,0.125255,150.856000,150.783000,149.978000,150.688083,0.357070,71.289063,0,train
AAPL,240,2017-07-24,20:30:00,2017-07-24T20:30:00+00:00,151.850000,151.900000,151.620000,151.700000,61,0.280000,-0.118515,151.128000,150.877000,150.174000,150.872068,0.346716,68.690702,1,train
AAPL,240,2017-07-25,12:30:00,2017-07-25T12:30:00+00:00,152.360000,153.830000,151.730000,153.350000,23514,2.100000,1.087673,151.784000,151.132000,150.453500,151.322601,0.473584,82.731554,0,train
AAPL,240,2017-07-25,16:30:00,2017-07-25T16:30:00+00:00,153.320000,153.530000,152.280000,152.720000,22962,1.250000,-0.410825,152.268000,151.327000,150.666000,151.576674,0.505924,71.592775,1,train
AAPL,240,2017-07-25,20:30:00,2017-07-25T20:30:00+00:00,152.720000,152.900000,152.710000,152.730000,46,0.190000,0.006548,152.476000,151.508000,150.851000,151.786369,0.507393,71.452145,1,train
AAPL,240,2017-07-26,12:30:00,2017-07-26T12:30:00+00:00,153.220000,153.920000,153.020000,153.650000,20433,0.900000,0.602370,152.830000,151.843000,151.040500,152.125211,0.490396,72.755906,0,train
AAPL,240,2017-07-26,16:30:00,2017-07-26T16:30:00+00:00,153.660000,153.790000,153.160000,153.450000,22334,0.630000,-0.130166,153.180000,152.154000,151.228000,152.366082,0.499745,70.353303,1,train
AAPL,240,2017-07-26,20:30:00,2017-07-26T20:30:00+00:00,153.460000,153.600000,153.400000,153.520000,56,0.200000,0.045617,153.214000,152.499000,151.417500,152.575885,0.485299,70.992366,0,train
AAPL,240,2017-07-27,12:30:00,2017-07-27T12:30:00+00:00,154.010000,154.360000,152.880000,153.140000,26621,1.480000,-0.247525,153.298000,152.783000,151.615500,152.678452,0.508221,66.371681,0,train
AAPL,240,2017-07-27,16:30:00,2017-07-27T16:30:00+00:00,153.130000,153.210000,147.330000,150.250000,35573,5.880000,-1.887162,152.802000,152.639000,151.623500,152.236915,0.767407,49.723757,1,train
AAPL,240,2017-07-27,20:30:00,2017-07-27T20:30:00+00:00,150.210000,150.500000,150.180000,150.340000,43,0.320000,0.059900,152.140000,152.485000,151.634000,151.892021,0.765622,50.000000,0,train
AAPL,240,2017-07-28,12:30:00,2017-07-28T12:30:00+00:00,149.400000,150.220000,149.240000,149.870000,28491,0.980000,-0.312625,151.424000,152.302000,151.589500,151.524381,0.768620,48.924731,0,train
AAPL,240,2017-07-28,16:30:00,2017-07-28T16:30:00+00:00,149.890000,150.120000,149.160000,149.460000,27465,0.960000,-0.273570,150.612000,151.913000,151.522500,151.149039,0.641228,45.569620,0,train
AAPL,240,2017-07-31,12:30:00,2017-07-31T12:30:00+00:00,149.980000,150.310000,148.210000,148.820000,26796,2.100000,-0.428208,149.748000,151.523000,151.425000,150.725577,0.641722,33.562428,0,train
AAPL,240,2017-07-31,16:30:00,2017-07-31T16:30:00+00:00,148.810000,148.990000,148.100000,148.750000,27842,0.890000,-0.047037,149.448000,151.125000,151.316500,150.366382,0.639501,31.823461,0,train
AAPL,240,2017-07-31,20:30:00,2017-07-31T20:30:00+00:00,148.740000,148.750000,148.670000,148.680000,21,0.080000,-0.047059,149.116000,150.628000,151.235500,150.059767,0.571329,32.235294,1,train
AAPL,240,2017-08-01,12:30:00,2017-08-01T12:30:00+00:00,148.920000,149.390000,148.370000,148.760000,26908,1.020000,0.053807,148.894000,150.159000,151.156500,149.823445,0.581240,16.883117,1,train
AAPL,240,2017-08-01,16:30:00,2017-08-01T16:30:00+00:00,148.780000,150.190000,148.700000,149.650000,28096,1.490000,0.598279,148.932000,149.772000,151.135500,149.791910,0.641763,28.650904,1,train
AAPL,240,2017-08-01,20:30:00,2017-08-01T20:30:00+00:00,149.620000,158.530000,149.620000,157.810000,3915,8.910000,5.452723,150.730000,150.239000,151.511000,151.249744,1.915262,66.558018,0,train
AAPL,240,2017-08-02,12:30:00,2017-08-02T12:30:00+00:00,159.920000,159.960000,156.140000,157.540000,38007,3.820000,-0.171092,152.488000,150.968000,151.803500,152.393427,1.766975,63.240300,0,train
AAPL,240,2017-08-02,16:30:00,2017-08-02T16:30:00+00:00,157.550000,158.360000,156.690000,157.170000,31954,1.670000,-0.234861,154.186000,151.651000,152.068000,153.261895,1.777348,62.516824,0,train
AAPL,240,2017-08-02,20:30:00,2017-08-02T20:30:00+00:00,157.160000,157.180000,157.120000,157.140000,41,0.060000,-0.019088,155.862000,152.378000,152.340000,153.967005,1.765572,62.213225,0,train
AAPL,240,2017-08-03,12:30:00,2017-08-03T12:30:00+00:00,156.760000,157.140000,155.250000,156.080000,28412,1.890000,-0.674558,157.148000,153.040000,152.476500,154.351186,1.789196,59.483871,0,train
AAPL,240,2017-08-03,16:30:00,2017-08-03T16:30:00+00:00,156.090000,156.180000,155.010000,155.560000,28600,1.170000,-0.333162,156.698000,153.714000,152.618500,154.570970,1.784268,70.220868,1,train
AAPL,240,2017-08-03,20:30:00,2017-08-03T20:30:00+00:00,155.590000,155.660000,155.570000,155.630000,12,0.090000,0.044999,156.316000,154.402000,152.763500,154.763521,1.781610,70.175439,1,train
AAPL,240,2017-08-04,12:30:00,2017-08-04T12:30:00+00:00,155.860000,157.340000,155.650000,156.160000,28726,1.690000,0.340551,156.114000,155.150000,152.889000,155.017426,1.773381,73.880030,1,train
AAPL,240,2017-08-04,16:30:00,2017-08-04T16:30:00+00:00,156.180000,156.350000,155.750000,156.310000,26950,0.600000,0.096055,155.948000,155.905000,153.032000,155.252440,1.772234,76.529822,1,train
AAPL,240,2017-08-07,12:30:00,2017-08-07T12:30:00+00:00,156.900000,158.180000,156.630000,157.920000,24975,1.550000,1.030004,156.316000,156.732000,153.252000,155.737451,1.779866,82.780980,1,train
AAPL,240,2017-08-07,16:30:00,2017-08-07T16:30:00+00:00,157.930000,158.910000,157.640000,158.820000,25181,1.270000,0.569909,156.968000,156.833000,153.536000,156.297914,0.485531,84.228416,0,train
AAPL,240,2017-08-07,20:30:00,2017-08-07T20:30:00+00:00,158.820000,158.830000,158.720000,158.720000,34,0.110000,-0.062964,157.586000,156.951000,153.959500,156.738293,0.480874,84.056988,1,train
AAPL,240,2017-08-08,12:30:00,2017-08-08T12:30:00+00:00,158.590000,161.800000,158.240000,161.440000,29736,3.560000,1.713710,158.642000,157.378000,154.514500,157.593149,0.690261,86.478711,0,train
AAPL,240,2017-08-08,16:30:00,2017-08-08T16:30:00+00:00,161.430000,161.450000,159.470000,159.500000,31352,1.980000,-1.201685,159.280000,157.614000,154.996000,157.939849,0.832123,76.722735,1,train
AAPL,240,2017-08-08,20:30:00,2017-08-08T20:30:00+00:00,159.750000,159.990000,159.470000,159.770000,45,0.520000,0.169279,159.650000,157.983000,155.511500,158.272604,0.780119,59.297913,1,train
AAPL,240,2017-08-09,12:30:00,2017-08-09T12:30:00+00:00,159.000000,161.040000,158.850000,160.530000,30967,2.190000,0.475684,159.992000,158.480000,156.097000,158.683040,0.756033,63.553944,1,train
AAPL,240,2017-08-09,16:30:00,2017-08-09T16:30:00+00:00,160.520000,161.260000,160.140000,161.080000,30725,1.120000,0.342615,160.464000,159.025000,156.713500,159.118851,0.749945,67.439786,1,train
AAPL,240,2017-08-09,20:30:00,2017-08-09T20:30:00+00:00,161.070000,161.180000,161.070000,161.130000,48,0.110000,0.031040,160.402000,159.522000,157.336000,159.484514,0.756612,67.764915,0,train
AAPL,240,2017-08-10,12:30:00,2017-08-10T12:30:00+00:00,160.290000,160.380000,157.050000,157.200000,34444,3.330000,-2.439024,159.942000,159.611000,157.758000,159.069148,1.157254,53.971631,0,train
AAPL,240,2017-08-10,16:30:00,2017-08-10T16:30:00+00:00,157.190000,157.460000,154.590000,155.300000,34287,2.870000,-1.208651,159.048000,159.349000,158.040500,158.383848,1.165872,49.160207,0,train
AAPL,240,2017-08-10,20:30:00,2017-08-10T20:30:00+00:00,155.280000,155.400000,155.020000,155.020000,136,0.380000,-0.180296,157.946000,158.969000,157.901000,157.772240,1.137403,48.056087,1,train
AAPL,240,2017-08-11,12:30:00,2017-08-11T12:30:00+00:00,155.320000,158.560000,155.290000,157.710000,28360,3.270000,1.735260,157.272000,158.868000,157.909500,157.760923,1.298540,54.341737,0,train
AAPL,240,2017-08-11,16:30:00,2017-08-11T16:30:00+00:00,157.710000,158.290000,156.840000,157.450000,27186,1.450000,-0.164860,156.536000,158.469000,157.923500,157.704392,1.140280,53.173719,1,train
AAPL,240,2017-08-14,12:30:00,2017-08-14T12:30:00+00:00,159.000000,159.720000,158.720000,159.150000,27462,1.000000,1.079708,156.926000,158.434000,158.024000,157.967230,1.155518,53.407202,1,train
AAPL,240,2017-08-14,16:30:00,2017-08-14T16:30:00+00:00,159.150000,160.200000,159.020000,159.950000,29015,1.180000,0.502670,157.856000,158.452000,158.217500,158.327733,1.166216,53.147632,0,train
AAPL,240,2017-08-14,20:30:00,2017-08-14T20:30:00+00:00,159.870000,160.000000,159.870000,159.900000,36,0.130000,-0.031260,158.832000,158.389000,158.434500,158.613600,1.155046,53.296089,1,train
AAPL,240,2017-08-15,12:30:00,2017-08-15T12:30:00+00:00,160.420000,161.680000,160.110000,161.510000,29551,1.570000,1.006879,159.592000,158.432000,158.728500,159.140218,1.197391,50.208457,1,train
AAPL,240,2017-08-15,16:30:00,2017-08-15T16:30:00+00:00,161.510000,162.180000,161.430000,161.580000,30829,0.750000,0.043341,160.418000,158.477000,158.999500,159.583815,1.197394,56.970509,0,train
AAPL,240,2017-08-15,20:30:00,2017-08-15T20:30:00+00:00,161.520000,161.600000,161.470000,161.480000,24,0.130000,-0.061889,160.884000,158.905000,159.258000,159.928576,0.832016,55.796610,1,train
AAPL,240,2017-08-16,12:30:00,2017-08-16T12:30:00+00:00,161.710000,162.500000,160.920000,162.360000,28549,1.580000,0.544959,161.366000,159.611000,159.480000,160.370653,0.650180,56.153329,0,train
AAPL,240,2017-08-16,16:30:00,2017-08-16T16:30:00+00:00,162.390000,162.460000,160.170000,160.950000,33968,2.290000,-0.868441,161.576000,160.204000,159.586500,160.475989,0.752385,49.586777,0,train
AAPL,240,2017-08-16,20:30:00,2017-08-16T20:30:00+00:00,160.940000,160.950000,160.880000,160.910000,17,0.070000,-0.024852,161.456000,160.524000,159.696000,160.554900,0.587588,49.300254,0,train
AAPL,240,2017-08-17,12:30:00,2017-08-17T12:30:00+00:00,160.330000,160.690000,158.380000,159.100000,32610,2.310000,-1.124852,160.960000,160.689000,159.579000,160.290373,0.718202,56.985294,0,train
AAPL,240,2017-08-17,16:30:00,2017-08-17T16:30:00+00:00,159.090000,159.190000,157.790000,158.120000,37001,1.400000,-0.615965,160.288000,160.586000,159.510000,159.895759,0.660811,61.119874,0,train
AAPL,240,2017-08-17,20:30:00,2017-08-17T20:30:00+00:00,158.100000,158.210000,157.880000,158.040000,107,0.330000,-0.050594,159.424000,160.395000,159.423500,159.558349,0.630667,62.099359,1,train
AAPL,240,2017-08-18,12:30:00,2017-08-18T12:30:00+00:00,158.530000,159.460000,156.690000,159.050000,32854,2.770000,0.639079,159.044000,160.310000,159.349500,159.465922,0.675009,56.203704,0,train
AAPL,240,2017-08-18,16:30:00,2017-08-18T16:30:00+00:00,159.070000,159.410000,157.400000,157.520000,33663,2.010000,-0.961962,158.366000,159.911000,159.171500,159.112118,0.616705,50.289975,0,train
AAPL,240,2017-08-21,12:30:00,2017-08-21T12:30:00+00:00,157.590000,157.870000,155.090000,157.260000,27001,2.780000,-0.165058,157.998000,159.479000,158.978000,158.775369,0.609238,41.110066,0,train
AAPL,240,2017-08-21,16:30:00,2017-08-21T16:30:00+00:00,157.280000,157.400000,156.090000,157.160000,25250,1.310000,-0.063589,157.806000,159.047000,158.976000,158.481666,0.609174,35.951662,0,train
AAPL,240,2017-08-21,20:30:00,2017-08-21T20:30:00+00:00,157.130000,157.170000,157.070000,157.070000,19,0.100000,-0.057266,157.612000,158.518000,159.064500,158.224999,0.546272,35.807422,1,train
AAPL,240,2017-08-22,12:30:00,2017-08-22T12:30:00+00:00,158.000000,159.990000,157.720000,159.720000,27090,2.270000,1.687146,157.746000,158.395000,159.299500,158.496817,0.803344,41.871026,1,train
AAPL,240,2017-08-22,16:30:00,2017-08-22T16:30:00+00:00,159.700000,159.990000,159.450000,159.820000,25477,0.540000,0.062610,158.206000,158.286000,159.405000,158.737396,0.804411,42.028986,1,train
AAPL,240,2017-08-22,20:30:00,2017-08-22T20:30:00+00:00,159.820000,159.850000,159.780000,159.850000,13,0.070000,0.018771,158.724000,158.361000,159.525000,158.939688,0.713111,42.570647,1,train
AAPL,240,2017-08-23,12:30:00,2017-08-23T12:30:00+00:00,158.970000,160.450000,158.750000,160.020000,28688,1.700000,0.106350,159.296000,158.551000,159.568500,159.136108,0.673731,38.596491,0,train
AAPL,240,2017-08-23,16:30:00,2017-08-23T16:30:00+00:00,159.990000,160.310000,159.370000,159.850000,28197,0.940000,-0.106237,159.852000,158.732000,159.563500,159.265907,0.675538,43.902439,0,train
AAPL,240,2017-08-23,20:30:00,2017-08-23T20:30:00+00:00,159.840000,159.880000,159.770000,159.800000,21,0.110000,-0.031279,159.868000,158.807000,159.558500,159.363015,0.650665,43.853821,0,train
AAPL,240,2017-08-24,12:30:00,2017-08-24T12:30:00+00:00,160.580000,160.730000,158.520000,159.040000,31611,2.210000,-0.475594,159.712000,158.959000,159.435000,159.304285,0.581171,49.624060,1,train
AAPL,240,2017-08-24,16:30:00,2017-08-24T16:30:00+00:00,159.040000,159.620000,158.790000,159.200000,32087,0.830000,0.100604,159.582000,159.153000,159.316000,159.285324,0.573857,57.541899,1,train
AAPL,240,2017-08-24,20:30:00,2017-08-24T20:30:00+00:00,159.180000,159.330000,158.990000,159.250000,51,0.340000,0.031407,159.428000,159.362000,159.204500,159.278901,0.571184,58.485273,1,train
AAPL,240,2017-08-25,12:30:00,2017-08-25T12:30:00+00:00,159.890000,160.550000,159.230000,159.560000,29587,1.320000,0.194662,159.370000,159.611000,159.064500,159.330010,0.567371,53.965785,1,train
AAPL,240,2017-08-25,16:30:00,2017-08-25T16:30:00+00:00,159.550000,160.340000,159.410000,159.850000,27895,0.930000,0.181750,159.380000,159.624000,159.009500,159.424554,0.193040,72.447013,1,train
AAPL,240,2017-08-28,12:30:00,2017-08-28T12:30:00+00:00,160.190000,161.990000,159.940000,161.190000,27118,2.050000,0.838286,159.810000,159.761000,159.023500,159.745544,0.326792,81.339713,1,train
AAPL,240,2017-08-28,16:30:00,2017-08-28T16:30:00+00:00,161.180000,161.640000,160.940000,161.470000,24925,0.700000,0.173708,160.264000,159.923000,159.142000,160.059081,0.326930,83.410853,0,train
AAPL,240,2017-08-28,20:30:00,2017-08-28T20:30:00+00:00,161.460000,161.470000,161.370000,161.410000,32,0.100000,-0.037159,160.696000,160.062000,159.306500,160.304703,0.329823,83.800623,1,train
AAPL,240,2017-08-29,12:30:00,2017-08-29T12:30:00+00:00,160.080000,162.950000,159.850000,162.420000,31897,3.100000,0.625736,161.268000,160.319000,159.525500,160.689302,0.361839,78.242678,1,train
AAPL,240,2017-08-29,16:30:00,2017-08-29T16:30:00+00:00,162.430000,163.110000,162.130000,163.000000,29361,0.980000,0.357099,161.898000,160.639000,159.723000,161.109429,0.359839,80.228137,0,train
AAPL,240,2017-08-29,20:30:00,2017-08-29T20:30:00+00:00,162.980000,163.110000,162.970000,163.000000,19,0.140000,0.000000,162.260000,161.035000,159.997000,161.453169,0.284257,80.114723,0,train
AAPL,240,2017-08-30,12:30:00,2017-08-30T12:30:00+00:00,163.470000,163.860000,162.670000,162.750000,28244,1.190000,-0.153374,162.516000,161.390000,160.271500,161.688957,0.309019,75.706215,1,train
AAPL,240,2017-08-30,16:30:00,2017-08-30T16:30:00+00:00,162.760000,163.630000,162.580000,163.240000,30480,1.050000,0.301075,162.882000,161.789000,160.575500,161.970965,0.302309,80.106572,1,train
AAPL,240,2017-08-30,20:30:00,2017-08-30T20:30:00+00:00,163.260000,163.330000,163.220000,163.280000,21,0.110000,0.024504,163.054000,162.161000,160.886000,162.208971,0.310338,80.960854,1,train
AAPL,240,2017-08-31,12:30:00,2017-08-31T12:30:00+00:00,163.600000,164.510000,163.470000,164.370000,30882,1.040000,0.667565,163.328000,162.613000,161.118500,162.601885,0.338492,94.789916,0,train
AAPL,240,2017-08-31,16:30:00,2017-08-31T16:30:00+00:00,164.350000,164.380000,163.670000,163.970000,30604,0.710000,-0.243353,163.522000,162.891000,161.326000,162.850634,0.311957,88.529887,1,train
AAPL,240,2017-08-31,20:30:00,2017-08-31T20:30:00+00:00,163.980000,164.080000,163.970000,164.080000,24,0.110000,0.067085,163.788000,163.152000,161.537500,163.074155,0.313694,88.640000,0,train
AAPL,240,2017-09-01,12:30:00,2017-09-01T12:30:00+00:00,164.640000,164.910000,163.780000,164.050000,28733,1.130000,-0.018284,163.950000,163.416000,161.739000,163.251581,0.312424,87.604690,0,train
AAPL,240,2017-09-01,16:30:00,2017-09-01T16:30:00+00:00,164.040000,164.120000,163.600000,163.990000,26123,0.520000,-0.036574,164.092000,163.573000,161.946000,163.385839,0.270814,86.062718,0,train
AAPL,240,2017-09-05,12:30:00,2017-09-05T12:30:00+00:00,163.230000,164.220000,161.450000,161.540000,30700,2.770000,-1.493994,163.526000,163.427000,162.033000,163.050232,0.555722,52.554745,1,train
AAPL,240,2017-09-05,16:30:00,2017-09-05T16:30:00+00:00,161.550000,162.260000,160.540000,162.210000,29062,1.720000,0.414758,163.174000,163.348000,162.191500,162.897463,0.578091,55.110497,1,train
AAPL,240,2017-09-05,20:30:00,2017-09-05T20:30:00+00:00,162.210000,162.330000,162.180000,162.220000,31,0.150000,0.006165,162.802000,163.295000,162.342500,162.774288,0.577031,55.632823,0,train
AAPL,240,2017-09-06,12:30:00,2017-09-06T12:30:00+00:00,162.570000,162.970000,160.490000,161.500000,30932,2.480000,-0.443842,162.292000,163.121000,162.455000,162.542599,0.577466,43.333333,1,train
AAPL,240,2017-09-06,16:30:00,2017-09-06T16:30:00+00:00,161.470000,162.160000,161.220000,161.710000,27634,0.940000,0.130031,161.836000,162.964000,162.562500,162.391217,0.581061,40.122511,0,train
AAPL,240,2017-09-06,20:30:00,2017-09-06T20:30:00+00:00,161.680000,161.750000,161.510000,161.600000,41,0.240000,-0.068023,161.848000,162.687000,162.650000,162.247360,0.516799,39.457831,0,train
AAPL,240,2017-09-07,12:30:00,2017-09-07T12:30:00+00:00,161.750000,162.200000,160.980000,161.140000,31221,1.220000,-0.284653,161.634000,162.404000,162.647500,162.046021,0.517627,38.248175,1,train
AAPL,240,2017-09-07,16:30:00,2017-09-07T16:30:00+00:00,161.170000,161.580000,160.340000,161.260000,29519,1.240000,0.074469,161.442000,162.122000,162.637000,161.903108,0.518013,34.722222,0,train
AAPL,240,2017-09-07,20:30:00,2017-09-07T20:30:00+00:00,161.190000,161.220000,161.150000,161.160000,12,0.070000,-0.062012,161.374000,161.833000,162.624500,161.767998,0.516754,33.792049,0,train
AAPL,240,2017-09-08,12:30:00,2017-09-08T12:30:00+00:00,161.090000,161.140000,159.290000,159.970000,28801,1.850000,-0.738397,161.026000,161.431000,162.502000,161.441089,0.542667,16.867470,0,train
AAPL,240,2017-09-08,16:30:00,2017-09-08T16:30:00+00:00,159.960000,160.100000,158.500000,158.610000,30360,1.600000,-0.850159,160.428000,161.138000,162.282500,160.926346,0.396816,14.736842,1,train
AAPL,240,2017-09-11,12:30:00,2017-09-11T12:30:00+00:00,160.530000,162.030000,159.870000,161.590000,30106,2.160000,1.878822,160.518000,161.076000,162.212000,161.047010,0.752343,38.108883,0,train
AAPL,240,2017-09-11,16:30:00,2017-09-11T16:30:00+00:00,161.620000,161.660000,160.670000,161.380000,29896,0.990000,-0.129959,160.542000,160.992000,162.143500,161.107554,0.752731,37.464789,0,train
AAPL,240,2017-09-11,20:30:00,2017-09-11T20:30:00+00:00,161.420000,161.450000,161.330000,161.350000,37,0.120000,-0.018590,160.580000,160.977000,162.049000,161.151635,0.739872,37.570621,0,train
AAPL,240,2017-09-12,12:30:00,2017-09-12T12:30:00+00:00,162.620000,162.850000,160.290000,160.920000,29120,2.560000,-0.266501,160.770000,160.898000,161.931000,161.109519,0.742343,46.395349,0,train
AAPL,240,2017-09-12,16:30:00,2017-09-12T16:30:00+00:00,160.920000,163.920000,158.780000,160.830000,38175,5.140000,-0.055928,161.214000,160.821000,161.754000,161.058698,0.742314,41.396509,0,train
AAPL,240,2017-09-12,20:30:00,2017-09-12T20:30:00+00:00,160.820000,160.870000,160.790000,160.820000,34,0.080000,-0.006218,161.060000,160.789000,161.596500,161.015298,0.737544,41.271820,0,train
AAPL,240,2017-09-13,12:30:00,2017-09-13T12:30:00+00:00,160.200000,160.200000,157.900000,159.080000,32358,2.300000,-1.081955,160.600000,160.571000,161.346500,160.663426,0.808754,36.615044,1,train
AAPL,240,2017-09-13,16:30:00,2017-09-13T16:30:00+00:00,159.070000,159.650000,158.730000,159.560000,29252,0.920000,0.301735,160.242000,160.411000,161.122000,160.462803,0.820402,38.453276,1,train
AAPL,240,2017-09-13,20:30:00,2017-09-13T20:30:00+00:00,159.530000,159.590000,159.450000,159.590000,28,0.140000,0.018802,159.976000,160.373000,160.902000,160.304111,0.788936,39.111593,0,train
AAPL,240,2017-09-14,12:30:00,2017-09-14T12:30:00+00:00,158.900000,159.390000,158.370000,158.570000,27917,1.020000,-0.639138,159.524000,160.369000,160.753500,159.988818,0.766806,36.874362,0,train
AAPL,240,2017-09-14,16:30:00,2017-09-14T16:30:00+00:00,158.590000,158.910000,158.060000,158.200000,28111,0.850000,-0.233335,159.000000,160.030000,160.553000,159.663579,0.390259,34.760956,0,train
AAPL,240,2017-09-14,20:30:00,2017-09-14T20:30:00+00:00,158.190000,158.190000,158.120000,158.130000,13,0.070000,-0.044248,158.810000,159.705000,160.348500,159.384746,0.393170,34.865135,1,train
AAPL,240,2017-09-15,12:30:00,2017-09-15T12:30:00+00:00,158.500000,160.960000,157.970000,160.250000,30045,2.990000,1.340669,158.948000,159.595000,160.286000,159.542065,0.628414,51.279707,0,train
AAPL,240,2017-09-15,16:30:00,2017-09-15T16:30:00+00:00,160.240000,160.300000,159.690000,159.850000,29720,0.610000,-0.249610,159.000000,159.488000,160.193000,159.598053,0.627839,56.212425,0,train
AAPL,240,2017-09-18,12:30:00,2017-09-18T12:30:00+00:00,160.070000,160.470000,159.020000,159.740000,29699,1.450000,-0.068815,159.234000,159.379000,160.100000,159.623862,0.627832,36.990155,0,train
AAPL,240,2017-09-18,16:30:00,2017-09-18T16:30:00+00:00,159.740000,159.770000,157.970000,158.570000,31215,1.800000,-0.732440,159.308000,159.154000,159.971500,159.432251,0.661235,32.589839,1,train
AAPL,240,2017-09-18,20:30:00,2017-09-18T20:30:00+00:00,158.570000,158.680000,158.570000,158.600000,23,0.110000,0.018919,159.402000,159.106000,159.838500,159.280932,0.572450,32.961586,1,train
AAPL,240,2017-09-19,12:30:00,2017-09-19T12:30:00+00:00,159.410000,159.760000,158.430000,159.330000,31389,1.330000,0.460277,159.218000,159.083000,159.747000,159.289854,0.584685,40.501792,0,train
AAPL,240,2017-09-19,16:30:00,2017-09-19T16:30:00+00:00,159.360000,159.480000,158.540000,158.710000,30567,0.940000,-0.389129,158.990000,158.995000,159.684000,159.184426,0.596342,38.089888,0,train
AAPL,240,2017-09-19,20:30:00,2017-09-19T20:30:00+00:00,158.680000,158.710000,158.660000,158.680000,15,0.050000,-0.018902,158.778000,159.006000,159.687500,159.092712,0.559822,38.004484,0,train
AAPL,240,2017-09-20,12:30:00,2017-09-20T12:30:00+00:00,158.420000,158.420000,153.800000,155.750000,31210,4.620000,-1.846483,158.214000,158.761000,159.395500,158.484946,0.812564,33.531157,1,train
AAPL,240,2017-09-20,16:30:00,2017-09-20T16:30:00+00:00,155.750000,156.170000,154.840000,156.060000,32399,1.330000,0.199037,157.706000,158.554000,159.129500,158.044047,0.819791,32.394366,0,train
AAPL,240,2017-09-20,20:30:00,2017-09-20T20:30:00+00:00,156.060000,156.110000,155.990000,156.050000,75,0.120000,-0.006408,157.050000,158.134000,158.864500,157.681493,0.643178,32.157258,0,train
AAPL,240,2017-09-21,12:30:00,2017-09-21T12:30:00+00:00,155.990000,156.050000,152.730000,153.990000,34826,3.320000,-1.320090,156.106000,157.548000,158.518000,157.010312,0.724569,29.105839,0,train
AAPL,240,2017-09-21,16:30:00,2017-09-21T16:30:00+00:00,153.990000,154.540000,153.200000,153.230000,33761,1.340000,-0.493539,155.016000,156.897000,158.138000,156.322983,0.717339,28.105727,1,train
AAPL,240,2017-09-21,20:30:00,2017-09-21T20:30:00+00:00,153.230000,153.350000,153.230000,153.260000,35,0.120000,0.019578,154.518000,156.366000,157.760000,155.766077,0.719530,28.470380,0,train
AAPL,240,2017-09-22,12:30:00,2017-09-22T12:30:00+00:00,152.250000,152.850000,150.530000,151.320000,33581,2.320000,-1.265823,153.570000,155.638000,157.372000,154.957699,0.762216,9.883199,1,train
AAPL,240,2017-09-22,16:30:00,2017-09-22T16:30:00+00:00,151.320000,151.970000,150.890000,151.720000,34550,1.080000,0.264340,152.704000,154.877000,156.980000,154.369027,0.737885,13.477089,0,train
AAPL,240,2017-09-25,12:30:00,2017-09-25T12:30:00+00:00,149.940000,151.800000,149.160000,150.280000,37019,2.640000,-0.949117,151.962000,154.034000,156.514500,153.625567,0.750873,12.038523,1,train
AAPL,240,2017-09-25,16:30:00,2017-09-25T16:30:00+00:00,150.280000,150.880000,149.930000,150.580000,36183,0.950000,0.199627,151.432000,153.224000,156.115000,153.071828,0.770698,15.530630,1,train
AAPL,240,2017-09-25,20:30:00,2017-09-25T20:30:00+00:00,150.570000,150.770000,150.550000,150.750000,59,0.220000,0.112897,150.930000,152.724000,155.742500,152.649677,0.632669,16.538789,1,train
AAPL,240,2017-09-26,12:30:00,2017-09-26T12:30:00+00:00,151.700000,153.010000,151.660000,152.470000,34045,1.350000,1.140962,151.160000,152.365000,155.459500,152.617009,0.773603,23.034591,1,train
AAPL,240,2017-09-26,16:30:00,2017-09-26T16:30:00+00:00,152.480000,153.900000,152.080000,153.250000,33514,1.820000,0.511576,151.466000,152.085000,155.109500,152.732098,0.806847,28.804348,0,train
AAPL,240,2017-09-26,20:30:00,2017-09-26T20:30:00+00:00,153.250000,153.280000,153.170000,153.200000,29,0.110000,-0.032626,152.050000,152.006000,154.777000,152.817171,0.699993,28.759690,1,train
AAPL,240,2017-09-27,12:30:00,2017-09-27T12:30:00+00:00,153.530000,154.660000,153.300000,153.760000,33770,1.360000,0.365535,152.686000,152.059000,154.478000,152.988595,0.692075,40.550807,1,train
AAPL,240,2017-09-27,16:30:00,2017-09-27T16:30:00+00:00,153.770000,154.710000,153.660000,154.240000,35623,1.050000,0.312175,153.384000,152.157000,154.261500,153.216123,0.697435,41.495327,0,train
AAPL,240,2017-09-27,20:30:00,2017-09-27T20:30:00+00:00,154.230000,154.240000,154.030000,154.100000,78,0.210000,-0.090768,153.710000,152.435000,154.036500,153.376828,0.526054,40.997230,0,train
AAPL,240,2017-09-28,12:30:00,2017-09-28T12:30:00+00:00,153.700000,154.200000,152.670000,153.020000,33049,1.530000,-0.700844,153.664000,152.565000,153.721000,153.311950,0.593753,45.076142,1,train
AAPL,240,2017-09-28,16:30:00,2017-09-28T16:30:00+00:00,153.040000,153.540000,152.860000,153.320000,30703,0.680000,0.196053,153.688000,152.869000,153.451500,153.313414,0.469069,50.479233,0,train
AAPL,240,2017-09-28,20:30:00,2017-09-28T20:30:00+00:00,153.330000,153.350000,153.260000,153.310000,66,0.090000,-0.006522,153.598000,153.142000,153.183000,153.312793,0.473666,50.266809,1,train
AAPL,240,2017-09-29,12:30:00,2017-09-29T12:30:00+00:00,152.900000,153.950000,151.970000,153.760000,27357,1.980000,0.293523,153.502000,153.443000,153.083500,153.394103,0.474231,65.482234,1,train
AAPL,240,2017-09-29,16:30:00,2017-09-29T16:30:00+00:00,153.770000,154.110000,153.450000,153.990000,25468,0.660000,0.149584,153.480000,153.595000,152.980000,153.502448,0.340055,64.721141,0,train
AAPL,240,2017-10-02,12:30:00,2017-10-02T12:30:00+00:00,154.310000,154.430000,152.690000,152.970000,28806,1.740000,-0.662381,153.470000,153.567000,152.826000,153.405639,0.382129,68.449931,1,train
AAPL,240,2017-10-02,16:30:00,2017-10-02T16:30:00+00:00,152.980000,154.000000,152.890000,153.700000,28421,1.110000,0.477218,153.546000,153.617000,152.811500,153.459160,0.412695,70.207254,1,train
AAPL,240,2017-10-02,20:30:00,2017-10-02T20:30:00+00:00,153.680000,153.750000,153.620000,153.710000,35,0.130000,0.006506,153.626000,153.612000,152.835500,153.504767,0.395860,69.576720,1,train
AAPL,240,2017-10-03,12:30:00,2017-10-03T12:30:00+00:00,153.800000,155.080000,153.780000,154.810000,25559,1.300000,0.715633,153.836000,153.669000,152.913000,153.742082,0.448553,66.858790,0,train
AAPL,240,2017-10-03,16:30:00,2017-10-03T16:30:00+00:00,154.820000,154.950000,154.280000,154.410000,23911,0.670000,-0.258381,153.920000,153.700000,153.067500,153.863522,0.456945,58.841463,1,train
AAPL,240,2017-10-03,20:30:00,2017-10-03T20:30:00+00:00,154.430000,154.550000,154.410000,154.500000,25,0.140000,0.058286,154.226000,153.848000,153.206500,153.979245,0.380326,59.848485,0,train
AAPL,240,2017-10-04,12:30:00,2017-10-04T12:30:00+00:00,153.520000,153.850000,152.450000,153.770000,26510,1.400000,-0.472492,154.240000,153.893000,153.381000,153.941200,0.417876,50.073855,0,train
AAPL,240,2017-10-04,16:30:00,2017-10-04T16:30:00+00:00,153.770000,153.770000,153.100000,153.430000,26630,0.670000,-0.221109,154.184000,153.905000,153.523500,153.848255,0.425407,43.891403,1,train
AAPL,240,2017-10-04,20:30:00,2017-10-04T20:30:00+00:00,153.430000,153.550000,153.400000,153.490000,26,0.150000,0.039106,153.920000,153.878000,153.660500,153.783118,0.413929,45.343511,1,train
AAPL,240,2017-10-05,12:30:00,2017-10-05T12:30:00+00:00,154.110000,155.350000,153.850000,155.120000,29808,1.500000,1.061958,154.062000,153.991000,153.793000,154.026187,0.536950,64.788732,1,train
AAPL,240,2017-10-05,16:30:00,2017-10-05T16:30:00+00:00,155.120000,155.420000,154.690000,155.320000,29151,0.730000,0.128932,154.226000,154.226000,153.896500,154.261426,0.470495,64.285714,1,train
AAPL,240,2017-10-05,20:30:00,2017-10-05T20:30:00+00:00,155.290000,155.400000,155.240000,155.340000,30,0.160000,0.012877,154.540000,154.390000,154.003500,154.457530,0.457745,64.479315,0,train
AAPL,240,2017-10-06,12:30:00,2017-10-06T12:30:00+00:00,154.790000,155.480000,154.500000,155.010000,27317,0.980000,-0.212437,154.856000,154.520000,154.066000,154.557979,0.468209,59.071118,1,train
AAPL,240,2017-10-06,16:30:00,2017-10-06T16:30:00+00:00,155.020000,155.290000,154.880000,155.290000,25833,0.410000,0.180634,155.216000,154.568000,154.118500,154.691074,0.415807,59.365994,1,train
AAPL,240,2017-10-09,12:30:00,2017-10-09T12:30:00+00:00,155.850000,156.710000,155.480000,155.850000,24727,1.230000,0.360616,155.362000,154.712000,154.206000,154.901788,0.413888,72.222222,0,train
AAPL,240,2017-10-09,16:30:00,2017-10-09T16:30:00+00:00,155.820000,156.120000,155.580000,155.590000,25615,0.540000,-0.166827,155.416000,154.821000,154.334500,155.026917,0.422066,65.723794,1,train
AAPL,240,2017-10-09,20:30:00,2017-10-09T20:30:00+00:00,155.660000,155.730000,155.640000,155.700000,26,0.090000,0.070699,155.488000,155.014000,154.453500,155.149296,0.376863,66.284779,0,train
AAPL,240,2017-10-10,12:30:00,2017-10-10T12:30:00+00:00,156.020000,156.550000,155.070000,155.580000,29466,1.480000,-0.077071,155.602000,155.229000,154.567000,155.227606,0.364702,57.504873,1,train
AAPL,240,2017-10-10,16:30:00,2017-10-10T16:30:00+00:00,155.600000,156.170000,155.570000,155.700000,27033,0.600000,0.077131,155.684000,155.450000,154.664000,155.313496,0.363732,63.298969,0,train
AAPL,240,2017-10-10,20:30:00,2017-10-10T20:30:00+00:00,155.750000,155.750000,155.680000,155.690000,11,0.070000,-0.006423,155.652000,155.507000,154.749000,155.381951,0.168589,62.473795,1,train
AAPL,240,2017-10-11,12:30:00,2017-10-11T12:30:00+00:00,155.790000,156.960000,155.720000,156.700000,25697,1.240000,0.648725,155.874000,155.645000,154.935500,155.621596,0.257063,79.009901,0,train
AAPL,240,2017-10-11,16:30:00,2017-10-11T16:30:00+00:00,156.710000,156.830000,156.350000,156.500000,24631,0.480000,-0.127632,156.034000,155.761000,155.075500,155.781306,0.265379,81.262729,0,train
AAPL,240,2017-10-11,20:30:00,2017-10-11T20:30:00+00:00,156.510000,156.530000,156.470000,156.470000,13,0.060000,-0.019169,156.212000,155.907000,155.213500,155.906523,0.248651,80.532787,1,train
AAPL,240,2017-10-12,12:30:00,2017-10-12T12:30:00+00:00,156.280000,157.350000,156.120000,157.000000,26449,1.230000,0.338723,156.472000,156.078000,155.323000,156.105337,0.259553,74.867725,0,train
AAPL,240,2017-10-12,16:30:00,2017-10-12T16:30:00+00:00,157.020000,157.030000,155.690000,155.840000,25991,1.340000,-0.738854,156.502000,156.077000,155.394500,156.057094,0.356355,55.485232,0,train
AAPL,240,2017-10-12,20:30:00,2017-10-12T20:30:00+00:00,155.880000,155.950000,155.790000,155.810000,36,0.160000,-0.019251,156.324000,156.099000,155.460000,156.012168,0.351707,54.947368,1,train
AAPL,240,2017-10-13,12:30:00,2017-10-13T12:30:00+00:00,156.340000,157.140000,156.310000,157.080000,25561,0.830000,0.815095,156.440000,156.237000,155.625500,156.206319,0.434023,68.189807,0,train
AAPL,240,2017-10-13,16:30:00,2017-10-13T16:30:00+00:00,157.060000,157.270000,156.530000,157.000000,25208,0.740000,-0.050929,156.546000,156.379000,155.804000,156.350625,0.432988,65.573770,1,train
AAPL,240,2017-10-16,12:30:00,2017-10-16T12:30:00+00:00,158.210000,159.650000,157.230000,159.080000,27974,2.420000,1.324841,156.962000,156.717000,156.083500,156.846875,0.582328,73.038516,1,train
AAPL,240,2017-10-16,16:30:00,2017-10-16T16:30:00+00:00,159.050000,159.990000,159.020000,159.850000,25898,0.970000,0.484033,157.764000,157.133000,156.320000,157.392898,0.582119,78.324468,1,train
AAPL,240,2017-10-16,20:30:00,2017-10-16T20:30:00+00:00,159.830000,159.960000,159.820000,159.890000,27,0.140000,0.025023,158.580000,157.452000,156.548500,157.846916,0.569786,78.120805,0,train
AAPL,240,2017-10-17,12:30:00,2017-10-17T12:30:00+00:00,159.680000,160.860000,159.210000,159.880000,26083,1.650000,-0.006254,159.140000,157.790000,156.775500,158.216568,0.563210,79.291553,1,train
AAPL,240,2017-10-17,16:30:00,2017-10-17T16:30:00+00:00,159.870000,160.530000,159.640000,160.320000,22933,0.890000,0.275206,159.804000,158.175000,157.041000,158.599010,0.557254,80.156658,1,train
AAPL,240,2017-10-17,20:30:00,2017-10-17T20:30:00+00:00,160.320000,160.520000,160.320000,160.380000,33,0.200000,0.037425,160.064000,158.513000,157.295500,158.922826,0.559749,80.415045,0,train
AAPL,240,2017-10-18,12:30:00,2017-10-18T12:30:00+00:00,160.740000,160.860000,159.730000,159.990000,17304,1.130000,-0.243172,160.092000,158.928000,157.502500,159.116858,0.482557,73.201693,0,train
AAPL,240,2017-10-18,16:30:00,2017-10-18T16:30:00+00:00,159.970000,160.470000,159.570000,159.700000,15961,0.900000,-0.181261,160.054000,159.317000,157.708000,159.222884,0.495672,72.284123,0,train
AAPL,240,2017-10-18,20:30:00,2017-10-18T20:30:00+00:00,159.690000,159.740000,159.680000,159.690000,21,0.060000,-0.006262,160.016000,159.578000,157.907500,159.307814,0.457870,72.486034,0,train
AAPL,240,2017-10-19,12:30:00,2017-10-19T12:30:00+00:00,156.880000,157.250000,155.230000,155.690000,29630,2.020000,-2.504853,159.090000,159.447000,157.913000,158.650030,0.964386,43.838194,1,train
AAPL,240,2017-10-19,16:30:00,2017-10-19T16:30:00+00:00,155.680000,156.070000,154.990000,155.980000,25343,1.080000,0.186268,158.210000,159.137000,157.927000,158.164570,0.839254,50.717213,1,train
AAPL,240,2017-10-19,20:30:00,2017-10-19T20:30:00+00:00,155.950000,156.000000,155.930000,156.000000,42,0.070000,0.012822,157.412000,158.752000,157.942500,157.771012,0.809702,50.974359,1,train
AAPL,240,2017-10-20,12:30:00,2017-10-20T12:30:00+00:00,156.590000,157.740000,156.480000,157.340000,23099,1.260000,0.858974,156.940000,158.497000,157.974500,157.692646,0.879985,51.323829,0,train
AAPL,240,2017-10-20,16:30:00,2017-10-20T16:30:00+00:00,157.360000,157.470000,155.930000,156.190000,20009,1.540000,-0.730901,156.240000,158.128000,157.959000,157.419437,0.895875,46.280992,1,train
AAPL,240,2017-10-23,12:30:00,2017-10-23T12:30:00+00:00,156.600000,157.590000,155.880000,157.560000,21578,1.710000,0.877137,156.614000,157.852000,158.013500,157.444994,0.952021,42.534381,0,train
AAPL,240,2017-10-23,16:30:00,2017-10-23T16:30:00+00:00,157.570000,157.670000,155.560000,156.200000,23403,2.110000,-0.863163,156.658000,157.434000,157.973500,157.218632,0.972657,33.054782,0,train
AAPL,240,2017-10-23,20:30:00,2017-10-23T20:30:00+00:00,156.140000,156.160000,155.970000,156.050000,46,0.190000,-0.096031,156.668000,157.040000,157.984000,157.006153,0.974042,32.352941,1,train
AAPL,240,2017-10-24,12:30:00,2017-10-24T12:30:00+00:00,156.200000,157.410000,156.170000,156.920000,21766,1.240000,0.557514,156.584000,156.762000,158.039500,156.990489,1.006855,37.393526,1,train
AAPL,240,2017-10-24,16:30:00,2017-10-24T16:30:00+00:00,156.890000,157.280000,156.510000,156.960000,20039,0.770000,0.025491,156.738000,156.489000,158.033500,156.984946,1.007481,35.185185,0,train
AAPL,240,2017-10-24,20:30:00,2017-10-24T20:30:00+00:00,156.950000,157.000000,156.780000,156.810000,12,0.220000,-0.095566,156.588000,156.601000,158.024000,156.953137,0.586657,34.383202,0,train
AAPL,240,2017-10-25,12:30:00,2017-10-25T12:30:00+00:00,157.210000,157.530000,155.330000,155.350000,26007,2.200000,-0.931063,156.418000,156.538000,157.837500,156.661658,0.664039,31.440000,1,train
AAPL,240,2017-10-25,16:30:00,2017-10-25T16:30:00+00:00,155.360000,156.530000,155.230000,156.450000,24015,1.300000,0.708079,156.498000,156.583000,157.667500,156.623175,0.705133,37.791134,1,train
AAPL,240,2017-10-25,20:30:00,2017-10-25T20:30:00+00:00,156.420000,156.490000,156.420000,156.470000,14,0.070000,0.012784,156.408000,156.496000,157.496500,156.595325,0.642753,37.912913,1,train
AAPL,240,2017-10-26,12:30:00,2017-10-26T12:30:00+00:00,156.990000,157.800000,156.760000,157.610000,23176,1.040000,0.728574,156.538000,156.638000,157.383000,156.779811,0.637543,59.177820,1,train
AAPL,240,2017-10-26,16:30:00,2017-10-26T16:30:00+00:00,157.620000,157.740000,157.060000,157.650000,22480,0.680000,0.025379,156.706000,156.647000,157.249500,156.938027,0.574866,58.178257,1,train
AAPL,240,2017-10-26,20:30:00,2017-10-26T20:30:00+00:00,157.630000,157.740000,157.490000,157.740000,57,0.250000,0.057088,157.184000,156.801000,157.117500,157.083840,0.486999,58.463035,1,train
AAPL,240,2017-10-27,12:30:00,2017-10-27T12:30:00+00:00,159.540000,162.770000,158.670000,162.690000,28956,4.100000,3.138075,158.432000,157.465000,157.252500,158.103142,1.069011,69.258459,1,train
AAPL,240,2017-10-27,16:30:00,2017-10-27T16:30:00+00:00,162.670000,163.590000,162.030000,163.000000,29036,1.560000,0.190546,159.738000,158.073000,157.417500,158.993480,1.070164,76.091954,1,train
AAPL,240,2017-10-30,12:30:00,2017-10-30T12:30:00+00:00,163.630000,168.060000,163.630000,166.100000,29518,4.430000,1.901840,161.436000,158.987000,157.738000,160.285575,1.160614,78.890392,1,train
AAPL,240,2017-10-30,16:30:00,2017-10-30T16:30:00+00:00,166.090000,166.960000,166.040000,166.700000,27846,0.920000,0.361228,163.246000,159.976000,158.288500,161.451834,1.140161,87.446505,1,train
AAPL,240,2017-10-30,20:30:00,2017-10-30T20:30:00+00:00,166.710000,166.800000,166.580000,166.750000,37,0.220000,0.029994,165.048000,161.116000,158.827000,162.415137,1.030161,88.433908,1,train
AAPL,240,2017-10-31,12:30:00,2017-10-31T12:30:00+00:00,167.820000,169.080000,166.940000,168.810000,24897,2.140000,1.235382,166.272000,162.352000,159.467500,163.577839,1.043160,89.344805,1,train
AAPL,240,2017-10-31,16:30:00,2017-10-31T16:30:00+00:00,168.810000,169.630000,168.500000,168.870000,24121,1.130000,0.035543,167.446000,163.592000,160.044000,164.540050,1.041353,89.358890,1,train
AAPL,240,2017-10-31,20:30:00,2017-10-31T20:30:00+00:00,168.950000,168.980000,168.840000,168.880000,56,0.140000,0.005922,168.002000,164.719000,160.678500,165.329132,1.069275,90.260173,0,train
AAPL,240,2017-11-01,12:30:00,2017-11-01T12:30:00+00:00,169.370000,169.910000,166.150000,166.880000,27211,3.760000,-1.184273,168.038000,165.642000,161.144500,165.611108,1.212646,87.121700,1,train
AAPL,240,2017-11-01,16:30:00,2017-11-01T16:30:00+00:00,166.870000,167.100000,165.590000,166.910000,28044,1.510000,0.017977,168.070000,166.559000,161.680000,165.847270,1.214571,86.168741,1,train
AAPL,240,2017-11-01,20:30:00,2017-11-01T20:30:00+00:00,166.880000,167.370000,166.880000,167.070000,176,0.490000,0.095860,167.722000,166.997000,162.231000,166.069585,0.816534,86.301370,0,train
AAPL,240,2017-11-02,12:30:00,2017-11-02T12:30:00+00:00,167.890000,167.900000,165.240000,167.060000,25604,2.660000,-0.005986,167.360000,167.403000,162.738000,166.249660,0.820985,85.077951,1,train
AAPL,240,2017-11-02,16:30:00,2017-11-02T16:30:00+00:00,167.080000,169.000000,167.040000,168.610000,27677,1.960000,0.927810,167.306000,167.654000,163.320500,166.678813,0.641254,86.582109,1,train
AAPL,240,2017-11-02,20:30:00,2017-11-02T20:30:00+00:00,168.790000,174.300000,168.600000,173.610000,4150,5.700000,2.965423,168.652000,168.345000,164.160500,167.939029,1.100229,89.894419,0,train
AAPL,240,2017-11-03,12:30:00,2017-11-03T12:30:00+00:00,175.390000,175.810000,171.090000,173.040000,29595,4.720000,-0.328322,169.878000,168.974000,165.045000,168.866478,1.119727,83.365571,0,train
AAPL,240,2017-11-03,16:30:00,2017-11-03T16:30:00+00:00,173.060000,173.800000,172.290000,172.450000,23711,1.510000,-0.340962,170.954000,169.338000,165.845000,169.518027,1.096094,79.924003,1,train
AAPL,240,2017-11-06,13:30:00,2017-11-06T13:30:00+00:00,172.610000,174.900000,171.700000,174.680000,25934,3.200000,1.293128,172.478000,169.919000,166.755500,170.456568,1.143824,78.753351,0,train
AAPL,240,2017-11-06,17:30:00,2017-11-06T17:30:00+00:00,174.700000,174.970000,174.060000,174.060000,24485,0.910000,-0.354935,173.568000,170.437000,167.578000,171.111737,1.161257,74.631861,1,train
AAPL,240,2017-11-06,21:30:00,2017-11-06T21:30:00+00:00,174.070000,174.150000,174.020000,174.100000,60,0.130000,0.022981,173.666000,171.159000,168.400500,171.655058,1.045832,74.614869,1,train
AAPL,240,2017-11-07,13:30:00,2017-11-07T13:30:00+00:00,174.190000,175.230000,173.580000,174.390000,27264,1.650000,0.166571,173.936000,171.907000,169.233000,172.152320,1.040380,71.200608,1,train
AAPL,240,2017-11-07,17:30:00,2017-11-07T17:30:00+00:00,174.380000,174.960000,174.240000,174.750000,22668,0.720000,0.206434,174.396000,172.675000,169.836000,172.624626,1.036849,71.842496,0,train
AAPL,240,2017-11-07,21:30:00,2017-11-07T21:30:00+00:00,174.750000,174.760000,174.680000,174.710000,22,0.080000,-0.022890,174.402000,173.440000,170.421500,173.003785,1.037698,71.608599,1,train
AAPL,240,2017-11-08,13:30:00,2017-11-08T13:30:00+00:00,174.370000,175.650000,174.300000,175.560000,18243,1.350000,0.486521,174.702000,174.135000,170.894500,173.468551,1.024588,85.170178,1,train
AAPL,240,2017-11-08,17:30:00,2017-11-08T17:30:00+00:00,175.590000,176.210000,175.310000,176.080000,17524,0.900000,0.296195,175.098000,174.382000,171.363500,173.943360,0.496104,85.736555,1,train
AAPL,240,2017-11-08,21:30:00,2017-11-08T21:30:00+00:00,176.090000,176.700000,176.090000,176.660000,180,0.610000,0.329396,175.552000,174.744000,171.859000,174.437294,0.469646,86.188679,0,train
AAPL,240,2017-11-09,13:30:00,2017-11-09T13:30:00+00:00,174.920000,176.080000,173.850000,174.080000,25936,2.230000,-1.460432,175.418000,174.907000,172.122500,174.372332,0.694633,72.187105,1,train
AAPL,240,2017-11-09,17:30:00,2017-11-09T17:30:00+00:00,174.070000,175.980000,173.110000,175.980000,23801,2.870000,1.091452,175.672000,175.037000,172.478000,174.664635,0.657985,72.789116,0,train
AAPL,240,2017-11-09,21:30:00,2017-11-09T21:30:00+00:00,175.950000,176.010000,175.810000,175.890000,108,0.200000,-0.051142,175.738000,175.220000,172.828500,174.887429,0.642707,60.124334,0,train
AAPL,240,2017-11-10,13:30:00,2017-11-10T13:30:00+00:00,175.290000,175.370000,174.240000,174.810000,23232,1.130000,-0.614020,175.484000,175.291000,173.225000,174.873351,0.682256,57.519116,0,train
AAPL,240,2017-11-10,17:30:00,2017-11-10T17:30:00+00:00,174.840000,175.130000,174.570000,174.640000,20273,0.560000,-0.097248,175.080000,175.316000,173.611500,174.830923,0.682039,59.647577,0,train
AAPL,240,2017-11-13,13:30:00,2017-11-13T13:30:00+00:00,173.900000,174.490000,173.310000,174.330000,22261,1.180000,-0.177508,175.130000,175.274000,173.974500,174.739846,0.680961,48.144221,0,train
AAPL,240,2017-11-13,17:30:00,2017-11-13T17:30:00+00:00,174.290000,174.390000,173.690000,173.890000,19737,0.700000,-0.252395,174.712000,175.192000,174.316000,174.585329,0.684852,49.081081,0,train
AAPL,240,2017-11-13,21:30:00,2017-11-13T21:30:00+00:00,173.850000,173.950000,173.700000,173.860000,41,0.250000,-0.017252,174.306000,175.022000,174.578500,174.453451,0.659474,48.701299,0,train
AAPL,240,2017-11-14,13:30:00,2017-11-14T13:30:00+00:00,173.710000,173.710000,172.090000,172.620000,26923,1.620000,-0.713218,173.868000,174.676000,174.529000,174.120096,0.670060,41.315015,0,train
AAPL,240,2017-11-14,17:30:00,2017-11-14T17:30:00+00:00,172.600000,172.790000,171.000000,171.180000,22862,1.790000,-0.834202,173.176000,174.128000,174.436000,173.585533,0.669672,34.161491,0,train
AAPL,240,2017-11-14,21:30:00,2017-11-14T21:30:00+00:00,171.180000,171.200000,170.390000,171.050000,176,0.810000,-0.075943,172.520000,173.825000,174.366000,173.124527,0.535717,33.890845,0,train
AAPL,240,2017-11-15,13:30:00,2017-11-15T13:30:00+00:00,170.420000,170.450000,168.360000,169.300000,27894,2.090000,-1.023093,171.602000,173.157000,174.097000,172.429159,0.373389,24.469821,0,train
AAPL,240,2017-11-15,17:30:00,2017-11-15T17:30:00+00:00,169.300000,169.670000,168.650000,169.070000,23655,1.020000,-0.135854,170.644000,172.475000,173.847500,171.818403,0.365842,20.718463,1,train
AAPL,240,2017-11-15,21:30:00,2017-11-15T21:30:00+00:00,169.070000,169.220000,168.980000,169.220000,46,0.240000,0.088721,169.964000,171.916000,173.603500,171.345966,0.385846,17.764298,1,train
AAPL,240,2017-11-16,13:30:00,2017-11-16T13:30:00+00:00,170.570000,171.720000,170.270000,171.610000,25000,1.450000,1.412363,170.050000,171.613000,173.464500,171.393972,0.672882,39.118943,0,train
AAPL,240,2017-11-16,17:30:00,2017-11-16T17:30:00+00:00,171.630000,171.860000,171.000000,171.120000,22361,0.860000,-0.285531,170.064000,171.292000,173.283000,171.344159,0.673832,25.553320,1,train
AAPL,240,2017-11-16,21:30:00,2017-11-16T21:30:00+00:00,171.140000,171.150000,171.120000,171.150000,19,0.030000,0.017532,170.434000,171.018000,173.105000,171.308857,0.676174,26.012146,0,train
AAPL,240,2017-11-17,13:30:00,2017-11-17T13:30:00+00:00,170.870000,171.380000,169.800000,170.650000,24626,1.580000,-0.292141,170.750000,170.697000,172.859500,171.189065,0.675465,27.634409,0,train
AAPL,240,2017-11-17,17:30:00,2017-11-17T17:30:00+00:00,170.630000,170.690000,169.610000,170.020000,21095,1.080000,-0.369177,170.910000,170.437000,172.556500,170.976508,0.653941,26.331967,0,train
AAPL,240,2017-11-20,13:30:00,2017-11-20T13:30:00+00:00,170.520000,170.600000,169.520000,169.670000,22301,1.080000,-0.205858,170.522000,170.286000,172.207000,170.738961,0.609546,26.224490,1,train
AAPL,240,2017-11-20,17:30:00,2017-11-20T17:30:00+00:00,169.680000,170.210000,169.660000,169.950000,17635,0.550000,0.165026,170.288000,170.176000,172.000500,170.595513,0.614768,29.564315,0,train
AAPL,240,2017-11-20,21:30:00,2017-11-20T21:30:00+00:00,169.900000,169.980000,169.880000,169.890000,26,0.100000,-0.035305,170.036000,170.235000,171.696000,170.467238,0.514510,29.472596,1,train
AAPL,240,2017-11-21,13:30:00,2017-11-21T13:30:00+00:00,170.580000,173.690000,170.480000,173.250000,23730,3.210000,1.977750,170.556000,170.653000,171.564000,170.973195,0.794195,52.671756,0,train
AAPL,240,2017-11-21,17:30:00,2017-11-21T17:30:00+00:00,173.220000,173.390000,172.670000,173.000000,19679,0.720000,-0.144300,171.152000,171.031000,171.473500,171.341705,0.802738,58.584906,0,train
AAPL,240,2017-11-21,21:30:00,2017-11-21T21:30:00+00:00,172.970000,173.000000,172.890000,173.000000,40,0.110000,0.000000,171.818000,171.170000,171.391500,171.643213,0.686221,59.312321,1,train
AAPL,240,2017-11-22,13:30:00,2017-11-22T13:30:00+00:00,173.500000,174.990000,173.020000,174.110000,24540,1.970000,0.641618,172.650000,171.469000,171.380500,172.091720,0.693521,74.465921,1,train
AAPL,240,2017-11-22,17:30:00,2017-11-22T17:30:00+00:00,174.120000,174.990000,173.870000,174.950000,20542,1.120000,0.482454,173.662000,171.849000,171.433500,172.611407,0.697327,78.160920,0,train
AAPL,240,2017-11-22,21:30:00,2017-11-22T21:30:00+00:00,174.920000,174.960000,174.870000,174.900000,27,0.090000,-0.028580,173.992000,172.274000,171.485500,173.027515,0.680513,77.466151,1,train
AAPL,240,2017-11-24,14:30:00,2017-11-24T14:30:00+00:00,175.180000,175.450000,174.620000,174.940000,26464,0.830000,0.022870,174.380000,172.766000,171.601500,173.375239,0.651665,70.838548,0,train
AAPL,240,2017-11-27,13:30:00,2017-11-27T13:30:00+00:00,174.620000,175.010000,173.290000,174.260000,28415,1.720000,-0.388705,174.632000,173.225000,171.755500,173.536105,0.669372,69.193154,0,train
AAPL,240,2017-11-27,17:30:00,2017-11-27T17:30:00+00:00,174.260000,174.480000,173.930000,174.070000,25420,0.550000,-0.109032,174.624000,173.637000,171.906500,173.633177,0.679647,67.505995,1,train
AAPL,240,2017-11-27,21:30:00,2017-11-27T21:30:00+00:00,174.030000,174.090000,174.030000,174.080000,23,0.060000,0.005745,174.450000,174.056000,172.145500,173.714417,0.677908,71.847134,0,train
AAPL,240,2017-11-28,13:30:00,2017-11-28T13:30:00+00:00,174.310000,174.850000,172.520000,173.040000,26936,2.330000,-0.597426,174.078000,174.035000,172.344000,173.591796,0.362889,68.280872,0,train
AAPL,240,2017-11-28,17:30:00,2017-11-28T17:30:00+00:00,173.050000,173.370000,171.860000,173.000000,26578,1.510000,-0.023116,173.690000,174.035000,172.533000,173.484197,0.359975,70.943396,0,train
AAPL,240,2017-11-28,21:30:00,2017-11-28T21:30:00+00:00,173.000000,173.070000,172.980000,172.980000,33,0.090000,-0.011561,173.434000,174.033000,172.601500,173.392525,0.359996,69.700910,0,train
AAPL,240,2017-11-29,13:30:00,2017-11-29T13:30:00+00:00,172.990000,173.020000,167.130000,168.390000,37732,5.890000,-2.653486,172.298000,173.461000,172.465000,172.482975,0.863207,43.862520,1,train
AAPL,240,2017-11-29,17:30:00,2017-11-29T17:30:00+00:00,168.420000,169.620000,168.220000,169.220000,35154,1.400000,0.492903,171.326000,172.888000,172.368500,171.889707,0.864305,29.205366,0,train
AAPL,240,2017-11-29,21:30:00,2017-11-29T21:30:00+00:00,169.220000,169.250000,169.100000,169.190000,92,0.150000,-0.017728,170.556000,172.317000,172.295500,171.398851,0.864731,29.883844,1,train
AAPL,240,2017-11-30,13:30:00,2017-11-30T13:30:00+00:00,170.680000,171.490000,168.420000,171.250000,33524,3.070000,1.217566,170.206000,171.948000,172.357000,171.371787,0.991781,42.411101,1,train
AAPL,240,2017-11-30,17:30:00,2017-11-30T17:30:00+00:00,171.220000,172.120000,170.820000,171.740000,33315,1.300000,0.286131,169.958000,171.696000,172.460500,171.438735,1.001071,39.138405,0,train
AAPL,240,2017-11-30,21:30:00,2017-11-30T21:30:00+00:00,171.760000,171.760000,171.570000,171.640000,36,0.190000,-0.058228,170.608000,171.453000,172.545000,171.475329,1.001380,33.726647,0,train
AAPL,240,2017-12-01,13:30:00,2017-12-01T13:30:00+00:00,170.470000,171.650000,168.490000,169.960000,32790,3.160000,-0.978793,170.756000,171.041000,172.548500,171.199814,1.033779,29.067797,1,train
AAPL,240,2017-12-01,17:30:00,2017-12-01T17:30:00+00:00,169.960000,171.190000,169.450000,170.960000,32429,1.740000,0.588374,171.110000,170.833000,172.434000,171.156212,1.055293,34.404389,1,train
AAPL,240,2017-12-04,13:30:00,2017-12-04T13:30:00+00:00,172.320000,172.580000,170.050000,171.340000,34514,2.530000,0.222274,171.128000,170.667000,172.351000,171.189628,1.060528,38.282504,0,train
AAPL,240,2017-12-04,17:30:00,2017-12-04T17:30:00+00:00,171.340000,171.740000,169.600000,169.770000,31112,2.140000,-0.916307,170.734000,170.346000,172.189500,170.931514,1.091124,34.465318,0,train
AAPL,240,2017-12-04,21:30:00,2017-12-04T21:30:00+00:00,169.740000,169.800000,169.230000,169.560000,51,0.570000,-0.123697,170.318000,170.463000,171.962000,170.682147,0.664060,33.903134,1,train
AAPL,240,2017-12-05,13:30:00,2017-12-05T13:30:00+00:00,169.650000,171.510000,168.380000,170.690000,33993,3.130000,0.666431,170.464000,170.610000,171.749000,170.683575,0.678414,41.684360,0,train
AAPL,240,2017-12-05,17:30:00,2017-12-05T17:30:00+00:00,170.700000,171.150000,169.440000,169.480000,36524,1.710000,-0.708887,170.168000,170.639000,171.478000,170.464743,0.724118,38.496732,1,train
AAPL,240,2017-12-05,21:30:00,2017-12-05T21:30:00+00:00,169.520000,169.610000,169.490000,169.560000,23,0.120000,0.047203,169.812000,170.470000,171.209000,170.300245,0.591376,38.867188,0,train
AAPL,240,2017-12-06,13:30:00,2017-12-06T13:30:00+00:00,168.050000,170.190000,166.440000,169.040000,33067,3.750000,-0.306676,169.666000,170.200000,170.948000,170.071109,0.578207,52.878654,0,train
AAPL,240,2017-12-06,17:30:00,2017-12-06T17:30:00+00:00,169.060000,170.010000,168.770000,168.800000,26389,1.240000,-0.141978,169.514000,169.916000,170.684500,169.839998,0.577225,48.037383,0,train
AAPL,240,2017-12-06,21:30:00,2017-12-06T21:30:00+00:00,168.770000,168.820000,168.770000,168.790000,20,0.050000,-0.005924,169.134000,169.799000,170.420000,169.649090,0.501941,48.127341,1,train
AAPL,240,2017-12-07,13:30:00,2017-12-07T13:30:00+00:00,169.620000,170.360000,168.790000,169.710000,30770,1.570000,0.545056,169.180000,169.674000,170.253500,169.660164,0.495797,41.928721,0,train
AAPL,240,2017-12-07,17:30:00,2017-12-07T17:30:00+00:00,169.730000,170.430000,168.930000,169.290000,28528,1.500000,-0.247481,169.126000,169.469000,170.068000,169.592862,0.486966,37.064414,1,train
AAPL,240,2017-12-07,21:30:00,2017-12-07T21:30:00+00:00,169.360000,169.410000,169.190000,169.370000,31,0.220000,0.047256,169.192000,169.429000,169.887500,169.552341,0.399132,37.989418,1,train
AAPL,240,2017-12-08,13:30:00,2017-12-08T13:30:00+00:00,169.860000,170.980000,169.600000,169.970000,24645,1.380000,0.354254,169.426000,169.470000,169.966500,169.628279,0.414055,50.059737,0,train
AAPL,240,2017-12-08,17:30:00,2017-12-08T17:30:00+00:00,169.980000,170.050000,168.790000,169.310000,24782,1.260000,-0.388304,169.530000,169.332000,169.971000,169.570410,0.363770,39.726027,1,train
AAPL,240,2017-12-11,13:30:00,2017-12-11T13:30:00+00:00,169.390000,172.450000,168.770000,172.410000,27039,3.680000,1.830961,170.070000,169.625000,170.132000,170.086699,0.650208,54.976744,1,train
AAPL,240,2017-12-11,17:30:00,2017-12-11T17:30:00+00:00,172.440000,172.880000,172.050000,172.620000,26240,0.830000,0.121803,170.736000,169.931000,170.200500,170.547299,0.649025,65.175719,1,train
AAPL,240,2017-12-11,21:30:00,2017-12-11T21:30:00+00:00,172.610000,172.800000,172.590000,172.670000,90,0.210000,0.028965,171.396000,170.294000,170.247000,170.933245,0.629391,66.847237,0,train
AAPL,240,2017-12-12,13:30:00,2017-12-12T13:30:00+00:00,172.400000,172.490000,171.430000,171.760000,21636,1.060000,-0.527017,171.754000,170.590000,170.253000,171.083564,0.664422,55.937847,0,train
AAPL,240,2017-12-12,17:30:00,2017-12-12T17:30:00+00:00,171.780000,172.140000,171.550000,171.700000,21640,0.590000,-0.034932,172.232000,170.881000,170.340000,171.195643,0.665367,64.122137,0,train
AAPL,240,2017-12-12,21:30:00,2017-12-12T21:30:00+00:00,171.700000,171.720000,171.640000,171.650000,13,0.080000,-0.029121,172.080000,171.075000,170.374500,171.278254,0.654382,63.346105,1,train
AAPL,240,2017-12-13,13:30:00,2017-12-13T13:30:00+00:00,171.620000,173.520000,171.620000,172.570000,25014,1.900000,0.535974,172.070000,171.403000,170.436000,171.513117,0.652975,71.445930,0,train
AAPL,240,2017-12-13,17:30:00,2017-12-13T17:30:00+00:00,172.600000,173.170000,172.160000,172.310000,24039,1.010000,-0.150663,171.998000,171.697000,170.563000,171.658005,0.660868,71.272727,0,train
AAPL,240,2017-12-13,21:30:00,2017-12-13T21:30:00+00:00,172.310000,172.350000,172.280000,172.310000,19,0.070000,0.000000,172.108000,171.931000,170.700500,171.776549,0.659637,71.359223,0,train
AAPL,240,2017-12-14,13:30:00,2017-12-14T13:30:00+00:00,172.410000,173.120000,171.630000,172.140000,24351,1.490000,-0.098659,172.196000,172.214000,170.773000,171.842631,0.639989,66.221629,1,train
AAPL,240,2017-12-14,17:30:00,2017-12-14T17:30:00+00:00,172.140000,172.480000,171.660000,172.240000,25522,0.820000,0.058092,172.314000,172.197000,170.911000,171.914880,0.261970,70.571827,1,train
AAPL,240,2017-12-14,21:30:00,2017-12-14T21:30:00+00:00,172.250000,172.350000,172.190000,172.350000,67,0.160000,0.063864,172.270000,172.170000,171.050500,171.993993,0.259370,70.694444,1,train
AAPL,240,2017-12-15,13:30:00,2017-12-15T13:30:00+00:00,172.550000,173.690000,172.380000,173.520000,26681,1.310000,0.678851,172.512000,172.255000,171.274500,172.271449,0.340452,72.844273,1,train
AAPL,240,2017-12-15,17:30:00,2017-12-15T17:30:00+00:00,173.520000,174.130000,173.220000,173.850000,26273,0.910000,0.190180,172.820000,172.464000,171.527000,172.558458,0.274662,80.510753,1,train
AAPL,240,2017-12-18,13:30:00,2017-12-18T13:30:00+00:00,175.000000,176.680000,174.770000,176.290000,25760,1.910000,1.403509,173.650000,172.923000,171.902000,173.236920,0.482070,78.613569,1,train
AAPL,240,2017-12-18,17:30:00,2017-12-18T17:30:00+00:00,176.300000,177.180000,176.260000,176.510000,23550,0.920000,0.124794,174.504000,173.409000,172.242000,173.832026,0.474018,78.645066,0,train
AAPL,240,2017-12-18,21:30:00,2017-12-18T21:30:00+00:00,176.500000,176.520000,176.390000,176.390000,25,0.130000,-0.067985,175.312000,173.791000,172.597000,174.297112,0.476335,77.113703,0,train
AAPL,240,2017-12-19,13:30:00,2017-12-19T13:30:00+00:00,174.880000,175.360000,174.060000,174.310000,26673,1.300000,-1.179205,175.470000,173.991000,172.844000,174.299455,0.646104,65.877958,1,train
AAPL,240,2017-12-19,17:30:00,2017-12-19T17:30:00+00:00,174.290000,175.060000,174.180000,174.330000,22681,0.880000,0.011474,175.566000,174.193000,173.062000,174.305009,0.645883,66.458073,0,train
AAPL,240,2017-12-19,21:30:00,2017-12-19T21:30:00+00:00,174.360000,174.360000,174.300000,174.330000,26,0.060000,0.000000,175.174000,174.412000,173.313000,174.309553,0.642944,66.876574,1,train
AAPL,240,2017-12-20,13:30:00,2017-12-20T13:30:00+00:00,175.010000,175.410000,173.240000,174.510000,24208,2.170000,0.103252,174.774000,174.639000,173.418000,174.345998,0.642554,63.472222,0,train
AAPL,240,2017-12-20,17:30:00,2017-12-20T17:30:00+00:00,174.500000,174.810000,173.940000,174.300000,18415,0.870000,-0.120337,174.356000,174.834000,173.502000,174.337634,0.647374,63.916084,0,train
AAPL,240,2017-12-20,21:30:00,2017-12-20T21:30:00+00:00,174.310000,174.310000,174.250000,174.260000,8,0.060000,-0.022949,174.346000,174.908000,173.581500,174.323519,0.616705,63.560501,1,train
AAPL,240,2017-12-21,13:30:00,2017-12-21T13:30:00+00:00,174.500000,176.010000,174.020000,175.600000,23104,1.990000,0.768966,174.600000,175.083000,173.773500,174.555606,0.657716,70.693780,0,train
AAPL,240,2017-12-21,17:30:00,2017-12-21T17:30:00+00:00,175.610000,175.850000,174.850000,175.100000,19895,1.000000,-0.284738,174.754000,174.964000,173.943500,174.654587,0.478940,66.324201,1,train
AAPL,240,2017-12-21,21:30:00,2017-12-21T21:30:00+00:00,175.110000,175.170000,175.080000,175.150000,34,0.090000,0.028555,174.882000,174.828000,174.118500,174.744662,0.475621,66.091954,0,train
AAPL,240,2017-12-22,13:30:00,2017-12-22T13:30:00+00:00,174.700000,175.400000,174.540000,174.890000,21489,0.860000,-0.148444,175.000000,174.678000,174.234500,174.771087,0.476145,58.793325,1,train
AAPL,240,2017-12-22,17:30:00,2017-12-22T17:30:00+00:00,174.870000,175.200000,174.810000,175.030000,16942,0.390000,0.080050,175.154000,174.750000,174.370500,174.818162,0.280902,57.763158,0,train
AAPL,240,2017-12-26,13:30:00,2017-12-26T13:30:00+00:00,170.520000,171.430000,169.640000,170.370000,25517,1.790000,-2.662401,174.108000,174.354000,174.273500,174.009406,0.900976,19.857434,1,train
AAPL,240,2017-12-26,17:30:00,2017-12-26T17:30:00+00:00,170.340000,170.830000,170.080000,170.440000,20717,0.750000,0.041087,173.176000,173.965000,174.188500,173.360423,0.902213,18.614271,1,train
AAPL,240,2017-12-26,21:30:00,2017-12-26T21:30:00+00:00,170.470000,170.550000,170.370000,170.520000,41,0.180000,0.046937,172.250000,173.566000,174.102500,172.843982,0.900132,19.522326,0,train
AAPL,240,2017-12-27,13:30:00,2017-12-27T13:30:00+00:00,170.630000,170.740000,169.690000,170.370000,22258,1.050000,-0.087966,171.346000,173.173000,174.003500,172.394167,0.900618,24.415584,1,train
AAPL,240,2017-12-27,17:30:00,2017-12-27T17:30:00+00:00,170.350000,170.670000,169.970000,170.540000,15996,0.700000,0.099783,170.448000,172.801000,173.854500,172.057046,0.904491,25.859873,1,train
AAPL,240,2017-12-27,21:30:00,2017-12-27T21:30:00+00:00,170.560000,170.650000,170.530000,170.560000,41,0.120000,0.011727,170.486000,172.297000,173.690000,171.784856,0.842855,26.048285,1,train
AAPL,240,2017-12-28,13:30:00,2017-12-28T13:30:00+00:00,170.850000,171.830000,170.750000,171.240000,16627,1.080000,0.398687,170.646000,171.911000,173.437500,171.685791,0.870366,30.465950,0,train
AAPL,240,2017-12-28,17:30:00,2017-12-28T17:30:00+00:00,171.270000,171.290000,170.450000,170.770000,14698,0.840000,-0.274469,170.696000,171.473000,173.150500,171.519284,0.866046,29.548088,0,train
AAPL,240,2017-12-28,21:30:00,2017-12-28T21:30:00+00:00,170.750000,170.800000,170.670000,170.670000,100,0.130000,-0.058558,170.756000,171.051000,172.864500,171.364868,0.867676,29.344074,0,train
AAPL,240,2017-12-29,13:30:00,2017-12-29T13:30:00+00:00,170.930000,170.950000,169.280000,170.030000,21558,1.670000,-0.374993,170.654000,170.551000,172.650500,171.122165,0.860903,15.143930,0,train
AAPL,240,2017-12-29,17:30:00,2017-12-29T17:30:00+00:00,170.040000,170.250000,169.210000,169.270000,18280,1.040000,-0.446980,170.396000,170.441000,172.397500,170.785408,0.249060,14.666667,1,train
AAPL,240,2018-01-02,13:30:00,2018-01-02T13:30:00+00:00,169.990000,171.580000,169.250000,171.340000,22004,2.330000,1.222898,170.416000,170.531000,172.248000,170.886243,0.478980,31.450828,1,train
AAPL,240,2018-01-02,17:30:00,2018-01-02T17:30:00+00:00,171.360000,172.240000,171.190000,172.120000,19087,1.050000,0.455235,170.686000,170.691000,172.128500,171.110562,0.495458,37.164041,0,train
AAPL,240,2018-01-02,21:30:00,2018-01-02T21:30:00+00:00,172.120000,172.180000,172.090000,172.090000,17,0.090000,-0.017430,170.970000,170.863000,172.018000,171.288642,0.493067,36.235955,1,train
AAPL,240,2018-01-03,13:30:00,2018-01-03T13:30:00+00:00,172.500000,174.540000,172.150000,173.490000,21669,2.390000,0.813528,171.662000,171.158000,171.979500,171.688889,0.542007,71.024259,0,train
AAPL,240,2018-01-03,17:30:00,2018-01-03T17:30:00+00:00,173.480000,173.510000,171.840000,172.040000,22000,1.670000,-0.835783,172.216000,171.306000,171.801500,171.752727,0.629258,59.090909,0,train
AAPL,240,2018-01-03,21:30:00,2018-01-03T21:30:00+00:00,172.020000,172.040000,171.830000,171.850000,17,0.210000,-0.110439,172.318000,171.367000,171.639000,171.770413,0.621900,57.463524,1,train
AAPL,240,2018-01-04,13:30:00,2018-01-04T13:30:00+00:00,172.750000,173.460000,172.070000,172.740000,21868,1.390000,0.517894,172.442000,171.564000,171.518500,171.946702,0.628210,62.279793,1,train
AAPL,240,2018-01-04,17:30:00,2018-01-04T17:30:00+00:00,172.740000,173.230000,172.580000,173.150000,19177,0.650000,0.237351,172.654000,171.812000,171.431500,172.165483,0.626011,63.195147,1,train
AAPL,240,2018-01-04,21:30:00,2018-01-04T21:30:00+00:00,173.150000,173.180000,173.120000,173.160000,29,0.060000,0.005775,172.588000,172.125000,171.338000,172.346304,0.601908,63.157895,1,train
AAPL,240,2018-01-05,13:30:00,2018-01-05T13:30:00+00:00,173.540000,175.180000,173.030000,174.700000,22732,2.150000,0.889351,173.120000,172.668000,171.554500,172.774249,0.594502,66.108007,1,train
AAPL,240,2018-01-05,17:30:00,2018-01-05T17:30:00+00:00,174.690000,175.210000,174.530000,174.950000,21250,0.680000,0.143102,173.740000,173.029000,171.780000,173.169840,0.502848,69.866920,0,train
AAPL,240,2018-01-08,13:30:00,2018-01-08T13:30:00+00:00,174.530000,175.570000,174.250000,174.810000,21128,1.320000,-0.080023,174.154000,173.298000,171.994500,173.468051,0.502314,69.602273,0,train
AAPL,240,2018-01-08,17:30:00,2018-01-08T17:30:00+00:00,174.830000,174.920000,173.910000,174.210000,19618,1.010000,-0.343230,174.366000,173.510000,172.186500,173.602951,0.524894,69.866920,0,train
AAPL,240,2018-01-08,21:30:00,2018-01-08T21:30:00+00:00,174.200000,174.240000,174.150000,174.170000,32,0.090000,-0.022961,174.568000,173.578000,172.368000,173.706051,0.466118,75.000000,1,train
AAPL,240,2018-01-09,13:30:00,2018-01-09T13:30:00+00:00,174.600000,174.910000,173.370000,174.710000,25663,1.540000,0.310042,174.570000,173.845000,172.575500,173.888587,0.354305,70.374849,0,train
AAPL,240,2018-01-09,17:30:00,2018-01-09T17:30:00+00:00,174.720000,175.040000,173.870000,174.010000,21862,1.170000,-0.400664,174.382000,174.061000,172.714000,173.910662,0.388657,61.538462,1,train
AAPL,240,2018-01-09,21:30:00,2018-01-09T21:30:00+00:00,173.970000,174.020000,173.890000,174.020000,40,0.130000,0.005747,174.224000,174.189000,172.876500,173.930542,0.364203,61.811506,0,train
AAPL,240,2018-01-10,13:30:00,2018-01-10T13:30:00+00:00,173.150000,174.190000,172.970000,173.070000,26212,1.220000,-0.545914,173.996000,174.181000,172.996500,173.774080,0.406989,47.279793,1,train
AAPL,240,2018-01-10,17:30:00,2018-01-10T17:30:00+00:00,173.100000,174.280000,173.020000,174.050000,22957,1.260000,0.566245,173.972000,174.270000,173.197500,173.824247,0.445258,63.862069,1,train
AAPL,240,2018-01-10,21:30:00,2018-01-10T21:30:00+00:00,174.060000,174.080000,174.050000,174.080000,5,0.030000,0.017236,173.846000,174.208000,173.438000,173.870747,0.334760,65.726375,1,train
AAPL,240,2018-01-11,13:30:00,2018-01-11T13:30:00+00:00,174.630000,175.470000,174.370000,175.140000,22608,1.100000,0.608915,174.072000,174.227000,173.628000,174.101521,0.390132,66.528926,1,train
AAPL,240,2018-01-11,17:30:00,2018-01-11T17:30:00+00:00,175.180000,175.310000,174.870000,175.250000,18588,0.440000,0.062807,174.318000,174.271000,173.784500,174.310335,0.389020,65.086207,0,train
AAPL,240,2018-01-11,21:30:00,2018-01-11T21:30:00+00:00,175.210000,175.280000,175.010000,175.240000,31,0.270000,-0.005706,174.752000,174.374000,173.942000,174.479365,0.367489,64.942529,1,train
AAPL,240,2018-01-12,13:30:00,2018-01-12T13:30:00+00:00,176.310000,177.040000,175.580000,176.770000,25703,1.460000,0.873088,175.296000,174.634000,174.106000,174.895844,0.445987,64.892086,1,train
AAPL,240,2018-01-12,17:30:00,2018-01-12T17:30:00+00:00,176.770000,177.330000,176.680000,176.980000,23089,0.650000,0.118798,175.876000,174.861000,174.353000,175.274782,0.442408,64.688857,1,train
AAPL,240,2018-01-16,13:30:00,2018-01-16T13:30:00+00:00,178.270000,179.380000,177.180000,177.550000,30755,2.200000,0.322070,176.358000,175.215000,174.638000,175.688458,0.403388,68.664850,0,train
AAPL,240,2018-01-16,17:30:00,2018-01-16T17:30:00+00:00,177.540000,177.650000,176.120000,176.250000,33755,1.530000,-0.732188,176.558000,175.438000,174.813500,175.790556,0.499413,62.686567,0,train
AAPL,240,2018-01-16,21:30:00,2018-01-16T21:30:00+00:00,176.190000,176.300000,176.170000,176.190000,43,0.130000,-0.034043,176.748000,175.750000,174.965500,175.863182,0.445978,62.531017,0,train
AAPL,240,2018-01-17,13:30:00,2018-01-17T13:30:00+00:00,175.300000,176.600000,175.050000,175.650000,28024,1.550000,-0.306487,176.524000,175.910000,175.090000,175.824422,0.447326,55.831266,1,train
AAPL,240,2018-01-17,17:30:00,2018-01-17T17:30:00+00:00,175.670000,179.240000,175.580000,179.000000,30552,3.660000,1.907202,176.928000,176.402000,175.305000,176.401800,0.725058,73.295985,1,train
AAPL,240,2018-01-17,21:30:00,2018-01-17T21:30:00+00:00,179.000000,179.230000,178.970000,179.130000,113,0.260000,0.072626,177.244000,176.801000,175.514000,176.897836,0.717943,73.591874,1,train
AAPL,240,2018-01-18,13:30:00,2018-01-18T13:30:00+00:00,179.080000,179.990000,178.220000,179.370000,29505,1.770000,0.133981,177.868000,177.213000,175.742000,177.347321,0.716477,81.126482,0,train
AAPL,240,2018-01-18,17:30:00,2018-01-18T17:30:00+00:00,179.390000,180.090000,178.780000,178.810000,25353,1.310000,-0.312204,178.392000,177.570000,175.972000,177.613262,0.734250,74.536082,1,train
AAPL,240,2018-01-18,21:30:00,2018-01-18T21:30:00+00:00,178.810000,178.850000,178.720000,178.850000,29,0.130000,0.022370,179.032000,177.778000,176.206000,177.838124,0.696462,74.562307,0,train
AAPL,240,2018-01-19,13:30:00,2018-01-19T13:30:00+00:00,178.810000,179.550000,177.390000,178.380000,25385,2.160000,-0.262790,178.908000,177.918000,176.389500,177.936647,0.706863,67.763158,1,train
AAPL,240,2018-01-19,17:30:00,2018-01-19T17:30:00+00:00,178.350000,178.680000,177.930000,178.450000,23807,0.750000,0.039242,178.772000,178.008000,176.611500,178.029984,0.701788,67.621145,0,train
AAPL,240,2018-01-22,13:30:00,2018-01-22T13:30:00+00:00,177.380000,177.770000,176.600000,177.240000,24033,1.170000,-0.678061,178.346000,178.107000,176.772500,177.886350,0.695239,59.727626,0,train
AAPL,240,2018-01-22,17:30:00,2018-01-22T17:30:00+00:00,177.210000,177.660000,176.670000,176.990000,20155,0.990000,-0.141052,177.982000,178.187000,176.968500,177.723377,0.697636,51.222222,1,train
AAPL,240,2018-01-22,21:30:00,2018-01-22T21:30:00+00:00,176.980000,177.230000,176.980000,177.090000,74,0.250000,0.056500,177.630000,178.331000,177.120500,177.608218,0.686527,50.618673,1,train
AAPL,240,2018-01-23,13:30:00,2018-01-23T13:30:00+00:00,177.590000,179.010000,176.800000,178.770000,27317,2.210000,0.948670,177.708000,178.308000,177.355000,177.819451,0.418087,56.100000,0,train
AAPL,240,2018-01-23,17:30:00,2018-01-23T17:30:00+00:00,178.770000,179.430000,176.670000,176.760000,27363,2.760000,-1.124350,177.370000,178.071000,177.436000,177.626824,0.543638,52.380952,0,train
AAPL,240,2018-01-23,21:30:00,2018-01-23T21:30:00+00:00,176.740000,176.800000,176.490000,176.650000,83,0.310000,-0.062231,177.252000,177.799000,177.506000,177.449219,0.536475,52.137546,0,train
AAPL,240,2018-01-24,13:30:00,2018-01-24T13:30:00+00:00,177.590000,177.900000,174.550000,174.870000,31706,3.350000,-1.007642,176.828000,177.405000,177.487500,176.980270,0.600850,46.750000,0,train
AAPL,240,2018-01-24,17:30:00,2018-01-24T17:30:00+00:00,174.860000,174.880000,173.180000,174.300000,34248,1.700000,-0.325956,176.270000,176.950000,177.364000,176.492948,0.595248,24.511931,0,train
AAPL,240,2018-01-24,21:30:00,2018-01-24T21:30:00+00:00,174.300000,174.300000,174.150000,174.180000,38,0.150000,-0.068847,175.352000,176.530000,177.224000,176.072412,0.598147,23.127036,0,train
AAPL,240,2018-01-25,13:30:00,2018-01-25T13:30:00+00:00,174.900000,175.040000,172.240000,173.240000,31077,2.800000,-0.539672,174.648000,176.009000,177.008500,175.557428,0.596520,19.071645,0,train
AAPL,240,2018-01-25,17:30:00,2018-01-25T17:30:00+00:00,173.220000,173.290000,170.510000,171.320000,33543,2.780000,-1.108289,173.582000,175.417000,176.762000,174.786987,0.641124,16.770186,0,train
AAPL,240,2018-01-25,21:30:00,2018-01-25T21:30:00+00:00,171.320000,171.370000,171.220000,171.300000,80,0.150000,-0.011674,172.868000,174.848000,176.517500,174.152989,0.646804,16.444444,0,train
AAPL,240,2018-01-26,13:30:00,2018-01-26T13:30:00+00:00,172.080000,172.300000,170.270000,170.710000,28564,2.030000,-0.344425,172.150000,174.210000,176.270500,173.526991,0.632849,16.270888,1,train
AAPL,240,2018-01-26,17:30:00,2018-01-26T17:30:00+00:00,170.680000,171.540000,170.030000,171.400000,30727,1.510000,0.404194,171.594000,173.473000,175.890500,173.140265,0.520830,20.600500,0,train
AAPL,240,2018-01-29,13:30:00,2018-01-29T13:30:00+00:00,170.290000,170.310000,167.040000,168.510000,29630,3.270000,-1.686114,170.648000,172.648000,175.359500,172.298399,0.625211,18.068764,0,train
AAPL,240,2018-01-29,17:30:00,2018-01-29T17:30:00+00:00,168.500000,168.980000,167.730000,167.870000,27102,1.250000,-0.379799,169.958000,171.770000,174.784500,171.493236,0.609787,17.567568,1,train
AAPL,240,2018-01-29,21:30:00,2018-01-29T21:30:00+00:00,167.880000,167.900000,167.800000,167.900000,66,0.100000,0.017871,169.278000,171.073000,174.239000,170.839920,0.602391,17.155111,0,train
AAPL,240,2018-01-30,13:30:00,2018-01-30T13:30:00+00:00,166.010000,167.360000,164.690000,166.150000,33817,2.670000,-1.042287,168.366000,170.258000,173.604000,169.987207,0.633815,5.120910,1,train
AAPL,240,2018-01-30,17:30:00,2018-01-30T17:30:00+00:00,166.140000,167.180000,165.090000,167.050000,31030,2.090000,0.541679,167.496000,169.545000,173.037500,169.453170,0.703009,12.509653,0,train
AAPL,240,2018-01-30,21:30:00,2018-01-30T21:30:00+00:00,167.020000,167.200000,166.750000,167.050000,123,0.450000,0.000000,167.204000,168.926000,172.467500,169.016230,0.713006,12.616822,0,train
AAPL,240,2018-01-31,13:30:00,2018-01-31T13:30:00+00:00,166.550000,168.430000,166.330000,167.040000,25831,2.100000,-0.005986,167.038000,168.498000,171.957500,168.656915,0.668433,14.634146,0,train
AAPL,240,2018-01-31,17:30:00,2018-01-31T17:30:00+00:00,167.040000,167.640000,166.480000,166.670000,30376,1.160000,-0.221504,166.792000,168.035000,171.441500,168.295658,0.663372,14.903404,0,train
AAPL,240,2018-01-31,21:30:00,2018-01-31T21:30:00+00:00,166.700000,166.840000,166.420000,166.560000,146,0.420000,-0.065999,166.874000,167.620000,170.915000,167.980084,0.665816,14.917127,1,train
AAPL,240,2018-02-01,13:30:00,2018-02-01T13:30:00+00:00,167.130000,168.600000,166.570000,168.280000,29464,2.030000,1.032661,167.120000,167.308000,170.390500,168.034614,0.757169,28.694158,0,train
AAPL,240,2018-02-01,17:30:00,2018-02-01T17:30:00+00:00,168.270000,169.100000,166.780000,167.970000,32615,2.320000,-0.184217,167.304000,167.254000,169.951000,168.022866,0.544535,33.300100,1,train
AAPL,240,2018-02-01,21:30:00,2018-02-01T21:30:00+00:00,167.980000,169.610000,162.620000,169.380000,3626,6.990000,0.839436,167.772000,167.405000,169.587500,168.269618,0.592117,41.593695,0,train
AAPL,240,2018-02-02,13:30:00,2018-02-02T13:30:00+00:00,167.290000,167.400000,162.580000,162.990000,37932,4.820000,-3.772582,167.036000,166.914000,168.993500,167.309687,1.359814,27.584204,0,train
AAPL,240,2018-02-02,17:30:00,2018-02-02T17:30:00+00:00,162.990000,163.040000,160.070000,160.400000,38088,2.970000,-1.589055,165.804000,166.339000,168.298500,166.053380,1.403799,21.234310,1,train
AAPL,240,2018-02-05,13:30:00,2018-02-05T13:30:00+00:00,158.700000,163.850000,157.970000,161.100000,33467,5.880000,0.436409,164.368000,165.744000,167.644500,165.152766,1.396809,28.115771,0,train
AAPL,240,2018-02-05,17:30:00,2018-02-05T17:30:00+00:00,161.080000,162.460000,155.780000,156.070000,40639,6.680000,-3.122284,161.988000,164.646000,166.786000,163.501354,1.637363,22.326454,0,train
AAPL,240,2018-02-05,21:30:00,2018-02-05T21:30:00+00:00,156.080000,156.200000,155.640000,156.000000,439,0.560000,-0.044852,159.312000,163.542000,166.020000,162.137471,1.635669,22.144195,1,train
AAPL,240,2018-02-06,13:30:00,2018-02-06T13:30:00+00:00,154.490000,160.920000,153.970000,160.390000,35354,6.950000,2.814103,158.792000,162.914000,165.474500,161.819749,1.974566,38.000000,1,train
AAPL,240,2018-02-06,17:30:00,2018-02-06T17:30:00+00:00,160.380000,163.700000,158.590000,162.680000,41214,5.110000,1.427770,159.248000,162.526000,165.073000,161.976158,2.054631,41.394250,1,train
AAPL,240,2018-02-06,21:30:00,2018-02-06T21:30:00+00:00,162.670000,162.900000,162.650000,162.800000,106,0.250000,0.073764,159.588000,161.978000,164.643000,162.125948,2.011797,41.669933,0,train
AAPL,240,2018-02-07,13:30:00,2018-02-07T13:30:00+00:00,162.540000,163.030000,161.090000,161.430000,35992,1.940000,-0.841523,160.660000,161.324000,164.289000,161.999412,2.017881,39.560849,0,train
AAPL,240,2018-02-07,17:30:00,2018-02-07T17:30:00+00:00,161.420000,161.490000,158.980000,159.050000,37804,2.510000,-1.474323,161.270000,160.291000,163.848000,161.463155,1.995316,36.807479,0,train
AAPL,240,2018-02-07,21:30:00,2018-02-07T21:30:00+00:00,159.120000,159.150000,158.730000,158.860000,204,0.420000,-0.119459,160.964000,159.878000,163.396000,160.989854,1.657653,36.705801,1,train
AAPL,240,2018-02-08,13:30:00,2018-02-08T13:30:00+00:00,160.470000,160.990000,158.920000,159.370000,36191,2.070000,0.321037,160.302000,159.775000,163.057000,160.695335,1.594273,33.945946,0,train
AAPL,240,2018-02-08,17:30:00,2018-02-08T17:30:00+00:00,159.330000,160.160000,155.020000,156.290000,38577,5.140000,-1.932610,159.000000,159.294000,162.519000,159.894365,1.686807,30.865007,0,train
AAPL,240,2018-02-08,21:30:00,2018-02-08T21:30:00+00:00,156.280000,156.480000,155.830000,156.030000,235,0.650000,-0.166357,157.920000,159.290000,161.968000,159.191753,1.363272,27.272727,0,train
AAPL,240,2018-02-09,13:30:00,2018-02-09T13:30:00+00:00,156.270000,157.870000,153.600000,153.640000,34355,4.270000,-1.531757,156.838000,159.054000,161.298000,158.182344,1.447868,31.572724,1,train
AAPL,240,2018-02-09,17:30:00,2018-02-09T17:30:00+00:00,153.670000,157.140000,150.220000,156.080000,37061,6.920000,1.588128,156.282000,158.623000,160.768500,157.800099,1.200421,41.435369,1,train
AAPL,240,2018-02-12,13:30:00,2018-02-12T13:30:00+00:00,158.860000,162.760000,156.980000,162.620000,37309,5.780000,4.190159,156.932000,158.617000,160.571500,158.676445,1.800985,52.446877,1,train
AAPL,240,2018-02-12,17:30:00,2018-02-12T17:30:00+00:00,162.630000,163.880000,161.850000,162.800000,36648,2.030000,0.110687,158.234000,158.617000,160.297500,159.426182,1.801167,62.838611,1,train
AAPL,240,2018-02-12,21:30:00,2018-02-12T21:30:00+00:00,162.790000,162.830000,162.770000,162.830000,23,0.060000,0.018428,159.594000,158.757000,160.040500,160.045058,1.776116,63.049293,0,train
AAPL,240,2018-02-13,13:30:00,2018-02-13T13:30:00+00:00,162.010000,163.750000,161.380000,162.820000,34577,2.370000,-0.006141,161.430000,159.134000,159.712500,160.549593,1.690080,55.575952,1,train
AAPL,240,2018-02-13,17:30:00,2018-02-13T17:30:00+00:00,162.800000,164.740000,162.430000,164.250000,35165,2.310000,0.878270,163.064000,159.673000,159.775500,161.222394,1.695471,53.750597,0,train
AAPL,240,2018-02-13,21:30:00,2018-02-13T21:30:00+00:00,164.190000,164.360000,164.180000,164.190000,47,0.180000,-0.036530,163.378000,160.155000,159.965000,161.761959,1.699843,53.330139,1,train
AAPL,240,2018-02-14,13:30:00,2018-02-14T13:30:00+00:00,164.470000,165.780000,161.790000,165.320000,34446,3.990000,0.688227,163.882000,161.058000,160.176000,162.408876,1.506492,59.428017,1,train
AAPL,240,2018-02-14,17:30:00,2018-02-14T17:30:00+00:00,165.300000,167.750000,165.230000,167.730000,35603,2.520000,1.457779,164.862000,162.228000,160.759000,163.376353,1.505436,71.006776,1,train
AAPL,240,2018-02-14,21:30:00,2018-02-14T21:30:00+00:00,167.740000,167.860000,167.670000,167.840000,130,0.190000,0.065582,165.866000,163.648000,161.351000,164.187925,1.310196,71.817298,1,train
AAPL,240,2018-02-15,13:30:00,2018-02-15T13:30:00+00:00,169.040000,172.030000,168.840000,171.620000,36509,3.190000,2.252145,167.340000,165.202000,161.912500,165.539211,1.364886,75.681342,1,train
AAPL,240,2018-02-15,17:30:00,2018-02-15T17:30:00+00:00,171.610000,173.070000,171.580000,173.040000,36580,1.490000,0.827409,169.110000,166.244000,162.430500,166.902991,0.762422,87.742226,1,train
AAPL,240,2018-02-15,21:30:00,2018-02-15T21:30:00+00:00,173.010000,173.160000,173.000000,173.090000,100,0.160000,0.028895,170.664000,167.273000,162.945000,168.027902,0.768970,88.808007,1,train
AAPL,240,2018-02-16,13:30:00,2018-02-16T13:30:00+00:00,172.440000,174.560000,171.750000,174.400000,32603,2.810000,0.756832,171.998000,168.430000,163.593500,169.186465,0.739968,99.665072,0,train
AAPL,240,2018-02-16,17:30:00,2018-02-16T17:30:00+00:00,174.390000,174.810000,172.400000,172.450000,37157,2.410000,-1.118119,172.920000,169.393000,164.263500,169.779835,0.918440,90.102891,1,train
AAPL,240,2018-02-20,13:30:00,2018-02-20T13:30:00+00:00,171.730000,174.250000,171.520000,173.980000,31806,2.730000,0.887214,173.392000,170.366000,165.019500,170.543501,0.918767,86.883117,0,train
AAPL,240,2018-02-20,17:30:00,2018-02-20T17:30:00+00:00,173.990000,174.150000,171.390000,171.770000,33157,2.760000,-1.270261,173.138000,171.124000,165.639500,170.766501,1.079643,75.731497,0,train
AAPL,240,2018-02-20,21:30:00,2018-02-20T21:30:00+00:00,171.720000,171.800000,171.670000,171.720000,45,0.130000,-0.029109,172.864000,171.764000,166.411000,170.939865,1.086424,75.472779,1,train
AAPL,240,2018-02-21,13:30:00,2018-02-21T13:30:00+00:00,173.060000,174.060000,172.380000,173.090000,28891,1.680000,0.797810,172.602000,172.300000,167.264000,171.330798,1.032794,77.299309,0,train
AAPL,240,2018-02-21,17:30:00,2018-02-21T17:30:00+00:00,173.110000,174.110000,170.500000,170.930000,34321,3.610000,-1.247906,172.298000,172.609000,168.128500,171.257926,1.146038,67.093142,0,train
AAPL,240,2018-02-21,21:30:00,2018-02-21T21:30:00+00:00,170.930000,171.090000,170.770000,170.800000,97,0.320000,-0.076055,171.662000,172.527000,168.864500,171.174667,0.887561,66.853646,1,train
AAPL,240,2018-02-22,13:30:00,2018-02-22T13:30:00+00:00,171.600000,173.940000,171.530000,173.580000,29883,2.410000,1.627635,172.024000,172.581000,169.412500,171.612000,1.003405,69.426152,0,train
AAPL,240,2018-02-22,17:30:00,2018-02-22T17:30:00+00:00,173.590000,173.640000,171.790000,172.750000,33080,1.850000,-0.478166,172.230000,172.547000,169.910000,171.818909,1.016513,62.754065,1,train
AAPL,240,2018-02-22,21:30:00,2018-02-22T21:30:00+00:00,172.730000,173.010000,172.720000,172.880000,65,0.290000,0.075253,172.188000,172.395000,170.412500,172.011835,0.981248,62.791878,1,train
AAPL,240,2018-02-23,13:30:00,2018-02-23T13:30:00+00:00,173.500000,174.780000,173.220000,174.360000,28228,1.560000,0.856085,172.874000,172.586000,170.989500,172.438774,0.947920,57.873563,1,train
AAPL,240,2018-02-23,17:30:00,2018-02-23T17:30:00+00:00,174.360000,175.640000,174.170000,175.540000,27648,1.470000,0.676761,173.822000,172.742000,171.554000,173.002633,0.931038,57.284382,1,train
AAPL,240,2018-02-26,13:30:00,2018-02-26T13:30:00+00:00,176.260000,179.120000,176.210000,178.910000,29292,2.910000,1.919790,174.888000,173.456000,172.290000,174.076700,0.958078,64.208984,1,train
AAPL,240,2018-02-26,17:30:00,2018-02-26T17:30:00+00:00,178.920000,179.370000,178.220000,179.020000,29347,1.150000,0.061483,176.142000,174.186000,172.975000,174.975482,0.953860,61.981328,0,train
AAPL,240,2018-02-26,21:30:00,2018-02-26T21:30:00+00:00,179.060000,179.060000,178.730000,178.970000,40,0.330000,-0.027930,177.360000,174.774000,173.537000,175.701758,0.953383,68.757192,0,train
AAPL,240,2018-02-27,13:30:00,2018-02-27T13:30:00+00:00,178.490000,180.460000,178.120000,178.500000,34291,2.340000,-0.262614,178.188000,175.531000,174.070000,176.210529,0.811558,63.848039,0,train
AAPL,240,2018-02-27,17:30:00,2018-02-27T17:30:00+00:00,178.470000,179.900000,178.260000,178.400000,37275,1.640000,-0.056022,178.760000,176.291000,174.409000,176.608615,0.810174,73.328642,0,train
AAPL,240,2018-02-27,21:30:00,2018-02-27T21:30:00+00:00,178.420000,178.500000,178.260000,178.350000,26,0.240000,-0.028027,178.648000,176.768000,174.674500,176.925230,0.702324,73.328642,1,train
AAPL,240,2018-02-28,13:30:00,2018-02-28T13:30:00+00:00,179.010000,180.610000,178.480000,179.090000,32467,2.130000,0.414914,178.662000,177.402000,174.974500,177.318825,0.651006,72.091311,0,train
AAPL,240,2018-02-28,17:30:00,2018-02-28T17:30:00+00:00,179.040000,180.480000,178.020000,178.400000,35176,2.460000,-0.385281,178.548000,177.954000,175.174500,177.515402,0.688813,80.842279,1,test
AAPL,240,2018-02-28,21:30:00,2018-02-28T21:30:00+00:00,178.400000,178.440000,178.220000,178.440000,34,0.220000,0.022422,178.536000,178.362000,175.474000,177.683511,0.666391,81.780366,0,test
AAPL,240,2018-03-01,13:30:00,2018-03-01T13:30:00+00:00,177.800000,179.760000,177.070000,177.220000,34177,2.690000,-0.683703,178.300000,178.530000,175.636000,177.599236,0.703683,67.399618,0,test
AAPL,240,2018-03-01,17:30:00,2018-03-01T17:30:00+00:00,177.230000,177.270000,172.650000,175.080000,36234,4.620000,-1.207539,177.646000,178.147000,175.801500,177.141193,0.454717,59.898046,1,test
AAPL,240,2018-03-01,21:30:00,2018-03-01T21:30:00+00:00,175.100000,175.200000,175.050000,175.120000,39,0.150000,0.022847,176.852000,177.757000,175.971500,176.773703,0.452262,59.589041,1,test
AAPL,240,2018-03-02,13:30:00,2018-03-02T13:30:00+00:00,172.280000,175.600000,172.240000,175.570000,36233,3.360000,0.256967,176.286000,177.417000,176.095500,176.554848,0.474089,55.680751,1,test
AAPL,240,2018-03-02,17:30:00,2018-03-02T17:30:00+00:00,175.560000,176.290000,174.090000,176.190000,37321,2.200000,0.353136,175.836000,177.186000,176.358500,176.488512,0.502814,53.221011,1,test
AAPL,240,2018-03-05,13:30:00,2018-03-05T13:30:00+00:00,175.500000,177.580000,174.490000,177.050000,31543,3.090000,0.488109,175.802000,177.051000,176.671000,176.590601,0.539683,37.730871,0,test
AAPL,240,2018-03-05,17:30:00,2018-03-05T17:30:00+00:00,177.030000,177.730000,176.430000,176.620000,30243,1.300000,-0.242869,176.110000,176.878000,176.823000,176.595946,0.541894,34.810127,0,test
AAPL,240,2018-03-05,21:30:00,2018-03-05T21:30:00+00:00,176.610000,176.660000,176.470000,176.610000,61,0.190000,-0.005662,176.408000,176.630000,177.016000,176.598501,0.513398,34.987277,1,test
AAPL,240,2018-03-06,13:30:00,2018-03-06T13:30:00+00:00,177.930000,178.240000,176.320000,176.670000,32005,1.920000,0.033973,176.628000,176.457000,177.205500,176.611501,0.508066,37.718121,0,test
AAPL,240,2018-03-06,17:30:00,2018-03-06T17:30:00+00:00,176.650000,177.530000,176.120000,176.560000,32051,1.410000,-0.062263,176.702000,176.269000,177.315500,176.602137,0.506572,37.667560,0,test
AAPL,240,2018-03-06,21:30:00,2018-03-06T21:30:00+00:00,176.550000,176.630000,176.530000,176.540000,43,0.100000,-0.011328,176.600000,176.201000,177.365500,176.590840,0.464016,37.819650,0,test
AAPL,240,2018-03-07,13:30:00,2018-03-07T13:30:00+00:00,175.470000,175.820000,174.230000,174.820000,30169,1.590000,-0.974283,176.240000,176.175000,177.161000,176.268869,0.400127,24.613555,1,test
AAPL,240,2018-03-07,17:30:00,2018-03-07T17:30:00+00:00,174.820000,175.700000,174.420000,174.910000,30458,1.280000,0.051482,175.900000,176.154000,176.955500,176.021802,0.400523,27.656850,0,test
AAPL,240,2018-03-07,21:30:00,2018-03-07T21:30:00+00:00,174.780000,174.900000,174.780000,174.850000,23,0.120000,-0.034303,175.536000,176.082000,176.749500,175.808747,0.389282,27.075351,1,test
AAPL,240,2018-03-08,13:30:00,2018-03-08T13:30:00+00:00,175.290000,176.700000,175.050000,176.500000,29021,1.650000,0.943666,175.524000,176.113000,176.649500,175.934429,0.487910,45.641646,1,test
AAPL,240,2018-03-08,17:30:00,2018-03-08T17:30:00+00:00,176.520000,177.100000,176.040000,176.800000,32175,1.060000,0.169972,175.576000,176.088000,176.569500,176.091806,0.463668,63.395639,1,test
AAPL,240,2018-03-08,21:30:00,2018-03-08T21:30:00+00:00,176.820000,176.880000,176.550000,176.850000,27,0.330000,0.028281,175.982000,176.111000,176.494500,176.229659,0.456617,63.452566,1,test
AAPL,240,2018-03-09,13:30:00,2018-03-09T13:30:00+00:00,176.560000,179.640000,176.530000,179.240000,30659,3.110000,1.351428,176.848000,176.374000,176.502000,176.776994,0.621895,71.923536,1,test
AAPL,240,2018-03-09,17:30:00,2018-03-09T17:30:00+00:00,179.240000,179.970000,178.890000,179.970000,29571,1.080000,0.407275,177.872000,176.704000,176.580500,177.357540,0.625373,72.287736,1,test
AAPL,240,2018-03-12,12:30:00,2018-03-12T12:30:00+00:00,180.380000,182.180000,180.080000,181.910000,21805,2.100000,1.077957,178.954000,177.239000,176.754000,178.185260,0.676716,75.418410,0,test
AAPL,240,2018-03-12,16:30:00,2018-03-12T16:30:00+00:00,181.900000,182.380000,181.030000,181.730000,29435,1.350000,-0.098950,179.940000,177.758000,176.979500,178.829759,0.681758,77.443609,1,test
AAPL,240,2018-03-12,20:30:00,2018-03-12T20:30:00+00:00,181.790000,181.800000,181.670000,181.790000,17,0.130000,0.033016,180.928000,178.455000,177.315000,179.367984,0.531745,77.670940,1,test
AAPL,240,2018-03-13,12:30:00,2018-03-13T12:30:00+00:00,181.740000,183.480000,180.780000,181.840000,33899,2.700000,0.027504,181.448000,179.148000,177.651000,179.817442,0.533507,77.647059,0,test
AAPL,240,2018-03-13,16:30:00,2018-03-13T16:30:00+00:00,181.840000,182.530000,179.210000,179.890000,36188,3.320000,-1.072371,181.432000,179.652000,177.867000,179.830634,0.700287,64.879357,0,test
AAPL,240,2018-03-13,20:30:00,2018-03-13T20:30:00+00:00,179.880000,180.080000,179.500000,179.660000,81,0.580000,-0.127856,180.982000,179.968000,178.040500,179.799610,0.669927,63.684211,0,test
AAPL,240,2018-03-14,12:30:00,2018-03-14T12:30:00+00:00,180.500000,180.800000,177.790000,178.620000,34333,3.010000,-0.578871,180.360000,180.150000,178.119000,179.585135,0.711678,67.723881,0,test
AAPL,240,2018-03-14,16:30:00,2018-03-14T16:30:00+00:00,178.620000,179.600000,177.970000,178.060000,34233,1.630000,-0.313515,179.614000,180.271000,178.191000,179.307838,0.723862,64.075067,0,test
AAPL,240,2018-03-14,20:30:00,2018-03-14T20:30:00+00:00,178.060000,178.200000,177.970000,178.050000,120,0.230000,-0.005616,178.856000,180.152000,178.263000,179.079140,0.567334,64.362657,1,test
AAPL,240,2018-03-15,12:30:00,2018-03-15T12:30:00+00:00,178.030000,180.190000,178.020000,179.440000,27428,2.170000,0.780680,178.766000,180.099000,178.401500,179.144751,0.612382,63.511029,0,test
AAPL,240,2018-03-15,16:30:00,2018-03-15T16:30:00+00:00,179.440000,179.790000,178.040000,178.750000,27644,1.750000,-0.384530,178.584000,179.783000,178.511000,179.072978,0.479092,58.651287,1,test
AAPL,240,2018-03-15,20:30:00,2018-03-15T20:30:00+00:00,178.750000,178.910000,178.720000,178.820000,46,0.190000,0.039161,178.624000,179.492000,178.625000,179.026982,0.483469,58.724535,0,test
AAPL,240,2018-03-16,12:30:00,2018-03-16T12:30:00+00:00,178.520000,179.100000,177.610000,178.170000,27898,1.490000,-0.363494,178.646000,179.130000,178.792500,178.871167,0.482116,44.397906,0,test
AAPL,240,2018-03-16,16:30:00,2018-03-16T16:30:00+00:00,178.160000,178.730000,177.830000,177.890000,27087,0.900000,-0.157153,178.614000,178.735000,178.941500,178.692773,0.475935,38.571429,0,test
AAPL,240,2018-03-19,12:30:00,2018-03-19T12:30:00+00:00,177.250000,177.430000,174.480000,175.300000,32924,2.950000,-1.455956,177.786000,178.276000,178.964000,178.075905,0.560379,16.102564,1,test
AAPL,240,2018-03-19,16:30:00,2018-03-19T16:30:00+00:00,175.310000,175.760000,173.620000,175.670000,36714,2.140000,0.211067,177.170000,177.877000,178.922500,177.638468,0.578979,19.517103,1,test
AAPL,240,2018-03-19,20:30:00,2018-03-19T20:30:00+00:00,175.670000,175.750000,175.600000,175.680000,63,0.150000,0.005692,176.542000,177.583000,178.866500,177.282383,0.568451,19.110212,1,test
AAPL,240,2018-03-20,12:30:00,2018-03-20T12:30:00+00:00,175.870000,176.760000,175.070000,176.110000,31634,1.690000,0.244763,176.130000,177.388000,178.829500,177.069222,0.579483,22.103213,0,test
AAPL,240,2018-03-20,16:30:00,2018-03-20T16:30:00+00:00,176.090000,176.290000,174.920000,175.280000,29668,1.370000,-0.471296,175.608000,177.111000,178.631500,176.743909,0.588927,24.808743,0,test
AAPL,240,2018-03-20,20:30:00,2018-03-20T20:30:00+00:00,175.270000,175.290000,175.230000,175.270000,11,0.060000,-0.005705,175.602000,176.694000,178.396500,176.475926,0.495121,25.419933,0,test
AAPL,240,2018-03-21,12:30:00,2018-03-21T12:30:00+00:00,175.000000,175.240000,173.680000,173.980000,27167,1.560000,-0.736007,175.264000,176.217000,178.000000,176.022121,0.518918,24.727669,0,test
AAPL,240,2018-03-21,16:30:00,2018-03-21T16:30:00+00:00,173.990000,174.180000,171.220000,171.370000,34259,2.960000,-1.500172,174.402000,175.472000,177.482000,175.176281,0.633130,20.213713,1,test
AAPL,240,2018-03-21,20:30:00,2018-03-21T20:30:00+00:00,171.400000,171.410000,171.270000,171.400000,100,0.140000,0.017506,173.460000,174.795000,176.962500,174.489684,0.648377,20.444444,0,test
AAPL,240,2018-03-22,12:30:00,2018-03-22T12:30:00+00:00,170.540000,170.760000,168.910000,170.630000,35617,1.850000,-0.449242,172.530000,174.069000,176.402000,173.787924,0.643547,8.560677,0,test
AAPL,240,2018-03-22,16:30:00,2018-03-22T16:30:00+00:00,170.650000,172.650000,168.530000,168.670000,39500,4.120000,-1.148684,171.210000,173.406000,175.841000,172.857392,0.593669,7.647059,1,test
AAPL,240,2018-03-22,20:30:00,2018-03-22T20:30:00+00:00,168.680000,168.860000,168.530000,168.780000,120,0.330000,0.065216,170.170000,172.717000,175.297000,172.116048,0.579059,7.956449,0,test
AAPL,240,2018-03-23,12:30:00,2018-03-23T12:30:00+00:00,169.040000,169.720000,167.350000,168.460000,36625,2.370000,-0.189596,169.588000,171.995000,174.789000,171.451312,0.567109,8.182601,0,test
AAPL,240,2018-03-23,16:30:00,2018-03-23T16:30:00+00:00,168.460000,169.910000,164.970000,164.980000,40563,4.940000,-2.065772,168.304000,170.882000,174.135000,170.274710,0.717998,6.414585,1,test
AAPL,240,2018-03-26,12:30:00,2018-03-26T12:30:00+00:00,168.100000,169.870000,166.400000,168.550000,34111,3.470000,2.163899,167.888000,170.209000,173.660000,169.961126,1.146143,28.625712,1,test
AAPL,240,2018-03-26,16:30:00,2018-03-26T16:30:00+00:00,168.530000,173.090000,168.450000,172.950000,34916,4.640000,2.610501,168.744000,169.977000,173.335500,170.504558,1.489472,43.138244,0,test
AAPL,240,2018-03-26,20:30:00,2018-03-26T20:30:00+00:00,172.950000,172.960000,172.470000,172.510000,64,0.490000,-0.254409,169.490000,169.830000,173.023500,170.869184,1.475175,42.172840,1,test
AAPL,240,2018-03-27,12:30:00,2018-03-27T12:30:00+00:00,173.510000,175.130000,172.860000,173.320000,35506,2.270000,0.469538,170.462000,170.025000,172.748500,171.314787,1.392958,43.238003,0,test
AAPL,240,2018-03-27,16:30:00,2018-03-27T16:30:00+00:00,173.310000,173.620000,167.000000,168.750000,41044,6.620000,-2.636741,171.216000,169.760000,172.277500,170.848462,1.645116,36.602380,0,test
AAPL,240,2018-03-27,20:30:00,2018-03-27T20:30:00+00:00,168.720000,168.720000,168.370000,168.400000,87,0.350000,-0.207407,171.186000,169.537000,171.803000,170.403287,1.641897,36.098745,1,test
AAPL,240,2018-03-28,12:30:00,2018-03-28T12:30:00+00:00,167.910000,169.990000,165.190000,168.600000,39057,4.800000,0.118765,170.316000,169.530000,171.468000,170.075417,1.602046,38.611346,0,test
AAPL,240,2018-03-28,16:30:00,2018-03-28T16:30:00+00:00,168.600000,168.860000,165.900000,166.500000,40366,2.960000,-1.245552,169.114000,169.302000,171.009500,169.425341,1.649703,39.463436,1,test
AAPL,240,2018-03-28,20:30:00,2018-03-28T20:30:00+00:00,166.600000,166.820000,166.490000,166.680000,35,0.330000,0.108108,167.786000,169.124000,170.559500,168.926188,1.651067,39.853826,1,test
AAPL,240,2018-03-29,12:30:00,2018-03-29T12:30:00+00:00,167.920000,170.600000,166.860000,170.030000,34728,3.740000,2.009839,168.042000,169.629000,170.255500,169.126881,1.612818,48.839009,0,test
AAPL,240,2018-03-29,16:30:00,2018-03-29T16:30:00+00:00,170.040000,171.740000,167.590000,167.970000,36471,4.150000,-1.211551,167.956000,169.571000,169.890000,168.916539,1.533845,48.650732,1,test
AAPL,240,2018-03-29,20:30:00,2018-03-29T20:30:00+00:00,167.970000,168.180000,167.860000,168.120000,340,0.320000,0.089302,167.860000,169.088000,169.532500,168.771714,1.229782,48.729792,0,test
AAPL,240,2018-04-02,12:30:00,2018-04-02T12:30:00+00:00,167.360000,168.930000,164.740000,166.060000,35184,4.190000,-1.225315,167.772000,168.443000,169.136500,168.278675,1.265689,45.670996,1,test
AAPL,240,2018-04-02,16:30:00,2018-04-02T16:30:00+00:00,166.010000,167.030000,164.440000,166.220000,38993,2.590000,0.096351,167.680000,167.733000,168.879000,167.904370,1.243388,52.540984,1,test
AAPL,240,2018-04-02,20:30:00,2018-04-02T20:30:00+00:00,166.230000,166.500000,166.170000,166.490000,94,0.330000,0.162435,166.972000,167.507000,168.633500,167.647212,0.971954,45.118483,0,test
AAPL,240,2018-04-03,12:30:00,2018-04-03T12:30:00+00:00,167.770000,168.150000,164.860000,165.780000,31211,3.290000,-0.426452,166.534000,167.245000,168.391000,167.307719,0.976338,29.408386,1,test
AAPL,240,2018-04-03,16:30:00,2018-04-03T16:30:00+00:00,165.790000,168.720000,165.570000,168.460000,34129,3.150000,1.616600,166.602000,167.231000,168.380500,167.517225,1.125987,39.694656,0,test
AAPL,240,2018-04-03,20:30:00,2018-04-03T20:30:00+00:00,168.430000,168.460000,168.330000,168.380000,20,0.130000,-0.047489,167.066000,167.419000,168.360500,167.674093,1.039457,36.945032,1,test
AAPL,240,2018-04-04,12:30:00,2018-04-04T12:30:00+00:00,164.870000,170.520000,164.720000,170.030000,34981,5.800000,0.979926,167.828000,167.754000,168.439000,168.102440,1.074578,54.000000,1,test
AAPL,240,2018-04-04,16:30:00,2018-04-04T16:30:00+00:00,170.040000,171.990000,168.440000,171.520000,35585,3.550000,0.876316,168.834000,167.903000,168.766000,168.723814,0.910175,59.101517,0,test
AAPL,240,2018-04-04,20:30:00,2018-04-04T20:30:00+00:00,171.500000,171.580000,171.280000,171.430000,59,0.300000,-0.052472,169.964000,168.249000,168.910000,169.215848,0.791997,58.308867,1,test
AAPL,240,2018-04-05,12:30:00,2018-04-05T12:30:00+00:00,172.500000,174.220000,172.050000,173.380000,32829,2.170000,1.137491,170.948000,168.775000,168.931500,169.972967,0.842456,70.379147,0,test
AAPL,240,2018-04-05,16:30:00,2018-04-05T16:30:00+00:00,173.350000,174.190000,172.430000,172.730000,34517,1.760000,-0.374899,171.818000,169.442000,168.942500,170.474245,0.701126,67.435159,1,test
AAPL,240,2018-04-05,20:30:00,2018-04-05T20:30:00+00:00,172.750000,172.810000,172.710000,172.740000,63,0.100000,0.005789,172.360000,170.094000,168.913500,170.886201,0.706006,59.671663,0,test
AAPL,240,2018-04-06,12:30:00,2018-04-06T12:30:00+00:00,170.520000,172.470000,169.700000,170.030000,34487,2.770000,-1.568832,172.062000,170.448000,168.977500,170.730528,0.940663,57.025921,0,test
AAPL,240,2018-04-06,16:30:00,2018-04-06T16:30:00+00:00,170.030000,171.280000,168.170000,168.300000,37717,3.110000,-1.017468,171.436000,170.700000,168.972500,170.288614,1.001984,50.554187,1,test
AAPL,240,2018-04-09,12:30:00,2018-04-09T12:30:00+00:00,170.070000,172.970000,169.680000,172.460000,34178,3.290000,2.471777,171.252000,171.100000,169.165500,170.683411,1.163946,67.448201,0,test
AAPL,240,2018-04-09,16:30:00,2018-04-09T16:30:00+00:00,172.480000,173.030000,169.490000,170.060000,36301,3.540000,-1.391627,170.718000,171.268000,169.343500,170.570064,1.273427,59.329446,0,test
AAPL,240,2018-04-09,20:30:00,2018-04-09T20:30:00+00:00,170.040000,170.150000,169.770000,169.990000,41,0.380000,-0.041162,170.168000,171.264000,169.509000,170.464598,1.236007,58.586850,1,test
AAPL,240,2018-04-10,12:30:00,2018-04-10T12:30:00+00:00,172.570000,173.490000,171.530000,172.000000,36087,1.960000,1.182422,170.562000,171.312000,169.607500,170.743762,1.263483,64.345018,1,test
AAPL,240,2018-04-10,16:30:00,2018-04-10T16:30:00+00:00,171.990000,173.960000,171.850000,173.140000,38626,2.110000,0.662791,171.530000,171.483000,169.866000,171.179441,1.278135,61.618669,0,test
AAPL,240,2018-04-10,20:30:00,2018-04-10T20:30:00+00:00,173.000000,173.140000,172.900000,172.930000,52,0.240000,-0.121289,171.624000,171.438000,170.106500,171.497725,1.226262,61.223483,1,test
AAPL,240,2018-04-11,12:30:00,2018-04-11T12:30:00+00:00,171.990000,173.920000,171.670000,173.300000,34365,2.250000,0.213959,172.272000,171.495000,170.468500,171.825411,1.221415,58.609795,0,test
AAPL,240,2018-04-11,16:30:00,2018-04-11T16:30:00+00:00,173.280000,173.630000,172.060000,172.260000,36702,1.570000,-0.600115,172.726000,171.447000,170.770500,171.904427,1.238194,51.995685,1,test
AAPL,240,2018-04-11,20:30:00,2018-04-11T20:30:00+00:00,172.210000,172.320000,172.210000,172.310000,19,0.110000,0.029026,172.788000,171.675000,171.061500,171.978168,1.113023,52.378378,1,test
AAPL,240,2018-04-12,12:30:00,2018-04-12T12:30:00+00:00,173.500000,174.850000,173.000000,174.670000,32234,1.850000,1.369625,173.094000,172.312000,171.506000,172.467592,1.093282,53.410894,0,test
AAPL,240,2018-04-12,16:30:00,2018-04-12T16:30:00+00:00,174.640000,174.980000,173.680000,174.120000,34572,1.300000,-0.314879,173.332000,172.478000,171.789000,172.768030,0.821548,53.694843,0,test
AAPL,240,2018-04-12,20:30:00,2018-04-12T20:30:00+00:00,174.110000,174.190000,174.070000,174.100000,34,0.120000,-0.011486,173.492000,172.882000,172.075000,173.010206,0.638972,53.613177,1,test
AAPL,240,2018-04-13,12:30:00,2018-04-13T12:30:00+00:00,174.540000,175.830000,173.820000,175.150000,34871,2.010000,0.603102,174.070000,173.398000,172.331000,173.399260,0.640300,64.918415,0,test
AAPL,240,2018-04-13,16:30:00,2018-04-13T16:30:00+00:00,175.120000,175.460000,174.060000,174.730000,34823,1.400000,-0.239794,174.554000,173.671000,172.491500,173.641212,0.577739,70.283912,1,test
AAPL,240,2018-04-16,12:30:00,2018-04-16T12:30:00+00:00,175.480000,175.980000,174.810000,175.340000,29714,1.170000,0.349110,174.688000,173.891000,172.687000,173.950083,0.555437,61.707317,1,test
AAPL,240,2018-04-16,16:30:00,2018-04-16T16:30:00+00:00,175.350000,176.240000,175.330000,176.000000,32406,0.910000,0.376412,175.064000,174.198000,172.818000,174.322795,0.552938,78.125000,0,test
AAPL,240,2018-04-16,20:30:00,2018-04-16T20:30:00+00:00,176.000000,176.060000,175.850000,175.920000,36,0.210000,-0.045455,175.428000,174.460000,172.977500,174.613196,0.557106,78.051088,1,test
AAPL,240,2018-04-17,12:30:00,2018-04-17T12:30:00+00:00,176.770000,178.650000,176.400000,178.480000,30251,2.250000,1.455207,176.094000,175.082000,173.264500,175.316251,0.624088,79.136691,0,test
AAPL,240,2018-04-17,16:30:00,2018-04-17T16:30:00+00:00,178.510000,178.930000,177.810000,178.250000,32861,1.120000,-0.128866,176.798000,175.676000,173.675500,175.849660,0.635209,75.024486,0,test
AAPL,240,2018-04-17,20:30:00,2018-04-17T20:30:00+00:00,178.200000,178.260000,178.190000,178.210000,27,0.070000,-0.022440,177.372000,176.030000,174.171000,176.278813,0.528359,76.294821,0,test
AAPL,240,2018-04-18,12:30:00,2018-04-18T12:30:00+00:00,178.230000,178.810000,176.860000,178.090000,30444,1.950000,-0.067336,177.790000,176.427000,174.452500,176.608120,0.506807,74.463739,0,test
AAPL,240,2018-04-18,16:30:00,2018-04-18T16:30:00+00:00,178.070000,178.700000,177.690000,177.770000,30895,1.010000,-0.179684,178.160000,176.794000,174.838000,176.819371,0.518257,80.374862,1,test
AAPL,240,2018-04-18,20:30:00,2018-04-18T20:30:00+00:00,177.800000,177.840000,177.780000,177.840000,13,0.060000,0.039377,178.032000,177.063000,175.230500,177.004940,0.501126,80.418042,0,test
AAPL,240,2018-04-19,12:30:00,2018-04-19T12:30:00+00:00,174.620000,175.350000,173.130000,173.400000,37533,2.220000,-2.496626,177.062000,176.930000,175.300500,176.349496,0.978661,44.315130,0,test
AAPL,240,2018-04-19,16:30:00,2018-04-19T16:30:00+00:00,173.420000,173.970000,172.620000,172.700000,38208,1.350000,-0.403691,175.960000,176.666000,175.278500,175.685951,0.971595,43.727915,0,test
AAPL,240,2018-04-19,20:30:00,2018-04-19T20:30:00+00:00,172.690000,172.780000,172.690000,172.700000,39,0.090000,0.000000,174.882000,176.336000,175.267000,175.143051,0.956220,43.805310,0,test
AAPL,240,2018-04-20,12:30:00,2018-04-20T12:30:00+00:00,171.930000,172.050000,165.840000,165.970000,33081,6.210000,-3.896931,172.522000,175.341000,174.900500,173.475224,1.509421,22.968198,0,test
AAPL,240,2018-04-20,16:30:00,2018-04-20T16:30:00+00:00,165.960000,166.440000,165.400000,165.710000,31994,1.040000,-0.156655,170.096000,174.064000,174.573000,172.063365,1.346370,23.186683,0,test
AAPL,240,2018-04-23,12:30:00,2018-04-23T12:30:00+00:00,166.830000,166.950000,165.180000,165.690000,35706,1.770000,-0.012069,168.554000,172.808000,174.242000,170.904571,1.352669,20.271103,0,test
AAPL,240,2018-04-23,16:30:00,2018-04-23T16:30:00+00:00,165.680000,165.760000,164.060000,165.080000,38809,1.700000,-0.368157,167.030000,171.495000,173.762500,169.845558,1.337200,16.254635,1,test
AAPL,240,2018-04-23,20:30:00,2018-04-23T20:30:00+00:00,165.070000,165.200000,165.070000,165.120000,28,0.130000,0.024231,165.514000,170.198000,173.312500,168.986366,1.342728,16.542751,0,test
AAPL,240,2018-04-24,12:30:00,2018-04-24T12:30:00+00:00,165.770000,166.320000,163.190000,163.510000,37520,3.130000,-0.975048,165.022000,168.772000,172.783000,167.990663,1.329006,0.724161,0,test
AAPL,240,2018-04-24,16:30:00,2018-04-24T16:30:00+00:00,163.490000,163.570000,161.190000,163.020000,40104,2.380000,-0.299676,164.484000,167.290000,172.176500,167.086906,1.308687,0.711974,0,test
AAPL,240,2018-04-24,20:30:00,2018-04-24T20:30:00+00:00,163.010000,163.110000,162.930000,163.000000,45,0.180000,-0.012268,163.946000,166.250000,171.590000,166.343832,1.193929,0.712897,1,test
AAPL,240,2018-04-25,12:30:00,2018-04-25T12:30:00+00:00,162.270000,165.140000,162.270000,164.850000,34633,2.870000,1.134969,163.900000,165.465000,171.065500,166.072226,1.316346,11.421911,0,test
AAPL,240,2018-04-25,16:30:00,2018-04-25T16:30:00+00:00,164.880000,165.410000,163.310000,164.300000,34548,2.100000,-0.333637,163.736000,164.625000,170.480500,165.750003,1.307699,11.270845,0,test
AAPL,240,2018-04-25,20:30:00,2018-04-25T20:30:00+00:00,164.190000,164.410000,163.620000,164.010000,169,0.790000,-0.176506,163.836000,164.429000,169.885000,165.433639,0.526423,10.732538,1,test
AAPL,240,2018-04-26,12:30:00,2018-04-26T12:30:00+00:00,163.960000,165.700000,163.630000,164.270000,32895,2.070000,0.158527,164.086000,164.285000,169.174500,165.222068,0.533209,16.008935,1,test
AAPL,240,2018-04-26,16:30:00,2018-04-26T16:30:00+00:00,164.280000,164.900000,163.340000,164.860000,30849,1.560000,0.359165,164.458000,164.202000,168.505000,165.156238,0.551533,20.570571,0,test
AAPL,240,2018-04-26,20:30:00,2018-04-26T20:30:00+00:00,164.850000,164.960000,164.470000,164.800000,110,0.490000,-0.036395,164.448000,164.174000,167.834500,165.091467,0.540050,20.478326,0,test
AAPL,240,2018-04-27,12:30:00,2018-04-27T12:30:00+00:00,164.840000,164.920000,160.620000,161.750000,33686,4.300000,-1.850728,163.938000,163.837000,167.017500,164.483928,0.791567,28.247423,1,test
AAPL,240,2018-04-27,16:30:00,2018-04-27T16:30:00+00:00,161.760000,163.190000,161.420000,162.320000,30618,1.770000,0.352396,163.600000,163.718000,166.245000,164.090486,0.758348,33.066933,1,test
AAPL,240,2018-04-30,12:30:00,2018-04-30T12:30:00+00:00,163.070000,167.240000,161.800000,165.590000,32700,5.440000,2.014539,163.864000,163.975000,165.632500,164.363125,0.996368,49.622926,0,test
AAPL,240,2018-04-30,16:30:00,2018-04-30T16:30:00+00:00,165.610000,165.970000,164.380000,165.260000,32129,1.590000,-0.199287,163.944000,164.201000,165.225500,164.526193,1.001723,50.693374,1,test
AAPL,240,2018-04-30,20:30:00,2018-04-30T20:30:00+00:00,165.250000,165.550000,165.250000,165.350000,51,0.300000,0.054460,164.054000,164.251000,164.858000,164.675976,0.939067,50.882579,1,test
AAPL,240,2018-05-01,12:30:00,2018-05-01T12:30:00+00:00,166.600000,168.120000,165.240000,168.060000,36133,2.880000,1.638948,165.316000,164.627000,164.626000,165.291253,1.053418,66.100495,1,test
AAPL,240,2018-05-01,16:30:00,2018-05-01T16:30:00+00:00,168.080000,169.800000,166.900000,169.450000,39210,2.900000,0.827086,166.742000,165.171000,164.800000,166.047389,1.058023,71.390552,1,test
AAPL,240,2018-05-01,20:30:00,2018-05-01T20:30:00+00:00,169.440000,177.810000,168.400000,175.380000,4708,9.410000,3.499557,168.700000,166.282000,165.283500,167.744227,1.451538,79.560649,1,test
AAPL,240,2018-05-02,12:30:00,2018-05-02T12:30:00+00:00,176.420000,176.730000,173.770000,176.520000,35483,2.960000,0.650017,170.952000,167.448000,165.825000,169.339822,1.447616,78.843302,0,test
AAPL,240,2018-05-02,16:30:00,2018-05-02T16:30:00+00:00,176.520000,177.740000,176.000000,176.430000,34373,1.740000,-0.050986,173.168000,168.611000,166.392500,170.628946,1.448442,80.677795,0,test
AAPL,240,2018-05-02,20:30:00,2018-05-02T20:30:00+00:00,176.410000,176.530000,176.280000,176.360000,119,0.250000,-0.039676,174.828000,170.072000,166.954500,171.670956,1.184059,81.585678,0,test
AAPL,240,2018-05-03,12:30:00,2018-05-03T12:30:00+00:00,175.740000,176.720000,174.420000,175.050000,37654,2.300000,-0.742799,175.948000,171.345000,167.531500,172.285327,1.284157,76.165049,1,test
AAPL,240,2018-05-03,16:30:00,2018-05-03T16:30:00+00:00,175.060000,177.480000,175.050000,176.950000,40291,2.430000,1.085404,176.262000,172.481000,168.228000,173.133450,1.215495,77.590141,0,test
AAPL,240,2018-05-03,20:30:00,2018-05-03T20:30:00+00:00,176.950000,176.990000,176.880000,176.920000,28,0.110000,-0.016954,176.342000,173.647000,168.924000,173.821913,1.202264,77.696527,1,test
AAPL,240,2018-05-04,12:30:00,2018-05-04T12:30:00+00:00,178.750000,183.640000,178.070000,183.420000,38965,5.570000,3.673977,177.740000,175.454000,169.852500,175.567020,1.497976,92.775365,1,test
AAPL,240,2018-05-04,16:30:00,2018-05-04T16:30:00+00:00,183.430000,184.230000,182.700000,183.810000,37987,1.530000,0.212627,179.230000,177.029000,170.828000,177.065744,1.503821,92.723658,1,test
AAPL,240,2018-05-07,12:30:00,2018-05-07T12:30:00+00:00,184.910000,187.660000,184.740000,186.880000,34037,2.920000,1.670203,181.596000,178.772000,171.971500,178.850154,1.522189,92.665331,0,test
AAPL,240,2018-05-07,16:30:00,2018-05-07T16:30:00+00:00,186.860000,186.970000,184.720000,185.080000,34181,2.250000,-0.963185,183.222000,179.742000,173.012000,179.982853,1.350552,87.509463,0,test
AAPL,240,2018-05-07,20:30:00,2018-05-07T20:30:00+00:00,185.070000,185.120000,184.980000,185.000000,45,0.140000,-0.043225,184.838000,180.590000,174.019000,180.895062,1.362465,87.201817,1,test
AAPL,240,2018-05-08,12:30:00,2018-05-08T12:30:00+00:00,184.520000,186.200000,183.650000,185.460000,35159,2.550000,0.248649,185.246000,181.493000,175.052000,181.725050,1.352787,86.009934,1,test
AAPL,240,2018-05-08,16:30:00,2018-05-08T16:30:00+00:00,185.480000,186.050000,184.420000,185.910000,38816,1.630000,0.242640,185.666000,182.448000,176.260000,182.485950,1.342986,85.443583,0,test
AAPL,240,2018-05-08,20:30:00,2018-05-08T20:30:00+00:00,185.900000,185.960000,185.880000,185.890000,36,0.080000,-0.010758,185.468000,183.532000,177.438500,183.104868,1.284154,80.358174,1,test
AAPL,240,2018-05-09,12:30:00,2018-05-09T12:30:00+00:00,186.620000,186.670000,185.180000,186.100000,33058,1.490000,0.112970,185.672000,184.447000,178.464000,183.649438,1.280963,79.242979,1,test
AAPL,240,2018-05-09,16:30:00,2018-05-09T16:30:00+00:00,186.080000,187.480000,185.930000,187.370000,36285,1.550000,0.682429,186.146000,185.492000,179.569500,184.325904,1.267858,81.150342,0,test
AAPL,240,2018-05-09,20:30:00,2018-05-09T20:30:00+00:00,187.390000,187.480000,187.350000,187.360000,35,0.130000,-0.005337,186.526000,185.886000,180.670000,184.877558,0.658511,81.428571,1,test
AAPL,240,2018-05-10,12:30:00,2018-05-10T12:30:00+00:00,187.490000,189.990000,187.230000,189.750000,30434,2.760000,1.275619,187.294000,186.480000,181.754500,185.763456,0.739014,89.558665,1,test
AAPL,240,2018-05-10,16:30:00,2018-05-10T16:30:00+00:00,189.780000,190.360000,189.430000,189.780000,32969,0.930000,0.015810,188.072000,186.770000,182.771000,186.493737,0.569051,88.390186,0,test
AAPL,240,2018-05-10,20:30:00,2018-05-10T20:30:00+00:00,189.810000,189.900000,189.490000,189.510000,168,0.410000,-0.142270,188.754000,187.213000,183.477500,187.042148,0.432575,87.138643,0,test
AAPL,240,2018-05-11,12:30:00,2018-05-11T12:30:00+00:00,189.440000,190.040000,188.300000,188.330000,29927,1.740000,-0.622658,188.946000,187.546000,184.068000,187.276303,0.506816,71.109200,1,test
AAPL,240,2018-05-11,16:30:00,2018-05-11T16:30:00+00:00,188.330000,188.830000,187.420000,188.570000,32368,1.410000,0.127436,189.188000,187.857000,184.675000,187.511521,0.506433,70.731707,1,test
AAPL,240,2018-05-14,12:30:00,2018-05-14T12:30:00+00:00,188.990000,189.500000,188.240000,188.930000,31817,1.260000,0.190911,189.024000,188.159000,185.303500,187.769426,0.505845,61.687571,0,test
AAPL,240,2018-05-14,16:30:00,2018-05-14T16:30:00+00:00,188.930000,189.270000,187.830000,188.050000,37361,1.440000,-0.465781,188.678000,188.375000,185.953500,187.820440,0.542305,68.917197,0,test
AAPL,240,2018-05-14,20:30:00,2018-05-14T20:30:00+00:00,188.050000,188.050000,187.970000,188.000000,25,0.080000,-0.026589,188.376000,188.565000,186.506000,187.853087,0.544210,69.181586,0,test
AAPL,240,2018-05-15,12:30:00,2018-05-15T12:30:00+00:00,187.500000,187.500000,185.620000,186.010000,38445,1.880000,-1.058511,187.912000,188.429000,186.960500,187.517980,0.612428,52.941176,1,test
AAPL,240,2018-05-15,16:30:00,2018-05-15T16:30:00+00:00,186.010000,186.460000,185.070000,186.110000,41169,1.390000,0.053761,187.420000,188.304000,187.095000,187.261984,0.613418,51.111111,1,test
AAPL,240,2018-05-15,20:30:00,2018-05-15T20:30:00+00:00,186.250000,186.260000,186.220000,186.230000,11,0.040000,0.064478,186.880000,187.952000,187.216000,187.074350,0.402603,51.868132,1,test
AAPL,240,2018-05-16,12:30:00,2018-05-16T12:30:00+00:00,186.180000,188.370000,185.470000,188.000000,35002,2.900000,0.950438,186.870000,187.774000,187.272000,187.242650,0.539840,58.911820,1,test
AAPL,240,2018-05-16,16:30:00,2018-05-16T16:30:00+00:00,188.000000,188.440000,187.560000,188.090000,36390,0.880000,0.047872,186.888000,187.632000,187.422500,187.396714,0.541254,53.797468,0,test
AAPL,240,2018-05-16,20:30:00,2018-05-16T20:30:00+00:00,188.080000,188.170000,188.060000,188.060000,44,0.110000,-0.015950,187.298000,187.605000,187.575500,187.517311,0.505742,53.684211,0,test
AAPL,240,2018-05-17,12:30:00,2018-05-17T12:30:00+00:00,187.550000,188.890000,187.250000,187.890000,30925,1.640000,-0.090397,187.654000,187.537000,187.697000,187.585073,0.503699,37.225275,0,test
AAPL,240,2018-05-17,16:30:00,2018-05-17T16:30:00+00:00,187.870000,188.020000,186.320000,186.700000,37306,1.700000,-0.633349,187.748000,187.314000,187.736500,187.424151,0.529412,31.753555,1,test
AAPL,240,2018-05-17,20:30:00,2018-05-17T20:30:00+00:00,186.690000,186.780000,186.690000,186.780000,11,0.090000,0.042849,187.504000,187.187000,187.781000,187.307032,0.516499,33.454545,1,test
AAPL,240,2018-05-18,12:30:00,2018-05-18T12:30:00+00:00,187.010000,187.800000,186.370000,187.360000,33555,1.430000,0.310526,187.358000,187.123000,187.844000,187.316663,0.530216,43.660131,0,test
AAPL,240,2018-05-18,16:30:00,2018-05-18T16:30:00+00:00,187.370000,187.470000,186.090000,186.300000,32335,1.380000,-0.565756,187.006000,187.152000,187.790500,187.131815,0.439427,36.599764,1,test
AAPL,240,2018-05-21,12:30:00,2018-05-21T12:30:00+00:00,187.850000,189.260000,187.090000,187.830000,32994,2.170000,0.821256,186.994000,187.324000,187.814000,187.258758,0.508296,44.294606,0,test
AAPL,240,2018-05-21,16:30:00,2018-05-21T16:30:00+00:00,187.810000,188.260000,186.880000,187.510000,30044,1.380000,-0.170367,187.156000,187.452000,187.702000,187.304438,0.515149,47.026432,0,test
AAPL,240,2018-05-21,20:30:00,2018-05-21T20:30:00+00:00,187.610000,187.610000,186.970000,187.470000,17,0.640000,-0.021332,187.294000,187.399000,187.586500,187.334540,0.411851,47.078280,0,test
AAPL,240,2018-05-22,12:30:00,2018-05-22T12:30:00+00:00,188.300000,188.870000,187.170000,187.300000,34775,1.700000,-0.090681,187.282000,187.320000,187.476000,187.328260,0.411365,58.896552,0,test
AAPL,240,2018-05-22,16:30:00,2018-05-22T16:30:00+00:00,187.290000,187.850000,186.750000,187.290000,37597,1.100000,-0.005339,187.480000,187.243000,187.424000,187.321304,0.411451,58.240223,0,test
AAPL,240,2018-05-22,20:30:00,2018-05-22T20:30:00+00:00,187.300000,187.350000,187.020000,187.250000,29,0.330000,-0.021357,187.364000,187.179000,187.358000,187.308340,0.411096,57.203390,0,test
AAPL,240,2018-05-23,12:30:00,2018-05-23T12:30:00+00:00,185.910000,187.120000,185.720000,186.330000,38771,1.400000,-0.491322,187.128000,187.142000,187.228000,187.130460,0.389974,36.597111,1,test
AAPL,240,2018-05-23,16:30:00,2018-05-23T16:30:00+00:00,186.320000,188.490000,186.300000,188.350000,39826,2.190000,1.084098,187.304000,187.299000,187.243000,187.352194,0.524258,51.593137,0,test
AAPL,240,2018-05-23,20:30:00,2018-05-23T20:30:00+00:00,188.350000,188.350000,187.920000,188.230000,61,0.430000,-0.063711,187.490000,187.386000,187.254500,187.511795,0.519706,51.030303,0,test
AAPL,240,2018-05-24,12:30:00,2018-05-24T12:30:00+00:00,188.220000,188.850000,186.180000,187.760000,36032,2.670000,-0.249695,187.584000,187.532000,187.342000,187.556923,0.486834,49.239766,1,test
AAPL,240,2018-05-24,16:30:00,2018-05-24T16:30:00+00:00,187.790000,188.640000,187.720000,188.110000,35715,0.920000,0.186408,187.756000,187.560000,187.442000,187.657483,0.415472,59.143969,0,test
AAPL,240,2018-05-24,20:30:00,2018-05-24T20:30:00+00:00,188.040000,188.200000,188.000000,188.050000,22,0.200000,-0.031896,188.100000,187.614000,187.533000,187.728850,0.410865,58.257477,1,test
AAPL,240,2018-05-25,12:30:00,2018-05-25T12:30:00+00:00,188.150000,189.640000,187.580000,189.450000,36517,2.060000,0.744483,188.320000,187.812000,187.605500,188.041786,0.467764,62.279671,0,test
AAPL,240,2018-05-25,16:30:00,2018-05-25T16:30:00+00:00,189.450000,189.620000,188.290000,188.580000,37121,1.330000,-0.459224,188.390000,187.940000,187.630000,188.139643,0.498499,63.701923,0,test
AAPL,240,2018-05-29,12:30:00,2018-05-29T12:30:00+00:00,188.000000,188.730000,186.850000,187.220000,40497,1.880000,-0.721179,188.282000,187.933000,187.588000,187.972435,0.558219,46.257669,1,test
AAPL,240,2018-05-29,16:30:00,2018-05-29T16:30:00+00:00,187.210000,188.130000,186.970000,187.900000,45525,1.160000,0.363209,188.240000,187.998000,187.588500,187.959265,0.569888,52.291422,1,test
AAPL,240,2018-05-29,20:30:00,2018-05-29T20:30:00+00:00,187.930000,188.030000,187.480000,188.010000,70,0.550000,0.058542,188.232000,188.166000,187.654000,187.968490,0.539035,53.146853,0,test
AAPL,240,2018-05-30,12:30:00,2018-05-30T12:30:00+00:00,187.950000,187.970000,186.750000,187.370000,37628,1.220000,-0.340407,187.816000,188.068000,187.683500,187.859673,0.423251,50.386740,1,test
AAPL,240,2018-05-30,16:30:00,2018-05-30T16:30:00+00:00,187.390000,187.710000,186.930000,187.390000,37553,0.780000,0.010674,187.578000,187.984000,187.685000,187.774278,0.423663,50.551876,0,test
AAPL,240,2018-05-30,20:30:00,2018-05-30T20:30:00+00:00,187.400000,187.410000,187.320000,187.350000,16,0.090000,-0.021346,187.604000,187.943000,187.737500,187.697137,0.417447,50.551876,1,test
AAPL,240,2018-05-31,12:30:00,2018-05-31T12:30:00+00:00,187.720000,188.220000,186.110000,187.410000,40916,2.110000,0.032026,187.506000,187.873000,187.716500,187.644930,0.411737,56.585366,0,test
AAPL,240,2018-05-31,16:30:00,2018-05-31T16:30:00+00:00,187.380000,187.780000,186.470000,186.810000,40375,1.310000,-0.320154,187.266000,187.749000,187.681500,187.493125,0.421356,38.643068,1,test
AAPL,240,2018-05-31,20:30:00,2018-05-31T20:30:00+00:00,186.800000,186.850000,186.800000,186.830000,26,0.050000,0.010706,187.158000,187.487000,187.649500,187.372556,0.315172,39.520958,1,test
AAPL,240,2018-06-01,12:30:00,2018-06-01T12:30:00+00:00,187.700000,189.890000,187.470000,189.660000,35362,2.420000,1.514746,187.612000,187.595000,187.767500,187.788455,0.590250,60.508850,1,test
AAPL,240,2018-06-01,16:30:00,2018-06-01T16:30:00+00:00,189.640000,190.240000,189.470000,190.230000,36257,0.770000,0.300538,188.188000,187.896000,187.914500,188.232373,0.525090,61.447084,1,test
AAPL,240,2018-06-04,12:30:00,2018-06-04T12:30:00+00:00,191.530000,193.400000,191.250000,193.280000,30915,2.150000,1.603322,189.362000,188.434000,188.216000,189.150123,0.696615,71.346939,0,test
AAPL,240,2018-06-04,16:30:00,2018-06-04T16:30:00+00:00,193.300000,193.310000,191.410000,191.800000,28208,1.900000,-0.765728,190.360000,188.813000,188.489500,189.631919,0.771149,59.529603,1,test
AAPL,240,2018-06-04,20:30:00,2018-06-04T20:30:00+00:00,191.800000,191.890000,191.800000,191.880000,17,0.090000,0.041710,191.370000,189.264000,188.666000,190.040661,0.750451,64.298094,1,test
AAPL,240,2018-06-05,12:30:00,2018-06-05T12:30:00+00:00,192.650000,193.920000,192.330000,192.910000,32860,1.590000,0.536794,192.020000,189.816000,188.900000,190.562359,0.750979,75.379126,1,test
AAPL,240,2018-06-05,16:30:00,2018-06-05T16:30:00+00:00,192.910000,193.570000,192.620000,193.190000,32766,0.950000,0.145145,192.612000,190.400000,189.171500,191.040112,0.745051,74.468085,0,test
AAPL,240,2018-06-05,20:30:00,2018-06-05T20:30:00+00:00,193.230000,193.250000,192.980000,193.120000,26,0.270000,-0.036234,192.580000,190.971000,189.422000,191.418273,0.748186,73.723305,0,test
AAPL,240,2018-06-06,12:30:00,2018-06-06T12:30:00+00:00,193.850000,193.910000,191.920000,192.780000,32773,1.990000,-0.176056,192.776000,191.568000,189.658500,191.665860,0.736140,75.835721,1,test
AAPL,240,2018-06-06,16:30:00,2018-06-06T16:30:00+00:00,192.770000,194.030000,192.440000,193.850000,31331,1.590000,0.555037,193.170000,192.270000,189.878500,192.062976,0.731041,78.038194,0,test
AAPL,240,2018-06-06,20:30:00,2018-06-06T20:30:00+00:00,193.870000,193.920000,193.770000,193.840000,26,0.150000,-0.005159,193.356000,192.688000,190.141500,192.386072,0.615985,78.241950,0,test
AAPL,240,2018-06-07,12:30:00,2018-06-07T12:30:00+00:00,193.860000,194.160000,192.310000,193.300000,33364,1.850000,-0.278580,193.378000,192.995000,190.445500,192.552240,0.634510,74.603175,0,test
AAPL,240,2018-06-07,16:30:00,2018-06-07T16:30:00+00:00,193.280000,193.900000,192.420000,193.200000,41170,1.480000,-0.051733,193.394000,192.987000,190.710500,192.670015,0.382660,77.855275,1,test
AAPL,240,2018-06-07,20:30:00,2018-06-07T20:30:00+00:00,193.170000,193.300000,193.170000,193.240000,19,0.130000,0.020704,193.486000,193.131000,190.972000,192.773649,0.273978,77.893821,0,test
AAPL,240,2018-06-08,12:30:00,2018-06-08T12:30:00+00:00,191.280000,191.390000,189.770000,190.930000,34820,1.620000,-1.195405,192.902000,193.036000,191.150000,192.438440,0.487140,55.788514,1,test
AAPL,240,2018-06-08,16:30:00,2018-06-08T16:30:00+00:00,190.960000,191.990000,190.680000,191.490000,32042,1.310000,0.293301,192.432000,192.894000,191.355000,192.265996,0.459959,55.748175,0,test
AAPL,240,2018-06-11,12:30:00,2018-06-11T12:30:00+00:00,191.490000,191.960000,190.180000,191.410000,26204,1.780000,-0.041778,192.054000,192.716000,191.558000,192.110360,0.453871,38.297872,0,test
AAPL,240,2018-06-11,16:30:00,2018-06-11T16:30:00+00:00,191.410000,191.859000,191.050000,191.150000,26329,0.809000,-0.135834,191.644000,192.519000,191.745000,191.935749,0.453614,45.199409,1,test
AAPL,240,2018-06-11,20:30:00,2018-06-11T20:30:00+00:00,191.080000,191.160000,191.060000,191.160000,5,0.100000,0.005231,191.228000,192.357000,191.962500,191.794704,0.453928,44.626866,1,test
AAPL,240,2018-06-12,12:30:00,2018-06-12T12:30:00+00:00,191.230000,191.880000,191.120000,191.650000,25246,0.760000,0.256330,191.372000,192.137000,192.203500,191.768394,0.415443,39.772727,1,test
AAPL,240,2018-06-12,16:30:00,2018-06-12T16:30:00+00:00,191.680000,192.610000,191.250000,192.200000,26707,1.360000,0.286981,191.514000,191.973000,192.330500,191.846868,0.433759,42.301711,1,test
AAPL,240,2018-06-12,20:30:00,2018-06-12T20:30:00+00:00,192.080000,192.270000,192.080000,192.270000,11,0.190000,0.036420,191.686000,191.870000,192.432500,191.923801,0.429482,43.390358,1,test
AAPL,240,2018-06-13,12:30:00,2018-06-13T12:30:00+00:00,192.360000,192.850000,191.780000,192.330000,22502,1.070000,0.031206,191.922000,191.783000,192.385000,191.997655,0.430300,46.341463,0,test
AAPL,240,2018-06-13,16:30:00,2018-06-13T16:30:00+00:00,192.330000,192.400000,190.440000,190.480000,27196,1.960000,-0.961888,191.786000,191.507000,192.319000,191.721718,0.517220,25.685426,1,test
AAPL,240,2018-06-13,20:30:00,2018-06-13T20:30:00+00:00,190.500000,190.630000,190.500000,190.630000,14,0.130000,0.078748,191.582000,191.477000,192.256500,191.523224,0.362975,27.298444,1,test
AAPL,240,2018-06-14,12:30:00,2018-06-14T12:30:00+00:00,191.320000,191.520000,190.190000,190.810000,26251,1.330000,0.094424,191.304000,191.409000,192.151500,191.393547,0.349392,31.445604,0,test
AAPL,240,2018-06-14,16:30:00,2018-06-14T16:30:00+00:00,190.820000,191.330000,190.470000,190.800000,27279,0.860000,-0.005241,191.010000,191.348000,192.032000,191.285629,0.349504,31.873112,0,test
AAPL,240,2018-06-14,20:30:00,2018-06-14T20:30:00+00:00,190.770000,190.810000,190.770000,190.800000,18,0.040000,0.000000,190.704000,191.313000,191.916000,191.197333,0.347628,31.458967,0,test
AAPL,240,2018-06-15,12:30:00,2018-06-15T12:30:00+00:00,190.150000,190.550000,188.260000,188.890000,28897,2.290000,-1.001048,190.386000,191.086000,191.721500,190.777818,0.465789,33.495146,1,test
AAPL,240,2018-06-15,16:30:00,2018-06-15T16:30:00+00:00,188.880000,189.480000,188.520000,188.920000,28207,0.960000,0.015882,190.044000,190.813000,191.475000,190.440033,0.450242,27.256637,0,test
AAPL,240,2018-06-18,12:30:00,2018-06-18T12:30:00+00:00,187.580000,189.210000,187.170000,188.820000,28365,2.040000,-0.052932,189.646000,190.475000,191.224000,190.145481,0.426420,27.160494,0,test
AAPL,240,2018-06-18,16:30:00,2018-06-18T16:30:00+00:00,188.790000,189.210000,188.600000,188.760000,25854,0.610000,-0.031776,189.238000,190.124000,190.997000,189.893576,0.423170,28.153565,0,test
AAPL,240,2018-06-18,20:30:00,2018-06-18T20:30:00+00:00,188.740000,188.740000,188.680000,188.700000,9,0.060000,-0.031786,188.818000,189.761000,190.772000,189.676562,0.420081,27.717391,0,test
AAPL,240,2018-06-19,12:30:00,2018-06-19T12:30:00+00:00,186.100000,186.430000,183.420000,185.090000,33009,3.010000,-1.913090,188.058000,189.222000,190.364500,188.842642,0.655895,12.037037,1,test
AAPL,240,2018-06-19,16:30:00,2018-06-19T16:30:00+00:00,185.120000,185.910000,184.950000,185.590000,30974,0.960000,0.270139,187.392000,188.718000,190.097500,188.251252,0.670313,11.525029,0,test
AAPL,240,2018-06-19,20:30:00,2018-06-19T20:30:00+00:00,185.620000,185.700000,185.400000,185.400000,19,0.300000,-0.102376,186.708000,188.177000,189.793000,187.732843,0.661400,10.562572,1,test
AAPL,240,2018-06-20,12:30:00,2018-06-20T12:30:00+00:00,186.600000,186.960000,185.700000,186.570000,27338,1.260000,0.631068,186.270000,187.754000,189.551000,187.521417,0.719394,20.672098,0,test
AAPL,240,2018-06-20,16:30:00,2018-06-20T16:30:00+00:00,186.560000,187.190000,186.280000,186.480000,26465,0.910000,-0.048239,185.826000,187.322000,189.317500,187.332068,0.717904,25.186104,0,test
AAPL,240,2018-06-20,20:30:00,2018-06-20T20:30:00+00:00,186.470000,186.550000,186.450000,186.480000,15,0.100000,0.000000,186.104000,187.081000,189.083500,187.177147,0.665789,23.767383,0,test
AAPL,240,2018-06-21,12:30:00,2018-06-21T12:30:00+00:00,187.580000,188.330000,185.420000,185.530000,29646,2.910000,-0.509438,186.092000,186.742000,188.777500,186.877666,0.673997,19.585253,0,test
AAPL,240,2018-06-21,16:30:00,2018-06-21T16:30:00+00:00,185.510000,185.650000,184.940000,185.140000,28229,0.710000,-0.210209,186.040000,186.374000,188.424500,186.561726,0.672565,18.763797,0,test
AAPL,240,2018-06-21,20:30:00,2018-06-21T20:30:00+00:00,185.120000,185.120000,184.990000,185.000000,20,0.130000,-0.075618,185.726000,185.998000,188.061000,186.277776,0.671528,18.478261,1,test
AAPL,240,2018-06-22,12:30:00,2018-06-22T12:30:00+00:00,186.190000,186.270000,184.790000,185.370000,29048,1.480000,0.200000,185.504000,185.665000,187.713000,186.112726,0.681860,27.023499,0,test
AAPL,240,2018-06-22,16:30:00,2018-06-22T16:30:00+00:00,185.400000,185.960000,184.890000,184.980000,24274,1.070000,-0.210390,185.204000,185.654000,187.438000,185.906776,0.312236,25.436409,0,test
AAPL,240,2018-06-25,12:30:00,2018-06-25T12:30:00+00:00,183.250000,184.910000,180.730000,181.420000,35534,4.180000,-1.924532,184.382000,185.237000,186.977500,185.090998,0.666870,17.770035,1,test
AAPL,240,2018-06-25,16:30:00,2018-06-25T16:30:00+00:00,181.430000,182.789000,180.700000,182.190000,33406,2.089000,0.424430,183.792000,184.916000,186.546500,184.563544,0.697725,23.051682,0,test
AAPL,240,2018-06-25,20:30:00,2018-06-25T20:30:00+00:00,182.110000,182.240000,182.070000,182.100000,48,0.170000,-0.049399,183.212000,184.469000,186.111500,184.115627,0.641595,22.995090,1,test
AAPL,240,2018-06-26,12:30:00,2018-06-26T12:30:00+00:00,183.320000,185.330000,182.510000,185.060000,33555,2.820000,1.625481,183.150000,184.327000,185.824500,184.287331,0.873629,49.870354,0,test
AAPL,240,2018-06-26,16:30:00,2018-06-26T16:30:00+00:00,185.050000,186.510000,184.070000,184.340000,32161,2.440000,-0.389063,183.022000,184.113000,185.597000,184.296907,0.878667,44.698897,0,test
AAPL,240,2018-06-26,20:30:00,2018-06-26T20:30:00+00:00,184.350000,184.350000,184.270000,184.300000,10,0.080000,-0.021699,183.598000,183.990000,185.366000,184.297470,0.867614,45.274914,1,test
AAPL,240,2018-06-27,12:30:00,2018-06-27T12:30:00+00:00,185.330000,187.275000,184.700000,186.290000,30135,2.575000,1.079761,184.418000,184.105000,185.239500,184.659748,0.936475,48.876404,0,test
AAPL,240,2018-06-27,16:30:00,2018-06-27T16:30:00+00:00,186.280000,186.350000,183.990000,184.150000,37101,2.360000,-1.148747,184.828000,184.020000,185.009000,184.567066,1.012864,41.971054,0,test
AAPL,240,2018-06-27,20:30:00,2018-06-27T20:30:00+00:00,184.130000,184.150000,184.050000,184.080000,21,0.100000,-0.038012,184.632000,183.891000,184.778000,184.478509,1.009351,41.769547,1,test
AAPL,240,2018-06-28,12:30:00,2018-06-28T12:30:00+00:00,183.240000,185.660000,183.220000,184.620000,35333,2.440000,0.293351,184.688000,183.855000,184.754500,184.504235,1.013861,46.788991,1,test
AAPL,240,2018-06-28,16:30:00,2018-06-28T16:30:00+00:00,184.630000,186.200000,184.600000,185.320000,32106,1.600000,0.379157,184.892000,184.245000,184.741000,184.652556,0.762223,50.621547,1,test
AAPL,240,2018-06-28,20:30:00,2018-06-28T20:30:00+00:00,185.400000,185.560000,185.370000,185.560000,14,0.190000,0.129506,184.746000,184.582000,184.749000,184.817545,0.758941,51.920439,1,test
AAPL,240,2018-06-29,12:30:00,2018-06-29T12:30:00+00:00,186.460000,187.170000,185.910000,186.410000,29873,1.260000,0.458073,185.198000,185.013000,184.741000,185.107083,0.758415,53.452855,0,test
AAPL,240,2018-06-29,16:30:00,2018-06-29T16:30:00+00:00,186.440000,186.470000,182.950000,182.950000,30519,3.520000,-1.856124,184.972000,184.802000,184.564500,184.714886,0.844350,44.401544,1,test
AAPL,240,2018-07-02,12:30:00,2018-07-02T12:30:00+00:00,183.630000,186.930000,183.050000,185.930000,30312,3.880000,1.628860,185.234000,184.961000,184.537000,184.935816,0.997802,62.849003,1,test
AAPL,240,2018-07-02,16:30:00,2018-07-02T16:30:00+00:00,185.940000,187.280000,185.250000,187.020000,29962,2.030000,0.586242,185.574000,185.233000,184.611500,185.314758,1.008673,63.514270,1,test
AAPL,240,2018-07-02,20:30:00,2018-07-02T20:30:00+00:00,187.020000,187.100000,186.990000,187.100000,5,0.110000,0.042776,185.882000,185.314000,184.709500,185.639348,0.954452,63.997760,0,test
AAPL,240,2018-07-03,12:30:00,2018-07-03T12:30:00+00:00,187.570000,187.930000,185.070000,185.210000,29781,2.860000,-1.010155,185.642000,185.420000,184.720000,185.561284,0.935979,50.446694,0,test
AAPL,240,2018-07-03,16:30:00,2018-07-03T16:30:00+00:00,185.200000,185.420000,183.600000,183.600000,5008,1.820000,-0.869284,185.772000,185.372000,184.631500,185.204687,0.981588,47.907240,1,test
AAPL,240,2018-07-05,12:30:00,2018-07-05T12:30:00+00:00,185.400000,186.400000,184.260000,185.980000,28272,2.140000,1.296296,185.782000,185.508000,184.681500,185.345653,1.065052,54.195804,0,test
AAPL,240,2018-07-05,16:30:00,2018-07-05T16:30:00+00:00,185.970000,185.990000,184.940000,185.420000,27031,1.050000,-0.301108,185.462000,185.518000,184.881500,185.359171,1.065442,47.660032,1,test
AAPL,240,2018-07-05,20:30:00,2018-07-05T20:30:00+00:00,185.430000,185.450000,185.410000,185.450000,13,0.040000,0.016179,185.132000,185.507000,185.044500,185.375685,1.064638,53.944175,1,test
AAPL,240,2018-07-06,12:30:00,2018-07-06T12:30:00+00:00,184.690000,187.770000,184.570000,187.660000,28888,3.200000,1.191696,185.622000,185.632000,185.322500,185.791015,1.123427,59.613319,1,test
AAPL,240,2018-07-06,16:30:00,2018-07-06T16:30:00+00:00,187.670000,188.430000,187.360000,187.930000,26232,1.070000,0.143877,186.488000,186.130000,185.466000,186.179922,0.897165,59.019074,1,test
AAPL,240,2018-07-09,12:30:00,2018-07-09T12:30:00+00:00,189.350000,190.670000,189.220000,190.030000,27693,1.450000,1.117437,187.298000,186.540000,185.750500,186.879936,0.822748,61.924051,1,test
AAPL,240,2018-07-09,16:30:00,2018-07-09T16:30:00+00:00,190.060000,190.750000,189.710000,190.700000,25098,1.040000,0.352576,188.354000,186.908000,186.070500,187.574493,0.814512,62.735382,1,test
AAPL,240,2018-07-09,20:30:00,2018-07-09T20:30:00+00:00,190.720000,190.800000,190.620000,190.740000,57,0.180000,0.020975,189.412000,187.272000,186.293000,188.150040,0.815003,61.177078,1,test
AAPL,240,2018-07-10,12:30:00,2018-07-10T12:30:00+00:00,190.510000,191.270000,190.190000,191.080000,26361,1.080000,0.178253,190.096000,187.859000,186.639500,188.682760,0.697830,75.015385,0,test
AAPL,240,2018-07-10,16:30:00,2018-07-10T16:30:00+00:00,191.060000,191.090000,190.170000,190.200000,27954,0.920000,-0.460540,190.550000,188.519000,186.945500,188.958622,0.629389,65.088339,0,test
AAPL,240,2018-07-10,20:30:00,2018-07-10T20:30:00+00:00,190.200000,190.200000,189.210000,189.280000,62,0.990000,-0.483701,190.400000,188.849000,187.178500,189.017054,0.583831,58.082976,0,test
AAPL,240,2018-07-11,12:30:00,2018-07-11T12:30:00+00:00,188.540000,189.770000,187.750000,188.040000,28790,2.020000,-0.655114,189.868000,189.111000,187.314500,188.839408,0.625338,53.104359,0,test
AAPL,240,2018-07-11,16:30:00,2018-07-11T16:30:00+00:00,188.020000,188.570000,187.640000,187.880000,29180,0.930000,-0.085088,189.296000,189.354000,187.430500,188.664970,0.628417,59.955257,1,test
AAPL,240,2018-07-11,20:30:00,2018-07-11T20:30:00+00:00,187.900000,188.000000,187.870000,187.980000,23,0.130000,0.053225,188.676000,189.386000,187.509000,188.540430,0.506392,68.403361,1,test
AAPL,240,2018-07-12,12:30:00,2018-07-12T12:30:00+00:00,188.980000,191.290000,188.980000,191.010000,27246,2.310000,1.611874,188.838000,189.694000,187.912000,188.989443,0.716195,70.039841,0,test
AAPL,240,2018-07-12,16:30:00,2018-07-12T16:30:00+00:00,191.020000,191.400000,190.550000,190.920000,26918,0.850000,-0.047118,189.166000,189.783000,188.161500,189.340453,0.634090,72.764901,0,test
AAPL,240,2018-07-12,20:30:00,2018-07-12T20:30:00+00:00,190.820000,190.870000,190.700000,190.820000,18,0.170000,-0.052378,189.722000,189.795000,188.351500,189.609462,0.625387,72.098765,1,test
AAPL,240,2018-07-13,12:30:00,2018-07-13T12:30:00+00:00,190.940000,191.820000,190.730000,191.660000,26683,1.090000,0.440205,190.478000,189.887000,188.579500,189.982287,0.640226,68.552876,0,test
AAPL,240,2018-07-13,16:30:00,2018-07-13T16:30:00+00:00,191.670000,191.680000,190.920000,191.330000,24471,0.760000,-0.172180,191.148000,189.912000,188.885500,190.227326,0.642012,65.682657,1,test
AAPL,240,2018-07-16,12:30:00,2018-07-16T12:30:00+00:00,191.620000,192.630000,190.840000,191.350000,24791,1.790000,0.010453,191.216000,190.027000,189.273000,190.431448,0.620160,57.534247,0,test
AAPL,240,2018-07-16,16:30:00,2018-07-16T16:30:00+00:00,191.350000,191.360000,189.600000,189.930000,24599,1.760000,-0.742096,191.018000,190.092000,189.470500,190.340276,0.650086,45.951630,0,test
AAPL,240,2018-07-16,20:30:00,2018-07-16T20:30:00+00:00,189.940000,189.980000,189.600000,189.850000,56,0.380000,-0.042121,190.824000,190.273000,189.692000,190.251135,0.604995,45.340314,1,test
AAPL,240,2018-07-17,12:30:00,2018-07-17T12:30:00+00:00,189.950000,191.480000,189.190000,191.410000,25984,2.290000,0.821701,190.774000,190.626000,189.990000,190.461838,0.641449,51.532033,1,test
AAPL,240,2018-07-17,16:30:00,2018-07-17T16:30:00+00:00,191.400000,191.860000,191.020000,191.430000,26208,0.840000,0.010449,190.794000,190.971000,190.178500,190.637867,0.642591,56.205853,0,test
AAPL,240,2018-07-17,20:30:00,2018-07-17T20:30:00+00:00,191.410000,191.430000,191.400000,191.430000,3,0.030000,0.000000,190.810000,191.013000,190.353500,190.781891,0.401543,61.957731,0,test
AAPL,240,2018-07-18,12:30:00,2018-07-18T12:30:00+00:00,191.850000,192.150000,189.900000,190.130000,25067,2.250000,-0.679099,190.850000,190.934000,190.358500,190.663366,0.459327,61.546961,1,test
AAPL,240,2018-07-18,16:30:00,2018-07-18T16:30:00+00:00,190.130000,190.540000,189.970000,190.190000,22235,0.570000,0.031557,190.918000,190.871000,190.333000,190.577299,0.459852,62.905028,0,test
AAPL,240,2018-07-18,20:30:00,2018-07-18T20:30:00+00:00,190.170000,190.350000,190.160000,190.190000,41,0.190000,0.000000,190.674000,190.724000,190.305500,190.506881,0.429696,62.485876,1,test
AAPL,240,2018-07-19,12:30:00,2018-07-19T12:30:00+00:00,189.750000,192.540000,189.670000,192.150000,27427,2.870000,1.030548,190.818000,190.806000,190.359000,190.805630,0.551020,57.326478,0,test
AAPL,240,2018-07-19,16:30:00,2018-07-19T16:30:00+00:00,192.150000,192.520000,191.650000,191.790000,28273,0.870000,-0.187354,190.890000,190.850000,190.438500,190.984606,0.555893,55.403727,1,test
AAPL,240,2018-07-19,20:30:00,2018-07-19T20:30:00+00:00,191.820000,192.300000,191.800000,192.070000,61,0.500000,0.145993,191.278000,191.064000,190.578000,191.181951,0.486441,57.594168,0,test
AAPL,240,2018-07-20,12:30:00,2018-07-20T12:30:00+00:00,191.570000,192.430000,191.470000,191.850000,26175,0.960000,-0.114542,191.610000,191.264000,190.768500,191.303414,0.489539,51.248357,0,test
AAPL,240,2018-07-20,16:30:00,2018-07-20T16:30:00+00:00,191.860000,192.090000,190.190000,191.120000,25890,1.900000,-0.380506,191.796000,191.235000,190.930500,191.270066,0.439265,48.689139,1,test
AAPL,240,2018-07-23,12:30:00,2018-07-23T12:30:00+00:00,191.000000,191.420000,189.530000,191.200000,25521,1.890000,0.041859,191.606000,191.212000,191.091500,191.257327,0.439574,49.070632,1,test
AAPL,240,2018-07-23,16:30:00,2018-07-23T16:30:00+00:00,191.210000,192.010000,190.940000,191.500000,20162,1.070000,0.156904,191.548000,191.219000,191.116000,191.301449,0.442805,61.294964,1,test
AAPL,240,2018-07-23,20:30:00,2018-07-23T20:30:00+00:00,191.500000,191.690000,191.290000,191.560000,44,0.400000,0.031332,191.446000,191.362000,191.148000,191.348458,0.372316,62.337662,1,test
AAPL,240,2018-07-24,12:30:00,2018-07-24T12:30:00+00:00,192.520000,193.650000,191.980000,192.760000,26081,1.670000,0.626436,191.628000,191.619000,191.245000,191.605102,0.410107,60.273973,1,test
AAPL,240,2018-07-24,16:30:00,2018-07-24T16:30:00+00:00,192.740000,193.030000,192.340000,192.910000,28481,0.690000,0.077817,191.986000,191.891000,191.307500,191.842356,0.407993,61.044776,0,test
AAPL,240,2018-07-24,20:30:00,2018-07-24T20:30:00+00:00,192.950000,192.980000,192.880000,192.880000,21,0.100000,-0.015551,192.322000,191.964000,191.385000,192.031019,0.263685,60.772660,1,test
AAPL,240,2018-07-25,12:30:00,2018-07-25T12:30:00+00:00,192.550000,193.940000,192.400000,193.920000,24001,1.540000,0.539195,192.806000,192.177000,191.513500,192.374470,0.293077,79.289026,1,test
AAPL,240,2018-07-25,16:30:00,2018-07-25T16:30:00+00:00,193.900000,194.800000,193.390000,193.990000,25184,1.410000,0.036097,193.292000,192.369000,191.716500,192.668203,0.293674,79.320988,1,test
AAPL,240,2018-07-25,20:30:00,2018-07-25T20:30:00+00:00,193.980000,194.400000,193.970000,194.250000,86,0.430000,0.134028,193.590000,192.609000,191.936500,192.955802,0.283862,80.118694,1,test
AAPL,240,2018-07-26,12:30:00,2018-07-26T12:30:00+00:00,194.300000,195.950000,193.480000,194.600000,26084,2.470000,0.180180,193.928000,192.957000,192.096000,193.254747,0.221495,73.879142,0,test
AAPL,240,2018-07-26,16:30:00,2018-07-26T16:30:00+00:00,194.590000,194.970000,193.330000,194.200000,25197,1.640000,-0.205550,194.192000,193.257000,192.234500,193.426611,0.250643,73.307544,1,test
AAPL,240,2018-07-26,20:30:00,2018-07-26T20:30:00+00:00,194.180000,194.330000,194.170000,194.330000,80,0.160000,0.066941,194.274000,193.540000,192.379500,193.590864,0.252220,72.509960,0,test
AAPL,240,2018-07-27,12:30:00,2018-07-27T12:30:00+00:00,194.610000,195.090000,192.520000,192.790000,26929,2.570000,-0.792466,194.034000,193.663000,192.512500,193.445252,0.390731,57.413249,0,test
AAPL,240,2018-07-27,16:30:00,2018-07-27T16:30:00+00:00,192.790000,192.860000,190.100000,190.980000,33283,2.760000,-0.938845,193.380000,193.485000,192.552000,192.997025,0.449768,49.056604,0,test
AAPL,240,2018-07-30,12:30:00,2018-07-30T12:30:00+00:00,191.840000,192.190000,189.380000,189.770000,30257,2.810000,-0.633574,192.414000,193.171000,192.531000,192.410293,0.475482,41.637427,0,test
AAPL,240,2018-07-30,16:30:00,2018-07-30T16:30:00+00:00,189.760000,190.220000,189.040000,189.750000,27773,1.180000,-0.010539,191.524000,192.858000,192.411000,191.926603,0.475657,39.419589,1,test
AAPL,240,2018-07-30,20:30:00,2018-07-30T20:30:00+00:00,189.750000,190.050000,189.720000,189.980000,59,0.330000,0.121212,190.654000,192.464000,192.320500,191.572675,0.422549,40.639810,1,test
AAPL,240,2018-07-31,12:30:00,2018-07-31T12:30:00+00:00,190.530000,191.950000,189.320000,191.870000,28470,2.630000,0.994842,190.470000,192.252000,192.310500,191.626734,0.567163,45.125958,0,test
AAPL,240,2018-07-31,16:30:00,2018-07-31T16:30:00+00:00,191.890000,192.120000,189.970000,191.190000,28776,2.150000,-0.354407,190.512000,191.946000,192.277500,191.547328,0.564996,41.097308,1,test
AAPL,240,2018-07-31,20:30:00,2018-07-31T20:30:00+00:00,191.250000,196.560000,190.850000,195.640000,3358,5.710000,2.327528,191.686000,192.050000,192.503500,192.291450,0.970224,59.801136,1,test
AAPL,240,2018-08-01,12:30:00,2018-08-01T12:30:00+00:00,198.650000,201.290000,197.290000,200.020000,35562,4.000000,2.238806,193.740000,192.632000,192.944500,193.696641,1.181494,67.508611,1,test
AAPL,240,2018-08-01,16:30:00,2018-08-01T16:30:00+00:00,200.010000,201.850000,199.560000,201.500000,29861,2.290000,0.739926,196.044000,193.349000,193.444500,195.115434,1.185779,69.941583,1,test
AAPL,240,2018-08-01,20:30:00,2018-08-01T20:30:00+00:00,201.470000,201.780000,201.470000,201.640000,149,0.310000,0.069479,197.998000,194.234000,193.948500,196.301718,1.121539,69.748797,1,test
AAPL,240,2018-08-02,12:30:00,2018-08-02T12:30:00+00:00,200.600000,207.010000,200.210000,206.450000,34906,6.800000,2.385439,201.050000,195.781000,194.633000,198.146861,1.154527,75.571860,1,test
AAPL,240,2018-08-02,16:30:00,2018-08-02T16:30:00+00:00,206.460000,208.370000,206.270000,207.330000,31437,2.100000,0.426253,203.388000,197.537000,195.354000,199.816522,1.053794,77.758985,1,test
AAPL,240,2018-08-02,20:30:00,2018-08-02T20:30:00+00:00,207.330000,207.480000,207.300000,207.420000,87,0.180000,0.043409,204.868000,199.304000,196.081000,201.198973,1.048776,77.721305,1,test
AAPL,240,2018-08-03,12:30:00,2018-08-03T12:30:00+00:00,207.000000,208.130000,205.460000,208.030000,30767,2.670000,0.294089,206.174000,201.109000,196.786500,202.440978,1.035871,83.597884,0,test
AAPL,240,2018-08-03,16:30:00,2018-08-03T16:30:00+00:00,208.000000,208.720000,207.310000,207.980000,26966,1.410000,-0.024035,207.442000,202.720000,197.486000,203.448073,1.076620,90.630975,1,test
AAPL,240,2018-08-06,12:30:00,2018-08-06T12:30:00+00:00,208.020000,209.010000,207.060000,208.760000,28188,1.950000,0.375036,207.904000,204.477000,198.211500,204.413878,1.011344,96.339678,1,test
AAPL,240,2018-08-06,16:30:00,2018-08-06T16:30:00+00:00,208.740000,209.240000,208.480000,208.920000,25169,0.760000,0.076643,208.222000,205.805000,198.927500,205.233173,0.899564,96.461464,1,test
AAPL,240,2018-08-06,20:30:00,2018-08-06T20:30:00+00:00,208.930000,209.030000,208.920000,208.990000,22,0.110000,0.033506,208.536000,206.702000,199.667000,205.916232,0.723227,96.433806,0,test
AAPL,240,2018-08-07,12:30:00,2018-08-07T12:30:00+00:00,209.350000,209.480000,206.730000,207.280000,29129,2.750000,-0.818221,208.386000,207.280000,200.314500,206.164190,0.814047,87.974372,0,test
AAPL,240,2018-08-07,16:30:00,2018-08-07T16:30:00+00:00,207.290000,207.750000,206.840000,207.070000,27858,0.910000,-0.101312,208.204000,207.823000,201.028500,206.328883,0.820861,90.060545,1,test
AAPL,240,2018-08-07,20:30:00,2018-08-07T20:30:00+00:00,207.120000,207.230000,206.990000,207.090000,67,0.240000,0.009659,207.870000,207.887000,201.834000,206.467268,0.347724,87.199480,0,test
AAPL,240,2018-08-08,12:30:00,2018-08-08T12:30:00+00:00,206.340000,207.790000,204.570000,206.850000,26743,3.220000,-0.115892,207.456000,207.839000,202.688000,206.536855,0.320540,80.355556,1,test
AAPL,240,2018-08-08,16:30:00,2018-08-08T16:30:00+00:00,206.850000,207.480000,206.760000,207.080000,23534,0.720000,0.111192,207.074000,207.805000,203.554500,206.635609,0.322803,77.900000,0,test
AAPL,240,2018-08-08,20:30:00,2018-08-08T20:30:00+00:00,207.090000,207.090000,206.890000,206.920000,22,0.200000,-0.077265,207.002000,207.694000,204.401500,206.687316,0.303987,76.347305,1,test
AAPL,240,2018-08-09,12:30:00,2018-08-09T12:30:00+00:00,207.180000,209.580000,206.970000,209.220000,24103,2.610000,1.111541,207.432000,207.818000,205.269000,207.147804,0.478213,68.442077,0,test
AAPL,240,2018-08-09,16:30:00,2018-08-09T16:30:00+00:00,209.220000,209.770000,208.620000,208.850000,21972,1.150000,-0.176847,207.784000,207.827000,206.152000,207.457294,0.469648,60.857143,0,test
AAPL,240,2018-08-09,20:30:00,2018-08-09T20:30:00+00:00,208.840000,208.850000,208.770000,208.780000,38,0.080000,-0.033517,208.170000,207.813000,206.809000,207.697786,0.469080,59.742120,0,test
AAPL,240,2018-08-10,12:30:00,2018-08-10T12:30:00+00:00,207.520000,209.070000,207.170000,208.060000,26422,1.900000,-0.344861,208.366000,207.720000,207.211000,207.763643,0.480681,50.211566,0,test
AAPL,240,2018-08-10,16:30:00,2018-08-10T16:30:00+00:00,208.070000,208.150000,206.650000,207.510000,25529,1.500000,-0.264347,208.484000,207.743000,207.511500,207.717526,0.407901,46.903821,1,test
AAPL,240,2018-08-13,12:30:00,2018-08-13T12:30:00+00:00,207.740000,210.940000,207.400000,209.170000,28466,3.540000,0.799961,208.474000,207.953000,207.888000,207.981613,0.474290,52.420307,0,test
AAPL,240,2018-08-13,16:30:00,2018-08-13T16:30:00+00:00,209.160000,209.980000,208.720000,208.830000,30609,1.260000,-0.162547,208.470000,208.127000,208.007000,208.135865,0.481092,49.479769,1,test
AAPL,240,2018-08-13,20:30:00,2018-08-13T20:30:00+00:00,208.920000,209.010000,208.820000,208.920000,33,0.190000,0.043097,208.498000,208.334000,208.086500,208.278435,0.476328,49.596309,1,test
AAPL,240,2018-08-14,12:30:00,2018-08-14T12:30:00+00:00,209.850000,210.550000,208.220000,209.660000,25758,2.330000,0.354203,208.818000,208.592000,208.198500,208.529628,0.483077,65.454545,1,test
AAPL,240,2018-08-14,16:30:00,2018-08-14T16:30:00+00:00,209.700000,209.810000,209.070000,209.680000,22973,0.740000,0.009539,209.252000,208.868000,208.281000,208.738787,0.479809,67.376831,1,test
AAPL,240,2018-08-14,20:30:00,2018-08-14T20:30:00+00:00,209.700000,209.850000,209.670000,209.750000,107,0.180000,0.033384,209.368000,208.921000,208.369500,208.922644,0.334901,67.592593,0,test
AAPL,240,2018-08-15,12:30:00,2018-08-15T12:30:00+00:00,208.590000,209.970000,208.150000,208.950000,33172,1.820000,-0.381406,209.392000,208.931000,208.379000,208.927618,0.354338,62.931034,1,test
AAPL,240,2018-08-15,16:30:00,2018-08-15T16:30:00+00:00,208.950000,210.720000,208.830000,210.290000,31822,1.890000,0.641302,209.666000,209.082000,208.447500,209.175324,0.406528,67.388949,1,test
AAPL,240,2018-08-15,20:30:00,2018-08-15T20:30:00+00:00,210.340000,210.430000,210.240000,210.390000,40,0.190000,0.047553,209.812000,209.315000,208.517500,209.396174,0.379789,68.920393,1,test
AAPL,240,2018-08-16,12:30:00,2018-08-16T12:30:00+00:00,211.600000,213.660000,211.220000,213.340000,28071,2.440000,1.402158,210.544000,209.898000,208.820500,210.113233,0.531565,70.977597,0,test
AAPL,240,2018-08-16,16:30:00,2018-08-16T16:30:00+00:00,213.340000,213.800000,212.860000,212.950000,28453,0.940000,-0.182807,211.184000,210.276000,209.114500,210.629009,0.515083,70.833333,0,test
AAPL,240,2018-08-16,20:30:00,2018-08-16T20:30:00+00:00,212.970000,213.110000,212.740000,212.770000,95,0.370000,-0.084527,211.948000,210.670000,209.398500,211.018280,0.509875,70.050251,1,test
AAPL,240,2018-08-17,12:30:00,2018-08-17T12:30:00+00:00,212.890000,217.660000,212.790000,216.830000,31051,4.870000,1.908164,213.256000,211.461000,209.897500,212.074956,0.740041,82.994733,1,test
AAPL,240,2018-08-17,16:30:00,2018-08-17T16:30:00+00:00,216.830000,217.930000,216.070000,217.640000,28176,1.860000,0.373565,214.706000,212.259000,210.425500,213.086783,0.740006,87.380074,0,test
AAPL,240,2018-08-20,12:30:00,2018-08-20T12:30:00+00:00,217.910000,219.150000,215.070000,215.840000,27941,4.080000,-0.827054,215.206000,212.875000,210.871500,213.587368,0.828164,74.360847,0,test
AAPL,240,2018-08-20,16:30:00,2018-08-20T16:30:00+00:00,215.840000,216.790000,215.190000,215.480000,22020,1.600000,-0.166790,215.712000,213.448000,211.184500,213.931483,0.837504,74.252371,0,test
AAPL,240,2018-08-20,20:30:00,2018-08-20T20:30:00+00:00,215.470000,215.470000,215.220000,215.220000,55,0.250000,-0.120661,216.202000,214.075000,211.503000,214.165758,0.818713,72.694524,1,test
AAPL,240,2018-08-21,12:30:00,2018-08-21T12:30:00+00:00,216.520000,216.920000,214.020000,216.530000,26372,2.900000,0.608679,216.142000,214.699000,211.890500,214.595621,0.817262,73.771626,0,test
AAPL,240,2018-08-21,16:30:00,2018-08-21T16:30:00+00:00,216.530000,217.180000,214.610000,214.890000,25031,2.570000,-0.757401,215.592000,215.149000,212.232000,214.649144,0.881546,66.210330,0,test
AAPL,240,2018-08-21,20:30:00,2018-08-21T20:30:00+00:00,214.960000,215.000000,214.260000,214.270000,105,0.740000,-0.288520,215.278000,215.242000,212.570000,214.580209,0.785535,63.598075,1,test
AAPL,240,2018-08-22,12:30:00,2018-08-22T12:30:00+00:00,214.320000,216.340000,213.830000,215.570000,22932,2.510000,0.606711,215.296000,215.504000,212.890000,214.760171,0.799505,69.334112,0,test
AAPL,240,2018-08-22,16:30:00,2018-08-22T16:30:00+00:00,215.560000,215.780000,214.530000,214.950000,21066,1.250000,-0.287610,215.242000,215.722000,213.196000,214.794685,0.807959,64.207317,1,test
AAPL,240,2018-08-22,20:30:00,2018-08-22T20:30:00+00:00,215.020000,215.030000,214.920000,215.000000,23,0.110000,0.023261,214.936000,215.539000,213.500000,214.832015,0.502752,64.097859,1,test
AAPL,240,2018-08-23,12:30:00,2018-08-23T12:30:00+00:00,214.780000,217.040000,214.520000,216.330000,26965,2.520000,0.618605,215.224000,215.408000,213.833500,215.104376,0.532595,60.149355,0,test
AAPL,240,2018-08-23,16:30:00,2018-08-23T16:30:00+00:00,216.310000,216.680000,215.120000,215.500000,24687,1.560000,-0.383673,215.470000,215.374000,214.124500,215.176308,0.477125,58.404746,0,test
AAPL,240,2018-08-23,20:30:00,2018-08-23T20:30:00+00:00,215.490000,215.550000,215.470000,215.500000,16,0.080000,0.000000,215.456000,215.376000,214.412000,215.235161,0.474125,59.106071,1,test
AAPL,240,2018-08-24,12:30:00,2018-08-24T12:30:00+00:00,216.340000,216.860000,215.080000,216.070000,26662,1.780000,0.264501,215.680000,215.461000,214.768000,215.386950,0.478681,46.695652,1,test
AAPL,240,2018-08-24,16:30:00,2018-08-24T16:30:00+00:00,216.050000,216.490000,215.750000,216.170000,23752,0.740000,0.046281,215.914000,215.425000,215.062000,215.529323,0.435603,43.188137,1,test
AAPL,240,2018-08-27,12:30:00,2018-08-27T12:30:00+00:00,217.040000,218.710000,216.310000,218.450000,28382,2.400000,1.054725,216.338000,215.781000,215.465000,216.060355,0.468492,61.579414,0,test
AAPL,240,2018-08-27,16:30:00,2018-08-27T16:30:00+00:00,218.470000,218.480000,217.530000,217.880000,25210,0.950000,-0.260929,216.814000,216.142000,215.692000,216.391199,0.465594,60.452962,1,test
AAPL,240,2018-08-27,20:30:00,2018-08-27T20:30:00+00:00,217.900000,217.940000,217.770000,217.920000,21,0.170000,0.018359,217.298000,216.377000,215.940500,216.669163,0.440521,61.989343,1,test
AAPL,240,2018-08-28,12:30:00,2018-08-28T12:30:00+00:00,219.020000,219.880000,218.630000,219.560000,27112,1.250000,0.752570,217.996000,216.838000,216.280000,217.194770,0.458801,63.071613,1,test
AAPL,240,2018-08-28,16:30:00,2018-08-28T16:30:00+00:00,219.570000,220.530000,219.280000,219.720000,25220,1.250000,0.072873,218.706000,217.310000,216.424500,217.653903,0.456780,73.887240,1,test
AAPL,240,2018-08-28,20:30:00,2018-08-28T20:30:00+00:00,219.780000,219.840000,219.740000,219.780000,43,0.100000,0.027307,218.972000,217.655000,216.531500,218.040466,0.437053,78.848168,1,test
AAPL,240,2018-08-29,12:30:00,2018-08-29T12:30:00+00:00,219.850000,222.240000,219.370000,222.060000,32026,2.870000,1.037401,219.808000,218.311000,216.842500,218.771290,0.470664,80.816714,1,test
AAPL,240,2018-08-29,16:30:00,2018-08-29T16:30:00+00:00,222.050000,223.210000,221.570000,223.070000,32652,1.640000,0.454832,220.838000,219.068000,217.222000,219.552874,0.460171,87.179487,1,test
AAPL,240,2018-08-29,20:30:00,2018-08-29T20:30:00+00:00,223.120000,223.330000,223.070000,223.220000,63,0.260000,0.067243,221.570000,219.783000,217.622000,220.219624,0.468247,87.295826,1,test
AAPL,240,2018-08-30,12:30:00,2018-08-30T12:30:00+00:00,223.590000,225.480000,222.370000,225.430000,31638,3.110000,0.990055,222.712000,220.709000,218.067000,221.166965,0.499437,88.235294,0,test
AAPL,240,2018-08-30,16:30:00,2018-08-30T16:30:00+00:00,225.410000,228.230000,223.780000,225.030000,36205,4.450000,-0.177439,223.762000,221.367000,218.574000,221.869335,0.477346,91.543156,0,test
AAPL,240,2018-08-30,20:30:00,2018-08-30T20:30:00+00:00,225.120000,225.180000,224.970000,225.020000,61,0.210000,-0.004444,224.354000,222.081000,219.111500,222.442183,0.450075,91.463415,1,test
AAPL,240,2018-08-31,12:30:00,2018-08-31T12:30:00+00:00,226.150000,228.840000,225.800000,227.790000,33233,3.040000,1.231002,225.298000,223.068000,219.722500,223.414514,0.516999,92.836257,0,test
AAPL,240,2018-08-31,16:30:00,2018-08-31T16:30:00+00:00,227.790000,228.560000,227.010000,227.520000,31395,1.550000,-0.118530,226.158000,223.864000,220.351000,224.160966,0.532596,90.974729,0,test
AAPL,240,2018-09-04,12:30:00,2018-09-04T12:30:00+00:00,227.900000,229.170000,226.600000,227.280000,34463,2.570000,-0.105485,226.528000,224.620000,220.965000,224.728063,0.546023,87.383573,1,test
AAPL,240,2018-09-04,16:30:00,2018-09-04T16:30:00+00:00,227.300000,228.730000,227.110000,228.340000,26694,1.620000,0.466385,227.190000,225.476000,221.565500,225.384779,0.535622,92.520325,1,test
AAPL,240,2018-09-04,20:30:00,2018-09-04T20:30:00+00:00,228.420000,228.460000,228.330000,228.360000,61,0.130000,0.008759,227.858000,226.106000,222.208500,225.925728,0.493321,92.508143,1,test
AAPL,240,2018-09-05,12:30:00,2018-09-05T12:30:00+00:00,227.930000,229.630000,225.070000,228.540000,32479,4.560000,0.078823,228.008000,226.653000,222.860500,226.401050,0.492949,91.497227,0,test
AAPL,240,2018-09-05,16:30:00,2018-09-05T16:30:00+00:00,228.540000,228.970000,225.880000,226.830000,29620,3.090000,-0.748228,227.870000,227.014000,223.398500,226.479041,0.584349,78.738884,1,test
AAPL,240,2018-09-05,20:30:00,2018-09-05T20:30:00+00:00,226.840000,226.880000,226.820000,226.880000,36,0.060000,0.022043,227.790000,227.159000,223.934000,226.551943,0.507013,78.721683,0,test
AAPL,240,2018-09-06,12:30:00,2018-09-06T12:30:00+00:00,227.600000,227.650000,221.290000,223.280000,33434,6.360000,-1.586742,226.778000,226.984000,224.175500,225.957044,0.729172,54.459064,0,test
AAPL,240,2018-09-06,16:30:00,2018-09-06T16:30:00+00:00,223.280000,223.830000,222.350000,223.060000,31790,1.480000,-0.098531,225.718000,226.788000,224.434500,225.430309,0.728758,49.961210,0,test
AAPL,240,2018-09-06,20:30:00,2018-09-06T20:30:00+00:00,223.070000,223.110000,222.920000,223.050000,61,0.190000,-0.004483,224.620000,226.314000,224.691000,224.997525,0.567808,49.333333,1,test
AAPL,240,2018-09-07,12:30:00,2018-09-07T12:30:00+00:00,223.080000,225.350000,221.470000,223.090000,32837,3.880000,0.017933,223.872000,225.871000,224.867500,224.650703,0.571839,38.941399,0,test
AAPL,240,2018-09-07,16:30:00,2018-09-07T16:30:00+00:00,223.100000,224.830000,220.740000,221.410000,31863,4.090000,-0.753059,222.778000,225.284000,224.952000,224.061484,0.596708,34.738617,0,test
AAPL,240,2018-09-10,12:30:00,2018-09-10T12:30:00+00:00,222.290000,222.430000,216.480000,217.770000,34875,5.950000,-1.644009,221.676000,224.227000,224.851500,222.917578,0.678907,26.597805,1,test
AAPL,240,2018-09-10,16:30:00,2018-09-10T16:30:00+00:00,217.750000,218.980000,216.780000,218.150000,30958,2.200000,0.174496,220.694000,223.206000,224.656000,222.050745,0.693774,13.206107,0,test
AAPL,240,2018-09-10,20:30:00,2018-09-10T20:30:00+00:00,218.150000,218.300000,217.940000,218.130000,104,0.360000,-0.009168,219.710000,222.165000,224.409000,221.337883,0.686786,13.463035,1,test
AAPL,240,2018-09-11,12:30:00,2018-09-11T12:30:00+00:00,218.390000,223.920000,216.530000,223.130000,31467,7.390000,2.292211,219.718000,221.795000,224.404500,221.663722,1.096982,38.216922,1,test
AAPL,240,2018-09-11,16:30:00,2018-09-11T16:30:00+00:00,223.110000,224.290000,222.800000,223.890000,30505,1.490000,0.340609,220.214000,221.496000,224.327500,222.068500,1.107398,37.146158,1,test
AAPL,240,2018-09-11,20:30:00,2018-09-11T20:30:00+00:00,224.020000,224.110000,223.890000,224.040000,69,0.220000,0.066997,221.468000,221.572000,224.278000,222.426954,0.981524,37.614679,0,test
AAPL,240,2018-09-12,12:30:00,2018-09-12T12:30:00+00:00,224.820000,224.940000,219.810000,221.580000,32618,5.130000,-1.098018,222.154000,221.424000,224.106000,222.272963,1.045791,32.352941,0,test
AAPL,240,2018-09-12,16:30:00,2018-09-12T16:30:00+00:00,221.600000,224.370000,219.880000,221.040000,32279,4.490000,-0.243704,222.736000,221.223000,223.768500,222.048788,1.047073,34.393531,0,test
AAPL,240,2018-09-12,20:30:00,2018-09-12T20:30:00+00:00,221.030000,221.170000,221.020000,221.030000,129,0.150000,-0.004524,222.316000,221.017000,223.444000,221.863554,1.046851,34.197731,1,test
AAPL,240,2018-09-13,12:30:00,2018-09-13T12:30:00+00:00,222.680000,228.340000,222.500000,227.530000,30430,5.840000,2.940777,223.044000,221.629000,223.456500,222.893817,1.383573,59.925269,0,test
AAPL,240,2018-09-13,16:30:00,2018-09-13T16:30:00+00:00,227.510000,227.860000,225.020000,226.570000,27649,2.840000,-0.421922,223.550000,222.509000,223.368000,223.562214,1.241243,57.923251,1,test
AAPL,240,2018-09-13,20:30:00,2018-09-13T20:30:00+00:00,226.570000,226.920000,226.540000,226.610000,220,0.380000,0.017655,224.556000,223.355000,223.280500,224.116357,1.245446,58.025248,0,test
AAPL,240,2018-09-14,12:30:00,2018-09-14T12:30:00+00:00,227.040000,227.050000,222.500000,222.840000,27213,4.550000,-1.663651,224.916000,223.826000,222.995500,223.884292,1.403897,49.517561,1,test
AAPL,240,2018-09-14,16:30:00,2018-09-14T16:30:00+00:00,222.840000,224.290000,222.700000,223.660000,25067,1.590000,0.367977,225.442000,223.879000,222.837000,223.843511,1.206744,54.491018,0,test
AAPL,240,2018-09-17,12:30:00,2018-09-17T12:30:00+00:00,221.600000,222.900000,219.200000,220.400000,28382,3.700000,-1.457570,224.016000,223.530000,222.513000,223.217418,1.286680,55.330361,0,test
AAPL,240,2018-09-17,16:30:00,2018-09-17T16:30:00+00:00,220.410000,220.460000,217.230000,217.800000,28631,3.230000,-1.179673,222.262000,222.906000,222.239000,222.232433,1.323238,49.349200,0,test
AAPL,240,2018-09-17,20:30:00,2018-09-17T20:30:00+00:00,217.970000,218.090000,217.770000,217.800000,103,0.320000,0.000000,220.500000,222.528000,221.976000,221.426536,1.292487,49.385932,1,test
AAPL,240,2018-09-18,12:30:00,2018-09-18T12:30:00+00:00,218.460000,221.750000,217.120000,219.710000,26674,4.630000,0.876951,219.874000,222.395000,221.809000,221.114439,1.332808,42.809083,0,test
AAPL,240,2018-09-18,16:30:00,2018-09-18T16:30:00+00:00,219.710000,219.960000,218.100000,218.160000,25381,1.860000,-0.705475,218.774000,222.108000,221.562500,220.577268,1.348352,38.339438,0,test
AAPL,240,2018-09-18,20:30:00,2018-09-18T20:30:00+00:00,218.140000,218.140000,218.040000,218.100000,30,0.100000,-0.027503,218.314000,221.165000,221.397000,220.126856,0.823732,37.867647,0,test
AAPL,240,2018-09-19,12:30:00,2018-09-19T12:30:00+00:00,218.130000,219.600000,215.270000,218.000000,27866,4.330000,-0.045851,218.354000,220.308000,221.408500,219.740155,0.832141,41.907776,1,test
AAPL,240,2018-09-19,16:30:00,2018-09-19T16:30:00+00:00,218.000000,218.870000,217.280000,218.610000,23528,1.590000,0.279817,218.516000,219.508000,221.431500,219.534672,0.850058,44.524561,0,test
AAPL,240,2018-09-19,20:30:00,2018-09-19T20:30:00+00:00,218.600000,219.000000,218.580000,218.610000,69,0.420000,0.000000,218.296000,219.085000,221.455500,219.366550,0.718156,44.544635,1,test
AAPL,240,2018-09-20,12:30:00,2018-09-20T12:30:00+00:00,219.980000,222.250000,219.180000,220.910000,24382,3.070000,1.052102,218.846000,218.810000,221.344500,219.647177,0.804516,31.590656,0,test
AAPL,240,2018-09-20,16:30:00,2018-09-20T16:30:00+00:00,220.910000,221.290000,219.810000,220.200000,21503,1.480000,-0.321398,219.266000,218.790000,221.160000,219.747690,0.662423,32.036097,1,test
AAPL,240,2018-09-20,20:30:00,2018-09-20T20:30:00+00:00,220.190000,220.580000,220.020000,220.230000,160,0.560000,0.013624,219.712000,219.033000,220.969500,219.835383,0.519866,31.997743,0,test
AAPL,240,2018-09-21,12:30:00,2018-09-21T12:30:00+00:00,220.280000,221.350000,218.360000,219.380000,25243,2.990000,-0.385960,219.866000,219.191000,220.859500,219.752586,0.542939,38.310811,0,test
AAPL,240,2018-09-21,16:30:00,2018-09-21T16:30:00+00:00,219.390000,219.550000,217.260000,217.650000,24767,2.290000,-0.788586,219.674000,218.985000,220.690000,219.370298,0.524271,30.872056,1,test
AAPL,240,2018-09-24,12:30:00,2018-09-24T12:30:00+00:00,216.680000,220.190000,216.480000,220.080000,30496,3.710000,1.116471,219.508000,219.177000,220.642500,219.499335,0.599000,48.924731,1,test
AAPL,240,2018-09-24,16:30:00,2018-09-24T16:30:00+00:00,220.070000,221.210000,219.580000,220.840000,26973,1.630000,0.345329,219.636000,219.451000,220.308000,219.743092,0.602516,61.656442,1,test
AAPL,240,2018-09-24,20:30:00,2018-09-24T20:30:00+00:00,220.840000,220.970000,220.810000,220.910000,74,0.160000,0.031697,219.772000,219.742000,220.025000,219.955257,0.600547,61.861175,1,test
AAPL,240,2018-09-25,12:30:00,2018-09-25T12:30:00+00:00,220.190000,222.800000,219.000000,222.420000,23796,3.800000,0.683536,220.380000,220.123000,219.815500,220.403392,0.624507,60.660897,0,test
AAPL,240,2018-09-25,16:30:00,2018-09-25T16:30:00+00:00,222.400000,222.520000,221.650000,222.160000,21757,0.870000,-0.116896,221.282000,220.478000,219.781500,220.722775,0.629217,67.513135,0,test
AAPL,240,2018-09-25,20:30:00,2018-09-25T20:30:00+00:00,222.130000,222.180000,221.970000,222.110000,36,0.210000,-0.022506,221.688000,220.598000,219.704000,220.974998,0.546874,67.572305,1,test
AAPL,240,2018-09-26,12:30:00,2018-09-26T12:30:00+00:00,221.990000,223.730000,220.770000,222.460000,23313,2.960000,0.157580,222.012000,220.824000,219.807000,221.244998,0.530936,69.125214,0,test
AAPL,240,2018-09-26,16:30:00,2018-09-26T16:30:00+00:00,222.450000,223.050000,219.830000,220.500000,28813,3.220000,-0.881057,221.930000,220.851000,219.942000,221.109544,0.616273,57.263643,0,test
AAPL,240,2018-09-26,20:30:00,2018-09-26T20:30:00+00:00,220.500000,220.590000,220.400000,220.420000,40,0.190000,-0.036281,221.530000,220.955000,220.073000,220.984172,0.600786,56.913675,1,test
AAPL,240,2018-09-27,12:30:00,2018-09-27T12:30:00+00:00,223.580000,225.910000,223.210000,225.560000,27462,2.700000,2.331912,222.210000,221.746000,220.365500,221.816141,0.868289,64.595104,0,test
AAPL,240,2018-09-27,16:30:00,2018-09-27T16:30:00+00:00,225.570000,226.430000,224.600000,224.710000,24465,1.830000,-0.376840,222.730000,222.209000,220.693000,222.342297,0.852182,64.032358,1,test
AAPL,240,2018-09-27,20:30:00,2018-09-27T20:30:00+00:00,224.680000,224.810000,224.600000,224.800000,111,0.210000,0.040052,223.198000,222.605000,221.028000,222.789152,0.852329,64.166150,1,test
AAPL,240,2018-09-28,12:30:00,2018-09-28T12:30:00+00:00,224.230000,225.800000,223.990000,224.990000,26273,1.810000,0.084520,224.096000,223.013000,221.377500,223.189306,0.851464,68.131868,1,test
AAPL,240,2018-09-28,16:30:00,2018-09-28T16:30:00+00:00,225.020000,225.820000,224.440000,225.750000,25348,1.380000,0.337793,225.162000,223.346000,221.734500,223.654887,0.835912,77.931034,1,test
AAPL,240,2018-10-01,12:30:00,2018-10-01T12:30:00+00:00,227.900000,229.400000,227.430000,227.950000,28600,1.970000,0.974529,225.640000,223.925000,222.201500,224.435817,0.867579,77.575333,0,test
AAPL,240,2018-10-01,16:30:00,2018-10-01T16:30:00+00:00,227.950000,228.140000,226.340000,227.160000,29688,1.800000,-0.346567,226.130000,224.430000,222.514000,224.931123,0.885217,72.097902,1,test
AAPL,240,2018-10-01,20:30:00,2018-10-01T20:30:00+00:00,227.180000,227.250000,227.150000,227.250000,28,0.100000,0.039620,226.620000,224.909000,222.866500,225.352737,0.887052,72.136872,1,test
AAPL,240,2018-10-02,12:30:00,2018-10-02T12:30:00+00:00,227.100000,229.870000,226.480000,229.740000,28859,3.390000,1.095710,227.570000,225.833000,223.342000,226.150421,0.833887,73.921569,0,test
AAPL,240,2018-10-02,16:30:00,2018-10-02T16:30:00+00:00,229.740000,229.990000,227.900000,229.180000,27801,2.090000,-0.243754,228.256000,226.709000,223.832000,226.701254,0.848795,72.500000,1,test
AAPL,240,2018-10-02,20:30:00,2018-10-02T20:30:00+00:00,229.190000,229.250000,229.090000,229.210000,48,0.160000,0.013090,228.508000,227.074000,224.410000,227.157389,0.509310,72.785623,1,test
AAPL,240,2018-10-03,12:30:00,2018-10-03T12:30:00+00:00,230.110000,233.440000,229.760000,232.570000,30538,3.680000,1.465905,229.590000,227.860000,225.034500,228.141500,0.615133,77.192039,0,test
AAPL,240,2018-10-03,16:30:00,2018-10-03T16:30:00+00:00,232.600000,232.900000,231.540000,232.030000,30966,1.360000,-0.232188,230.546000,228.583000,225.594000,228.848500,0.635858,83.576005,0,test
AAPL,240,2018-10-03,20:30:00,2018-10-03T20:30:00+00:00,232.020000,232.040000,231.720000,231.720000,66,0.320000,-0.133603,230.942000,229.256000,226.134500,229.370591,0.648407,82.471264,0,test
AAPL,240,2018-10-04,12:30:00,2018-10-04T12:30:00+00:00,230.490000,232.320000,227.280000,227.790000,32137,5.040000,-1.696012,230.664000,229.460000,226.403000,229.083211,0.903137,56.886967,1,test
AAPL,240,2018-10-04,16:30:00,2018-10-04T16:30:00+00:00,227.810000,228.800000,226.760000,228.100000,32663,2.040000,0.136090,230.442000,229.475000,226.700000,228.904445,0.849607,60.830671,1,test
AAPL,240,2018-10-04,20:30:00,2018-10-04T20:30:00+00:00,228.050000,228.240000,227.990000,228.240000,38,0.250000,0.061377,229.576000,229.583000,227.006500,228.783637,0.840337,60.955414,0,test
AAPL,240,2018-10-05,12:30:00,2018-10-05T12:30:00+00:00,227.160000,228.500000,223.540000,224.340000,32356,4.960000,-1.708728,228.038000,229.292000,227.100500,227.975703,1.008024,48.325605,0,test
AAPL,240,2018-10-05,16:30:00,2018-10-05T16:30:00+00:00,224.310000,225.290000,220.560000,224.220000,33358,4.730000,-0.053490,226.538000,228.740000,227.286500,227.292848,0.914679,45.924347,0,test
AAPL,240,2018-10-08,12:30:00,2018-10-08T12:30:00+00:00,224.100000,224.280000,220.180000,222.080000,33694,4.100000,-0.954420,225.396000,228.030000,227.369500,226.345057,0.942270,34.313201,1,test
AAPL,240,2018-10-08,16:30:00,2018-10-08T16:30:00+00:00,222.080000,224.770000,220.850000,223.880000,35268,3.920000,0.810519,224.552000,227.497000,227.285500,225.896865,1.004366,41.683570,1,test
AAPL,240,2018-10-08,20:30:00,2018-10-08T20:30:00+00:00,223.940000,223.970000,223.850000,223.950000,34,0.120000,0.031267,223.694000,226.635000,227.247500,225.542890,0.820826,41.624365,1,test
AAPL,240,2018-10-09,12:30:00,2018-10-09T12:30:00+00:00,222.240000,226.990000,222.210000,225.680000,31630,4.780000,0.772494,223.962000,226.000000,227.291500,225.567819,0.897963,39.281943,1,test
AAPL,240,2018-10-09,16:30:00,2018-10-09T16:30:00+00:00,225.690000,227.260000,224.740000,226.750000,33300,2.520000,0.474123,224.468000,225.503000,227.379500,225.782761,0.928524,43.753213,0,test
AAPL,240,2018-10-09,20:30:00,2018-10-09T20:30:00+00:00,226.780000,226.780000,226.250000,226.250000,41,0.530000,-0.220507,225.302000,225.349000,227.404500,225.867713,0.770388,42.570281,0,test
AAPL,240,2018-10-10,12:30:00,2018-10-10T12:30:00+00:00,225.970000,226.280000,222.140000,223.290000,33567,4.140000,-1.308287,225.184000,224.868000,227.171500,225.399038,0.858799,26.229508,0,test
AAPL,240,2018-10-10,16:30:00,2018-10-10T16:30:00+00:00,223.320000,223.780000,215.400000,215.400000,36343,8.380000,-3.533521,223.474000,223.584000,226.583500,223.581031,1.346632,19.054708,0,test
AAPL,240,2018-10-10,20:30:00,2018-10-10T20:30:00+00:00,215.380000,215.390000,214.470000,214.550000,375,0.920000,-0.394615,221.248000,222.605000,225.948500,221.939026,1.285805,18.679314,1,test
AAPL,240,2018-10-11,12:30:00,2018-10-11T12:30:00+00:00,214.160000,219.430000,212.860000,217.660000,38447,6.570000,1.449546,219.430000,221.949000,225.344500,221.161021,1.416868,30.951486,0,test
AAPL,240,2018-10-11,16:30:00,2018-10-11T16:30:00+00:00,217.610000,218.050000,212.290000,215.290000,39958,5.760000,-1.088854,217.238000,221.270000,224.650000,220.093563,1.424518,27.643979,1,test
AAPL,240,2018-10-11,20:30:00,2018-10-11T20:30:00+00:00,215.350000,215.820000,215.000000,215.380000,220,0.820000,0.041804,215.656000,220.420000,223.958500,219.236551,1.377863,27.517483,1,test
AAPL,240,2018-10-12,12:30:00,2018-10-12T12:30:00+00:00,219.300000,222.220000,218.000000,218.630000,34299,4.220000,1.508961,216.302000,219.888000,223.261500,219.126269,1.500381,39.785331,1,test
AAPL,240,2018-10-12,16:30:00,2018-10-12T16:30:00+00:00,218.650000,222.850000,216.800000,222.080000,34408,6.050000,1.578009,217.808000,219.528000,222.764000,219.663311,1.579702,46.579284,0,test
AAPL,240,2018-10-15,12:30:00,2018-10-15T12:30:00+00:00,221.650000,221.770000,217.260000,218.520000,30642,4.510000,-1.603026,217.980000,218.705000,222.104000,219.455436,1.624541,44.556575,0,test
AAPL,240,2018-10-15,16:30:00,2018-10-15T16:30:00+00:00,218.530000,219.800000,217.000000,217.220000,31640,2.800000,-0.594911,218.366000,217.802000,221.575500,219.048993,1.625358,39.658385,0,test
AAPL,240,2018-10-15,20:30:00,2018-10-15T20:30:00+00:00,217.210000,217.220000,216.970000,217.000000,132,0.250000,-0.101280,218.690000,217.173000,221.020500,218.676449,1.594482,39.258114,1,test
AAPL,240,2018-10-16,12:30:00,2018-10-16T12:30:00+00:00,218.920000,220.580000,216.740000,219.700000,30072,3.840000,1.244240,218.904000,217.603000,220.593500,218.862549,1.167962,41.026411,1,test
AAPL,240,2018-10-16,16:30:00,2018-10-16T16:30:00+00:00,219.720000,223.170000,219.480000,223.100000,31256,3.690000,1.547565,219.108000,218.458000,220.531500,219.632995,1.217780,44.880785,0,test
AAPL,240,2018-10-16,20:30:00,2018-10-16T20:30:00+00:00,223.140000,223.150000,222.740000,222.840000,95,0.410000,-0.116540,219.972000,218.976000,220.462500,220.216087,1.167203,45.184976,0,test
AAPL,240,2018-10-17,12:30:00,2018-10-17T12:30:00+00:00,221.790000,222.560000,219.310000,221.110000,30482,3.250000,-0.776342,220.750000,219.558000,220.414000,220.378616,1.131253,46.811001,1,test
AAPL,240,2018-10-17,16:30:00,2018-10-17T16:30:00+00:00,221.120000,222.600000,219.910000,221.380000,32458,2.690000,0.122111,221.626000,220.158000,220.289000,220.560686,1.129715,61.257530,0,test
AAPL,240,2018-10-17,20:30:00,2018-10-17T20:30:00+00:00,221.360000,221.380000,220.900000,221.180000,54,0.480000,-0.090342,221.922000,220.413000,220.150500,220.673289,1.046696,62.794288,0,test
AAPL,240,2018-10-18,12:30:00,2018-10-18T12:30:00+00:00,219.020000,219.720000,215.900000,217.270000,34185,3.820000,-1.767791,220.756000,219.932000,219.730000,220.054509,1.063799,49.269936,0,test
AAPL,240,2018-10-18,16:30:00,2018-10-18T16:30:00+00:00,217.270000,218.030000,214.870000,216.140000,37514,3.160000,-0.520090,219.416000,219.694000,219.199500,219.342780,0.956338,51.668630,1,test
AAPL,240,2018-10-18,20:30:00,2018-10-18T20:30:00+00:00,216.160000,216.520000,216.110000,216.200000,137,0.410000,0.027760,218.434000,219.592000,218.697000,218.771365,0.941069,51.611635,1,test
AAPL,240,2018-10-19,12:30:00,2018-10-19T12:30:00+00:00,218.610000,221.230000,217.510000,218.140000,29855,3.720000,0.897317,217.786000,219.706000,218.439500,218.656572,0.986111,48.984666,1,test
AAPL,240,2018-10-19,16:30:00,2018-10-19T16:30:00+00:00,218.130000,220.180000,217.400000,219.240000,31659,2.780000,0.504263,217.398000,219.660000,218.631500,218.762650,0.912090,43.480257,1,test
AAPL,240,2018-10-22,12:30:00,2018-10-22T12:30:00+00:00,220.690000,223.320000,218.530000,221.370000,32883,4.790000,0.971538,218.218000,219.487000,218.972500,219.236713,0.815345,57.002457,0,test
AAPL,240,2018-10-22,16:30:00,2018-10-22T16:30:00+00:00,221.360000,222.250000,220.250000,220.510000,34510,2.000000,-0.388490,219.092000,219.254000,219.115000,219.468220,0.821404,58.262180,1,test
AAPL,240,2018-10-22,20:30:00,2018-10-22T20:30:00+00:00,220.510000,220.600000,220.480000,220.520000,39,0.120000,0.004535,219.956000,219.195000,219.376500,219.659453,0.786553,58.934010,0,test
AAPL,240,2018-10-23,12:30:00,2018-10-23T12:30:00+00:00,216.360000,218.860000,214.670000,218.630000,36410,4.190000,-0.857065,220.054000,218.920000,219.539000,219.472279,0.826298,47.167814,1,test
AAPL,240,2018-10-23,16:30:00,2018-10-23T16:30:00+00:00,218.620000,223.250000,218.200000,223.200000,37163,5.050000,2.090290,220.846000,219.122000,219.767500,220.150047,1.083303,50.249252,0,test
AAPL,240,2018-10-23,20:30:00,2018-10-23T20:30:00+00:00,223.200000,223.200000,222.720000,223.140000,85,0.480000,-0.026882,221.200000,219.709000,219.820500,220.693675,0.869191,50.755287,0,test
AAPL,240,2018-10-24,12:30:00,2018-10-24T12:30:00+00:00,222.150000,224.190000,218.920000,221.140000,35782,5.270000,-0.896298,221.326000,220.209000,219.951500,220.774825,0.914180,50.074516,0,test
AAPL,240,2018-10-24,16:30:00,2018-10-24T16:30:00+00:00,221.150000,221.400000,214.510000,216.520000,36401,6.890000,-2.089174,220.526000,220.241000,219.916500,220.001220,1.174851,40.073529,1,test
AAPL,240,2018-10-24,20:30:00,2018-10-24T20:30:00+00:00,216.550000,217.020000,216.170000,217.020000,289,0.850000,0.230926,220.204000,220.129000,219.917500,219.459180,1.137942,41.606134,1,test
AAPL,240,2018-10-25,12:30:00,2018-10-25T12:30:00+00:00,218.350000,220.260000,216.740000,218.950000,33748,3.520000,0.889319,219.354000,220.100000,219.880000,219.366602,1.164814,53.684211,0,test
AAPL,240,2018-10-25,16:30:00,2018-10-25T16:30:00+00:00,218.950000,221.350000,216.980000,218.080000,31828,4.370000,-0.397351,218.342000,219.771000,219.629000,219.132674,1.116454,54.303461,0,test
AAPL,240,2018-10-25,20:30:00,2018-10-25T20:30:00+00:00,217.990000,218.300000,216.970000,217.030000,283,1.330000,-0.481475,217.520000,219.423000,219.338500,218.750370,1.119100,51.763706,0,test
AAPL,240,2018-10-26,12:30:00,2018-10-26T12:30:00+00:00,215.850000,217.800000,212.660000,216.920000,34549,5.140000,-0.050684,217.600000,219.063000,219.129000,218.417575,1.118371,47.188940,0,test
AAPL,240,2018-10-26,16:30:00,2018-10-26T16:30:00+00:00,216.930000,220.150000,214.590000,216.110000,34525,5.560000,-0.373410,217.418000,218.811000,218.865500,217.998016,1.095035,42.690332,0,test
AAPL,240,2018-10-29,12:30:00,2018-10-29T12:30:00+00:00,219.350000,219.710000,214.740000,215.370000,37247,4.970000,-0.342418,216.702000,218.028000,218.575000,217.520195,0.775352,35.014985,0,test
AAPL,240,2018-10-29,16:30:00,2018-10-29T16:30:00+00:00,215.380000,217.130000,206.990000,212.100000,39439,10.140000,-1.518317,215.506000,216.924000,218.316500,216.534705,0.845741,31.252786,0,test
AAPL,240,2018-10-29,20:30:00,2018-10-29T20:30:00+00:00,212.080000,212.320000,211.790000,211.800000,153,0.530000,-0.141443,214.460000,215.990000,218.099500,215.673850,0.840396,30.809859,1,test
AAPL,240,2018-10-30,12:30:00,2018-10-30T12:30:00+00:00,213.040000,215.120000,209.240000,213.300000,35118,5.880000,0.708215,213.736000,215.668000,217.954500,215.242241,0.675112,38.065383,1,test
AAPL,240,2018-10-30,16:30:00,2018-10-30T16:30:00+00:00,213.330000,214.010000,210.840000,213.880000,41202,3.170000,0.271917,213.290000,215.354000,217.741500,214.994560,0.677786,24.591058,1,test
AAPL,240,2018-10-30,20:30:00,2018-10-30T20:30:00+00:00,213.900000,214.470000,213.720000,214.100000,256,0.750000,0.102861,213.036000,214.869000,217.484500,214.831913,0.583721,25.567568,1,test
AAPL,240,2018-10-31,12:30:00,2018-10-31T12:30:00+00:00,215.780000,219.890000,215.590000,219.160000,35963,4.300000,2.363382,214.448000,214.977000,217.374000,215.618838,0.997720,45.408163,0,test
AAPL,240,2018-10-31,16:30:00,2018-10-31T16:30:00+00:00,219.150000,220.430000,218.520000,218.700000,38698,1.910000,-0.209892,215.828000,215.144000,217.283500,216.179049,0.985146,56.264368,0,test
AAPL,240,2018-10-31,20:30:00,2018-10-31T20:30:00+00:00,218.670000,218.850000,218.520000,218.700000,187,0.330000,0.000000,216.908000,215.322000,217.192500,216.637404,0.984524,54.970414,1,test
AAPL,240,2018-11-01,12:30:00,2018-11-01T12:30:00+00:00,219.730000,219.970000,216.780000,219.000000,32046,3.190000,0.137174,217.932000,215.611000,217.211000,217.066967,0.971195,50.163720,1,test
AAPL,240,2018-11-01,16:30:00,2018-11-01T16:30:00+00:00,219.020000,223.420000,218.210000,222.300000,33272,5.210000,1.506849,219.572000,216.304000,217.166000,218.018427,1.043131,61.920904,0,test
AAPL,240,2018-11-01,20:30:00,2018-11-01T20:30:00+00:00,222.190000,222.190000,210.580000,212.990000,5226,11.610000,-4.188034,218.338000,216.393000,216.658500,217.104168,1.700797,42.218798,0,test
AAPL,240,2018-11-02,12:30:00,2018-11-02T12:30:00+00:00,208.070000,213.560000,206.370000,207.050000,37744,7.190000,-2.788863,216.008000,215.918000,215.954000,215.276137,1.925935,34.476250,0,test
AAPL,240,2018-11-02,16:30:00,2018-11-02T16:30:00+00:00,207.040000,207.410000,205.410000,206.670000,35994,2.000000,-0.183531,213.602000,215.255000,215.461500,213.711385,1.899173,34.948980,0,test
AAPL,240,2018-11-05,13:30:00,2018-11-05T13:30:00+00:00,203.810000,204.430000,198.170000,200.150000,34434,6.260000,-3.154788,209.832000,213.882000,214.618000,211.245679,2.084822,29.509962,1,test
AAPL,240,2018-11-05,17:30:00,2018-11-05T17:30:00+00:00,200.130000,201.800000,199.590000,201.480000,29344,2.210000,0.664502,205.668000,212.620000,213.744500,209.470101,2.114457,34.914773,1,test
AAPL,240,2018-11-05,21:30:00,2018-11-05T21:30:00+00:00,201.500000,201.660000,201.420000,201.530000,161,0.240000,0.024816,203.376000,210.857000,212.917000,208.026446,1.866932,35.307582,1,test
AAPL,240,2018-11-06,13:30:00,2018-11-06T13:30:00+00:00,200.580000,204.680000,200.570000,202.980000,31979,4.110000,0.719496,202.562000,209.285000,212.214500,207.108910,1.922926,35.214900,1,test
AAPL,240,2018-11-06,17:30:00,2018-11-06T17:30:00+00:00,202.970000,204.160000,201.660000,204.000000,31210,2.500000,0.502513,202.028000,207.815000,211.568500,206.543654,1.950384,36.021505,0,test
AAPL,240,2018-11-06,21:30:00,2018-11-06T21:30:00+00:00,203.970000,204.040000,203.870000,204.000000,170,0.170000,0.000000,202.798000,206.315000,210.963000,206.081171,1.944502,35.620729,1,test
AAPL,240,2018-11-07,13:30:00,2018-11-07T13:30:00+00:00,205.960000,207.610000,204.100000,207.310000,30826,3.510000,1.622549,203.964000,204.816000,210.560000,206.304595,1.959312,32.244531,1,test
AAPL,240,2018-11-07,17:30:00,2018-11-07T17:30:00+00:00,207.290000,209.980000,207.230000,209.800000,29436,2.750000,1.201100,205.618000,204.497000,210.445000,206.940123,1.593667,37.429379,0,test
AAPL,240,2018-11-07,21:30:00,2018-11-07T21:30:00+00:00,209.780000,209.880000,209.530000,209.560000,161,0.350000,-0.114395,206.934000,204.748000,210.333000,207.416464,1.296264,37.177329,0,test
AAPL,240,2018-11-08,13:30:00,2018-11-08T13:30:00+00:00,209.140000,210.070000,206.740000,207.600000,30419,3.330000,-0.935293,207.654000,204.841000,210.048000,207.449834,1.337497,34.718499,1,test
AAPL,240,2018-11-08,17:30:00,2018-11-08T17:30:00+00:00,207.590000,208.730000,207.320000,207.830000,32729,1.410000,0.110790,208.420000,205.609000,209.745500,207.518955,0.726238,28.863570,0,test
AAPL,240,2018-11-08,21:30:00,2018-11-08T21:30:00+00:00,207.860000,207.940000,207.720000,207.750000,50,0.220000,-0.038493,208.508000,206.236000,209.428000,207.560964,0.729613,39.520000,0,test
AAPL,240,2018-11-09,13:30:00,2018-11-09T13:30:00+00:00,205.810000,205.980000,203.070000,203.160000,32711,2.910000,-2.209386,207.180000,206.399000,208.628000,206.760788,1.082935,41.775899,1,test
AAPL,240,2018-11-09,17:30:00,2018-11-09T17:30:00+00:00,203.190000,204.750000,202.230000,204.490000,33407,2.520000,0.654656,206.166000,206.550000,207.917500,206.347918,1.078906,45.569106,0,test
AAPL,240,2018-11-12,13:30:00,2018-11-12T13:30:00+00:00,199.500000,199.900000,193.770000,195.990000,36249,6.130000,-4.156682,203.844000,205.749000,206.782000,204.464660,1.701991,42.174567,0,test
AAPL,240,2018-11-12,17:30:00,2018-11-12T17:30:00+00:00,196.010000,196.650000,193.080000,193.190000,34967,3.570000,-1.428644,200.916000,204.668000,205.491500,202.414722,1.725736,35.222816,1,test
AAPL,240,2018-11-12,21:30:00,2018-11-12T21:30:00+00:00,193.210000,193.620000,192.970000,193.550000,414,0.650000,0.186345,198.076000,203.292000,204.054000,200.802954,1.580390,35.930889,1,test
AAPL,240,2018-11-13,13:30:00,2018-11-13T13:30:00+00:00,192.420000,197.160000,191.140000,194.780000,34573,6.020000,0.635495,196.400000,201.790000,203.143500,199.707872,1.514618,35.429993,0,test
AAPL,240,2018-11-13,17:30:00,2018-11-13T17:30:00+00:00,194.780000,194.900000,191.900000,192.330000,35985,3.000000,-1.257829,193.968000,200.067000,202.407500,198.366440,1.506154,30.267163,1,test
AAPL,240,2018-11-13,21:30:00,2018-11-13T21:30:00+00:00,192.370000,192.870000,192.320000,192.610000,112,0.550000,0.145583,193.292000,198.568000,201.704500,197.319815,1.537328,30.921273,0,test
AAPL,240,2018-11-14,13:30:00,2018-11-14T13:30:00+00:00,192.400000,194.480000,186.680000,187.720000,33375,7.800000,-2.538809,192.198000,196.557000,201.083000,195.574394,1.602165,18.835507,0,test
AAPL,240,2018-11-14,17:30:00,2018-11-14T17:30:00+00:00,187.740000,188.880000,185.950000,186.860000,33104,2.930000,-0.458129,190.860000,194.468000,200.352000,193.989959,1.579496,11.510067,1,test
AAPL,240,2018-11-14,21:30:00,2018-11-14T21:30:00+00:00,186.890000,187.620000,186.860000,187.620000,146,0.760000,0.406722,189.428000,192.914000,199.656500,192.831784,1.581446,13.819261,1,test
AAPL,240,2018-11-15,13:30:00,2018-11-15T13:30:00+00:00,188.210000,190.860000,186.860000,189.860000,32510,4.000000,1.193903,188.934000,191.451000,199.000500,192.291460,1.643808,21.013072,1,test
AAPL,240,2018-11-15,17:30:00,2018-11-15T17:30:00+00:00,189.840000,191.930000,188.860000,190.350000,35695,3.070000,0.258085,188.482000,190.887000,198.318000,191.938467,1.134284,21.678548,1,test
AAPL,240,2018-11-15,21:30:00,2018-11-15T21:30:00+00:00,190.510000,191.090000,190.170000,190.690000,216,0.920000,0.178618,189.076000,190.637000,197.652500,191.711473,1.066168,22.589974,1,test
AAPL,240,2018-11-16,13:30:00,2018-11-16T13:30:00+00:00,189.520000,194.940000,189.220000,192.830000,31403,5.720000,1.122240,190.270000,190.565000,196.928500,191.914842,1.135366,31.984653,1,test
AAPL,240,2018-11-16,17:30:00,2018-11-16T17:30:00+00:00,192.820000,194.520000,192.210000,193.480000,32689,2.310000,0.337084,191.442000,190.435000,196.112500,192.199416,1.119704,30.332262,0,test
AAPL,240,2018-11-19,13:30:00,2018-11-19T13:30:00+00:00,190.140000,190.670000,185.680000,186.600000,33287,4.990000,-3.555923,190.790000,189.862000,194.964500,191.181340,1.546912,32.195677,0,test
AAPL,240,2018-11-19,17:30:00,2018-11-19T17:30:00+00:00,186.580000,187.080000,184.990000,185.830000,35701,2.090000,-0.412647,189.886000,189.184000,193.876000,190.208369,1.539458,34.880855,1,test
AAPL,240,2018-11-19,21:30:00,2018-11-19T21:30:00+00:00,185.850000,185.900000,185.740000,185.850000,84,0.160000,0.010763,188.918000,188.997000,192.777000,189.415939,1.333448,33.958333,0,test
AAPL,240,2018-11-20,13:30:00,2018-11-20T13:30:00+00:00,180.970000,181.360000,175.510000,180.960000,35897,5.850000,-2.631154,186.544000,188.407000,191.437500,187.878495,1.557923,25.018077,0,test
AAPL,240,2018-11-20,17:30:00,2018-11-20T17:30:00+00:00,180.950000,181.410000,175.830000,176.700000,33559,5.580000,-2.354111,183.188000,187.315000,190.114500,185.846042,1.658340,23.481507,0,test
AAPL,240,2018-11-20,21:30:00,2018-11-20T21:30:00+00:00,176.700000,176.750000,176.470000,176.700000,148,0.280000,0.000000,181.208000,185.999000,188.725000,184.183125,1.555823,22.747516,1,test
AAPL,240,2018-11-21,13:30:00,2018-11-21T13:30:00+00:00,179.190000,180.240000,177.060000,177.370000,27569,3.180000,0.379174,179.516000,184.701000,187.794000,182.944375,1.564596,29.275130,0,test
AAPL,240,2018-11-21,17:30:00,2018-11-21T17:30:00+00:00,177.380000,178.370000,176.470000,176.610000,22865,1.900000,-0.428483,177.668000,183.293000,186.965000,181.792670,1.538597,29.392843,0,test
AAPL,240,2018-11-21,21:30:00,2018-11-21T21:30:00+00:00,176.610000,176.720000,176.580000,176.590000,80,0.140000,-0.011324,176.794000,181.669000,186.117000,180.846730,1.422435,27.144633,0,test
AAPL,240,2018-11-23,13:30:00,2018-11-23T13:30:00+00:00,175.340000,176.550000,172.190000,172.690000,25335,4.360000,-2.208506,175.992000,179.590000,185.012500,179.363688,1.410808,16.711904,0,test
AAPL,240,2018-11-23,17:30:00,2018-11-23T17:30:00+00:00,172.730000,172.920000,172.110000,172.280000,4175,0.810000,-0.237420,175.108000,178.158000,184.010000,178.075745,1.138493,14.858032,0,test
AAPL,240,2018-11-26,13:30:00,2018-11-26T13:30:00+00:00,174.230000,174.920000,170.750000,170.880000,26368,4.170000,-0.812631,173.810000,176.663000,182.923500,176.767428,1.130788,12.999626,1,test
AAPL,240,2018-11-26,17:30:00,2018-11-26T17:30:00+00:00,170.840000,174.620000,170.240000,172.070000,26559,4.380000,0.696395,172.902000,175.285000,182.141000,175.913350,1.205693,9.798606,0,test
AAPL,240,2018-11-26,21:30:00,2018-11-26T21:30:00+00:00,171.970000,172.200000,171.300000,171.510000,454,0.900000,-0.325449,171.886000,174.340000,181.373500,175.112741,1.013408,7.306646,1,test
AAPL,240,2018-11-27,13:30:00,2018-11-27T13:30:00+00:00,171.290000,174.750000,170.860000,173.050000,31251,3.890000,0.897907,171.958000,173.975000,180.645000,174.737697,0.875498,16.772928,1,test
AAPL,240,2018-11-27,17:30:00,2018-11-27T17:30:00+00:00,173.050000,174.420000,172.410000,174.360000,29481,2.010000,0.757007,172.374000,173.741000,179.870000,174.669025,0.926441,22.599140,1,test
AAPL,240,2018-11-27,21:30:00,2018-11-27T21:30:00+00:00,174.350000,174.760000,174.350000,174.610000,138,0.410000,0.143382,173.120000,173.465000,179.083000,174.658293,0.914991,23.440454,1,test
AAPL,240,2018-11-28,13:30:00,2018-11-28T13:30:00+00:00,175.970000,179.410000,174.910000,179.190000,30992,4.500000,2.622988,174.544000,173.723000,178.508000,175.482240,1.257573,45.755396,1,test
AAPL,240,2018-11-28,17:30:00,2018-11-28T17:30:00+00:00,179.190000,181.350000,178.170000,181.150000,35499,3.180000,1.093811,176.472000,174.179000,177.924000,176.512742,1.289750,61.994609,1,test
AAPL,240,2018-11-28,21:30:00,2018-11-28T21:30:00+00:00,181.090000,181.480000,181.020000,181.290000,106,0.460000,0.077284,178.120000,175.039000,177.314500,177.381334,0.964706,62.279294,0,test
AAPL,240,2018-11-29,13:30:00,2018-11-29T13:30:00+00:00,181.650000,182.770000,177.680000,178.200000,32046,5.090000,-1.704451,178.888000,175.631000,176.894500,177.530182,1.176202,51.965893,1,test
AAPL,240,2018-11-29,17:30:00,2018-11-29T17:30:00+00:00,178.220000,180.350000,178.200000,179.260000,29468,2.150000,0.594837,179.818000,176.469000,176.566000,177.844695,1.104352,56.188697,0,test
AAPL,240,2018-11-29,21:30:00,2018-11-29T21:30:00+00:00,179.250000,179.340000,179.080000,179.190000,35,0.260000,-0.039049,179.818000,177.181000,176.233000,178.089296,1.113190,56.057782,0,test
AAPL,240,2018-11-30,13:30:00,2018-11-30T13:30:00+00:00,178.980000,180.290000,177.580000,177.950000,25853,2.710000,-0.692003,179.178000,177.825000,176.082500,178.063969,1.145725,63.989362,1,test
AAPL,240,2018-11-30,17:30:00,2018-11-30T17:30:00+00:00,177.960000,179.270000,177.000000,178.600000,26783,2.270000,0.365271,178.640000,178.380000,176.177500,178.161429,1.131009,66.596639,1,test
AAPL,240,2018-12-03,13:30:00,2018-12-03T13:30:00+00:00,184.530000,184.620000,181.170000,181.890000,32349,3.450000,1.842105,179.378000,179.133000,176.437000,178.839351,1.225497,76.301959,1,test
AAPL,240,2018-12-03,17:30:00,2018-12-03T17:30:00+00:00,181.920000,184.930000,181.720000,184.500000,30375,3.210000,1.434933,180.426000,180.122000,176.793500,179.868560,1.259472,77.807606,0,test
AAPL,240,2018-12-03,21:30:00,2018-12-03T21:30:00+00:00,184.500000,184.570000,184.080000,184.110000,142,0.490000,-0.211382,181.410000,180.614000,177.168500,180.639731,1.044018,78.403968,0,test
AAPL,240,2018-12-04,13:30:00,2018-12-04T13:30:00+00:00,181.110000,182.370000,178.220000,178.240000,29263,4.150000,-3.188311,181.468000,180.323000,177.251000,180.203416,1.464768,59.788759,0,test
AAPL,240,2018-12-04,17:30:00,2018-12-04T17:30:00+00:00,178.230000,178.490000,176.240000,176.400000,31652,2.250000,-1.032316,181.028000,179.834000,177.436500,179.511886,1.487316,53.772189,0,test
AAPL,240,2018-12-04,21:30:00,2018-12-04T21:30:00+00:00,176.370000,176.510000,176.230000,176.380000,79,0.280000,-0.011338,179.926000,179.652000,177.641500,178.942452,1.398730,53.301007,0,test
AAPL,240,2018-12-06,13:30:00,2018-12-06T13:30:00+00:00,172.600000,173.500000,170.410000,173.450000,34555,3.090000,-1.661186,177.716000,179.071000,177.770000,177.943825,1.456093,38.593005,1,test
AAPL,240,2018-12-06,17:30:00,2018-12-06T17:30:00+00:00,173.440000,174.760000,172.050000,174.460000,32143,2.710000,0.582300,175.786000,178.598000,177.889500,177.310402,1.482401,36.183395,1,test
AAPL,240,2018-12-06,21:30:00,2018-12-06T21:30:00+00:00,174.450000,174.750000,174.370000,174.600000,134,0.380000,0.080248,175.058000,178.263000,178.044000,176.817602,1.477340,36.183395,0,test
AAPL,240,2018-12-07,13:30:00,2018-12-07T13:30:00+00:00,173.900000,175.120000,169.980000,170.530000,31967,5.140000,-2.331042,173.884000,177.456000,177.918000,175.674401,1.607124,34.775705,0,test
AAPL,240,2018-12-07,17:30:00,2018-12-07T17:30:00+00:00,170.500000,171.450000,168.300000,168.380000,36277,3.150000,-1.260775,172.284000,176.105000,177.619000,174.348146,1.401940,29.299848,0,test
AAPL,240,2018-12-10,13:30:00,2018-12-10T13:30:00+00:00,167.670000,167.760000,163.720000,164.860000,37497,4.040000,-2.090510,170.566000,174.141000,177.131500,172.623029,1.220172,25.899765,1,test
AAPL,240,2018-12-10,17:30:00,2018-12-10T17:30:00+00:00,164.880000,170.120000,164.770000,169.970000,36551,5.350000,3.099600,169.668000,172.727000,176.670500,172.140660,1.802234,38.125000,1,test
AAPL,240,2018-12-10,21:30:00,2018-12-10T21:30:00+00:00,169.960000,170.250000,169.940000,170.030000,78,0.310000,0.035300,168.754000,171.906000,176.114500,171.756904,1.600924,37.019085,0,test
AAPL,240,2018-12-11,13:30:00,2018-12-11T13:30:00+00:00,171.640000,171.950000,167.720000,168.930000,31291,4.230000,-0.646945,168.434000,171.159000,175.496500,171.242921,1.590191,28.974692,0,test
AAPL,240,2018-12-11,17:30:00,2018-12-11T17:30:00+00:00,168.950000,169.860000,166.960000,168.700000,30898,2.900000,-0.136151,168.498000,170.391000,175.021500,170.780572,1.587110,22.222222,0,test
AAPL,240,2018-12-11,21:30:00,2018-12-11T21:30:00+00:00,168.700000,168.700000,168.000000,168.230000,100,0.700000,-0.278601,169.172000,169.869000,174.470000,170.316832,1.527317,22.159888,1,test
AAPL,240,2018-12-12,13:30:00,2018-12-12T13:30:00+00:00,169.870000,171.540000,169.130000,171.030000,29486,2.410000,1.664388,169.384000,169.526000,174.062000,170.446499,1.631155,35.834971,0,test
AAPL,240,2018-12-12,17:30:00,2018-12-12T17:30:00+00:00,171.020000,171.910000,168.870000,169.170000,31566,3.040000,-1.087529,169.212000,168.983000,173.623000,170.214408,1.651613,35.806832,0,test
AAPL,240,2018-12-12,21:30:00,2018-12-12T21:30:00+00:00,169.180000,169.200000,168.880000,169.040000,124,0.320000,-0.076846,169.234000,168.834000,173.145000,170.000879,1.490023,35.652854,1,test
AAPL,240,2018-12-13,13:30:00,2018-12-13T13:30:00+00:00,169.910000,172.520000,169.540000,170.310000,29908,2.980000,0.751301,169.556000,169.027000,172.566000,170.057083,1.447783,43.436455,1,test
AAPL,240,2018-12-13,17:30:00,2018-12-13T17:30:00+00:00,170.310000,171.480000,169.820000,170.680000,27637,1.660000,0.217251,170.046000,169.609000,171.875000,170.170341,1.221998,41.881443,0,test
AAPL,240,2018-12-13,21:30:00,2018-12-13T21:30:00+00:00,170.710000,170.710000,170.370000,170.370000,32,0.340000,-0.181626,169.914000,169.649000,171.188000,170.206642,0.753702,40.980810,0,test
AAPL,240,2018-12-14,13:30:00,2018-12-14T13:30:00+00:00,168.710000,169.400000,165.990000,166.740000,29544,3.410000,-2.130657,169.428000,169.320000,170.613000,169.576344,1.016245,41.764450,0,test
AAPL,240,2018-12-14,17:30:00,2018-12-14T17:30:00+00:00,166.750000,167.430000,165.250000,165.380000,30700,2.180000,-0.815641,168.696000,168.965000,170.062000,168.813372,1.026016,43.249325,1,test
AAPL,240,2018-12-17,13:30:00,2018-12-17T13:30:00+00:00,164.960000,168.320000,164.220000,167.350000,29314,4.100000,1.191196,168.104000,168.830000,169.610500,168.547304,1.117995,56.023222,0,test
AAPL,240,2018-12-17,17:30:00,2018-12-17T17:30:00+00:00,167.350000,167.370000,162.690000,163.900000,34762,4.680000,-2.061548,166.748000,168.397000,169.133000,167.702340,1.283978,34.034719,1,test
AAPL,240,2018-12-17,21:30:00,2018-12-17T21:30:00+00:00,163.970000,163.980000,163.770000,163.980000,87,0.210000,0.048810,165.470000,167.692000,168.609000,167.025551,1.105099,34.104046,1,test
AAPL,240,2018-12-18,13:30:00,2018-12-18T13:30:00+00:00,165.390000,167.150000,164.630000,166.900000,29320,2.520000,1.780705,165.502000,167.465000,168.224000,167.002723,1.270811,45.131894,0,test
AAPL,240,2018-12-18,17:30:00,2018-12-18T17:30:00+00:00,166.910000,167.510000,164.360000,165.490000,27546,3.150000,-0.844817,165.524000,167.110000,167.972000,166.727683,1.290449,42.714480,0,test
AAPL,240,2018-12-18,21:30:00,2018-12-18T21:30:00+00:00,165.490000,165.590000,164.730000,164.760000,155,0.860000,-0.441114,165.006000,166.555000,167.791000,166.369922,1.246665,42.216240,1,test
AAPL,240,2018-12-19,13:30:00,2018-12-19T13:30:00+00:00,166.180000,167.420000,164.980000,166.580000,26747,2.440000,1.104637,165.542000,166.145000,167.877000,166.408118,1.318940,39.558893,0,test
AAPL,240,2018-12-19,17:30:00,2018-12-19T17:30:00+00:00,166.600000,167.230000,159.120000,160.640000,35424,8.110000,-3.565854,164.874000,165.172000,167.410500,165.359369,1.686641,33.202048,1,test
AAPL,240,2018-12-19,21:30:00,2018-12-19T21:30:00+00:00,160.650000,160.950000,160.470000,160.930000,161,0.480000,0.180528,163.680000,164.591000,166.955500,164.554030,1.605967,34.129159,0,test
AAPL,240,2018-12-20,13:30:00,2018-12-20T13:30:00+00:00,160.900000,162.040000,157.560000,158.790000,33002,4.480000,-1.329771,162.340000,163.932000,166.448500,163.506024,1.630840,28.198335,0,test
AAPL,240,2018-12-20,17:30:00,2018-12-20T17:30:00+00:00,158.800000,158.970000,155.370000,157.440000,35838,3.600000,-0.850179,160.876000,162.941000,165.885500,162.403111,1.535376,25.839416,1,test
AAPL,240,2018-12-20,21:30:00,2018-12-20T21:30:00+00:00,157.430000,157.960000,157.380000,157.820000,110,0.580000,0.241362,159.124000,162.333000,165.365000,161.569818,1.462418,27.156898,0,test
AAPL,240,2018-12-21,13:30:00,2018-12-21T13:30:00+00:00,157.420000,158.130000,152.550000,152.720000,35306,5.580000,-3.231530,157.540000,161.207000,164.449500,159.960760,1.706225,25.777471,0,test
AAPL,240,2018-12-21,17:30:00,2018-12-21T17:30:00+00:00,152.700000,154.270000,149.580000,150.780000,35019,4.690000,-1.270299,155.510000,159.595000,163.530000,158.291531,1.470757,25.271003,0,test
AAPL,240,2018-12-24,13:30:00,2018-12-24T13:30:00+00:00,149.200000,151.500000,147.220000,148.290000,30557,4.280000,-1.651413,153.410000,157.875000,162.492500,156.473071,1.483322,18.275632,0,test
AAPL,240,2018-12-24,17:30:00,2018-12-24T17:30:00+00:00,148.290000,148.650000,146.580000,146.590000,4857,2.070000,-1.146402,151.240000,156.058000,161.306500,154.676149,1.466165,19.406151,1,test
AAPL,240,2018-12-26,13:30:00,2018-12-26T13:30:00+00:00,148.030000,151.890000,146.700000,151.160000,33845,5.190000,3.117539,149.908000,154.516000,160.330500,154.036849,1.887906,30.445394,1,test
AAPL,240,2018-12-26,17:30:00,2018-12-26T17:30:00+00:00,151.180000,157.190000,150.660000,156.390000,34731,6.530000,3.459910,150.642000,154.091000,159.631500,154.464695,2.101709,35.024223,0,test
AAPL,240,2018-12-26,21:30:00,2018-12-26T21:30:00+00:00,156.380000,156.740000,155.970000,156.300000,243,0.770000,-0.057548,151.746000,153.628000,159.109500,154.798387,2.097660,36.393248,0,test
AAPL,240,2018-12-27,13:30:00,2018-12-27T13:30:00+00:00,155.250000,156.170000,150.950000,151.170000,35510,5.220000,-3.282150,152.322000,152.866000,158.399000,154.138680,2.289182,32.198061,1,test
AAPL,240,2018-12-27,17:30:00,2018-12-27T17:30:00+00:00,151.190000,156.770000,150.040000,156.190000,38665,6.730000,3.320765,154.242000,152.741000,157.841000,154.511647,2.573896,37.442591,0,test
AAPL,240,2018-12-27,21:30:00,2018-12-27T21:30:00+00:00,156.180000,156.420000,156.040000,156.050000,112,0.380000,-0.089634,155.220000,152.564000,157.448500,154.791348,2.571860,43.547934,1,test
AAPL,240,2018-12-28,13:30:00,2018-12-28T13:30:00+00:00,157.000000,157.620000,154.510000,156.660000,35224,3.110000,0.390900,155.274000,152.958000,157.082500,155.131103,2.322113,44.051268,0,test
AAPL,240,2018-12-28,17:30:00,2018-12-28T17:30:00+00:00,156.650000,158.470000,155.240000,156.180000,32972,3.230000,-0.306396,155.250000,153.498000,156.546500,155.321811,2.270071,46.187555,1,test
AAPL,240,2018-12-31,13:30:00,2018-12-31T13:30:00+00:00,157.500000,159.320000,156.480000,158.500000,31081,2.840000,1.485465,156.716000,154.519000,156.197000,155.899664,2.173535,51.505682,0,test
AAPL,240,2018-12-31,17:30:00,2018-12-31T17:30:00+00:00,158.510000,158.930000,156.610000,157.930000,29940,2.320000,-0.359621,157.064000,155.653000,155.855500,156.268816,2.113105,50.155411,0,test
AAPL,240,2019-01-02,13:30:00,2019-01-02T13:30:00+00:00,154.500000,158.400000,154.240000,157.350000,31653,4.160000,-0.367251,157.324000,156.272000,155.394000,156.465395,1.964701,57.499190,1,test
AAPL,240,2019-01-02,17:30:00,2019-01-02T17:30:00+00:00,157.350000,158.830000,156.720000,157.870000,30303,2.110000,0.330473,157.566000,156.420000,155.255500,156.720778,1.650744,62.037351,0,test
AAPL,240,2019-01-02,21:30:00,2019-01-02T21:30:00+00:00,149.980000,149.980000,144.480000,146.090000,1692,5.500000,-7.461836,155.548000,155.399000,154.513500,154.787909,2.911568,47.160558,0,test
AAPL,240,2019-01-03,13:30:00,2019-01-03T13:30:00+00:00,145.230000,145.700000,142.050000,145.010000,39669,3.650000,-0.739270,152.850000,154.783000,153.824500,153.010107,2.761772,47.927597,0,test
AAPL,240,2019-01-03,17:30:00,2019-01-03T17:30:00+00:00,145.010000,145.350000,141.970000,142.720000,34939,3.380000,-1.579201,149.808000,153.436000,153.088500,151.139179,2.449296,38.225446,0,test
AAPL,240,2019-01-03,21:30:00,2019-01-03T21:30:00+00:00,142.750000,142.830000,142.400000,142.500000,392,0.430000,-0.154148,146.838000,152.081000,152.322500,149.568419,2.447097,27.473240,1,test
AAPL,240,2019-01-04,13:30:00,2019-01-04T13:30:00+00:00,144.050000,147.970000,143.570000,147.310000,34679,4.400000,3.375439,144.726000,151.146000,152.052000,149.157797,2.778369,37.355837,1,test
AAPL,240,2019-01-04,17:30:00,2019-01-04T17:30:00+00:00,147.330000,148.530000,147.050000,148.280000,32688,1.480000,0.658475,145.164000,150.356000,151.927000,148.998198,2.805457,45.396623,0,test
AAPL,240,2019-01-07,13:30:00,2019-01-07T13:30:00+00:00,148.060000,148.790000,145.880000,147.610000,32334,2.910000,-0.451848,145.684000,149.267000,151.893000,148.745798,2.720157,34.134615,1,test
AAPL,240,2019-01-07,17:30:00,2019-01-07T17:30:00+00:00,147.620000,148.390000,146.180000,147.780000,33261,2.210000,0.115168,146.696000,148.252000,151.952500,148.570199,2.730396,34.724788,0,test
AAPL,240,2019-01-07,21:30:00,2019-01-07T21:30:00+00:00,147.790000,147.810000,147.750000,147.760000,67,0.060000,-0.013534,147.748000,147.293000,151.782500,148.422890,2.736425,33.194864,1,test
AAPL,240,2019-01-08,13:30:00,2019-01-08T13:30:00+00:00,148.380000,150.710000,148.280000,150.440000,32357,2.430000,1.813752,148.374000,146.550000,151.485000,148.789637,2.830566,39.993026,1,test
AAPL,240,2019-01-08,17:30:00,2019-01-08T17:30:00+00:00,150.470000,151.800000,149.720000,150.590000,31937,2.080000,0.099708,148.836000,147.000000,151.199500,149.116976,1.391734,35.081101,0,test
AAPL,240,2019-01-08,21:30:00,2019-01-08T21:30:00+00:00,150.580000,150.900000,150.520000,150.550000,111,0.380000,-0.026562,149.424000,147.554000,151.168500,149.377526,1.349499,35.796767,1,test
AAPL,240,2019-01-09,13:30:00,2019-01-09T13:30:00+00:00,151.420000,154.270000,149.610000,153.940000,35523,4.660000,2.251744,150.656000,148.676000,151.056000,150.207066,1.271881,44.077805,0,test
AAPL,240,2019-01-09,17:30:00,2019-01-09T17:30:00+00:00,153.980000,154.520000,152.910000,153.030000,33852,1.610000,-0.591139,151.710000,149.729000,150.905000,150.720327,1.313853,41.706648,0,test
AAPL,240,2019-01-09,21:30:00,2019-01-09T21:30:00+00:00,153.050000,153.190000,152.870000,152.880000,74,0.320000,-0.098020,152.198000,150.286000,150.716000,151.112995,0.940974,69.344729,1,test
AAPL,240,2019-01-10,13:30:00,2019-01-10T13:30:00+00:00,152.180000,153.230000,150.870000,153.080000,30228,2.360000,0.130822,152.696000,150.766000,150.561000,151.470632,0.938150,74.205159,1,test
AAPL,240,2019-01-10,17:30:00,2019-01-10T17:30:00+00:00,153.070000,153.960000,152.280000,153.770000,36636,1.680000,0.450745,153.340000,151.382000,150.324500,151.888699,0.897872,86.662243,1,test
AAPL,240,2019-01-10,21:30:00,2019-01-10T21:30:00+00:00,153.770000,153.850000,153.690000,153.800000,67,0.160000,0.019510,153.312000,151.984000,150.118000,152.236208,0.901902,87.970430,0,test
AAPL,240,2019-01-11,13:30:00,2019-01-11T13:30:00+00:00,152.900000,153.650000,151.820000,152.430000,29276,1.830000,-0.890767,153.192000,152.451000,149.872000,152.271443,0.985757,72.377622,0,test
AAPL,240,2019-01-11,17:30:00,2019-01-11T17:30:00+00:00,152.440000,152.650000,151.480000,152.210000,31624,1.170000,-0.144329,153.058000,152.628000,149.589000,152.260272,0.838690,68.381665,0,test
AAPL,240,2019-01-14,13:30:00,2019-01-14T13:30:00+00:00,150.740000,151.290000,149.190000,149.960000,29714,2.100000,-1.478221,152.434000,152.565000,149.782500,151.842040,0.979572,59.576202,0,test
AAPL,240,2019-01-14,17:30:00,2019-01-14T17:30:00+00:00,149.940000,150.790000,149.440000,149.850000,28284,1.350000,-0.073353,151.650000,152.495000,150.024500,151.479851,0.979625,58.476658,1,test
AAPL,240,2019-01-14,21:30:00,2019-01-14T21:30:00+00:00,149.890000,149.930000,149.750000,149.870000,74,0.180000,0.013347,150.864000,152.088000,150.382000,151.187151,0.565332,58.640459,1,test
AAPL,240,2019-01-15,13:30:00,2019-01-15T13:30:00+00:00,150.280000,152.880000,149.970000,152.490000,28689,2.910000,1.748182,150.876000,152.034000,150.881500,151.424033,0.835400,58.436214,1,test
AAPL,240,2019-01-15,17:30:00,2019-01-15T17:30:00+00:00,152.490000,153.370000,151.810000,152.830000,30648,1.560000,0.222965,151.000000,152.029000,151.157500,151.679663,0.838750,59.076175,1,test
AAPL,240,2019-01-15,21:30:00,2019-01-15T21:30:00+00:00,152.820000,152.920000,152.790000,152.870000,27,0.130000,0.026173,151.582000,152.008000,151.387000,151.896088,0.837587,59.400324,1,test
AAPL,240,2019-01-16,13:30:00,2019-01-16T13:30:00+00:00,153.060000,155.860000,152.600000,154.660000,31483,3.260000,1.170930,152.544000,152.097000,151.739500,152.398617,0.909532,53.351955,0,test
AAPL,240,2019-01-16,17:30:00,2019-01-16T17:30:00+00:00,154.680000,155.380000,154.420000,154.530000,32472,0.960000,-0.084055,153.476000,152.170000,152.077000,152.786142,0.910651,57.530120,0,test
AAPL,240,2019-01-16,21:30:00,2019-01-16T21:30:00+00:00,154.550000,154.660000,153.300000,153.990000,241,1.360000,-0.349447,153.776000,152.326000,152.388500,153.005025,0.863302,55.362319,1,test
AAPL,240,2019-01-17,13:30:00,2019-01-17T13:30:00+00:00,153.990000,154.600000,153.250000,154.250000,27528,1.350000,0.168842,154.060000,152.530000,152.579000,153.231384,0.858912,55.619597,1,test
AAPL,240,2019-01-17,17:30:00,2019-01-17T17:30:00+00:00,154.220000,157.620000,154.020000,155.470000,30755,3.600000,0.790924,154.580000,153.081000,152.823000,153.638405,0.662106,57.769653,1,test
AAPL,240,2019-01-17,21:30:00,2019-01-17T21:30:00+00:00,155.390000,155.770000,155.380000,155.650000,82,0.390000,0.115778,154.778000,153.661000,153.078000,154.004150,0.650848,58.340848,1,test
AAPL,240,2019-01-18,13:30:00,2019-01-18T13:30:00+00:00,156.950000,157.840000,156.190000,157.070000,30069,1.650000,0.912303,155.286000,154.381000,153.234500,154.561577,0.656275,70.825853,0,test
AAPL,240,2019-01-18,17:30:00,2019-01-18T17:30:00+00:00,157.070000,157.610000,155.970000,156.800000,31725,1.640000,-0.171898,155.848000,154.812000,153.423000,154.968563,0.504927,70.509383,0,test
AAPL,240,2019-01-22,13:30:00,2019-01-22T13:30:00+00:00,155.800000,156.670000,154.420000,154.890000,31114,2.250000,-1.218112,155.976000,155.018000,153.523500,154.954279,0.693518,72.718894,0,test
AAPL,240,2019-01-22,17:30:00,2019-01-22T17:30:00+00:00,154.860000,155.300000,152.650000,153.250000,33126,2.650000,-1.058816,155.532000,155.056000,153.532000,154.644410,0.790697,63.731826,0,test
AAPL,240,2019-01-22,21:30:00,2019-01-22T21:30:00+00:00,153.380000,153.410000,153.150000,153.150000,97,0.260000,-0.065253,155.032000,154.905000,153.501000,154.372699,0.681138,63.162119,0,test
AAPL,240,2019-01-23,13:30:00,2019-01-23T13:30:00+00:00,154.000000,155.120000,151.680000,152.230000,32021,3.440000,-0.600718,154.064000,154.675000,153.422500,153.983117,0.699481,48.791822,1,test
AAPL,240,2019-01-23,17:30:00,2019-01-23T17:30:00+00:00,152.240000,153.960000,152.050000,153.840000,34921,1.910000,1.057610,153.472000,154.660000,153.493000,153.957096,0.790034,54.197839,1,test
AAPL,240,2019-01-23,21:30:00,2019-01-23T21:30:00+00:00,153.840000,153.940000,153.780000,153.880000,45,0.160000,0.026001,153.270000,154.623000,153.576500,153.943079,0.787791,54.197839,0,test
AAPL,240,2019-01-24,13:30:00,2019-01-24T13:30:00+00:00,154.560000,154.580000,151.850000,152.620000,31751,2.730000,-0.818820,153.144000,154.338000,153.709500,153.702519,0.767608,41.130435,0,test
AAPL,240,2019-01-24,17:30:00,2019-01-24T17:30:00+00:00,152.640000,152.840000,151.720000,152.100000,31948,1.120000,-0.340716,152.934000,153.983000,153.822000,153.411152,0.761468,39.781329,1,test
AAPL,240,2019-01-24,21:30:00,2019-01-24T21:30:00+00:00,152.250000,152.540000,152.180000,152.440000,77,0.360000,0.223537,152.976000,153.520000,153.950500,153.234579,0.672877,43.370402,1,test
AAPL,240,2019-01-25,13:30:00,2019-01-25T13:30:00+00:00,154.120000,157.230000,154.120000,156.930000,28652,3.110000,2.945421,153.594000,153.533000,154.172500,153.906474,1.229227,58.417085,1,test
AAPL,240,2019-01-25,17:30:00,2019-01-25T17:30:00+00:00,156.930000,158.120000,156.520000,157.670000,28212,1.600000,0.471548,154.352000,153.811000,154.414500,154.590751,1.154764,57.124352,0,test
AAPL,240,2019-01-28,13:30:00,2019-01-28T13:30:00+00:00,156.250000,156.490000,153.650000,155.020000,31394,2.840000,-1.680726,154.832000,153.988000,154.522000,154.668796,1.242544,48.241206,1,test
AAPL,240,2019-01-28,17:30:00,2019-01-28T17:30:00+00:00,155.020000,156.300000,154.750000,156.010000,31417,1.550000,0.638627,155.614000,154.274000,154.589500,154.912652,1.250681,46.967963,0,test
AAPL,240,2019-01-28,21:30:00,2019-01-28T21:30:00+00:00,156.070000,156.120000,155.680000,155.920000,56,0.440000,-0.057689,156.310000,154.643000,154.659000,155.095806,1.223932,47.456647,1,test
AAPL,240,2019-01-29,13:30:00,2019-01-29T13:30:00+00:00,156.470000,158.120000,155.210000,156.570000,29652,2.910000,0.416880,156.238000,154.916000,154.788000,155.363841,1.193135,55.236908,0,test
AAPL,240,2019-01-29,17:30:00,2019-01-29T17:30:00+00:00,156.560000,156.990000,154.080000,155.600000,33023,2.910000,-0.619531,155.824000,155.088000,154.855500,155.406779,1.219704,57.644763,1,test
AAPL,240,2019-01-29,21:30:00,2019-01-29T21:30:00+00:00,153.720000,161.620000,150.980000,160.540000,3920,10.640000,3.174807,156.928000,155.880000,155.109000,156.340092,1.500438,68.283028,1,test
AAPL,240,2019-01-30,13:30:00,2019-01-30T13:30:00+00:00,161.680000,163.300000,160.220000,162.300000,34137,3.080000,1.096300,158.186000,156.900000,155.441500,157.423712,1.477784,73.919240,1,test
AAPL,240,2019-01-30,17:30:00,2019-01-30T17:30:00+00:00,162.310000,166.110000,161.950000,165.420000,36002,4.160000,1.922366,160.086000,158.198000,155.859000,158.877582,1.518989,75.664894,1,test
AAPL,240,2019-01-30,21:30:00,2019-01-30T21:30:00+00:00,165.480000,165.770000,165.380000,165.660000,205,0.390000,0.145085,161.904000,159.071000,156.302000,160.110749,1.332514,75.878735,1,test
AAPL,240,2019-01-31,13:30:00,2019-01-31T13:30:00+00:00,166.100000,168.980000,164.530000,168.190000,32587,4.450000,1.527224,164.422000,160.123000,156.967000,161.579704,1.366915,82.397004,0,test
AAPL,240,2019-01-31,17:30:00,2019-01-31T17:30:00+00:00,168.170000,168.250000,166.180000,166.250000,30043,2.070000,-1.153457,165.564000,161.246000,157.617000,162.428849,1.273743,77.799607,1,test
AAPL,240,2019-01-31,21:30:00,2019-01-31T21:30:00+00:00,166.330000,166.830000,166.220000,166.770000,191,0.610000,0.312782,166.458000,162.322000,158.298000,163.218149,1.279898,77.955521,1,test
AAPL,240,2019-02-01,13:30:00,2019-02-01T13:30:00+00:00,166.100000,168.960000,166.070000,167.170000,30635,2.890000,0.239851,166.808000,163.447000,159.045000,163.936667,1.264298,73.769731,0,test
AAPL,240,2019-02-01,17:30:00,2019-02-01T17:30:00+00:00,167.140000,167.420000,165.900000,166.120000,21342,1.520000,-0.628103,166.900000,164.402000,159.659000,164.333637,1.332232,69.336384,,test
