ticker,interval_minutes,date,time,timestamp_utc,open,high,low,close,volume,price_range,return_pct,sma_5,sma_10,sma_20,ema_10,volatility_10,rsi_14,target_up_next_bar,split
AAPL,1440,2014-06-30,00:00:00,2014-06-30T00:00:00+00:00,93.159000,94.194000,93.028000,93.460000,2799,1.166000,,,,,93.460000,,,1,train
AAPL,1440,2014-07-01,00:00:00,2014-07-01T00:00:00+00:00,93.973000,94.546000,93.611000,93.993000,4787,0.935000,0.570297,,,,93.556909,,,0,train
AAPL,1440,2014-07-02,00:00:00,2014-07-02T00:00:00+00:00,94.344000,94.515000,93.540000,93.902000,4476,0.975000,-0.096816,,,,93.619653,0.471720,,1,train
AAPL,1440,2014-07-03,00:00:00,2014-07-03T00:00:00+00:00,94.113000,94.545000,93.661000,94.495000,3454,0.884000,0.631509,,,,93.778807,0.403989,,1,train
AAPL,1440,2014-07-07,00:00:00,2014-07-07T00:00:00+00:00,94.936000,96.423000,94.936000,96.403000,4638,1.487000,2.019154,94.450600,,,94.255933,0.888881,,0,train
AAPL,1440,2014-07-08,00:00:00,2014-07-08T00:00:00+00:00,96.790000,97.242000,94.358000,95.795000,7421,2.884000,-0.630686,94.917600,,,94.535763,0.995577,,1,train
AAPL,1440,2014-07-09,00:00:00,2014-07-09T00:00:00+00:00,95.905000,96.388000,95.202000,95.835000,6276,1.186000,0.041756,95.286000,,,94.771988,0.909801,,0,train
AAPL,1440,2014-07-10,00:00:00,2014-07-10T00:00:00+00:00,94.017000,95.986000,93.956000,95.473000,5562,2.030000,-0.377733,95.600200,,,94.899445,0.883896,,1,train
AAPL,1440,2014-07-11,00:00:00,2014-07-11T00:00:00+00:00,95.725000,96.327000,95.303000,95.644000,4852,1.024000,0.179108,95.830000,,,95.034819,0.819600,,1,train
AAPL,1440,2014-07-14,00:00:00,2014-07-14T00:00:00+00:00,96.145000,97.300000,96.064000,96.868000,4046,1.236000,1.279746,95.923000,95.186800,,95.368124,0.834365,,0,train
AAPL,1440,2014-07-15,00:00:00,2014-07-15T00:00:00+00:00,97.240000,97.260000,95.432000,95.723000,5384,1.828000,-1.182021,95.908600,95.413100,,95.432647,0.932559,,0,train
AAPL,1440,2014-07-16,00:00:00,2014-07-16T00:00:00+00:00,97.450000,97.450000,95.140000,95.150000,4791,2.310000,-0.598602,95.771600,95.528800,,95.381257,0.959893,,0,train
AAPL,1440,2014-07-17,00:00:00,2014-07-17T00:00:00+00:00,95.416000,95.667000,92.956000,93.458000,7639,2.711000,-1.778245,95.368600,95.484400,,95.031574,1.134713,,1,train
AAPL,1440,2014-07-18,00:00:00,2014-07-18T00:00:00+00:00,93.935000,95.119000,93.402000,94.828000,5756,1.717000,1.465899,95.205400,95.517700,,94.994560,1.217375,,0,train
AAPL,1440,2014-07-21,00:00:00,2014-07-21T00:00:00+00:00,94.642000,94.863000,94.090000,94.301000,4238,0.773000,-0.555743,94.692000,95.307500,,94.868458,1.006773,53.880225,1,train
AAPL,1440,2014-07-22,00:00:00,2014-07-22T00:00:00+00:00,95.028000,95.249000,94.486000,95.038000,4560,0.763000,0.781540,94.555000,95.231800,,94.899284,1.040567,54.732361,1,train
AAPL,1440,2014-07-23,00:00:00,2014-07-23T00:00:00+00:00,95.640000,98.251000,95.540000,97.588000,7359,2.711000,2.683137,95.042600,95.407100,,95.388142,1.359657,63.651852,0,train
AAPL,1440,2014-07-24,00:00:00,2014-07-24T00:00:00+00:00,97.507000,97.658000,96.784000,97.346000,5039,0.874000,-0.247981,95.820200,95.594400,,95.744116,1.354249,60.841129,1,train
AAPL,1440,2014-07-25,00:00:00,2014-07-25T00:00:00+00:00,97.190000,98.194000,97.010000,98.034000,6303,1.184000,0.706757,96.461400,95.833400,,96.160458,1.363476,56.836281,1,train
AAPL,1440,2014-07-28,00:00:00,2014-07-28T00:00:00+00:00,98.258000,99.573000,97.897000,99.362000,5950,1.676000,1.354632,97.473600,96.082800,95.634800,96.742557,1.369917,64.099929,0,train
AAPL,1440,2014-07-29,00:00:00,2014-07-29T00:00:00+00:00,99.573000,99.753000,98.599000,98.750000,5110,1.154000,-0.615930,98.216000,96.385500,95.899300,97.107547,1.314133,61.024128,0,train
AAPL,1440,2014-07-30,00:00:00,2014-07-30T00:00:00+00:00,98.795000,99.035000,98.012000,98.473000,5714,1.023000,-0.280506,98.393000,96.717800,96.123300,97.355811,1.293121,61.419001,0,train
AAPL,1440,2014-07-31,00:00:00,2014-07-31T00:00:00+00:00,97.334000,97.766000,95.648000,95.919000,9117,2.118000,-2.593604,98.107600,96.963900,96.224150,97.094572,1.457569,50.886011,1,train
AAPL,1440,2014-08-01,00:00:00,2014-08-01T00:00:00+00:00,95.357000,96.943000,95.136000,96.461000,8075,1.807000,0.565060,97.793000,97.127200,96.322450,96.979377,1.402220,48.628429,0,train
AAPL,1440,2014-08-04,00:00:00,2014-08-04T00:00:00+00:00,96.610000,96.871000,95.477000,95.888000,7428,1.394000,-0.594022,97.098200,97.285900,96.296700,96.780945,1.404501,50.578339,0,train
AAPL,1440,2014-08-05,00:00:00,2014-08-05T00:00:00+00:00,95.732000,95.973000,94.679000,95.431000,8515,1.294000,-0.476598,96.434400,97.325200,96.278500,96.535501,1.400567,50.993003,0,train
AAPL,1440,2014-08-06,00:00:00,2014-08-06T00:00:00+00:00,95.100000,95.772000,95.009000,95.240000,7145,0.763000,-0.200145,95.787800,97.090400,96.248750,96.299955,1.051595,57.044592,0,train
AAPL,1440,2014-08-07,00:00:00,2014-08-07T00:00:00+00:00,95.200000,96.223000,94.388000,94.709000,7895,1.835000,-0.557539,95.545800,96.826700,96.210550,96.010691,1.056459,49.496147,1,train
AAPL,1440,2014-08-08,00:00:00,2014-08-08T00:00:00+00:00,94.628000,95.090000,93.585000,95.019000,7206,1.505000,0.327318,95.257400,96.525200,96.179300,95.830383,1.023822,53.096963,1,train
AAPL,1440,2014-08-11,00:00:00,2014-08-11T00:00:00+00:00,95.515000,96.337000,95.093000,96.217000,4256,1.244000,1.260800,95.323200,96.210700,96.146750,95.900677,1.007195,54.890899,1,train
AAPL,1440,2014-08-12,00:00:00,2014-08-12T00:00:00+00:00,96.462000,97.134000,95.870000,96.251000,5142,1.264000,0.035337,95.487200,95.960800,96.173150,95.964372,1.006739,42.990458,1,train
AAPL,1440,2014-08-13,00:00:00,2014-08-13T00:00:00+00:00,96.447000,97.469000,96.286000,97.459000,3591,1.183000,1.255052,95.931000,95.859400,96.288600,96.236123,1.113275,50.537942,1,train
AAPL,1440,2014-08-14,00:00:00,2014-08-14T00:00:00+00:00,97.644000,97.785000,97.043000,97.696000,5540,0.742000,0.243179,96.528400,96.037100,96.500500,96.501555,0.686142,48.318743,1,train
AAPL,1440,2014-08-15,00:00:00,2014-08-15T00:00:00+00:00,98.081000,98.382000,97.049000,98.171000,13185,1.333000,0.486202,97.158800,96.208100,96.667650,96.805090,0.681739,43.526470,1,train
AAPL,1440,2014-08-18,00:00:00,2014-08-18T00:00:00+00:00,98.586000,99.548000,98.155000,99.337000,9553,1.393000,1.187723,97.782800,96.553000,96.919450,97.265438,0.690340,53.009330,1,train
AAPL,1440,2014-08-19,00:00:00,2014-08-19T00:00:00+00:00,99.592000,100.845000,99.492000,100.724000,10248,1.353000,1.396257,98.677400,97.082300,97.203750,97.894267,0.693364,60.360858,1,train
AAPL,1440,2014-08-20,00:00:00,2014-08-20T00:00:00+00:00,100.629000,101.260000,100.118000,100.739000,9557,1.142000,0.014892,99.333400,97.632200,97.361300,98.411491,0.670705,78.952427,1,train
AAPL,1440,2014-08-21,00:00:00,2014-08-21T00:00:00+00:00,100.723000,101.104000,100.282000,100.753000,7290,0.822000,0.013897,99.944800,98.236600,97.531650,98.837220,0.583063,77.526937,1,train
AAPL,1440,2014-08-22,00:00:00,2014-08-22T00:00:00+00:00,100.417000,101.629000,100.347000,101.479000,11667,1.282000,0.720574,100.606400,98.882600,97.703900,99.317544,0.574169,85.167946,1,train
AAPL,1440,2014-08-25,00:00:00,2014-08-25T00:00:00+00:00,101.923000,102.313000,101.432000,101.692000,7156,0.881000,0.209896,101.077400,99.430100,97.820400,99.749263,0.547839,90.629461,0,train
AAPL,1440,2014-08-26,00:00:00,2014-08-26T00:00:00+00:00,101.597000,101.647000,101.016000,101.036000,8861,0.631000,-0.645085,101.139800,99.908600,97.934700,99.983215,0.652071,85.471236,1,train
AAPL,1440,2014-08-27,00:00:00,2014-08-27T00:00:00+00:00,101.090000,102.702000,100.830000,102.262000,11957,1.872000,1.213429,101.444400,100.388900,98.124150,100.397540,0.646744,92.600113,1,train
AAPL,1440,2014-08-28,00:00:00,2014-08-28T00:00:00+00:00,101.876000,102.907000,101.846000,102.386000,16908,1.061000,0.121257,101.771000,100.857900,98.447500,100.759078,0.652910,92.441526,1,train
AAPL,1440,2014-08-29,00:00:00,2014-08-29T00:00:00+00:00,102.961000,103.021000,102.321000,102.631000,7552,0.700000,0.239291,102.001400,101.303900,98.756000,101.099427,0.656965,91.509190,1,train
AAPL,1440,2014-09-02,00:00:00,2014-09-02T00:00:00+00:00,103.149000,103.839000,102.828000,103.399000,14468,1.011000,0.748312,102.342800,101.710100,99.131550,101.517532,0.615307,92.245863,0,train
AAPL,1440,2014-09-03,00:00:00,2014-09-03T00:00:00+00:00,103.193000,103.193000,98.689000,99.029000,39753,4.504000,-4.226346,101.941400,101.540600,99.311450,101.065071,1.516334,56.754431,0,train
AAPL,1440,2014-09-04,00:00:00,2014-09-04T00:00:00+00:00,99.043000,100.165000,97.882000,98.203000,27423,2.283000,-0.834099,101.129600,101.287000,99.459600,100.544695,1.529229,52.075997,1,train
AAPL,1440,2014-09-05,00:00:00,2014-09-05T00:00:00+00:00,98.758000,99.468000,98.387000,99.028000,18862,1.081000,0.840097,100.458000,101.114500,99.675550,100.268932,1.566567,53.411353,0,train
AAPL,1440,2014-09-08,00:00:00,2014-09-08T00:00:00+00:00,99.171000,99.241000,98.070000,98.370000,13085,1.171000,-0.664459,99.605800,100.803600,99.843100,99.923672,1.540956,45.988551,1,train
AAPL,1440,2014-09-29,00:00:00,2014-09-29T00:00:00+00:00,99.860000,100.430000,99.530000,99.980000,12743,0.900000,1.636678,98.922000,100.632400,100.031250,99.933913,1.655207,46.969697,1,train
AAPL,1440,2014-09-30,00:00:00,2014-09-30T00:00:00+00:00,101.060000,101.530000,100.460000,100.620000,19355,1.070000,0.640128,99.240200,100.590800,100.249700,100.058656,1.662984,49.538795,0,train
AAPL,1440,2014-10-01,00:00:00,2014-10-01T00:00:00+00:00,100.420000,100.800000,98.700000,99.210000,22703,2.100000,-1.401312,99.441600,100.285600,100.337250,99.904355,1.651525,44.603763,0,train
AAPL,1440,2014-10-02,00:00:00,2014-10-02T00:00:00+00:00,99.690000,100.210000,98.040000,99.070000,30043,2.170000,-0.141115,99.450000,99.954000,100.405950,99.752654,1.646341,41.215083,1,train
AAPL,1440,2014-10-03,00:00:00,2014-10-03T00:00:00+00:00,99.530000,100.190000,99.040000,99.600000,12423,1.150000,0.534975,99.696000,99.650900,100.477400,99.724899,1.660026,42.543484,0,train
AAPL,1440,2014-10-06,00:00:00,2014-10-06T00:00:00+00:00,100.170000,100.640000,99.130000,99.270000,22199,1.510000,-0.331325,99.554000,99.238000,100.474050,99.642190,1.619854,43.555685,0,train
AAPL,1440,2014-10-07,00:00:00,2014-10-07T00:00:00+00:00,99.790000,100.110000,98.670000,98.770000,21834,1.440000,-0.503677,99.184000,99.212100,100.376350,99.483610,0.916497,36.544390,1,train
AAPL,1440,2014-10-08,00:00:00,2014-10-08T00:00:00+00:00,98.980000,101.070000,98.290000,100.700000,24695,2.780000,1.954035,99.482000,99.461800,100.374400,99.704772,1.055663,44.297118,0,train
AAPL,1440,2014-10-09,00:00:00,2014-10-09T00:00:00+00:00,100.780000,102.340000,100.480000,100.490000,40311,1.860000,-0.208540,99.766000,99.608000,100.361250,99.847541,1.043250,42.740896,1,train
AAPL,1440,2014-10-10,00:00:00,2014-10-10T00:00:00+00:00,100.230000,101.990000,100.230000,100.710000,40464,1.760000,0.218927,99.988000,99.842000,100.322800,100.004351,1.003106,40.531023,0,train
AAPL,1440,2014-10-13,00:00:00,2014-10-13T00:00:00+00:00,101.370000,101.740000,99.650000,99.810000,43049,2.090000,-0.893655,100.096000,99.825000,100.228700,99.969015,0.927935,53.639668,0,train
AAPL,1440,2014-10-14,00:00:00,2014-10-14T00:00:00+00:00,100.470000,100.510000,98.550000,99.080000,38264,1.960000,-0.731390,100.158000,99.671000,100.130900,99.807376,0.921988,54.123954,0,train
AAPL,1440,2014-10-15,00:00:00,2014-10-15T00:00:00+00:00,99.210000,99.210000,95.160000,96.940000,61987,4.050000,-2.159871,99.406000,99.444000,99.864800,99.286035,1.057583,41.262136,0,train
AAPL,1440,2014-10-16,00:00:00,2014-10-16T00:00:00+00:00,95.600000,97.690000,95.280000,96.080000,37507,2.410000,-0.887147,98.524000,99.145000,99.549500,98.703119,1.077051,40.576132,1,train
AAPL,1440,2014-10-17,00:00:00,2014-10-17T00:00:00+00:00,97.340000,98.970000,96.790000,97.630000,19686,2.180000,1.613239,97.908000,98.948000,99.299450,98.508007,1.215138,40.281224,1,train
AAPL,1440,2014-10-20,00:00:00,2014-10-20T00:00:00+00:00,98.280000,101.520000,97.990000,100.820000,17395,3.530000,3.267438,98.110000,99.103000,99.170500,98.928369,1.631257,50.683060,1,train
AAPL,1440,2014-10-21,00:00:00,2014-10-21T00:00:00+00:00,102.190000,103.110000,101.230000,102.520000,18243,1.880000,1.686173,98.798000,99.478000,99.345050,99.581393,1.677558,61.085064,1,train
AAPL,1440,2014-10-22,00:00:00,2014-10-22T00:00:00+00:00,102.600000,104.070000,102.390000,102.980000,15852,1.680000,0.448693,100.006000,99.706000,99.583900,100.199321,1.586266,62.819672,1,train
AAPL,1440,2014-10-23,00:00:00,2014-10-23T00:00:00+00:00,103.820000,105.020000,103.600000,104.880000,13361,1.420000,1.845018,101.766000,100.145000,99.876500,101.050354,1.653894,65.884477,1,train
AAPL,1440,2014-10-24,00:00:00,2014-10-24T00:00:00+00:00,105.170000,105.440000,104.490000,105.180000,11339,0.950000,0.286041,103.276000,100.592000,100.217000,101.801199,1.653030,67.811935,0,train
AAPL,1440,2014-10-27,00:00:00,2014-10-27T00:00:00+00:00,104.880000,105.440000,104.570000,105.060000,12263,0.870000,-0.114090,104.124000,101.117000,100.471000,102.393708,1.600297,69.401604,1,train
AAPL,1440,2014-10-28,00:00:00,2014-10-28T00:00:00+00:00,105.320000,106.710000,105.280000,106.670000,9230,1.430000,1.532458,104.954000,101.876000,100.773500,103.171216,1.562429,68.785400,1,train
AAPL,1440,2014-10-29,00:00:00,2014-10-29T00:00:00+00:00,106.640000,107.330000,106.330000,107.140000,13425,1.000000,0.440611,105.786000,102.896000,101.170000,103.892813,1.197843,70.588235,0,train
AAPL,1440,2014-10-30,00:00:00,2014-10-30T00:00:00+00:00,106.900000,107.310000,105.870000,106.820000,13718,1.440000,-0.298675,106.174000,103.970000,101.557500,104.425029,1.105045,68.800000,1,train
AAPL,1440,2014-10-31,00:00:00,2014-10-31T00:00:00+00:00,107.830000,108.090000,107.180000,107.930000,8639,0.910000,1.039131,106.724000,105.000000,101.974000,105.062296,1.088515,74.665857,1,train
AAPL,1440,2014-11-03,00:00:00,2014-11-03T00:00:00+00:00,108.040000,109.860000,107.980000,109.310000,11036,1.880000,1.278607,107.574000,105.849000,102.476000,105.834606,0.764302,79.894798,0,train
AAPL,1440,2014-11-04,00:00:00,2014-11-04T00:00:00+00:00,109.110000,109.470000,107.690000,108.440000,9225,1.780000,-0.795902,107.928000,106.441000,102.959500,106.308314,0.848162,86.300505,1,train
AAPL,1440,2014-11-05,00:00:00,2014-11-05T00:00:00+00:00,109.040000,109.230000,108.090000,108.780000,10326,1.140000,0.313537,108.256000,107.021000,103.363500,106.757711,0.851313,91.449086,0,train
AAPL,1440,2014-11-06,00:00:00,2014-11-06T00:00:00+00:00,108.340000,108.710000,107.760000,108.600000,8581,0.950000,-0.165472,108.612000,107.393000,103.769000,107.092673,0.742667,89.318996,1,train
AAPL,1440,2014-11-07,00:00:00,2014-11-07T00:00:00+00:00,108.570000,109.280000,108.450000,108.960000,8632,0.830000,0.331492,108.818000,107.771000,104.181500,107.432187,0.742360,86.600719,0,train
AAPL,1440,2014-11-10,00:00:00,2014-11-10T00:00:00+00:00,109.140000,109.290000,108.640000,108.780000,6756,0.650000,-0.165198,108.712000,108.143000,104.630000,107.677244,0.746123,82.604167,1,train
AAPL,1440,2014-11-11,00:00:00,2014-11-11T00:00:00+00:00,108.720000,109.750000,108.370000,109.680000,7399,1.380000,0.827358,108.960000,108.444000,105.160000,108.041381,0.649080,83.366534,1,train
AAPL,1440,2014-11-12,00:00:00,2014-11-12T00:00:00+00:00,109.360000,111.390000,109.320000,111.280000,8519,2.070000,1.458789,109.460000,108.858000,105.877000,108.630221,0.749126,82.854209,1,train
AAPL,1440,2014-11-13,00:00:00,2014-11-13T00:00:00+00:00,111.370000,113.410000,111.320000,112.770000,16641,2.090000,1.338965,110.294000,109.453000,106.711500,109.382908,0.762582,84.720952,1,train
AAPL,1440,2014-11-14,00:00:00,2014-11-14T00:00:00+00:00,112.820000,114.230000,112.770000,114.230000,8686,1.460000,1.294671,111.348000,110.083000,107.541500,110.264198,0.784893,87.367563,0,train
AAPL,1440,2014-11-17,00:00:00,2014-11-17T00:00:00+00:00,114.500000,115.040000,113.260000,113.780000,14061,1.780000,-0.393942,112.348000,110.530000,108.189500,110.903434,0.795645,81.998200,1,train
AAPL,1440,2014-11-18,00:00:00,2014-11-18T00:00:00+00:00,113.960000,115.650000,113.780000,115.370000,8677,1.870000,1.397434,113.486000,111.223000,108.832000,111.715537,0.727374,83.646770,0,train
AAPL,1440,2014-11-19,00:00:00,2014-11-19T00:00:00+00:00,115.380000,115.690000,113.770000,114.730000,15093,1.920000,-0.554737,114.176000,111.818000,109.419500,112.263621,0.815059,81.513944,1,train
AAPL,1440,2014-11-20,00:00:00,2014-11-20T00:00:00+00:00,114.840000,116.820000,114.770000,116.320000,12410,2.050000,1.385862,114.886000,112.590000,109.991500,113.001145,0.814147,82.194935,0,train
AAPL,1440,2014-11-21,00:00:00,2014-11-21T00:00:00+00:00,117.080000,117.650000,116.000000,116.310000,17058,1.650000,-0.008597,115.302000,113.325000,110.548000,113.602755,0.837647,80.017153,1,train
AAPL,1440,2014-11-24,00:00:00,2014-11-24T00:00:00+00:00,116.810000,118.730000,116.590000,118.490000,10382,2.140000,1.874301,116.244000,114.296000,111.219500,114.491345,0.862838,88.743254,0,train
AAPL,1440,2014-11-25,00:00:00,2014-11-25T00:00:00+00:00,118.940000,119.710000,117.420000,117.690000,19754,2.290000,-0.675162,116.708000,115.097000,111.770500,115.072919,0.990867,83.172003,1,train
AAPL,1440,2014-11-26,00:00:00,2014-11-26T00:00:00+00:00,118.020000,119.060000,117.800000,118.970000,10750,1.260000,1.087603,117.556000,115.866000,112.362000,115.781479,0.966424,85.684790,0,train
AAPL,1440,2014-11-28,00:00:00,2014-11-28T00:00:00+00:00,119.340000,119.360000,118.020000,118.910000,8099,1.340000,-0.050433,118.074000,116.480000,112.966500,116.350301,0.960158,84.961349,0,train
AAPL,1440,2014-12-01,00:00:00,2014-12-01T00:00:00+00:00,118.570000,119.210000,111.220000,114.950000,28673,7.990000,-3.330250,117.802000,116.552000,113.317500,116.095701,1.510249,67.129373,0,train
AAPL,1440,2014-12-02,00:00:00,2014-12-02T00:00:00+00:00,114.240000,115.710000,112.710000,114.640000,20061,3.000000,-0.269682,117.032000,116.638000,113.584000,115.831028,1.506485,64.236510,1,train
AAPL,1440,2014-12-03,00:00:00,2014-12-03T00:00:00+00:00,114.330000,116.310000,114.190000,115.820000,17505,2.120000,1.029309,116.658000,116.683000,113.953000,115.829023,1.475038,63.352941,0,train
AAPL,1440,2014-12-04,00:00:00,2014-12-04T00:00:00+00:00,116.030000,117.160000,115.200000,115.370000,14302,1.960000,-0.388534,115.938000,116.747000,114.282500,115.745564,1.468403,58.145363,0,train
AAPL,1440,2014-12-05,00:00:00,2014-12-05T00:00:00+00:00,115.680000,116.130000,114.610000,114.940000,12194,1.520000,-0.372714,115.144000,116.609000,114.599500,115.599098,1.396228,52.377763,0,train
AAPL,1440,2014-12-08,00:00:00,2014-12-08T00:00:00+00:00,114.410000,114.590000,111.590000,112.380000,19321,3.000000,-2.227249,114.630000,116.216000,114.770500,115.013807,1.546446,45.892019,1,train
AAPL,1440,2014-12-09,00:00:00,2014-12-09T00:00:00+00:00,110.820000,114.260000,109.310000,114.050000,24180,4.950000,1.486030,114.512000,115.772000,115.034000,114.838570,1.488684,46.144860,0,train
AAPL,1440,2014-12-10,00:00:00,2014-12-10T00:00:00+00:00,114.290000,114.820000,111.530000,111.910000,24635,3.290000,-1.876370,113.730000,115.194000,115.145500,114.306102,1.562572,42.427497,0,train
AAPL,1440,2014-12-11,00:00:00,2014-12-11T00:00:00+00:00,112.350000,113.780000,111.150000,111.150000,19432,2.630000,-0.679117,112.886000,114.412000,115.139000,113.732266,1.460790,35.469365,0,train
AAPL,1440,2014-12-12,00:00:00,2014-12-12T00:00:00+00:00,110.700000,111.840000,109.580000,109.720000,26945,2.260000,-1.286550,111.842000,113.493000,114.986500,113.002763,1.455023,32.847475,0,train
AAPL,1440,2014-12-15,00:00:00,2014-12-15T00:00:00+00:00,110.690000,111.590000,106.370000,108.050000,38773,5.220000,-1.522056,110.976000,112.803000,114.677500,112.102260,1.193285,22.085561,0,train
AAPL,1440,2014-12-16,00:00:00,2014-12-16T00:00:00+00:00,107.000000,110.140000,106.270000,106.650000,34352,3.870000,-1.295696,109.496000,112.004000,114.321000,111.110940,1.204761,21.398964,1,train
AAPL,1440,2014-12-17,00:00:00,2014-12-17T00:00:00+00:00,107.370000,109.830000,106.810000,109.420000,32246,3.020000,2.597281,108.998000,111.364000,114.023500,110.803497,1.518055,27.032227,1,train
AAPL,1440,2014-12-18,00:00:00,2014-12-18T00:00:00+00:00,111.250000,112.640000,110.660000,112.500000,20115,1.980000,2.814842,109.268000,111.077000,113.912000,111.111952,1.857477,36.539269,0,train
AAPL,1440,2014-12-19,00:00:00,2014-12-19T00:00:00+00:00,113.030000,113.230000,111.600000,111.780000,18610,1.630000,-0.640000,109.680000,110.761000,113.685000,111.233415,1.861579,42.294604,1,train
AAPL,1440,2014-12-22,00:00:00,2014-12-22T00:00:00+00:00,112.080000,113.480000,111.950000,112.750000,12430,1.530000,0.867776,110.620000,110.798000,113.507000,111.509158,1.752809,45.548752,0,train
AAPL,1440,2014-12-23,00:00:00,2014-12-23T00:00:00+00:00,113.070000,113.310000,112.460000,112.500000,10829,0.850000,-0.221729,111.790000,110.643000,113.207500,111.689311,1.678607,41.822660,0,train
AAPL,1440,2014-12-24,00:00:00,2014-12-24T00:00:00+00:00,112.660000,112.760000,112.010000,112.140000,4486,0.750000,-0.320000,112.334000,110.666000,112.930000,111.771254,1.566503,42.008906,1,train
AAPL,1440,2014-12-26,00:00:00,2014-12-26T00:00:00+00:00,112.030000,114.510000,112.010000,114.010000,8305,2.500000,1.667558,112.636000,110.952000,112.682000,112.178299,1.622978,47.852194,0,train
AAPL,1440,2014-12-29,00:00:00,2014-12-29T00:00:00+00:00,113.750000,114.760000,113.660000,113.940000,9861,1.100000,-0.061398,113.068000,111.374000,112.433500,112.498608,1.536694,54.070981,0,train
AAPL,1440,2014-12-30,00:00:00,2014-12-30T00:00:00+00:00,113.730000,113.910000,112.110000,112.430000,12270,1.800000,-1.325259,113.004000,111.812000,112.307500,112.486134,1.510543,45.736842,0,train
AAPL,1440,2014-12-31,00:00:00,2014-12-31T00:00:00+00:00,112.860000,113.100000,111.170000,111.280000,7842,1.930000,-1.022859,112.760000,112.275000,112.139500,112.266837,1.478468,48.250972,0,train
AAPL,1440,2015-01-02,00:00:00,2015-01-02T00:00:00+00:00,111.110000,111.500000,107.350000,109.040000,22654,4.150000,-2.012940,112.140000,112.237000,111.800500,111.680139,1.447990,44.586968,0,train
AAPL,1440,2015-01-05,00:00:00,2015-01-05T00:00:00+00:00,108.970000,108.970000,105.400000,106.550000,24923,3.570000,-2.283566,110.648000,111.642000,111.359500,110.747387,1.215778,42.287105,0,train
AAPL,1440,2015-01-06,00:00:00,2015-01-06T00:00:00+00:00,106.560000,107.400000,104.630000,106.190000,32243,2.770000,-0.337870,109.098000,111.083000,110.922000,109.918771,1.216639,45.166320,1,train
AAPL,1440,2015-01-07,00:00:00,2015-01-07T00:00:00+00:00,107.220000,108.180000,106.690000,107.840000,25146,1.490000,1.553819,108.180000,110.592000,110.695000,109.540813,1.317788,53.052848,1,train
AAPL,1440,2015-01-08,00:00:00,2015-01-08T00:00:00+00:00,108.930000,112.140000,108.710000,112.000000,19665,3.430000,3.857567,108.324000,110.542000,110.592500,109.987938,1.896115,56.178161,0,train
AAPL,1440,2015-01-09,00:00:00,2015-01-09T00:00:00+00:00,111.890000,113.240000,110.210000,111.980000,27204,3.030000,-0.017857,108.912000,110.526000,110.596000,110.350131,1.893359,48.540965,0,train
AAPL,1440,2015-01-12,00:00:00,2015-01-12T00:00:00+00:00,112.200000,112.550000,108.800000,109.350000,24807,3.750000,-2.348634,109.472000,110.060000,110.506000,110.168289,1.926409,43.841865,1,train
AAPL,1440,2015-01-13,00:00:00,2015-01-13T00:00:00+00:00,110.430000,112.790000,108.900000,110.350000,28652,3.890000,0.914495,110.304000,109.701000,110.537500,110.201327,1.969694,43.927126,0,train
AAPL,1440,2015-01-14,00:00:00,2015-01-14T00:00:00+00:00,109.540000,110.480000,108.510000,109.930000,33747,1.970000,-0.380607,110.722000,109.451000,110.631500,110.151995,1.937574,43.552434,0,train
AAPL,1440,2015-01-15,00:00:00,2015-01-15T00:00:00+00:00,109.549000,110.309000,106.659000,106.819000,33397,3.650000,-2.829983,109.685800,109.004900,110.639950,109.545996,2.099538,38.269918,0,train
AAPL,1440,2015-01-16,00:00:00,2015-01-16T00:00:00+00:00,106.599000,107.569000,105.199000,105.999000,24712,2.370000,-0.767654,108.489600,108.700800,110.468900,108.901088,2.028205,31.482594,1,train
AAPL,1440,2015-01-20,00:00:00,2015-01-20T00:00:00+00:00,107.399000,109.099000,106.499000,109.009000,25027,2.600000,2.839649,108.421400,108.946700,110.294350,108.920708,2.106923,39.965813,1,train
AAPL,1440,2015-01-21,00:00:00,2015-01-21T00:00:00+00:00,109.279000,111.039000,108.279000,109.499000,24045,2.760000,0.449504,108.251200,109.277600,110.180300,109.025852,2.097274,43.777334,1,train
AAPL,1440,2015-01-22,00:00:00,2015-01-22T00:00:00+00:00,109.889000,112.449000,109.719000,112.329000,24122,2.730000,2.584498,108.731000,109.726500,110.159250,109.626424,2.187640,52.078792,1,train
AAPL,1440,2015-01-23,00:00:00,2015-01-23T00:00:00+00:00,112.669000,113.739000,111.519000,112.759000,19870,2.220000,0.382804,109.919000,109.802400,110.172200,110.195984,1.829366,57.939456,1,train
AAPL,1440,2015-01-26,00:00:00,2015-01-26T00:00:00+00:00,113.719000,114.349000,112.799000,113.259000,17907,1.550000,0.443424,111.371000,109.930300,110.228150,110.752896,1.832364,65.652559,1,train
AAPL,1440,2015-01-27,00:00:00,2015-01-27T00:00:00+00:00,112.369000,116.329000,109.029000,114.589000,31130,7.300000,1.174300,112.487000,110.454200,110.257100,111.450369,1.630701,68.746931,1,train
AAPL,1440,2015-01-28,00:00:00,2015-01-28T00:00:00+00:00,117.749000,118.319000,115.209000,115.329000,37728,3.110000,0.645786,113.653000,110.952100,110.326550,112.155575,1.624969,67.423573,1,train
AAPL,1440,2015-01-29,00:00:00,2015-01-29T00:00:00+00:00,116.229000,119.179000,115.559000,118.949000,26669,3.620000,3.138846,114.977000,111.854000,110.652500,113.390743,1.796190,66.583934,0,train
AAPL,1440,2015-01-30,00:00:00,2015-01-30T00:00:00+00:00,118.309000,119.989000,116.839000,117.209000,31922,3.150000,-1.462812,115.867000,112.893000,110.948950,114.084972,1.519378,61.532354,1,train
AAPL,1440,2015-02-02,00:00:00,2015-02-02T00:00:00+00:00,117.669000,118.639000,116.079000,118.559000,33256,2.560000,1.151789,116.927000,114.149000,111.424900,114.898431,1.395470,71.525408,0,train
AAPL,1440,2015-02-03,00:00:00,2015-02-03T00:00:00+00:00,118.709000,119.079000,117.599000,118.329000,24364,1.480000,-0.193996,117.675000,115.081000,112.013850,115.522171,1.310844,69.346782,1,train
AAPL,1440,2015-02-04,00:00:00,2015-02-04T00:00:00+00:00,118.219000,120.489000,117.949000,119.339000,23762,2.540000,0.853552,118.477000,116.065000,112.671300,116.216140,1.303973,72.179529,1,train
AAPL,1440,2015-02-05,00:00:00,2015-02-05T00:00:00+00:00,119.759000,120.229000,119.249000,119.699000,16780,0.980000,0.301662,118.627000,116.802000,113.264250,116.849387,1.163032,84.886241,0,train
AAPL,1440,2015-02-06,00:00:00,2015-02-06T00:00:00+00:00,119.679000,120.239000,118.449000,118.899000,20409,1.790000,-0.668343,118.965000,117.416000,113.609200,117.222044,1.234519,84.978308,1,train
AAPL,1440,2015-02-09,00:00:00,2015-02-09T00:00:00+00:00,118.689000,119.829000,118.379000,119.769000,19951,1.450000,0.731713,119.207000,118.067000,113.998650,117.685127,1.235420,83.006135,1,train
AAPL,1440,2015-02-10,00:00:00,2015-02-10T00:00:00+00:00,120.399000,122.179000,120.139000,122.129000,17045,2.040000,1.970460,119.967000,118.821000,114.637600,118.493104,1.302709,84.755091,1,train
AAPL,1440,2015-02-11,00:00:00,2015-02-11T00:00:00+00:00,122.509000,125.229000,122.329000,125.129000,22238,2.900000,2.456419,121.125000,119.801000,115.376550,119.699630,1.422834,84.896401,1,train
AAPL,1440,2015-02-12,00:00:00,2015-02-12T00:00:00+00:00,125.959000,127.469000,125.559000,126.349000,25062,1.910000,0.974994,122.455000,120.541000,116.197500,120.908607,1.175357,85.520125,1,train
AAPL,1440,2015-02-13,00:00:00,2015-02-13T00:00:00+00:00,126.899000,127.239000,125.639000,126.999000,17955,1.600000,0.514448,124.075000,121.520000,117.206500,122.015951,0.927882,85.632780,1,train
AAPL,1440,2015-02-17,00:00:00,2015-02-17T00:00:00+00:00,128.139000,128.869000,126.929000,127.709000,19558,1.940000,0.559060,125.663000,122.435000,118.292000,123.051051,0.922487,85.155413,1,train
AAPL,1440,2015-02-18,00:00:00,2015-02-18T00:00:00+00:00,127.499000,128.769000,127.339000,128.549000,16284,1.430000,0.657745,126.947000,123.457000,119.269000,124.050678,0.863049,85.234542,0,train
AAPL,1440,2015-02-19,00:00:00,2015-02-19T00:00:00+00:00,128.439000,129.009000,128.299000,128.459000,11829,0.710000,-0.070012,127.613000,124.369000,120.217000,124.852191,0.909054,81.221274,1,train
AAPL,1440,2015-02-20,00:00:00,2015-02-20T00:00:00+00:00,128.589000,129.489000,128.049000,129.429000,15722,1.440000,0.755105,128.229000,125.342000,121.072000,125.684338,0.895816,92.254495,1,train
AAPL,1440,2015-02-23,00:00:00,2015-02-23T00:00:00+00:00,129.709000,133.009000,129.599000,132.969000,18026,3.410000,2.735090,129.423000,126.749000,122.082500,127.008822,0.926954,93.273273,0,train
AAPL,1440,2015-02-24,00:00:00,2015-02-24T00:00:00+00:00,132.519000,133.589000,131.159000,131.959000,22098,2.430000,-0.759576,130.273000,127.968000,123.017500,127.908854,1.101423,89.099254,0,train
AAPL,1440,2015-02-25,00:00:00,2015-02-25T00:00:00+00:00,131.859000,131.899000,128.149000,128.619000,20316,3.750000,-2.531089,130.287000,128.617000,123.719000,128.037972,1.499366,73.481781,1,train
AAPL,1440,2015-02-26,00:00:00,2015-02-26T00:00:00+00:00,129.439000,130.859000,126.609000,130.389000,28529,4.250000,1.376157,130.673000,129.143000,124.472000,128.465431,1.379186,75.247992,0,train
AAPL,1440,2015-02-27,00:00:00,2015-02-27T00:00:00+00:00,130.029000,130.559000,128.239000,128.399000,18937,2.320000,-1.526202,130.467000,129.348000,124.944500,128.453353,1.489946,71.243292,1,train
AAPL,1440,2015-03-02,00:00:00,2015-03-02T00:00:00+00:00,129.009000,130.259000,128.299000,128.999000,18637,1.960000,0.467293,129.673000,129.548000,125.534000,128.552562,1.488813,70.891806,1,train
AAPL,1440,2015-03-03,00:00:00,2015-03-03T00:00:00+00:00,128.819000,129.509000,128.089000,129.249000,18634,1.420000,0.193800,129.131000,129.702000,126.068500,128.679187,1.482575,67.817818,0,train
AAPL,1440,2015-03-04,00:00:00,2015-03-04T00:00:00+00:00,128.949000,129.539000,128.319000,128.449000,15635,1.220000,-0.618960,129.097000,129.692000,126.574500,128.637335,1.487028,59.336333,0,train
AAPL,1440,2015-03-05,00:00:00,2015-03-05T00:00:00+00:00,128.849000,128.859000,125.759000,126.299000,20382,3.100000,-1.673816,128.279000,129.476000,126.922500,128.212183,1.579301,49.866382,1,train
AAPL,1440,2015-03-06,00:00:00,2015-03-06T00:00:00+00:00,127.099000,129.419000,126.259000,126.859000,29349,3.160000,0.443392,127.971000,129.219000,127.280500,127.966150,1.562256,49.624060,1,train
AAPL,1440,2015-03-09,00:00:00,2015-03-09T00:00:00+00:00,127.649000,129.549000,125.059000,127.299000,31251,4.490000,0.346842,127.631000,128.652000,127.700500,127.844850,1.207862,48.882834,0,train
AAPL,1440,2015-03-10,00:00:00,2015-03-10T00:00:00+00:00,126.299000,127.199000,123.799000,124.609000,29908,3.400000,-2.113135,126.703000,127.917000,127.942500,127.256513,1.319777,40.247525,0,train
AAPL,1440,2015-03-11,00:00:00,2015-03-11T00:00:00+00:00,125.059000,125.199000,122.099000,122.409000,27661,3.100000,-1.765523,125.495000,127.296000,127.956500,126.375147,1.210659,36.441058,1,train
AAPL,1440,2015-03-12,00:00:00,2015-03-12T00:00:00+00:00,122.429000,124.889000,121.629000,124.529000,22614,3.260000,1.731899,125.141000,126.710000,127.926500,126.039484,1.275007,39.556692,0,train
AAPL,1440,2015-03-13,00:00:00,2015-03-13T00:00:00+00:00,124.219000,125.389000,122.579000,123.559000,27872,2.810000,-0.778935,124.481000,126.226000,127.787000,125.588487,1.225972,27.477262,1,train
AAPL,1440,2015-03-16,00:00:00,2015-03-16T00:00:00+00:00,123.599000,124.939000,122.869000,124.649000,16394,2.070000,0.882170,123.951000,125.791000,127.669500,125.417671,1.264134,32.570339,1,train
AAPL,1440,2015-03-17,00:00:00,2015-03-17T00:00:00+00:00,125.149000,127.309000,125.149000,127.099000,17524,2.160000,1.965519,124.449000,125.576000,127.639000,125.723367,1.456097,46.215139,1,train
AAPL,1440,2015-03-18,00:00:00,2015-03-18T00:00:00+00:00,126.899000,129.149000,126.369000,128.559000,23959,2.780000,1.148711,125.679000,125.587000,127.639500,126.238937,1.500544,45.371775,0,train
AAPL,1440,2015-03-19,00:00:00,2015-03-19T00:00:00+00:00,128.699000,129.229000,127.299000,127.299000,17359,1.930000,-0.980095,126.233000,125.687000,127.581500,126.431676,1.427879,47.111345,0,train
AAPL,1440,2015-03-20,00:00:00,2015-03-20T00:00:00+00:00,128.039000,128.319000,125.899000,126.499000,14207,2.420000,-0.628442,126.821000,125.651000,127.435000,126.443916,1.438434,43.503119,1,train
AAPL,1440,2015-03-23,00:00:00,2015-03-23T00:00:00+00:00,126.849000,127.839000,126.509000,127.089000,13525,1.330000,0.466407,127.309000,125.630000,127.141000,126.561204,1.442305,44.484168,0,train
AAPL,1440,2015-03-24,00:00:00,2015-03-24T00:00:00+00:00,127.299000,128.019000,126.559000,126.699000,15150,1.460000,-0.306872,127.229000,125.839000,126.878000,126.586258,1.249470,45.435576,0,train
AAPL,1440,2015-03-25,00:00:00,2015-03-25T00:00:00+00:00,126.259000,126.809000,123.379000,123.849000,26159,3.430000,-2.249426,126.287000,125.983000,126.639500,126.088575,1.339067,43.834927,1,train
AAPL,1440,2015-03-26,00:00:00,2015-03-26T00:00:00+00:00,122.299000,124.859000,122.219000,124.289000,29444,2.640000,0.355271,125.685000,125.959000,126.334500,125.761379,1.221090,43.493671,0,train
AAPL,1440,2015-03-27,00:00:00,2015-03-27T00:00:00+00:00,124.559000,124.669000,122.909000,123.159000,19853,1.760000,-0.909171,125.017000,125.919000,126.072500,125.288220,1.230828,39.872798,1,train
AAPL,1440,2015-03-30,00:00:00,2015-03-30T00:00:00+00:00,124.029000,126.389000,123.999000,126.279000,15751,2.390000,2.533311,124.855000,126.082000,125.936500,125.468361,1.456242,54.000958,0,train
AAPL,1440,2015-03-31,00:00:00,2015-03-31T00:00:00+00:00,125.839000,126.469000,124.299000,124.449000,17380,2.170000,-1.449172,124.405000,125.817000,125.696500,125.283023,1.378785,54.975610,0,train
AAPL,1440,2015-04-01,00:00:00,2015-04-01T00:00:00+00:00,124.359000,125.109000,123.109000,124.349000,27082,2.000000,-0.080354,124.505000,125.396000,125.491500,125.113201,1.297385,49.512987,1,train
AAPL,1440,2015-04-02,00:00:00,2015-04-02T00:00:00+00:00,124.819000,125.549000,124.189000,125.319000,15489,1.360000,0.780063,124.711000,125.198000,125.442500,125.150619,1.317850,54.761905,1,train
AAPL,1440,2015-04-06,00:00:00,2015-04-06T00:00:00+00:00,124.329000,127.489000,124.329000,127.349000,14984,3.160000,1.619866,125.549000,125.283000,125.467000,125.550324,1.415131,56.951596,0,train
AAPL,1440,2015-04-07,00:00:00,2015-04-07T00:00:00+00:00,128.049000,128.109000,125.789000,125.809000,15902,2.320000,-1.209275,125.455000,125.155000,125.392500,125.597356,1.462193,46.515397,0,train
AAPL,1440,2015-04-08,00:00:00,2015-04-08T00:00:00+00:00,125.659000,126.379000,124.989000,125.709000,21218,1.390000,-0.079486,125.707000,125.056000,125.447500,125.617655,1.460239,41.690962,1,train
AAPL,1440,2015-04-09,00:00:00,2015-04-09T00:00:00+00:00,126.069000,126.839000,124.649000,126.799000,18893,2.190000,0.867082,126.197000,125.351000,125.667000,125.832445,1.262291,48.527680,1,train
AAPL,1440,2015-04-10,00:00:00,2015-04-10T00:00:00+00:00,125.949000,127.199000,125.259000,127.049000,14653,1.940000,0.197162,126.543000,125.627000,125.793000,126.053637,1.261716,51.673767,0,train
AAPL,1440,2015-04-13,00:00:00,2015-04-13T00:00:00+00:00,127.749000,128.539000,126.629000,126.819000,17515,1.910000,-0.181033,126.437000,125.993000,125.956000,126.192794,1.208761,49.159925,0,train
AAPL,1440,2015-04-14,00:00:00,2015-04-14T00:00:00+00:00,127.069000,127.249000,125.909000,126.299000,17146,1.340000,-0.410033,126.535000,125.995000,126.038500,126.212104,0.930889,48.765432,1,train
AAPL,1440,2015-04-15,00:00:00,2015-04-15T00:00:00+00:00,126.509000,127.119000,126.009000,126.859000,15566,1.110000,0.443392,126.765000,126.236000,126.026500,126.329722,0.782912,60.819554,0,train
AAPL,1440,2015-04-16,00:00:00,2015-04-16T00:00:00+00:00,126.569000,127.079000,126.089000,126.189000,14721,0.990000,-0.528145,126.643000,126.420000,125.908000,126.304136,0.812636,56.718529,0,train
AAPL,1440,2015-04-17,00:00:00,2015-04-17T00:00:00+00:00,126.029000,126.129000,124.459000,124.769000,22777,1.670000,-1.125296,126.187000,126.365000,125.781500,126.025020,0.869840,55.578656,1,train
AAPL,1440,2015-04-20,00:00:00,2015-04-20T00:00:00+00:00,125.329000,128.109000,125.179000,127.499000,16763,2.930000,2.188044,126.323000,126.380000,125.831500,126.293017,0.999277,54.344729,0,train
AAPL,1440,2015-04-21,00:00:00,2015-04-21T00:00:00+00:00,128.029000,128.189000,126.659000,126.809000,15320,1.530000,-0.541181,126.425000,126.480000,125.817500,126.386832,0.928032,59.147287,1,train
AAPL,1440,2015-04-22,00:00:00,2015-04-22T00:00:00+00:00,126.619000,128.859000,126.319000,128.229000,17247,2.540000,1.119794,126.699000,126.732000,125.894000,126.721771,0.980690,63.642757,1,train
AAPL,1440,2015-04-23,00:00:00,2015-04-23T00:00:00+00:00,128.949000,130.409000,128.679000,129.999000,14926,1.730000,1.380343,127.461000,127.052000,126.201500,127.317631,1.031428,65.579228,1,train
AAPL,1440,2015-04-24,00:00:00,2015-04-24T00:00:00+00:00,130.399000,130.619000,129.229000,130.339000,15709,1.390000,0.261540,128.575000,127.381000,126.504000,127.866971,1.031232,61.215304,1,train
AAPL,1440,2015-04-27,00:00:00,2015-04-27T00:00:00+00:00,132.389000,135.929000,129.949000,134.599000,24445,5.980000,3.268400,129.995000,128.159000,127.076000,129.090976,1.383712,77.383178,0,train
AAPL,1440,2015-04-28,00:00:00,2015-04-28T00:00:00+00:00,134.669000,134.709000,129.569000,130.249000,32929,5.140000,-3.231822,130.683000,128.554000,127.274500,129.301526,1.829708,61.182266,0,train
AAPL,1440,2015-04-29,00:00:00,2015-04-29T00:00:00+00:00,130.809000,131.579000,127.209000,127.649000,26639,4.370000,-1.996177,130.567000,128.633000,127.434500,129.001067,1.969260,51.948647,0,train
AAPL,1440,2015-04-30,00:00:00,2015-04-30T00:00:00+00:00,127.949000,128.089000,124.589000,124.999000,29696,3.500000,-2.076005,129.567000,128.514000,127.467000,128.273418,2.080049,45.766212,1,train
AAPL,1440,2015-05-01,00:00:00,2015-05-01T00:00:00+00:00,125.819000,129.019000,125.299000,128.979000,18252,3.720000,3.184025,129.295000,128.935000,127.650000,128.401706,2.275535,53.862661,0,train
AAPL,1440,2015-05-04,00:00:00,2015-05-04T00:00:00+00:00,129.629000,130.549000,128.249000,128.699000,19154,2.300000,-0.217090,128.115000,129.055000,127.717500,128.455759,2.185677,54.329004,0,train
AAPL,1440,2015-05-05,00:00:00,2015-05-05T00:00:00+00:00,128.279000,128.419000,125.769000,125.869000,22696,2.650000,-2.198929,127.239000,128.961000,127.720500,127.985439,2.300825,48.349450,0,train
AAPL,1440,2015-05-06,00:00:00,2015-05-06T00:00:00+00:00,126.659000,126.909000,123.359000,125.109000,28094,3.550000,-0.603802,126.731000,128.649000,127.690500,127.462450,2.267728,48.204787,1,train
AAPL,1440,2015-05-07,00:00:00,2015-05-07T00:00:00+00:00,124.619000,126.069000,124.009000,125.229000,20973,2.060000,0.095916,126.777000,128.172000,127.612000,127.056369,2.202258,50.799166,1,train
AAPL,1440,2015-05-08,00:00:00,2015-05-08T00:00:00+00:00,125.749000,127.589000,125.509000,127.409000,17251,2.080000,1.740811,126.463000,127.879000,127.630000,127.120483,2.295703,49.840595,0,train
AAPL,1440,2015-05-11,00:00:00,2015-05-11T00:00:00+00:00,127.319000,127.519000,125.619000,126.239000,16470,1.900000,-0.918302,125.971000,127.043000,127.601000,126.960214,1.947550,49.007315,0,train
AAPL,1440,2015-05-12,00:00:00,2015-05-12T00:00:00+00:00,125.569000,126.869000,124.809000,125.809000,20087,2.060000,-0.340624,125.959000,126.599000,127.576500,126.750902,1.718185,45.634921,1,train
AAPL,1440,2015-05-13,00:00:00,2015-05-13T00:00:00+00:00,126.159000,127.179000,125.869000,125.989000,18152,1.310000,0.143074,126.135000,126.433000,127.533000,126.612374,1.618380,42.326827,1,train
AAPL,1440,2015-05-14,00:00:00,2015-05-14T00:00:00+00:00,127.009000,128.939000,126.939000,128.799000,11489,2.000000,2.230353,126.849000,126.813000,127.663500,127.009943,1.612737,47.307692,0,train
AAPL,1440,2015-05-15,00:00:00,2015-05-15T00:00:00+00:00,128.859000,129.479000,128.219000,128.749000,13657,1.260000,-0.038820,127.117000,126.790000,127.862500,127.326135,1.257918,38.007380,1,train
AAPL,1440,2015-05-18,00:00:00,2015-05-18T00:00:00+00:00,128.239000,130.709000,128.239000,130.149000,15220,2.470000,1.087387,127.899000,126.935000,127.995000,127.839383,1.301041,49.766791,0,train
AAPL,1440,2015-05-19,00:00:00,2015-05-19T00:00:00+00:00,130.649000,130.859000,129.639000,130.079000,15540,1.220000,-0.053785,128.753000,127.356000,128.158500,128.246586,1.023514,56.425172,0,train
AAPL,1440,2015-05-20,00:00:00,2015-05-20T00:00:00+00:00,130.129000,130.969000,129.339000,130.059000,14324,1.630000,-0.015375,129.567000,127.851000,128.250000,128.576116,0.979565,65.540541,1,train
AAPL,1440,2015-05-21,00:00:00,2015-05-21T00:00:00+00:00,129.899000,131.619000,129.829000,131.389000,12379,1.790000,1.022613,130.085000,128.467000,128.319500,129.087549,0.992085,58.840792,1,train
AAPL,1440,2015-05-22,00:00:00,2015-05-22T00:00:00+00:00,131.879000,132.959000,131.369000,132.669000,51844,1.590000,0.974206,130.869000,128.993000,128.436000,129.738722,0.910599,63.568011,0,train
AAPL,1440,2015-05-26,00:00:00,2015-05-26T00:00:00+00:00,132.799000,132.889000,129.089000,129.699000,64622,3.800000,-2.238654,130.779000,129.339000,128.191000,129.731500,1.180250,62.965471,1,train
AAPL,1440,2015-05-27,00:00:00,2015-05-27T00:00:00+00:00,130.039000,132.249000,129.919000,131.929000,57489,2.330000,1.719366,131.149000,129.951000,128.275000,130.131045,1.238788,70.997537,0,train
AAPL,1440,2015-05-28,00:00:00,2015-05-28T00:00:00+00:00,131.319000,131.939000,131.079000,131.889000,54380,0.860000,-0.030319,131.515000,130.541000,128.487000,130.450674,1.245271,70.606436,0,train
AAPL,1440,2015-05-29,00:00:00,2015-05-29T00:00:00+00:00,131.389000,131.599000,129.879000,130.519000,56955,1.720000,-1.038752,131.341000,130.713000,128.763000,130.463097,1.156477,60.130293,0,train
AAPL,1440,2015-06-01,00:00:00,2015-06-01T00:00:00+00:00,130.949000,131.339000,130.019000,130.459000,54424,1.320000,-0.045970,130.899000,130.884000,128.837000,130.462352,1.156602,64.817416,0,train
AAPL,1440,2015-06-02,00:00:00,2015-06-02T00:00:00+00:00,130.079000,130.649000,129.309000,129.999000,57966,1.340000,-0.352601,130.959000,130.869000,128.902000,130.378106,1.114139,64.681149,1,train
AAPL,1440,2015-06-03,00:00:00,2015-06-03T00:00:00+00:00,130.649000,130.929000,129.869000,130.179000,55864,1.060000,0.138463,130.609000,130.879000,129.117500,130.341905,1.114880,64.681149,0,train
AAPL,1440,2015-06-04,00:00:00,2015-06-04T00:00:00+00:00,129.469000,130.569000,128.889000,129.399000,63051,1.680000,-0.599175,130.111000,130.813000,129.332000,130.170468,1.131706,52.450980,0,train
AAPL,1440,2015-06-05,00:00:00,2015-06-05T00:00:00+00:00,129.379000,129.709000,128.329000,128.659000,59762,1.380000,-0.571875,129.739000,130.540000,129.503500,129.895655,1.075491,49.651972,0,train
AAPL,1440,2015-06-08,00:00:00,2015-06-08T00:00:00+00:00,128.959000,129.199000,126.809000,127.799000,61955,2.390000,-0.668434,129.207000,130.053000,129.523000,129.514445,0.998114,40.516546,0,train
AAPL,1440,2015-06-09,00:00:00,2015-06-09T00:00:00+00:00,127.419000,128.069000,125.589000,127.399000,64163,2.480000,-0.312991,128.687000,129.823000,129.581000,129.129819,0.752921,39.465409,1,train
AAPL,1440,2015-06-10,00:00:00,2015-06-10T00:00:00+00:00,127.809000,129.329000,127.729000,128.909000,55374,1.600000,1.185253,128.433000,129.521000,129.736000,129.089670,0.608626,45.953554,0,train
AAPL,1440,2015-06-11,00:00:00,2015-06-11T00:00:00+00:00,129.149000,130.149000,128.459000,128.599000,52278,1.690000,-0.240480,128.273000,129.192000,129.866500,129.000457,0.604594,39.423806,0,train
AAPL,1440,2015-06-12,00:00:00,2015-06-12T00:00:00+00:00,128.349000,128.369000,127.069000,127.179000,51102,1.300000,-1.104208,127.977000,128.858000,129.785500,128.669283,0.614350,29.407352,0,train
AAPL,1440,2015-06-15,00:00:00,2015-06-15T00:00:00+00:00,126.299000,127.219000,125.679000,126.939000,56961,1.540000,-0.188710,127.805000,128.506000,129.695000,128.354686,0.610543,36.981132,1,train
AAPL,1440,2015-06-16,00:00:00,2015-06-16T00:00:00+00:00,126.549000,127.839000,126.339000,127.559000,49522,1.500000,0.488424,127.837000,128.262000,129.565500,128.210016,0.654472,25.695217,0,train
AAPL,1440,2015-06-17,00:00:00,2015-06-17T00:00:00+00:00,127.569000,127.869000,126.719000,126.979000,57265,1.150000,-0.454692,127.451000,127.942000,129.410500,127.986195,0.648512,24.239244,1,train
AAPL,1440,2015-06-18,00:00:00,2015-06-18T00:00:00+00:00,127.279000,128.299000,127.039000,127.829000,54252,1.260000,0.669402,127.297000,127.785000,129.299000,127.957614,0.694355,35.072142,0,train
AAPL,1440,2015-06-19,00:00:00,2015-06-19T00:00:00+00:00,128.059000,128.069000,126.329000,126.609000,55968,1.740000,-0.954400,127.183000,127.580000,129.060000,127.712411,0.731565,31.071780,1,train
AAPL,1440,2015-06-22,00:00:00,2015-06-22T00:00:00+00:00,127.259000,128.049000,127.049000,127.509000,49247,1.000000,0.710850,127.297000,127.551000,128.802000,127.675428,0.754323,38.265787,0,train
AAPL,1440,2015-06-23,00:00:00,2015-06-23T00:00:00+00:00,127.539000,127.589000,126.849000,127.019000,47398,0.740000,-0.384287,127.189000,127.513000,128.668000,127.556077,0.757728,35.531136,1,train
AAPL,1440,2015-06-24,00:00:00,2015-06-24T00:00:00+00:00,127.069000,129.789000,126.879000,128.309000,56876,2.910000,1.015596,127.455000,127.453000,128.487000,127.692972,0.728914,45.231846,0,train
AAPL,1440,2015-06-25,00:00:00,2015-06-25T00:00:00+00:00,128.769000,129.169000,127.469000,127.499000,52418,1.700000,-0.631289,127.389000,127.343000,128.267500,127.657705,0.750753,44.956522,0,train
AAPL,1440,2015-06-26,00:00:00,2015-06-26T00:00:00+00:00,127.459000,127.979000,126.479000,126.859000,52979,1.500000,-0.501965,127.439000,127.311000,128.084500,127.512486,0.680642,45.833333,0,train
AAPL,1440,2015-06-29,00:00:00,2015-06-29T00:00:00+00:00,125.299000,126.449000,124.449000,124.689000,62341,2.000000,-1.710561,126.875000,127.086000,127.796000,126.999125,0.866534,39.616858,1,train
AAPL,1440,2015-06-30,00:00:00,2015-06-30T00:00:00+00:00,125.529000,126.109000,124.829000,125.339000,65284,1.280000,0.521297,126.539000,126.864000,127.563000,126.697284,0.869390,35.356850,1,train
AAPL,1440,2015-07-01,00:00:00,2015-07-01T00:00:00+00:00,126.749000,126.929000,125.959000,126.469000,55758,0.970000,0.901555,126.171000,126.813000,127.377500,126.655778,0.924435,41.813989,0,train
AAPL,1440,2015-07-02,00:00:00,2015-07-02T00:00:00+00:00,126.509000,126.789000,125.739000,126.309000,47749,1.050000,-0.126513,125.933000,126.661000,127.223000,126.592727,0.890560,46.297872,0,train
AAPL,1440,2015-07-06,00:00:00,2015-07-06T00:00:00+00:00,125.429000,126.209000,124.799000,126.099000,57820,1.410000,-0.166259,125.781000,126.610000,127.095000,126.502959,0.841647,46.416382,0,train
AAPL,1440,2015-07-07,00:00:00,2015-07-07T00:00:00+00:00,125.809000,126.189000,123.749000,124.989000,68883,2.440000,-0.880261,125.841000,126.358000,126.954500,126.227693,0.834896,39.475839,0,train
AAPL,1440,2015-07-08,00:00:00,2015-07-08T00:00:00+00:00,124.859000,124.869000,122.469000,122.579000,68803,2.400000,-1.928170,125.289000,125.914000,126.713500,125.564295,0.999958,34.330484,0,train
AAPL,1440,2015-07-09,00:00:00,2015-07-09T00:00:00+00:00,123.799000,124.039000,119.219000,120.169000,68896,4.820000,-1.966079,124.029000,125.100000,126.276500,124.583332,0.991808,25.448718,1,train
AAPL,1440,2015-07-10,00:00:00,2015-07-10T00:00:00+00:00,121.549000,123.839000,121.179000,123.099000,61107,2.660000,2.438233,123.387000,124.660000,126.001500,124.313453,1.392063,39.861352,1,train
AAPL,1440,2015-07-13,00:00:00,2015-07-13T00:00:00+00:00,124.899000,125.779000,124.289000,125.519000,48948,1.490000,1.965897,123.271000,124.526000,125.918500,124.532644,1.568145,44.715879,1,train
AAPL,1440,2015-07-14,00:00:00,2015-07-14T00:00:00+00:00,125.749000,126.359000,125.009000,125.619000,52492,1.350000,0.079669,123.397000,124.619000,125.852500,124.730163,1.461810,46.203905,1,train
AAPL,1440,2015-07-15,00:00:00,2015-07-15T00:00:00+00:00,125.879000,127.139000,125.549000,126.999000,55824,1.590000,1.098560,124.281000,124.785000,125.824500,125.142679,1.492084,46.465192,1,train
AAPL,1440,2015-07-16,00:00:00,2015-07-16T00:00:00+00:00,127.729000,128.759000,127.319000,128.699000,55416,1.440000,1.338593,125.987000,125.008000,125.910500,125.789283,1.522897,53.089598,1,train
AAPL,1440,2015-07-17,00:00:00,2015-07-17T00:00:00+00:00,129.129000,129.649000,128.279000,129.599000,54247,1.370000,0.699306,127.287000,125.337000,125.999000,126.481959,1.526492,56.961382,1,train
AAPL,1440,2015-07-20,00:00:00,2015-07-20T00:00:00+00:00,132.029000,132.169000,131.899000,132.039000,630,0.270000,1.882731,128.591000,125.931000,126.270500,127.492330,1.597594,68.421053,0,train
AAPL,1440,2015-07-21,00:00:00,2015-07-21T00:00:00+00:00,132.929000,133.019000,119.149000,121.579000,65201,13.870000,-7.921902,127.783000,125.590000,125.974000,126.417179,3.102924,43.682796,1,train
AAPL,1440,2015-07-22,00:00:00,2015-07-22T00:00:00+00:00,121.729000,125.739000,121.079000,125.629000,72555,4.660000,3.331167,127.509000,125.895000,125.904500,126.273874,3.226610,48.714810,0,train
AAPL,1440,2015-07-23,00:00:00,2015-07-23T00:00:00+00:00,125.799000,127.059000,125.019000,125.339000,64805,2.040000,-0.230838,126.837000,126.412000,125.756000,126.103897,3.136937,48.521792,0,train
AAPL,1440,2015-07-24,00:00:00,2015-07-24T00:00:00+00:00,125.339000,125.729000,123.869000,124.599000,63540,1.860000,-0.590399,125.837000,126.562000,125.611000,125.830279,3.071108,47.750450,0,train
AAPL,1440,2015-07-27,00:00:00,2015-07-27T00:00:00+00:00,123.079000,123.599000,122.099000,122.909000,62728,1.500000,-1.356351,124.011000,126.301000,125.413500,125.299137,3.034153,46.933962,1,train
AAPL,1440,2015-07-28,00:00:00,2015-07-28T00:00:00+00:00,123.579000,123.899000,122.529000,123.329000,59571,1.370000,0.341716,124.361000,126.072000,125.345500,124.940931,3.037649,51.174444,0,train
AAPL,1440,2015-07-29,00:00:00,2015-07-29T00:00:00+00:00,123.089000,123.469000,122.229000,122.489000,59620,1.240000,-0.681105,123.733000,125.621000,125.203000,124.495125,3.008972,53.820817,1,train
AAPL,1440,2015-07-30,00:00:00,2015-07-30T00:00:00+00:00,122.499000,122.849000,121.679000,122.839000,58701,1.170000,0.285740,123.233000,125.035000,125.021500,124.194011,2.962602,49.532037,0,train
AAPL,1440,2015-07-31,00:00:00,2015-07-31T00:00:00+00:00,122.139000,122.679000,120.909000,121.459000,55660,1.770000,-1.123422,122.605000,124.221000,124.779000,123.696737,2.941810,42.408377,0,train
AAPL,1440,2015-08-03,00:00:00,2015-08-03T00:00:00+00:00,121.419000,122.539000,117.499000,118.379000,62459,5.040000,-2.535835,121.699000,122.855000,124.393000,122.729875,2.857038,37.819650,0,train
AAPL,1440,2015-08-04,00:00:00,2015-08-04T00:00:00+00:00,117.579000,117.849000,113.219000,114.239000,68298,4.630000,-3.497242,119.881000,122.121000,123.855500,121.186080,1.833502,30.357143,1,train
AAPL,1440,2015-08-05,00:00:00,2015-08-05T00:00:00+00:00,113.849000,117.429000,112.089000,115.229000,67268,5.340000,0.866604,118.429000,121.081000,123.488000,120.102974,1.346483,28.800755,0,train
AAPL,1440,2015-08-06,00:00:00,2015-08-06T00:00:00+00:00,115.699000,116.479000,114.079000,114.969000,59726,2.400000,-0.225638,116.855000,120.044000,123.228000,119.169525,1.346750,26.501767,1,train
AAPL,1440,2015-08-07,00:00:00,2015-08-07T00:00:00+00:00,114.909000,116.239000,114.469000,115.499000,51285,1.770000,0.460994,115.663000,119.134000,122.848000,118.502156,1.409008,21.697467,1,train
AAPL,1440,2015-08-10,00:00:00,2015-08-10T00:00:00+00:00,116.349000,119.969000,116.309000,119.529000,52132,3.660000,3.489208,115.893000,118.796000,122.548500,118.688855,1.917425,45.502413,0,train
AAPL,1440,2015-08-11,00:00:00,2015-08-11T00:00:00+00:00,117.839000,118.179000,113.319000,113.649000,70265,4.860000,-4.919308,115.775000,117.828000,121.950000,117.772518,2.395550,25.670187,1,train
AAPL,1440,2015-08-12,00:00:00,2015-08-12T00:00:00+00:00,112.029000,115.659000,109.649000,115.519000,75937,6.010000,1.645417,115.833000,117.131000,121.376000,117.362787,2.516981,31.259542,0,train
AAPL,1440,2015-08-13,00:00:00,2015-08-13T00:00:00+00:00,115.729000,116.359000,114.509000,115.029000,61923,1.850000,-0.424173,115.845000,116.350000,120.692500,116.938462,2.500581,31.560694,1,train
AAPL,1440,2015-08-14,00:00:00,2015-08-14T00:00:00+00:00,114.379000,116.299000,114.009000,115.969000,52730,2.290000,0.817185,115.939000,115.801000,120.011000,116.762197,2.532812,36.230159,1,train
AAPL,1440,2015-08-17,00:00:00,2015-08-17T00:00:00+00:00,116.129000,117.639000,115.469000,117.199000,54459,2.170000,1.060628,115.473000,115.683000,119.269000,116.841615,2.455076,38.216071,0,train
AAPL,1440,2015-08-18,00:00:00,2015-08-18T00:00:00+00:00,116.479000,117.419000,115.999000,116.499000,51771,1.420000,-0.597275,116.043000,115.909000,119.015000,116.779322,2.159035,38.422884,0,train
AAPL,1440,2015-08-19,00:00:00,2015-08-19T00:00:00+00:00,116.509000,116.529000,114.649000,114.869000,65348,1.880000,-1.399154,115.913000,115.873000,118.477000,116.431990,2.201796,35.322284,0,train
AAPL,1440,2015-08-20,00:00:00,2015-08-20T00:00:00+00:00,114.119000,114.379000,111.609000,112.399000,67605,2.770000,-2.150276,115.387000,115.616000,117.830000,115.698719,2.304538,33.958924,0,train
AAPL,1440,2015-08-21,00:00:00,2015-08-21T00:00:00+00:00,110.969000,111.869000,105.619000,106.189000,82007,6.250000,-5.524960,113.431000,114.685000,116.909500,113.969680,2.830648,30.570609,0,train
AAPL,1440,2015-08-24,00:00:00,2015-08-24T00:00:00+00:00,99.339000,108.749000,91.999000,103.749000,84349,16.750000,-2.297790,110.741000,113.107000,115.951500,112.111374,2.417692,32.322211,0,train
AAPL,1440,2015-08-25,00:00:00,2015-08-25T00:00:00+00:00,108.449000,111.079000,102.969000,103.339000,82121,8.110000,-0.395185,108.109000,112.076000,114.952000,110.516397,2.081511,29.563424,1,train
AAPL,1440,2015-08-26,00:00:00,2015-08-26T00:00:00+00:00,106.159000,109.879000,105.019000,109.809000,88121,4.860000,6.260947,107.097000,111.505000,114.318000,110.387779,3.016787,42.691218,1,train
AAPL,1440,2015-08-27,00:00:00,2015-08-27T00:00:00+00:00,111.679000,113.229000,109.999000,112.669000,81543,3.230000,2.604522,107.151000,111.269000,113.809500,110.802547,3.169509,46.239702,1,train
AAPL,1440,2015-08-28,00:00:00,2015-08-28T00:00:00+00:00,111.919000,113.430000,111.519000,113.079000,74589,1.911000,0.363898,108.529000,110.980000,113.390500,111.216447,3.157164,40.517495,0,train
AAPL,1440,2015-08-31,00:00:00,2015-08-31T00:00:00+00:00,112.400000,114.519000,111.829000,112.540000,73809,2.690000,-0.476658,110.287200,110.514100,113.098550,111.457093,3.125829,48.065855,0,train
AAPL,1440,2015-09-01,00:00:00,2015-09-01T00:00:00+00:00,110.219000,111.829000,107.340000,107.879000,80767,4.489000,-4.141639,111.195200,109.652100,112.780550,110.806531,3.348583,37.857597,1,train
AAPL,1440,2015-09-02,00:00:00,2015-09-02T00:00:00+00:00,109.469000,112.310000,109.109000,112.079000,75496,3.201000,3.893251,111.649200,109.373100,112.623050,111.037889,3.634566,45.806085,0,train
AAPL,1440,2015-09-03,00:00:00,2015-09-03T00:00:00+00:00,112.590000,113.099000,110.010000,110.340000,75180,3.089000,-1.551584,111.183400,109.167200,112.391600,110.911000,3.603420,42.175206,0,train
AAPL,1440,2015-09-04,00:00:00,2015-09-04T00:00:00+00:00,109.340000,110.439000,108.489000,109.029000,74301,1.950000,-1.188146,110.373400,109.451200,112.068100,110.568818,3.108498,38.668516,1,train
AAPL,1440,2015-09-08,00:00:00,2015-09-08T00:00:00+00:00,111.329000,112.549000,110.290000,112.349000,65149,2.259000,3.045061,110.335200,110.311200,111.709100,110.892488,3.069935,44.634083,0,train
AAPL,1440,2015-09-09,00:00:00,2015-09-09T00:00:00+00:00,113.450000,113.989000,109.749000,110.150000,75725,4.240000,-1.957294,110.789400,110.992300,111.534150,110.757490,3.177704,43.986850,1,train
AAPL,1440,2015-09-10,00:00:00,2015-09-10T00:00:00+00:00,110.029000,113.269000,109.599000,112.409000,74873,3.670000,2.050840,110.855400,111.252300,111.378650,111.057764,2.579492,50.012811,1,train
AAPL,1440,2015-09-11,00:00:00,2015-09-11T00:00:00+00:00,112.260000,114.189000,111.659000,114.069000,63917,2.530000,1.476750,111.601200,111.392300,111.330650,111.605262,2.488866,61.427577,1,train
AAPL,1440,2015-09-14,00:00:00,2015-09-14T00:00:00+00:00,115.599000,117.249000,114.849000,115.209000,65034,2.400000,0.999395,112.837200,111.605300,111.292650,112.260487,2.502966,67.270480,1,train
AAPL,1440,2015-09-15,00:00:00,2015-09-15T00:00:00+00:00,115.619000,116.519000,114.409000,116.359000,59153,2.110000,0.998186,113.639200,111.987200,111.250650,113.005671,2.501134,69.193349,0,train
AAPL,1440,2015-09-16,00:00:00,2015-09-16T00:00:00+00:00,116.039000,116.519000,115.439000,116.319000,56681,1.080000,-0.034376,114.873000,112.831200,111.241650,113.608095,1.957449,61.841531,0,train
AAPL,1440,2015-09-17,00:00:00,2015-09-17T00:00:00+00:00,115.699000,116.479000,113.689000,113.949000,63866,2.790000,-2.037500,115.181000,113.018200,111.195650,113.670077,1.799151,52.370546,0,train
AAPL,1440,2015-09-18,00:00:00,2015-09-18T00:00:00+00:00,112.809000,114.289000,111.799000,113.399000,68243,2.490000,-0.482672,115.047000,113.324100,111.245650,113.620791,1.714601,50.589579,1,train
AAPL,1440,2015-09-21,00:00:00,2015-09-21T00:00:00+00:00,114.079000,115.449000,113.559000,115.309000,65181,1.890000,1.684318,115.067000,113.952100,111.701650,113.927738,1.680275,54.856361,0,train
AAPL,1440,2015-09-22,00:00:00,2015-09-22T00:00:00+00:00,113.909000,114.159000,112.489000,113.399000,67077,1.670000,-1.656419,114.475000,114.057100,112.184150,113.831604,1.565982,60.715118,1,train
AAPL,1440,2015-09-23,00:00:00,2015-09-23T00:00:00+00:00,114.099000,114.709000,113.259000,114.159000,60478,1.450000,0.670200,114.043000,114.458000,112.725150,113.891130,1.392493,54.659916,1,train
AAPL,1440,2015-09-24,00:00:00,2015-09-24T00:00:00+00:00,113.309000,115.489000,112.339000,115.029000,69969,3.150000,0.762095,114.259000,114.720000,112.986150,114.098016,1.273913,60.930580,0,train
AAPL,1440,2015-09-25,00:00:00,2015-09-25T00:00:00+00:00,116.249000,116.679000,113.989000,114.649000,69195,2.690000,-0.330351,114.509000,114.778000,113.085150,114.198195,1.204973,63.695292,0,train
AAPL,1440,2015-09-28,00:00:00,2015-09-28T00:00:00+00:00,114.059000,115.109000,112.199000,112.559000,75788,2.910000,-1.822955,113.959000,114.513000,113.059150,113.900159,1.287497,50.544380,0,train
AAPL,1440,2015-09-29,00:00:00,2015-09-29T00:00:00+00:00,113.159000,113.499000,107.829000,108.979000,77220,5.670000,-3.180554,113.075000,113.775000,112.881100,113.005403,1.505995,47.167255,1,train
AAPL,1440,2015-09-30,00:00:00,2015-09-30T00:00:00+00:00,110.399000,111.519000,108.699000,109.619000,71341,2.820000,0.587269,112.167000,113.105000,112.968100,112.389693,1.546195,42.677165,0,train
AAPL,1440,2015-10-01,00:00:00,2015-10-01T00:00:00+00:00,108.679000,109.609000,107.279000,109.559000,73238,2.330000,-0.054735,111.073000,112.666000,112.842100,111.875022,1.463540,37.077364,1,train
AAPL,1440,2015-10-02,00:00:00,2015-10-02T00:00:00+00:00,110.029000,111.009000,107.509000,110.279000,74158,3.500000,0.657180,110.199000,112.354000,112.839050,111.584836,1.498823,35.525543,1,train
AAPL,1440,2015-10-05,00:00:00,2015-10-05T00:00:00+00:00,109.919000,111.359000,109.039000,110.339000,62628,2.320000,0.054407,109.755000,111.857000,112.904550,111.358320,1.343449,31.116688,1,train
AAPL,1440,2015-10-06,00:00:00,2015-10-06T00:00:00+00:00,110.429000,111.729000,109.729000,110.489000,65837,2.000000,0.135945,110.057000,111.566000,112.811550,111.200262,1.279913,31.838006,1,train
AAPL,1440,2015-10-07,00:00:00,2015-10-07T00:00:00+00:00,112.059000,112.109000,109.379000,110.699000,67695,2.730000,0.190064,110.273000,111.220000,112.839000,111.109124,1.250127,38.300936,0,train
AAPL,1440,2015-10-08,00:00:00,2015-10-08T00:00:00+00:00,110.549000,110.549000,108.189000,109.399000,65526,2.360000,-1.174356,110.241000,110.657000,112.688500,110.798192,1.216835,36.338798,1,train
AAPL,1440,2015-10-09,00:00:00,2015-10-09T00:00:00+00:00,109.969000,112.269000,109.479000,112.009000,61802,2.790000,2.385762,110.587000,110.393000,112.585500,111.018339,1.522194,39.243807,0,train
AAPL,1440,2015-10-12,00:00:00,2015-10-12T00:00:00+00:00,112.609000,112.739000,111.329000,111.619000,47440,1.410000,-0.348186,110.843000,110.299000,112.406000,111.127550,1.417730,43.560058,1,train
AAPL,1440,2015-10-13,00:00:00,2015-10-13T00:00:00+00:00,111.059000,112.439000,110.659000,111.699000,54910,1.780000,0.071672,111.085000,110.571000,112.173000,111.231450,0.907203,40.639269,0,train
AAPL,1440,2015-10-14,00:00:00,2015-10-14T00:00:00+00:00,111.129000,111.499000,109.529000,110.149000,65575,1.970000,-1.387658,110.975000,110.624000,111.864500,111.034641,1.032111,32.344428,1,train
AAPL,1440,2015-10-15,00:00:00,2015-10-15T00:00:00+00:00,110.899000,112.089000,110.469000,111.789000,60376,1.620000,1.488892,111.453000,110.847000,111.756500,111.171797,1.125421,40.517241,0,train
AAPL,1440,2015-10-16,00:00:00,2015-10-16T00:00:00+00:00,111.509000,111.909000,110.499000,110.999000,53856,1.410000,-0.706688,111.251000,110.919000,111.636500,111.140379,1.147283,44.339623,1,train
AAPL,1440,2015-10-19,00:00:00,2015-10-19T00:00:00+00:00,111.059000,111.729000,110.079000,111.609000,53239,1.650000,0.549555,111.249000,111.046000,111.451500,111.225583,1.157131,62.164662,1,train
AAPL,1440,2015-10-20,00:00:00,2015-10-20T00:00:00+00:00,112.099000,114.159000,110.689000,113.399000,59210,3.470000,1.603813,111.589000,111.337000,111.451500,111.620750,1.248781,65.802676,1,train
AAPL,1440,2015-10-21,00:00:00,2015-10-21T00:00:00+00:00,113.629000,115.569000,113.549000,113.649000,59909,2.020000,0.220460,112.289000,111.632000,111.426000,111.989523,1.248609,66.831276,1,train
AAPL,1440,2015-10-22,00:00:00,2015-10-22T00:00:00+00:00,114.119000,116.139000,113.989000,115.919000,59812,2.150000,1.997378,113.115000,112.284000,111.470500,112.703973,1.243687,70.583942,1,train
AAPL,1440,2015-10-23,00:00:00,2015-10-23T00:00:00+00:00,116.979000,119.219000,116.319000,118.999000,62098,2.900000,2.657028,114.715000,112.983000,111.688000,113.848523,1.289387,75.897129,0,train
AAPL,1440,2015-10-26,00:00:00,2015-10-26T00:00:00+00:00,118.049000,118.179000,114.889000,115.239000,58553,3.290000,-3.159690,115.441000,113.345000,111.822000,114.101337,1.747718,61.682243,1,train
AAPL,1440,2015-10-27,00:00:00,2015-10-27T00:00:00+00:00,115.689000,118.279000,110.869000,116.559000,60337,7.410000,1.145446,116.073000,113.831000,112.201000,114.548185,1.762767,63.666045,1,train
AAPL,1440,2015-10-28,00:00:00,2015-10-28T00:00:00+00:00,116.269000,119.349000,116.039000,119.049000,63523,3.310000,2.136257,117.153000,114.721000,112.672500,115.366515,1.707996,71.321255,1,train
AAPL,1440,2015-10-29,00:00:00,2015-10-29T00:00:00+00:00,118.389000,120.719000,118.259000,120.669000,55115,2.460000,1.360784,118.103000,115.609000,113.228000,116.330603,1.702671,70.009242,0,train
AAPL,1440,2015-10-30,00:00:00,2015-10-30T00:00:00+00:00,121.099000,121.309000,118.999000,119.209000,53701,2.310000,-1.209921,118.145000,116.430000,113.674500,116.853948,1.758044,66.710700,1,train
AAPL,1440,2015-11-02,00:00:00,2015-11-02T00:00:00+00:00,119.799000,121.349000,119.579000,120.999000,44503,1.770000,1.501564,119.297000,117.369000,114.207500,117.607594,1.772893,69.041769,1,train
AAPL,1440,2015-11-03,00:00:00,2015-11-03T00:00:00+00:00,120.589000,123.479000,120.469000,122.399000,50494,3.010000,1.157034,120.465000,118.269000,114.803000,118.478759,1.756650,75.236918,0,train
AAPL,1440,2015-11-04,00:00:00,2015-11-04T00:00:00+00:00,123.249000,123.779000,121.579000,121.949000,56358,2.200000,-0.367650,121.045000,119.099000,115.365500,119.109712,1.787069,72.010399,0,train
AAPL,1440,2015-11-05,00:00:00,2015-11-05T00:00:00+00:00,121.819000,122.679000,120.159000,121.249000,55771,2.520000,-0.574010,121.161000,119.632000,115.958000,119.498673,1.768034,72.292301,0,train
AAPL,1440,2015-11-06,00:00:00,2015-11-06T00:00:00+00:00,121.009000,121.789000,119.969000,120.999000,57481,1.820000,-0.206187,121.519000,119.832000,116.407500,119.771460,1.597129,70.746796,0,train
AAPL,1440,2015-11-09,00:00:00,2015-11-09T00:00:00+00:00,120.919000,121.799000,119.549000,119.849000,59066,2.250000,-0.950421,121.289000,120.293000,116.819000,119.785558,1.183256,64.665757,0,train
AAPL,1440,2015-11-10,00:00:00,2015-11-10T00:00:00+00:00,117.979000,118.059000,116.039000,116.709000,57958,2.020000,-2.619963,120.151000,120.308000,117.069500,119.226184,1.481072,56.149518,0,train
AAPL,1440,2015-11-11,00:00:00,2015-11-11T00:00:00+00:00,115.999000,117.399000,115.179000,115.809000,57305,2.220000,-0.771149,118.923000,119.984000,117.352500,118.604878,1.293583,49.766057,0,train
AAPL,1440,2015-11-12,00:00:00,2015-11-12T00:00:00+00:00,115.859000,116.809000,115.469000,115.649000,55355,1.340000,-0.138159,117.803000,119.482000,117.545500,118.067445,1.164258,41.864983,0,train
AAPL,1440,2015-11-13,00:00:00,2015-11-13T00:00:00+00:00,115.249000,115.599000,112.049000,112.049000,60931,3.550000,-3.112867,116.013000,118.766000,117.598000,116.973183,1.432673,42.192854,1,train
AAPL,1440,2015-11-16,00:00:00,2015-11-16T00:00:00+00:00,110.819000,114.229000,110.659000,114.029000,59307,3.570000,1.767084,114.849000,118.069000,117.719000,116.437877,1.477865,44.001897,0,train
AAPL,1440,2015-11-17,00:00:00,2015-11-17T00:00:00+00:00,114.709000,115.029000,113.309000,113.729000,54411,1.720000,-0.263091,114.253000,117.202000,117.735500,115.945354,1.355385,35.925926,1,train
AAPL,1440,2015-11-18,00:00:00,2015-11-18T00:00:00+00:00,115.369000,117.469000,115.289000,117.299000,55643,2.180000,3.139041,114.551000,116.737000,117.918000,116.191471,1.828707,41.918465,1,train
AAPL,1440,2015-11-19,00:00:00,2015-11-19T00:00:00+00:00,117.159000,119.739000,116.769000,118.699000,57877,2.970000,1.193531,115.161000,116.482000,118.057000,116.647385,1.891461,48.773449,1,train
AAPL,1440,2015-11-20,00:00:00,2015-11-20T00:00:00+00:00,118.759000,119.909000,118.679000,119.299000,52301,1.230000,0.505480,116.611000,116.312000,118.072000,117.129497,1.904388,45.663265,0,train
AAPL,1440,2015-11-23,00:00:00,2015-11-23T00:00:00+00:00,119.629000,119.709000,117.319000,117.799000,51661,2.390000,-1.257345,117.365000,116.107000,118.200000,117.251225,1.921564,38.324873,1,train
AAPL,1440,2015-11-24,00:00:00,2015-11-24T00:00:00+00:00,117.009000,119.329000,116.929000,118.669000,58367,2.400000,0.738546,118.353000,116.303000,118.305500,117.509002,1.726625,41.848907,0,train
AAPL,1440,2015-11-25,00:00:00,2015-11-25T00:00:00+00:00,118.989000,119.199000,117.889000,118.029000,45558,1.310000,-0.539315,118.499000,116.525000,118.254500,117.603547,1.713943,41.974078,0,train
AAPL,1440,2015-11-27,00:00:00,2015-11-27T00:00:00+00:00,118.399000,118.409000,117.519000,117.639000,26759,0.890000,-0.330427,118.287000,116.724000,118.103000,117.609993,1.719269,41.683168,1,train
AAPL,1440,2015-11-30,00:00:00,2015-11-30T00:00:00+00:00,118.049000,119.399000,117.679000,118.339000,50357,1.720000,0.595041,118.095000,117.353000,118.059500,117.742540,1.270488,46.177215,0,train
AAPL,1440,2015-12-01,00:00:00,2015-12-01T00:00:00+00:00,118.669000,118.799000,116.829000,117.259000,53236,1.970000,-0.912632,117.987000,117.676000,117.872500,117.654624,1.268997,51.554551,0,train
AAPL,1440,2015-12-02,00:00:00,2015-12-02T00:00:00+00:00,117.029000,118.099000,116.059000,116.349000,57670,2.040000,-0.776060,117.523000,117.938000,117.570000,117.417237,1.303595,51.525424,0,train
AAPL,1440,2015-12-03,00:00:00,2015-12-03T00:00:00+00:00,116.709000,116.839000,114.199000,115.289000,68379,2.640000,-0.911052,116.975000,117.737000,117.237000,117.030285,0.852359,49.032258,1,train
AAPL,1440,2015-12-04,00:00:00,2015-12-04T00:00:00+00:00,115.219000,119.239000,114.979000,118.959000,66579,4.260000,3.183305,117.239000,117.763000,117.122500,117.380961,1.313429,68.505624,0,train
AAPL,1440,2015-12-07,00:00:00,2015-12-07T00:00:00+00:00,118.819000,119.839000,117.789000,118.359000,62494,2.050000,-0.504375,117.243000,117.669000,116.990500,117.558786,1.311592,62.521689,0,train
AAPL,1440,2015-12-08,00:00:00,2015-12-08T00:00:00+00:00,117.009000,118.579000,116.719000,118.199000,63193,1.860000,-0.135182,117.431000,117.709000,116.908000,117.675189,1.245178,63.032070,0,train
AAPL,1440,2015-12-09,00:00:00,2015-12-09T00:00:00+00:00,117.929000,118.149000,115.059000,115.599000,70948,3.090000,-2.199680,117.281000,117.402000,116.852500,117.297700,1.399353,44.746601,1,train
AAPL,1440,2015-12-10,00:00:00,2015-12-10T00:00:00+00:00,116.009000,116.929000,115.489000,116.189000,63290,1.440000,0.510385,117.461000,117.218000,116.871500,117.096118,1.414778,41.834743,0,train
AAPL,1440,2015-12-11,00:00:00,2015-12-11T00:00:00+00:00,115.029000,115.409000,112.829000,113.149000,36006,2.580000,-2.616427,116.299000,116.769000,116.746500,116.378460,1.617657,32.734419,0,train
AAPL,1440,2015-12-14,00:00:00,2015-12-14T00:00:00+00:00,111.409000,112.659000,109.789000,112.429000,31714,2.870000,-0.636329,115.113000,116.178000,116.765500,115.660376,1.581944,34.233705,0,train
AAPL,1440,2015-12-15,00:00:00,2015-12-15T00:00:00+00:00,111.329000,112.759000,110.229000,110.509000,30890,2.530000,-1.707744,113.575000,115.503000,116.589500,114.723763,1.624411,27.433628,1,train
AAPL,1440,2015-12-16,00:00:00,2015-12-16T00:00:00+00:00,111.059000,111.949000,108.769000,110.999000,53222,3.180000,0.443403,112.655000,114.968000,116.453000,114.046533,1.653512,30.395984,0,train
AAPL,1440,2015-12-17,00:00:00,2015-12-17T00:00:00+00:00,112.109000,112.439000,108.619000,108.799000,51994,3.820000,-1.982000,111.177000,114.319000,116.028000,113.092436,1.719525,27.608916,0,train
AAPL,1440,2015-12-18,00:00:00,2015-12-18T00:00:00+00:00,108.509000,109.509000,105.669000,106.309000,53561,3.840000,-2.288624,109.809000,113.054000,115.408500,111.859084,1.180568,22.062239,1,train
AAPL,1440,2015-12-21,00:00:00,2015-12-21T00:00:00+00:00,107.079000,107.419000,105.559000,107.359000,48858,1.860000,0.987687,108.795000,111.954000,114.811500,111.040887,1.348229,26.976744,0,train
AAPL,1440,2015-12-22,00:00:00,2015-12-22T00:00:00+00:00,106.849000,107.709000,106.419000,107.229000,46321,1.290000,-0.121089,108.139000,110.857000,114.283000,110.347817,1.349197,27.992278,1,train
AAPL,1440,2015-12-23,00:00:00,2015-12-23T00:00:00+00:00,107.259000,108.839000,107.219000,108.599000,41853,1.620000,1.277639,107.659000,110.157000,113.779500,110.029850,1.439571,34.094151,0,train
AAPL,1440,2015-12-24,00:00:00,2015-12-24T00:00:00+00:00,108.799000,108.949000,107.919000,107.989000,21475,1.030000,-0.561699,107.497000,109.337000,113.277500,109.658786,1.385493,19.476906,0,train
AAPL,1440,2015-12-28,00:00:00,2015-12-28T00:00:00+00:00,107.539000,107.669000,106.149000,106.799000,41322,1.520000,-1.101964,107.595000,108.702000,112.735500,109.138825,1.229182,18.857759,1,train
AAPL,1440,2015-12-29,00:00:00,2015-12-29T00:00:00+00:00,106.979000,109.419000,106.979000,108.699000,40665,2.440000,1.779043,107.863000,108.329000,112.253500,109.058857,1.434639,26.600985,0,train
AAPL,1440,2015-12-30,00:00:00,2015-12-30T00:00:00+00:00,108.619000,108.649000,107.169000,107.279000,39261,1.480000,-1.306360,107.873000,108.006000,111.754500,108.735247,1.396850,28.242678,0,train
AAPL,1440,2015-12-31,00:00:00,2015-12-31T00:00:00+00:00,107.179000,107.179000,104.789000,105.219000,38034,2.390000,-1.920227,107.197000,107.428000,111.198000,108.095929,1.458085,23.360855,1,train
AAPL,1440,2016-01-04,00:00:00,2016-01-04T00:00:00+00:00,103.159000,105.699000,101.979000,105.539000,54320,3.720000,0.304128,106.707000,107.102000,110.710500,107.631033,1.381239,28.707331,0,train
AAPL,1440,2016-01-05,00:00:00,2016-01-05T00:00:00+00:00,105.139000,105.769000,102.389000,102.509000,51777,3.380000,-2.870977,105.849000,106.722000,109.888000,106.699754,1.483144,25.421209,0,train
AAPL,1440,2016-01-06,00:00:00,2016-01-06T00:00:00+00:00,100.389000,102.349000,99.839000,100.739000,54030,2.510000,-1.726678,104.257000,106.060000,109.007000,105.615981,1.458619,25.611583,0,train
AAPL,1440,2016-01-07,00:00:00,2016-01-07T00:00:00+00:00,97.899000,100.109000,95.579000,95.849000,58060,4.530000,-4.854128,101.971000,104.922000,107.889500,103.840166,1.959061,18.993041,1,train
AAPL,1440,2016-01-08,00:00:00,2016-01-08T00:00:00+00:00,97.579000,99.089000,96.759000,96.919000,57423,2.330000,1.116339,100.311000,103.754000,106.955500,102.581772,1.937876,24.506438,1,train
AAPL,1440,2016-01-11,00:00:00,2016-01-11T00:00:00+00:00,98.369000,98.889000,97.299000,98.379000,57026,1.590000,1.506413,98.879000,102.793000,106.065000,101.817632,2.106422,32.195779,1,train
AAPL,1440,2016-01-12,00:00:00,2016-01-12T00:00:00+00:00,100.209000,100.659000,98.799000,99.739000,57261,1.860000,1.382409,98.325000,102.087000,105.394500,101.439699,2.224148,33.126661,0,train
AAPL,1440,2016-01-13,00:00:00,2016-01-13T00:00:00+00:00,100.479000,101.179000,97.259000,97.389000,58873,3.920000,-2.356150,97.655000,100.956000,104.642500,100.703208,2.101527,30.161290,1,train
AAPL,1440,2016-01-14,00:00:00,2016-01-14T00:00:00+00:00,97.299000,100.469000,95.719000,98.519000,58187,4.750000,1.160295,98.189000,100.080000,104.043000,100.306079,2.212844,29.478827,0,train
AAPL,1440,2016-01-15,00:00:00,2016-01-15T00:00:00+00:00,97.449000,97.689000,95.339000,97.129000,60503,2.350000,-1.410895,98.231000,99.271000,103.349500,99.728429,2.190606,28.571429,0,train
AAPL,1440,2016-01-19,00:00:00,2016-01-19T00:00:00+00:00,98.559000,98.799000,95.469000,96.409000,57088,3.330000,-0.741282,97.837000,98.358000,102.730000,99.124896,2.158093,29.111379,1,train
AAPL,1440,2016-01-20,00:00:00,2016-01-20T00:00:00+00:00,94.719000,98.159000,93.389000,96.599000,62448,4.770000,0.197077,97.209000,97.767000,102.244500,98.665642,2.059337,23.877375,0,train
AAPL,1440,2016-01-21,00:00:00,2016-01-21T00:00:00+00:00,96.989000,97.809000,94.939000,96.299000,60094,2.870000,-0.310562,96.991000,97.323000,101.691500,98.235344,2.019467,25.090744,1,train
AAPL,1440,2016-01-22,00:00:00,2016-01-22T00:00:00+00:00,98.349000,101.479000,97.889000,101.429000,56389,3.590000,5.327158,97.573000,97.881000,101.401500,98.816008,2.106384,42.453206,0,train
AAPL,1440,2016-01-25,00:00:00,2016-01-25T00:00:00+00:00,101.129000,101.429000,99.199000,99.449000,53189,2.230000,-1.952104,98.037000,98.134000,100.944000,98.931098,2.239977,38.625327,1,train
AAPL,1440,2016-01-26,00:00:00,2016-01-26T00:00:00+00:00,99.809000,102.979000,96.729000,99.529000,58098,6.250000,0.080443,98.661000,98.249000,100.521000,99.039807,2.198245,43.744752,0,train
AAPL,1440,2016-01-27,00:00:00,2016-01-27T00:00:00+00:00,96.939000,97.159000,93.299000,93.479000,59729,3.860000,-6.078630,98.037000,97.623000,99.855000,98.028751,2.887067,37.081851,1,train
AAPL,1440,2016-01-28,00:00:00,2016-01-28T00:00:00+00:00,93.859000,94.499000,92.369000,93.599000,57291,2.130000,0.128371,97.497000,97.244000,99.100000,97.223342,2.826219,45.177883,1,train
AAPL,1440,2016-01-29,00:00:00,2016-01-29T00:00:00+00:00,94.169000,97.209000,94.129000,97.039000,51629,3.080000,3.675253,96.619000,97.096000,98.588000,97.189825,3.077285,50.233463,0,train
AAPL,1440,2016-02-01,00:00:00,2016-02-01T00:00:00+00:00,96.279000,96.699000,95.369000,96.339000,53242,1.330000,-0.721359,95.997000,97.017000,98.144000,97.035130,3.052485,45.910184,0,train
AAPL,1440,2016-02-02,00:00:00,2016-02-02T00:00:00+00:00,95.389000,95.999000,94.249000,94.729000,54279,1.750000,-1.671182,95.037000,96.849000,97.603500,96.615833,3.090169,40.055578,1,train
AAPL,1440,2016-02-03,00:00:00,2016-02-03T00:00:00+00:00,94.909000,96.809000,94.059000,96.249000,58274,2.750000,1.604577,95.591000,96.814000,97.290500,96.549136,3.138527,47.660099,1,train
AAPL,1440,2016-02-04,00:00:00,2016-02-04T00:00:00+00:00,95.289000,97.319000,94.989000,96.319000,58459,2.330000,0.072728,96.135000,96.816000,97.069500,96.507293,3.136541,45.278970,0,train
AAPL,1440,2016-02-05,00:00:00,2016-02-05T00:00:00+00:00,95.979000,96.899000,93.659000,93.999000,56852,3.240000,-2.408663,95.527000,96.073000,96.977000,96.051240,2.596998,43.541065,1,train
AAPL,1440,2016-02-08,00:00:00,2016-02-08T00:00:00+00:00,92.509000,95.679000,92.479000,95.179000,58456,3.200000,1.255333,95.295000,95.646000,96.890000,95.892651,2.626784,47.509113,0,train
AAPL,1440,2016-02-09,00:00:00,2016-02-09T00:00:00+00:00,94.119000,95.929000,93.899000,94.749000,58395,2.030000,-0.451780,95.299000,95.168000,96.708500,95.684714,2.621212,46.289611,0,train
AAPL,1440,2016-02-10,00:00:00,2016-02-10T00:00:00+00:00,95.829000,96.599000,94.029000,94.159000,56954,2.570000,-0.622698,94.881000,95.236000,96.429500,95.407312,1.742044,45.757335,0,train
AAPL,1440,2016-02-11,00:00:00,2016-02-11T00:00:00+00:00,93.349000,94.669000,92.559000,93.569000,57633,2.110000,-0.626600,94.331000,95.233000,96.238500,95.073073,1.756307,30.996132,1,train
AAPL,1440,2016-02-12,00:00:00,2016-02-12T00:00:00+00:00,94.019000,94.509000,92.989000,93.789000,51076,1.520000,0.235121,94.289000,94.908000,96.002000,94.839605,1.210993,35.042283,1,train
AAPL,1440,2016-02-16,00:00:00,2016-02-16T00:00:00+00:00,94.909000,96.839000,94.579000,95.999000,50125,2.260000,2.356353,94.453000,94.874000,95.945500,95.050404,1.465753,41.615202,1,train
AAPL,1440,2016-02-17,00:00:00,2016-02-17T00:00:00+00:00,96.039000,98.199000,95.889000,98.179000,52886,2.310000,2.270857,95.139000,95.219000,96.034000,95.619240,1.503638,63.678696,0,train
AAPL,1440,2016-02-18,00:00:00,2016-02-18T00:00:00+00:00,98.529000,98.849000,96.019000,96.239000,51927,2.830000,-1.975983,95.555000,95.218000,96.016000,95.731924,1.599832,56.947368,0,train
AAPL,1440,2016-02-19,00:00:00,2016-02-19T00:00:00+00:00,96.049000,96.739000,95.789000,95.929000,50064,0.950000,-0.322115,96.027000,95.179000,95.997500,95.767756,1.602994,46.502836,1,train
AAPL,1440,2016-02-22,00:00:00,2016-02-22T00:00:00+00:00,96.309000,96.879000,95.899000,96.659000,45950,0.980000,0.760979,96.601000,95.445000,95.759000,95.929800,1.377721,51.006289,0,train
AAPL,1440,2016-02-23,00:00:00,2016-02-23T00:00:00+00:00,96.289000,96.519000,94.379000,94.539000,45822,2.140000,-2.193277,96.309000,95.381000,95.513500,95.676927,1.531680,49.421085,1,train
AAPL,1440,2016-02-24,00:00:00,2016-02-24T00:00:00+00:00,93.769000,96.369000,93.309000,96.109000,51019,3.060000,1.660690,95.895000,95.517000,95.342500,95.755486,1.614599,49.574727,1,train
AAPL,1440,2016-02-25,00:00:00,2016-02-25T00:00:00+00:00,95.929000,96.749000,94.969000,96.499000,48246,1.780000,0.405789,95.947000,95.751000,95.493500,95.890670,1.592205,50.536353,1,train
AAPL,1440,2016-02-26,00:00:00,2016-02-26T00:00:00+00:00,96.999000,98.019000,96.559000,96.909000,48339,1.460000,0.424875,96.143000,96.085000,95.659000,96.075821,1.561785,59.784802,0,train
AAPL,1440,2016-02-29,00:00:00,2016-02-29T00:00:00+00:00,96.669000,98.219000,96.599000,96.759000,48880,1.620000,-0.154784,96.163000,96.382000,95.645000,96.200036,1.570158,55.708092,1,train
AAPL,1440,2016-03-01,00:00:00,2016-03-01T00:00:00+00:00,97.289000,100.759000,97.289000,100.629000,49770,3.470000,3.999628,97.381000,96.845000,95.859500,97.005302,1.864895,67.013889,1,train
AAPL,1440,2016-03-02,00:00:00,2016-03-02T00:00:00+00:00,100.479000,100.869000,99.609000,100.699000,45665,1.260000,0.069562,98.299000,97.097000,96.158000,97.676883,1.757870,69.510740,1,train
AAPL,1440,2016-03-03,00:00:00,2016-03-03T00:00:00+00:00,100.599000,101.689000,100.409000,101.499000,44211,1.280000,0.794447,99.299000,97.623000,96.420500,98.371814,1.573661,73.364761,1,train
AAPL,1440,2016-03-04,00:00:00,2016-03-04T00:00:00+00:00,101.779000,103.739000,101.339000,102.949000,51013,2.400000,1.428586,100.507000,98.325000,96.752000,99.204029,1.563881,75.164835,0,train
AAPL,1440,2016-03-07,00:00:00,2016-03-07T00:00:00+00:00,102.989000,103.009000,100.929000,101.799000,49683,2.080000,-1.117058,101.515000,98.839000,97.142000,99.675842,1.667686,66.919487,0,train
AAPL,1440,2016-03-08,00:00:00,2016-03-08T00:00:00+00:00,101.019000,101.749000,100.369000,101.049000,50904,1.380000,-0.736746,101.599000,99.490000,97.435500,99.925507,1.453022,59.134309,1,train
AAPL,1440,2016-03-09,00:00:00,2016-03-09T00:00:00+00:00,101.519000,101.659000,100.249000,101.109000,47432,1.410000,0.059377,101.681000,99.990000,97.753500,100.140688,1.420503,67.606652,0,train
AAPL,1440,2016-03-10,00:00:00,2016-03-10T00:00:00+00:00,102.009000,102.229000,100.119000,100.199000,50788,2.110000,-0.900019,101.421000,100.360000,98.055500,100.151290,1.490208,64.795565,1,train
AAPL,1440,2016-03-11,00:00:00,2016-03-11T00:00:00+00:00,101.899000,102.239000,101.469000,102.169000,45709,0.770000,1.966087,101.265000,100.886000,98.485500,100.518146,1.572036,67.581366,1,train
AAPL,1440,2016-03-14,00:00:00,2016-03-14T00:00:00+00:00,102.029000,102.899000,101.739000,102.399000,45605,1.160000,0.225117,101.385000,101.450000,98.916000,100.860120,1.557883,78.519594,1,train
AAPL,1440,2016-03-15,00:00:00,2016-03-15T00:00:00+00:00,104.029000,105.169000,103.769000,104.509000,46928,1.400000,2.060567,102.077000,101.838000,99.341500,101.523553,1.152820,79.329609,1,train
AAPL,1440,2016-03-16,00:00:00,2016-03-16T00:00:00+00:00,104.549000,106.299000,104.289000,105.149000,47381,2.010000,0.612387,102.885000,102.283000,99.690000,102.182725,1.149091,79.684283,1,train
AAPL,1440,2016-03-17,00:00:00,2016-03-17T00:00:00+00:00,105.269000,106.459000,104.939000,105.819000,44940,1.520000,0.637191,104.009000,102.715000,100.169000,102.843866,1.144758,80.040459,0,train
AAPL,1440,2016-03-18,00:00:00,2016-03-18T00:00:00+00:00,106.269000,106.639000,105.169000,105.659000,45677,1.470000,-0.151202,104.707000,102.986000,100.655500,103.355708,1.098732,79.986523,1,train
AAPL,1440,2016-03-21,00:00:00,2016-03-21T00:00:00+00:00,105.609000,107.019000,105.099000,105.889000,47835,1.920000,0.217681,105.405000,103.395000,101.117000,103.816307,0.987555,73.482143,1,train
AAPL,1440,2016-03-22,00:00:00,2016-03-22T00:00:00+00:00,105.559000,107.279000,105.199000,106.499000,45447,2.080000,0.576075,105.803000,103.940000,101.715000,104.304069,0.903472,74.701874,0,train
AAPL,1440,2016-03-23,00:00:00,2016-03-23T00:00:00+00:00,106.549000,107.059000,105.879000,106.129000,43672,1.180000,-0.347421,105.999000,104.442000,102.216000,104.635875,0.935619,70.468612,0,train
AAPL,1440,2016-03-24,00:00:00,2016-03-24T00:00:00+00:00,105.679000,106.219000,104.859000,105.629000,44031,1.360000,-0.471125,105.961000,104.985000,102.672500,104.816443,0.872542,62.934363,0,train
AAPL,1440,2016-03-28,00:00:00,2016-03-28T00:00:00+00:00,105.899000,106.199000,104.849000,105.099000,42233,1.350000,-0.501756,105.849000,105.278000,103.082000,104.867817,0.764318,66.940452,1,train
AAPL,1440,2016-03-29,00:00:00,2016-03-29T00:00:00+00:00,104.949000,107.769000,104.859000,107.659000,46067,2.910000,2.435799,106.203000,105.804000,103.627000,105.375305,1.021325,78.614719,1,train
AAPL,1440,2016-03-30,00:00:00,2016-03-30T00:00:00+00:00,109.059000,110.399000,108.569000,109.479000,46145,1.830000,1.690523,106.799000,106.301000,104.069500,106.121431,0.963862,81.442524,0,train
AAPL,1440,2016-03-31,00:00:00,2016-03-31T00:00:00+00:00,109.349000,109.889000,108.849000,108.989000,43384,1.040000,-0.447574,107.371000,106.685000,104.484000,106.642807,1.003893,84.096199,1,train
AAPL,1440,2016-04-01,00:00:00,2016-04-01T00:00:00+00:00,108.909000,110.019000,108.169000,109.989000,44073,1.850000,0.917524,108.243000,107.102000,104.908500,107.251206,1.016213,82.802013,1,train
AAPL,1440,2016-04-04,00:00:00,2016-04-04T00:00:00+00:00,110.839000,112.169000,110.249000,110.929000,46358,1.920000,0.854631,109.409000,107.629000,105.307500,107.919896,1.006219,83.768804,0,train
AAPL,1440,2016-04-05,00:00:00,2016-04-05T00:00:00+00:00,109.659000,110.719000,109.389000,109.859000,45436,1.330000,-0.964581,109.849000,108.026000,105.710500,108.272460,1.106542,73.080242,1,train
AAPL,1440,2016-04-06,00:00:00,2016-04-06T00:00:00+00:00,110.409000,111.079000,109.169000,110.889000,43541,1.910000,0.937565,110.131000,108.465000,106.202500,108.748195,1.119696,73.956594,0,train
AAPL,1440,2016-04-07,00:00:00,2016-04-07T00:00:00+00:00,110.319000,110.469000,108.089000,108.529000,47245,2.380000,-2.128254,110.039000,108.705000,106.573500,108.708341,1.367750,59.912217,1,train
AAPL,1440,2016-04-08,00:00:00,2016-04-08T00:00:00+00:00,109.419000,109.759000,108.129000,108.579000,48287,1.630000,0.046071,109.757000,109.000000,106.992500,108.684825,1.347830,60.766962,1,train
AAPL,1440,2016-04-11,00:00:00,2016-04-11T00:00:00+00:00,109.019000,110.609000,108.809000,108.899000,48218,1.800000,0.294716,109.351000,109.380000,107.329000,108.723766,1.319473,61.025641,1,train
AAPL,1440,2016-04-12,00:00:00,2016-04-12T00:00:00+00:00,109.349000,110.489000,108.629000,110.269000,47866,1.860000,1.258046,109.433000,109.641000,107.722500,109.004717,1.156455,63.081194,1,train
AAPL,1440,2016-04-13,00:00:00,2016-04-13T00:00:00+00:00,110.929000,112.329000,110.719000,111.929000,49096,1.610000,1.505409,109.641000,109.886000,108.093500,109.536405,1.131984,68.471338,1,train
AAPL,1440,2016-04-14,00:00:00,2016-04-14T00:00:00+00:00,111.319000,112.379000,111.289000,112.099000,46209,1.090000,0.151882,110.355000,110.197000,108.441000,110.002331,1.107887,71.047495,0,train
AAPL,1440,2016-04-15,00:00:00,2016-04-15T00:00:00+00:00,112.009000,112.249000,109.679000,109.749000,47134,2.570000,-2.096361,110.589000,110.173000,108.637500,109.956271,1.309073,63.525305,0,train
AAPL,1440,2016-04-18,00:00:00,2016-04-18T00:00:00+00:00,109.019000,109.179000,106.929000,107.269000,48455,2.250000,-2.259702,110.263000,109.807000,108.718000,109.467676,1.443039,48.860316,0,train
AAPL,1440,2016-04-19,00:00:00,2016-04-19T00:00:00+00:00,108.009000,108.019000,106.209000,106.779000,47118,1.810000,-0.456796,109.565000,109.499000,108.762500,108.978826,1.426896,41.444867,1,train
AAPL,1440,2016-04-20,00:00:00,2016-04-20T00:00:00+00:00,106.849000,108.079000,106.059000,107.049000,46045,2.020000,0.252859,108.589000,109.115000,108.790000,108.627949,1.377844,43.766067,0,train
AAPL,1440,2016-04-21,00:00:00,2016-04-21T00:00:00+00:00,107.449000,107.459000,105.269000,105.299000,46548,2.190000,-1.634765,107.229000,108.792000,108.748500,108.022685,1.314173,35.622318,1,train
AAPL,1440,2016-04-22,00:00:00,2016-04-22T00:00:00+00:00,105.309000,106.459000,104.609000,105.599000,47261,1.850000,0.284903,106.399000,108.494000,108.747000,107.582015,1.323177,32.992980,0,train
AAPL,1440,2016-04-25,00:00:00,2016-04-25T00:00:00+00:00,104.989000,105.629000,104.499000,105.099000,45264,1.130000,-0.473489,105.965000,108.114000,108.747000,107.130558,1.308973,34.238411,0,train
AAPL,1440,2016-04-26,00:00:00,2016-04-26T00:00:00+00:00,104.219000,105.289000,96.369000,96.539000,49200,8.920000,-8.144702,103.917000,106.741000,108.191000,105.204820,2.683514,18.294300,1,train
AAPL,1440,2016-04-27,00:00:00,2016-04-27T00:00:00+00:00,95.949000,98.689000,95.649000,97.779000,52382,3.040000,1.284455,102.063000,105.326000,107.606000,103.854671,2.658762,25.011623,0,train
AAPL,1440,2016-04-28,00:00:00,2016-04-28T00:00:00+00:00,97.499000,97.869000,94.239000,95.119000,46975,3.630000,-2.720421,100.027000,103.628000,106.912500,102.266367,2.638457,22.097844,0,train
AAPL,1440,2016-04-29,00:00:00,2016-04-29T00:00:00+00:00,94.749000,94.949000,92.489000,93.759000,47380,2.460000,-1.429788,97.659000,102.029000,106.101000,100.719573,2.632837,19.912560,0,train
AAPL,1440,2016-05-02,00:00:00,2016-05-02T00:00:00+00:00,94.109000,94.139000,92.379000,93.749000,47292,1.760000,-0.010666,95.389000,100.677000,105.242000,99.452196,2.659478,15.294118,1,train
AAPL,1440,2016-05-03,00:00:00,2016-05-03T00:00:00+00:00,93.719000,95.729000,93.609000,95.119000,48379,2.120000,1.461349,95.105000,99.511000,104.505000,98.664342,2.793248,14.249256,0,train
AAPL,1440,2016-05-04,00:00:00,2016-05-04T00:00:00+00:00,94.859000,95.869000,93.819000,94.179000,45687,2.050000,-0.988236,94.385000,98.224000,103.669500,97.848826,2.753099,13.097199,0,train
AAPL,1440,2016-05-05,00:00:00,2016-05-05T00:00:00+00:00,94.049000,94.149000,92.659000,93.159000,46098,1.490000,-1.083044,93.993000,97.010000,102.901000,96.996130,2.749772,13.856209,0,train
AAPL,1440,2016-05-06,00:00:00,2016-05-06T00:00:00+00:00,93.139000,93.409000,91.829000,92.579000,46598,1.580000,-0.622591,93.757000,95.708000,102.101000,96.193015,2.710679,15.106888,1,train
AAPL,1440,2016-05-09,00:00:00,2016-05-09T00:00:00+00:00,93.019000,93.759000,92.559000,92.689000,45248,1.200000,0.118817,93.545000,94.467000,101.290500,95.555922,2.736432,15.916788,1,train
AAPL,1440,2016-05-10,00:00:00,2016-05-10T00:00:00+00:00,93.039000,93.559000,92.079000,93.309000,44509,1.480000,0.668904,93.183000,94.144000,100.442500,95.147391,1.296413,17.316841,0,train
AAPL,1440,2016-05-11,00:00:00,2016-05-11T00:00:00+00:00,93.099000,93.559000,92.329000,92.329000,44500,1.230000,-1.050274,92.813000,93.599000,99.462500,94.634956,1.177733,17.975309,0,train
AAPL,1440,2016-05-12,00:00:00,2016-05-12T00:00:00+00:00,92.589000,92.759000,89.459000,90.159000,48275,3.300000,-2.350291,92.213000,93.103000,98.365500,93.821146,1.106128,15.099458,1,train
AAPL,1440,2016-05-13,00:00:00,2016-05-13T00:00:00+00:00,89.899000,91.659000,89.849000,90.499000,46755,1.810000,0.377112,91.797000,92.777000,97.403000,93.217119,1.090020,16.757741,1,train
AAPL,1440,2016-05-16,00:00:00,2016-05-16T00:00:00+00:00,91.809000,94.328000,91.629000,93.818000,49829,2.699000,3.667444,92.022800,92.783900,96.730450,93.326370,1.678281,41.862552,0,train
AAPL,1440,2016-05-17,00:00:00,2016-05-17T00:00:00+00:00,94.539000,94.829000,93.129000,93.649000,48521,1.700000,-0.180136,92.090800,92.636900,96.073950,93.385030,1.600086,36.803425,1,train
AAPL,1440,2016-05-18,00:00:00,2016-05-18T00:00:00+00:00,93.859000,95.349000,93.629000,94.759000,50353,1.720000,1.185277,92.576800,92.694900,95.459450,93.634843,1.620196,48.723223,0,train
AAPL,1440,2016-05-19,00:00:00,2016-05-19T00:00:00+00:00,94.639000,94.759000,93.629000,94.219000,49814,1.130000,-0.569867,93.388800,92.800900,94.905450,93.741053,1.587300,51.732189,1,train
AAPL,1440,2016-05-20,00:00:00,2016-05-20T00:00:00+00:00,94.249000,95.419000,94.219000,95.159000,44929,1.200000,0.997676,94.320800,93.058900,94.383450,93.998862,1.585267,54.961993,1,train
AAPL,1440,2016-05-23,00:00:00,2016-05-23T00:00:00+00:00,95.829000,97.169000,95.639000,96.259000,46498,1.530000,1.155960,94.809000,93.415900,93.941450,94.409796,1.606860,54.089539,1,train
AAPL,1440,2016-05-24,00:00:00,2016-05-24T00:00:00+00:00,97.019000,98.069000,96.809000,97.949000,44109,1.260000,1.755680,95.669000,93.879900,94.011950,95.053288,1.663557,62.833606,1,train
AAPL,1440,2016-05-25,00:00:00,2016-05-25T00:00:00+00:00,98.529000,99.729000,98.089000,99.549000,44292,1.640000,1.633503,96.627000,94.601900,94.100450,95.870690,1.601185,70.926120,1,train
AAPL,1440,2016-05-26,00:00:00,2016-05-26T00:00:00+00:00,99.579000,100.719000,98.609000,100.419000,42865,2.110000,0.873941,97.867000,95.627900,94.365450,96.697655,1.170327,75.196041,0,train
AAPL,1440,2016-05-27,00:00:00,2016-05-27T00:00:00+00:00,99.739000,100.459000,99.139000,100.039000,42551,1.320000,-0.378414,98.843000,96.581900,94.679450,97.305173,1.243535,73.218347,0,train
AAPL,1440,2016-05-31,00:00:00,2016-05-31T00:00:00+00:00,99.609000,100.239000,98.669000,99.689000,44983,1.570000,-0.349864,99.529000,97.169000,94.976450,97.738596,0.889679,70.503921,0,train
AAPL,1440,2016-06-01,00:00:00,2016-06-01T00:00:00+00:00,99.449000,99.479000,98.149000,98.179000,43071,1.330000,-1.514711,99.575000,97.622000,95.129450,97.818669,1.097577,68.181253,0,train
AAPL,1440,2016-06-02,00:00:00,2016-06-02T00:00:00+00:00,97.619000,97.749000,96.449000,97.459000,44944,1.300000,-0.733354,99.157000,97.892000,95.293450,97.753275,1.127663,74.935100,1,train
AAPL,1440,2016-06-03,00:00:00,2016-06-03T00:00:00+00:00,97.639000,98.109000,97.129000,97.799000,43986,0.980000,0.348865,98.633000,98.250000,95.525450,97.761588,1.086775,74.935100,1,train
AAPL,1440,2016-06-06,00:00:00,2016-06-06T00:00:00+00:00,97.719000,98.959000,97.379000,98.409000,44279,1.580000,0.623728,98.307000,98.575000,95.816950,97.879300,1.069414,69.243021,1,train
AAPL,1440,2016-06-07,00:00:00,2016-06-07T00:00:00+00:00,98.899000,99.709000,98.649000,98.829000,43282,1.060000,0.426790,98.135000,98.832000,96.123950,98.051972,1.031914,71.264368,0,train
AAPL,1440,2016-06-08,00:00:00,2016-06-08T00:00:00+00:00,98.859000,99.399000,98.499000,98.679000,41857,0.900000,-0.151777,98.235000,98.905000,96.392450,98.165977,0.893505,67.468806,1,train
AAPL,1440,2016-06-09,00:00:00,2016-06-09T00:00:00+00:00,98.469000,99.829000,98.289000,99.349000,44461,1.540000,0.678969,98.613000,98.885000,96.743450,98.381072,0.747988,72.599119,0,train
AAPL,1440,2016-06-10,00:00:00,2016-06-10T00:00:00+00:00,98.879000,99.189000,98.309000,98.689000,42143,0.880000,-0.664325,98.791000,98.712000,97.169950,98.437059,0.700968,65.943993,0,train
AAPL,1440,2016-06-13,00:00:00,2016-06-13T00:00:00+00:00,97.919000,98.959000,96.919000,97.049000,46193,2.040000,-1.661786,98.519000,98.413000,97.497450,98.184685,0.845634,53.402239,1,train
AAPL,1440,2016-06-14,00:00:00,2016-06-14T00:00:00+00:00,97.019000,98.309000,96.569000,97.189000,47251,1.740000,0.144257,98.191000,98.163000,97.666000,98.003651,0.856743,46.222664,0,train
AAPL,1440,2016-06-15,00:00:00,2016-06-15T00:00:00+00:00,97.559000,98.249000,96.729000,96.859000,45872,1.520000,-0.339545,97.827000,98.031000,97.826500,97.795533,0.736153,34.698521,1,train
AAPL,1440,2016-06-16,00:00:00,2016-06-16T00:00:00+00:00,96.159000,97.599000,95.889000,97.359000,47896,1.710000,0.516214,97.429000,98.021000,97.956500,97.716163,0.728907,31.828979,0,train
AAPL,1440,2016-06-17,00:00:00,2016-06-17T00:00:00+00:00,97.029000,97.109000,94.989000,95.109000,50801,2.120000,-2.311034,96.713000,97.752000,98.001000,97.242134,1.013881,26.044704,0,train
AAPL,1440,2016-06-20,00:00:00,2016-06-20T00:00:00+00:00,95.919000,96.399000,94.849000,95.009000,47454,1.550000,-0.105143,96.305000,97.412000,97.993500,96.836109,0.967315,26.693227,1,train
AAPL,1440,2016-06-21,00:00:00,2016-06-21T00:00:00+00:00,94.999000,96.189000,94.519000,95.679000,47932,1.670000,0.705196,96.003000,97.097000,97.964500,96.625726,0.995644,36.413043,0,train
AAPL,1440,2016-06-22,00:00:00,2016-06-22T00:00:00+00:00,96.359000,96.729000,95.189000,95.409000,45924,1.540000,-0.282194,95.713000,96.770000,97.837500,96.404503,0.994064,38.285714,1,train
AAPL,1440,2016-06-23,00:00:00,2016-06-23T00:00:00+00:00,95.789000,96.169000,95.069000,95.899000,45043,1.100000,0.513578,95.421000,96.425000,97.655000,96.312593,0.976599,39.325843,0,train
AAPL,1440,2016-06-24,00:00:00,2016-06-24T00:00:00+00:00,93.409000,94.499000,92.539000,93.309000,51870,1.960000,-2.700758,95.061000,95.887000,97.299500,95.766485,1.229384,26.562500,0,train
AAPL,1440,2016-06-27,00:00:00,2016-06-27T00:00:00+00:00,92.729000,92.999000,91.319000,91.669000,56713,1.680000,-1.757601,94.393000,95.349000,96.881000,95.021488,1.239326,20.413223,1,train
AAPL,1440,2016-06-28,00:00:00,2016-06-28T00:00:00+00:00,92.959000,93.499000,91.959000,93.439000,52084,1.540000,1.930860,93.945000,94.974000,96.568500,94.733763,1.461303,30.903790,1,train
AAPL,1440,2016-06-29,00:00:00,2016-06-29T00:00:00+00:00,93.899000,94.389000,93.449000,94.259000,47549,0.940000,0.877578,93.715000,94.714000,96.372500,94.647442,1.515028,31.651045,1,train
AAPL,1440,2016-06-30,00:00:00,2016-06-30T00:00:00+00:00,93.899000,95.609000,93.889000,95.229000,52084,1.720000,1.029079,93.581000,94.501000,96.261000,94.753180,1.552492,37.799718,1,train
AAPL,1440,2016-07-01,00:00:00,2016-07-01T00:00:00+00:00,95.409000,96.309000,95.179000,95.779000,47071,1.130000,0.577555,94.075000,94.568000,96.160000,94.939693,1.376946,45.148969,0,train
AAPL,1440,2016-07-05,00:00:00,2016-07-05T00:00:00+00:00,95.039000,95.239000,94.279000,94.849000,48081,0.960000,-0.970985,94.711000,94.552000,95.982000,94.923203,1.416455,41.570605,1,train
AAPL,1440,2016-07-06,00:00:00,2016-07-06T00:00:00+00:00,94.319000,95.499000,94.189000,95.289000,51622,1.310000,0.463895,95.081000,94.513000,95.805000,94.989712,1.404968,44.388849,1,train
AAPL,1440,2016-07-07,00:00:00,2016-07-07T00:00:00+00:00,95.499000,96.329000,95.379000,95.649000,49541,0.950000,0.377798,95.359000,94.537000,95.653500,95.109582,1.407404,43.826715,1,train
AAPL,1440,2016-07-08,00:00:00,2016-07-08T00:00:00+00:00,95.679000,96.729000,95.669000,96.409000,46604,1.060000,0.794572,95.595000,94.588000,95.506500,95.345840,1.420782,55.258900,1,train
AAPL,1440,2016-07-11,00:00:00,2016-07-11T00:00:00+00:00,96.989000,97.489000,96.549000,96.739000,44377,0.940000,0.342292,95.787000,94.931000,95.409000,95.599142,1.037416,56.870532,1,train
AAPL,1440,2016-07-12,00:00:00,2016-07-12T00:00:00+00:00,97.229000,97.539000,96.959000,97.269000,46304,0.580000,0.547866,96.271000,95.491000,95.420000,95.902752,0.720775,56.385542,0,train
AAPL,1440,2016-07-13,00:00:00,2016-07-13T00:00:00+00:00,97.359000,97.499000,96.599000,96.619000,46188,0.900000,-0.668250,96.537000,95.809000,95.391500,96.032979,0.651669,54.715511,1,train
AAPL,1440,2016-07-14,00:00:00,2016-07-14T00:00:00+00:00,97.129000,98.819000,96.899000,98.619000,48583,1.920000,2.069986,97.131000,96.245000,95.479500,96.503165,0.842651,59.483961,0,train
AAPL,1440,2016-07-15,00:00:00,2016-07-15T00:00:00+00:00,98.439000,99.139000,98.219000,98.319000,45601,0.920000,-0.304201,97.513000,96.554000,95.527500,96.833317,0.847433,70.788382,1,train
AAPL,1440,2016-07-18,00:00:00,2016-07-18T00:00:00+00:00,98.859000,99.969000,98.409000,99.579000,45528,1.560000,1.281543,98.081000,96.934000,95.751000,97.332532,0.898620,83.890317,1,train
AAPL,1440,2016-07-19,00:00:00,2016-07-19T00:00:00+00:00,99.229000,99.849000,99.159000,99.709000,44686,0.690000,0.130550,98.569000,97.420000,95.986000,97.764617,0.771272,81.256231,1,train
AAPL,1440,2016-07-20,00:00:00,2016-07-20T00:00:00+00:00,99.929000,100.289000,99.549000,99.839000,45631,0.740000,0.130379,99.213000,97.875000,96.194000,98.141778,0.780338,79.871520,0,train
AAPL,1440,2016-07-21,00:00:00,2016-07-21T00:00:00+00:00,99.889000,100.829000,98.819000,99.019000,46933,2.010000,-0.821322,99.293000,98.212000,96.374500,98.301273,0.881676,70.620239,0,train
AAPL,1440,2016-07-22,00:00:00,2016-07-22T00:00:00+00:00,98.849000,99.089000,98.129000,98.269000,43733,0.960000,-0.757430,99.283000,98.398000,96.493000,98.295405,0.930061,63.258786,0,train
AAPL,1440,2016-07-25,00:00:00,2016-07-25T00:00:00+00:00,98.249000,98.679000,96.739000,97.249000,47105,1.940000,-1.037967,98.817000,98.449000,96.690000,98.105149,1.005182,62.658228,1,train
AAPL,1440,2016-07-26,00:00:00,2016-07-26T00:00:00+00:00,96.929000,101.929000,95.849000,101.699000,49464,6.080000,4.575883,99.215000,98.892000,97.191500,98.758577,1.752758,73.758340,1,train
AAPL,1440,2016-07-27,00:00:00,2016-07-27T00:00:00+00:00,103.709000,104.509000,102.579000,102.889000,54042,1.930000,1.170120,99.825000,99.519000,97.664000,99.509563,1.717334,75.279330,1,train
AAPL,1440,2016-07-28,00:00:00,2016-07-28T00:00:00+00:00,102.749000,104.309000,102.649000,104.279000,46273,1.660000,1.350970,100.877000,100.085000,98.165000,100.376733,1.665247,76.321070,0,train
AAPL,1440,2016-07-29,00:00:00,2016-07-29T00:00:00+00:00,104.179000,104.389000,103.499000,104.059000,43195,0.890000,-0.210972,102.035000,100.659000,98.606500,101.046236,1.660050,74.663073,1,train
AAPL,1440,2016-08-01,00:00:00,2016-08-01T00:00:00+00:00,104.629000,105.989000,104.259000,105.879000,45694,1.730000,1.749008,103.761000,101.289000,99.111500,101.924921,1.688305,76.689399,0,train
AAPL,1440,2016-08-02,00:00:00,2016-08-02T00:00:00+00:00,105.589000,105.909000,103.819000,104.309000,47546,2.090000,-1.482825,104.283000,101.749000,99.584500,102.358390,1.813558,72.551320,1,train
AAPL,1440,2016-08-03,00:00:00,2016-08-03T00:00:00+00:00,104.569000,105.729000,104.359000,105.629000,43246,1.370000,1.265471,104.831000,102.328000,100.101500,102.953046,1.825659,71.411118,0,train
AAPL,1440,2016-08-04,00:00:00,2016-08-04T00:00:00+00:00,105.329000,105.839000,105.099000,105.549000,41134,0.740000,-0.075737,105.085000,102.981000,100.596500,103.425038,1.776634,72.383901,1,train
AAPL,1440,2016-08-05,00:00:00,2016-08-05T00:00:00+00:00,105.899000,107.489000,105.869000,107.209000,43194,1.620000,1.572729,105.715000,103.875000,101.136500,104.113031,1.722846,73.051360,1,train
AAPL,1440,2016-08-08,00:00:00,2016-08-08T00:00:00+00:00,107.649000,108.249000,106.989000,108.149000,39812,1.260000,0.876792,106.169000,104.965000,101.707000,104.846843,1.586022,74.308756,1,train
AAPL,1440,2016-08-09,00:00:00,2016-08-09T00:00:00+00:00,108.349000,108.779000,107.829000,108.429000,43180,0.950000,0.258902,106.993000,105.638000,102.265000,105.498145,1.012213,74.528841,0,train
AAPL,1440,2016-08-10,00:00:00,2016-08-10T00:00:00+00:00,108.629000,108.739000,107.579000,107.819000,41842,1.160000,-0.562580,107.431000,106.131000,102.825000,105.920118,1.059975,75.433526,1,train
AAPL,1440,2016-08-11,00:00:00,2016-08-11T00:00:00+00:00,108.179000,108.779000,107.739000,107.829000,40516,1.040000,0.009275,107.887000,106.486000,103.285500,106.267188,1.020853,78.864734,1,train
AAPL,1440,2016-08-12,00:00:00,2016-08-12T00:00:00+00:00,107.939000,108.279000,107.589000,107.949000,39134,0.690000,0.111287,108.035000,106.875000,103.767000,106.572972,1.006513,84.163474,1,train
AAPL,1440,2016-08-15,00:00:00,2016-08-15T00:00:00+00:00,108.209000,109.639000,107.899000,109.569000,40223,1.740000,1.500709,108.319000,107.244000,104.266500,107.117704,0.971219,80.670304,0,train
AAPL,1440,2016-08-16,00:00:00,2016-08-16T00:00:00+00:00,109.559000,110.069000,109.029000,109.249000,42996,1.040000,-0.292053,108.483000,107.738000,104.743500,107.505212,0.775083,76.588629,0,train
AAPL,1440,2016-08-17,00:00:00,2016-08-17T00:00:00+00:00,109.079000,109.219000,108.169000,109.069000,43936,1.050000,-0.164761,108.733000,108.082000,105.205000,107.789537,0.742541,72.279070,0,train
AAPL,1440,2016-08-18,00:00:00,2016-08-18T00:00:00+00:00,108.849000,109.439000,108.819000,108.929000,39257,0.620000,-0.128359,108.953000,108.420000,105.700500,107.996712,0.745863,72.820993,1,train
AAPL,1440,2016-08-19,00:00:00,2016-08-19T00:00:00+00:00,108.789000,109.529000,108.179000,109.219000,43437,1.350000,0.266228,109.207000,108.621000,106.248000,108.218947,0.602306,68.271335,0,train
AAPL,1440,2016-08-22,00:00:00,2016-08-22T00:00:00+00:00,109.139000,109.159000,107.669000,108.349000,43418,1.490000,-0.796565,108.963000,108.641000,106.803000,108.242593,0.621678,73.933649,1,train
AAPL,1440,2016-08-23,00:00:00,2016-08-23T00:00:00+00:00,108.479000,109.159000,108.259000,108.669000,41180,0.900000,0.295342,108.847000,108.665000,107.151500,108.320121,0.623337,70.430108,0,train
AAPL,1440,2016-08-24,00:00:00,2016-08-24T00:00:00+00:00,108.739000,108.809000,107.509000,107.729000,43067,1.300000,-0.865012,108.579000,108.656000,107.393500,108.212645,0.661141,63.132530,0,train
AAPL,1440,2016-08-25,00:00:00,2016-08-25T00:00:00+00:00,107.399000,107.719000,106.509000,107.409000,43968,1.210000,-0.297042,108.275000,108.614000,107.550000,108.066527,0.667401,51.436782,0,train
AAPL,1440,2016-08-26,00:00:00,2016-08-26T00:00:00+00:00,107.129000,107.779000,106.129000,106.769000,49660,1.650000,-0.595853,107.785000,108.496000,107.685500,107.830613,0.687113,39.639640,0,train
AAPL,1440,2016-08-29,00:00:00,2016-08-29T00:00:00+00:00,106.709000,107.279000,106.109000,106.339000,41448,1.170000,-0.402739,107.383000,108.173000,107.708500,107.559411,0.392532,34.654919,0,train
AAPL,1440,2016-08-30,00:00:00,2016-08-30T00:00:00+00:00,105.459000,106.339000,105.249000,105.619000,39220,1.090000,-0.677080,106.773000,107.810000,107.774000,107.206609,0.410354,34.104046,1,train
AAPL,1440,2016-08-31,00:00:00,2016-08-31T00:00:00+00:00,105.829000,106.399000,105.439000,105.899000,38922,0.960000,0.265104,106.407000,107.493000,107.787500,106.968862,0.450868,36.578581,1,train
AAPL,1440,2016-09-01,00:00:00,2016-09-01T00:00:00+00:00,106.139000,106.639000,105.459000,106.429000,41461,1.180000,0.500477,106.211000,107.243000,107.831500,106.870705,0.515670,40.000000,1,train
AAPL,1440,2016-09-02,00:00:00,2016-09-02T00:00:00+00:00,106.659000,107.839000,106.639000,107.449000,39451,1.200000,0.958385,106.347000,107.066000,107.843500,106.975850,0.624708,34.857143,1,train
AAPL,1440,2016-09-06,00:00:00,2016-09-06T00:00:00+00:00,107.859000,108.139000,107.329000,107.539000,32863,0.810000,0.083761,106.587000,106.985000,107.813000,107.078241,0.586106,37.370753,1,train
AAPL,1440,2016-09-07,00:00:00,2016-09-07T00:00:00+00:00,107.699000,108.589000,106.889000,108.199000,41677,1.700000,0.613731,107.103000,106.938000,107.801500,107.282015,0.616240,44.000000,0,train
AAPL,1440,2016-09-08,00:00:00,2016-09-08T00:00:00+00:00,107.639000,107.839000,105.069000,105.299000,44463,2.770000,-2.680247,106.983000,106.695000,107.675500,106.921467,1.020491,31.868132,0,train
AAPL,1440,2016-09-09,00:00:00,2016-09-09T00:00:00+00:00,104.839000,105.559000,102.859000,103.019000,48228,2.700000,-2.165263,106.301000,106.256000,107.435000,106.211927,1.192100,24.166667,1,train
AAPL,1440,2016-09-12,00:00:00,2016-09-12T00:00:00+00:00,102.459000,105.559000,102.369000,105.279000,47721,3.190000,2.193770,105.867000,106.107000,107.301500,106.042304,1.443632,38.536221,1,train
AAPL,1440,2016-09-13,00:00:00,2016-09-13T00:00:00+00:00,106.319000,108.629000,106.299000,107.779000,53005,2.330000,2.374643,105.915000,106.251000,107.212000,106.358067,1.639435,47.141940,1,train
AAPL,1440,2016-09-14,00:00:00,2016-09-14T00:00:00+00:00,108.569000,112.869000,108.299000,111.529000,53084,4.570000,3.479342,106.581000,106.842000,107.326000,107.298237,1.911654,60.337323,1,train
AAPL,1440,2016-09-15,00:00:00,2016-09-15T00:00:00+00:00,113.199000,115.569000,113.089000,115.139000,49678,2.480000,3.236826,108.549000,107.766000,107.629500,108.723830,2.083561,67.835718,0,train
AAPL,1440,2016-09-16,00:00:00,2016-09-16T00:00:00+00:00,114.899000,115.959000,113.859000,114.819000,47513,2.100000,-0.277925,110.909000,108.605000,107.924000,109.832043,2.112801,68.852459,0,train
AAPL,1440,2016-09-19,00:00:00,2016-09-19T00:00:00+00:00,115.219000,116.009000,113.079000,113.389000,43443,2.930000,-1.245438,112.531000,109.199000,108.132500,110.478762,2.205240,65.771812,0,train
AAPL,1440,2016-09-20,00:00:00,2016-09-20T00:00:00+00:00,113.059000,113.959000,112.349000,113.229000,41448,1.610000,-0.141107,113.621000,109.768000,108.376500,110.978805,2.211787,67.462139,1,train
AAPL,1440,2016-09-21,00:00:00,2016-09-21T00:00:00+00:00,113.999000,114.059000,112.269000,113.429000,42859,1.790000,0.176633,114.001000,110.291000,108.614500,111.424295,2.214460,67.342239,1,train
AAPL,1440,2016-09-22,00:00:00,2016-09-22T00:00:00+00:00,113.839000,114.769000,113.809000,114.459000,40241,0.960000,0.908057,113.865000,111.207000,108.951000,111.976060,1.912951,68.077443,0,train
AAPL,1440,2016-09-23,00:00:00,2016-09-23T00:00:00+00:00,114.159000,114.719000,111.389000,112.259000,41794,3.330000,-1.922086,113.353000,112.131000,109.193500,112.027504,1.871401,60.282172,1,train
AAPL,1440,2016-09-26,00:00:00,2016-09-26T00:00:00+00:00,111.549000,113.229000,111.199000,112.659000,40301,2.030000,0.356319,113.207000,112.869000,109.488000,112.142321,1.817310,60.801688,1,train
AAPL,1440,2016-09-27,00:00:00,2016-09-27T00:00:00+00:00,112.759000,113.049000,112.159000,112.849000,40564,0.890000,0.168651,113.131000,113.376000,109.813500,112.270808,1.722100,60.008610,1,train
AAPL,1440,2016-09-28,00:00:00,2016-09-28T00:00:00+00:00,113.569000,114.479000,113.269000,113.679000,45509,1.210000,0.735496,113.181000,113.591000,110.216500,112.526843,1.373304,69.801512,0,train
AAPL,1440,2016-09-29,00:00:00,2016-09-29T00:00:00+00:00,112.999000,113.619000,111.619000,112.069000,47941,2.000000,-1.416269,112.703000,113.284000,110.525000,112.443599,0.954190,72.083943,1,train
AAPL,1440,2016-09-30,00:00:00,2016-09-30T00:00:00+00:00,112.429000,113.199000,111.629000,112.649000,47084,1.570000,0.517538,112.781000,113.067000,110.836000,112.480945,0.985701,69.590643,0,train
AAPL,1440,2016-10-03,00:00:00,2016-10-03T00:00:00+00:00,112.859000,112.889000,112.109000,112.389000,45085,0.780000,-0.230805,112.727000,112.967000,111.083000,112.464227,0.914181,63.910682,1,train
AAPL,1440,2016-10-04,00:00:00,2016-10-04T00:00:00+00:00,112.399000,114.149000,112.279000,112.809000,51966,1.870000,0.373702,112.719000,112.925000,111.346500,112.526913,0.925086,54.833837,1,train
AAPL,1440,2016-10-05,00:00:00,2016-10-05T00:00:00+00:00,112.959000,113.699000,112.519000,113.259000,43857,1.180000,0.398904,112.635000,112.908000,111.599500,112.660020,0.933323,40.674603,1,train
AAPL,1440,2016-10-06,00:00:00,2016-10-06T00:00:00+00:00,113.259000,114.179000,112.949000,113.759000,46938,1.230000,0.441466,112.973000,112.838000,112.022500,112.859835,0.893064,44.834308,1,train
AAPL,1440,2016-10-07,00:00:00,2016-10-07T00:00:00+00:00,113.649000,114.399000,113.329000,113.799000,47897,1.070000,0.035162,113.203000,112.992000,112.561500,113.030592,0.608068,52.311161,1,train
AAPL,1440,2016-10-10,00:00:00,2016-10-10T00:00:00+00:00,114.989000,116.589000,114.549000,115.949000,46620,2.040000,1.889296,113.915000,113.321000,113.095000,113.561212,0.824085,62.523020,1,train
AAPL,1440,2016-10-11,00:00:00,2016-10-11T00:00:00+00:00,118.019000,118.529000,116.019000,116.199000,56091,2.510000,0.215612,114.593000,113.656000,113.516000,114.040809,0.823441,62.694775,1,train
AAPL,1440,2016-10-12,00:00:00,2016-10-12T00:00:00+00:00,116.519000,117.819000,116.389000,117.109000,43951,1.430000,0.783139,115.363000,113.999000,113.795000,114.598662,0.826399,62.279889,0,train
AAPL,1440,2016-10-13,00:00:00,2016-10-13T00:00:00+00:00,116.439000,117.279000,115.569000,116.799000,46107,1.710000,-0.264711,115.971000,114.472000,113.878000,114.998724,0.613311,75.505618,1,train
AAPL,1440,2016-10-14,00:00:00,2016-10-14T00:00:00+00:00,117.349000,117.989000,116.949000,117.489000,45340,1.040000,0.590758,116.709000,114.956000,114.011500,115.451501,0.615093,76.278564,0,train
AAPL,1440,2016-10-17,00:00:00,2016-10-17T00:00:00+00:00,117.599000,117.759000,116.599000,117.099000,42531,1.160000,-0.331946,116.939000,115.427000,114.197000,115.751046,0.627744,72.630458,1,train
AAPL,1440,2016-10-18,00:00:00,2016-10-18T00:00:00+00:00,117.989000,118.329000,117.019000,117.139000,40872,1.310000,0.034159,117.127000,115.860000,114.392500,116.003402,0.639193,70.116279,0,train
AAPL,1440,2016-10-19,00:00:00,2016-10-19T00:00:00+00:00,117.259000,117.599000,116.429000,116.999000,38362,1.170000,-0.119516,117.105000,116.234000,114.571000,116.184420,0.658158,84.572230,0,train
AAPL,1440,2016-10-20,00:00:00,2016-10-20T00:00:00+00:00,116.629000,117.219000,116.149000,116.939000,41320,1.070000,-0.051282,117.133000,116.552000,114.695000,116.321616,0.667049,82.450832,0,train
AAPL,1440,2016-10-21,00:00:00,2016-10-21T00:00:00+00:00,116.839000,117.099000,116.099000,116.339000,38939,1.000000,-0.513088,116.903000,116.806000,114.899000,116.324777,0.710357,78.417266,1,train
AAPL,1440,2016-10-24,00:00:00,2016-10-24T00:00:00+00:00,116.929000,117.579000,116.689000,117.499000,38053,0.890000,0.997086,116.983000,116.961000,115.141000,116.538272,0.503869,80.494148,0,train
AAPL,1440,2016-10-25,00:00:00,2016-10-25T00:00:00+00:00,117.909000,121.689000,114.979000,115.739000,45168,6.710000,-1.497885,116.703000,116.915000,115.285500,116.392950,0.718626,63.777778,0,train
AAPL,1440,2016-10-26,00:00:00,2016-10-26T00:00:00+00:00,114.499000,115.509000,113.149000,115.249000,44741,2.360000,-0.423366,116.353000,116.729000,115.364000,116.184959,0.664839,58.286986,0,train
AAPL,1440,2016-10-27,00:00:00,2016-10-27T00:00:00+00:00,115.439000,115.639000,113.889000,114.069000,43070,1.750000,-1.023870,115.779000,116.456000,115.464000,115.800239,0.719479,51.332675,0,train
AAPL,1440,2016-10-28,00:00:00,2016-10-28T00:00:00+00:00,113.999000,115.049000,113.279000,113.489000,56932,1.770000,-0.508464,115.209000,116.056000,115.506000,115.380014,0.661089,35.630841,0,train
AAPL,1440,2016-10-31,00:00:00,2016-10-31T00:00:00+00:00,113.319000,114.069000,113.059000,113.329000,52962,1.010000,-0.140983,114.375000,115.679000,115.553000,115.007102,0.664221,33.057851,0,train
AAPL,1440,2016-11-01,00:00:00,2016-11-01T00:00:00+00:00,113.269000,113.609000,110.349000,111.289000,63156,3.260000,-1.800069,113.485000,115.094000,115.477000,114.331084,0.794573,19.687500,1,train
AAPL,1440,2016-11-02,00:00:00,2016-11-02T00:00:00+00:00,110.939000,112.189000,110.819000,111.379000,60089,1.370000,0.080871,112.711000,114.532000,115.383000,113.794341,0.807879,21.108742,0,train
AAPL,1440,2016-11-03,00:00:00,2016-11-03T00:00:00+00:00,110.699000,111.299000,109.339000,109.469000,58997,1.960000,-1.714865,111.791000,113.785000,115.168500,113.007915,0.876317,12.169811,0,train
AAPL,1440,2016-11-04,00:00:00,2016-11-04T00:00:00+00:00,109.289000,110.089000,107.849000,108.749000,55861,2.240000,-0.657720,110.843000,113.026000,114.916000,112.233567,0.874917,11.802379,1,train
AAPL,1440,2016-11-07,00:00:00,2016-11-07T00:00:00+00:00,109.949000,110.349000,109.289000,110.219000,51299,1.060000,1.351737,110.221000,112.298000,114.629500,111.867282,0.953603,22.006472,1,train
AAPL,1440,2016-11-08,00:00:00,2016-11-08T00:00:00+00:00,109.999000,111.549000,109.519000,110.879000,55788,2.030000,0.598808,110.139000,111.812000,114.363500,111.687595,0.972732,26.242236,1,train
AAPL,1440,2016-11-09,00:00:00,2016-11-09T00:00:00+00:00,109.889000,111.149000,107.869000,110.899000,70025,3.280000,0.018038,110.043000,111.377000,114.053000,111.544214,0.982717,26.479751,0,train
AAPL,1440,2016-11-10,00:00:00,2016-11-10T00:00:00+00:00,110.819000,110.999000,105.649000,107.479000,69590,5.350000,-3.083887,109.645000,110.718000,113.587000,110.805084,1.298080,21.711367,1,train
AAPL,1440,2016-11-11,00:00:00,2016-11-11T00:00:00+00:00,106.959000,108.709000,106.379000,108.269000,60922,2.330000,0.735027,109.549000,110.196000,113.126000,110.343978,1.364173,19.816874,0,train
AAPL,1440,2016-11-14,00:00:00,2016-11-14T00:00:00+00:00,107.999000,108.129000,103.909000,105.419000,71463,4.220000,-2.632332,108.589000,109.405000,112.542000,109.448527,1.517995,18.498168,1,train
AAPL,1440,2016-11-15,00:00:00,2016-11-15T00:00:00+00:00,106.049000,107.519000,105.989000,106.919000,62481,1.530000,1.422893,107.797000,108.968000,112.031000,108.988613,1.600828,26.049454,1,train
AAPL,1440,2016-11-16,00:00:00,2016-11-16T00:00:00+00:00,106.369000,110.069000,106.109000,109.629000,62867,3.960000,2.534629,107.543000,108.793000,111.662500,109.105047,1.849456,38.266385,1,train
AAPL,1440,2016-11-17,00:00:00,2016-11-17T00:00:00+00:00,109.849000,110.184000,108.659000,109.659000,63497,1.525000,0.027365,107.979000,108.812000,111.298500,109.205766,1.765040,39.575395,1,train
AAPL,1440,2016-11-18,00:00:00,2016-11-18T00:00:00+00:00,109.609000,110.379000,109.419000,109.839000,51447,0.960000,0.164145,108.293000,108.921000,110.973500,109.320899,1.748441,40.511147,1,train
AAPL,1440,2016-11-21,00:00:00,2016-11-21T00:00:00+00:00,110.119000,111.834000,109.819000,111.599000,56621,2.015000,1.602345,109.529000,109.059000,110.678500,109.735099,1.769824,50.855881,1,train
AAPL,1440,2016-11-22,00:00:00,2016-11-22T00:00:00+00:00,111.719000,112.259000,111.219000,111.609000,54551,1.040000,0.008961,110.467000,109.132000,110.472000,110.075809,1.762600,50.637826,0,train
AAPL,1440,2016-11-23,00:00:00,2016-11-23T00:00:00+00:00,111.369000,111.369000,110.159000,110.989000,52712,1.210000,-0.555511,110.739000,109.141000,110.259000,110.241843,1.774124,54.540024,1,train
AAPL,1440,2016-11-25,00:00:00,2016-11-25T00:00:00+00:00,110.949000,111.709000,110.759000,111.609000,23300,0.950000,0.558614,111.129000,109.554000,110.136000,110.490417,1.399985,58.593750,0,train
AAPL,1440,2016-11-28,00:00:00,2016-11-28T00:00:00+00:00,111.279000,112.309000,111.209000,111.349000,49860,1.100000,-0.232956,111.431000,109.862000,110.029000,110.646523,1.406667,53.661698,0,train
AAPL,1440,2016-11-29,00:00:00,2016-11-29T00:00:00+00:00,110.829000,111.869000,109.899000,110.869000,51091,1.970000,-0.431077,111.285000,110.407000,109.906000,110.686974,1.016781,49.967213,0,train
AAPL,1440,2016-11-30,00:00:00,2016-11-30T00:00:00+00:00,111.229000,112.039000,110.119000,110.389000,54768,1.920000,-0.432943,111.041000,110.754000,109.861000,110.632797,1.000873,48.376830,0,train
AAPL,1440,2016-12-01,00:00:00,2016-12-01T00:00:00+00:00,109.999000,110.779000,108.849000,109.309000,59978,1.930000,-0.978358,110.705000,110.722000,109.757500,110.392106,0.714406,56.843680,1,train
AAPL,1440,2016-12-02,00:00:00,2016-12-02T00:00:00+00:00,109.119000,109.979000,108.679000,109.839000,48883,1.300000,0.484864,110.351000,110.740000,109.776000,110.291542,0.732686,55.987796,0,train
AAPL,1440,2016-12-05,00:00:00,2016-12-05T00:00:00+00:00,110.159000,110.229000,108.259000,109.129000,52688,1.970000,-0.646401,109.907000,110.669000,109.795000,110.080170,0.759176,66.909754,1,train
AAPL,1440,2016-12-06,00:00:00,2016-12-06T00:00:00+00:00,110.059000,110.349000,109.159000,109.869000,47252,1.190000,0.678097,109.707000,110.496000,109.777500,110.041776,0.565583,64.446621,1,train
AAPL,1440,2016-12-07,00:00:00,2016-12-07T00:00:00+00:00,109.169000,111.179000,109.019000,110.849000,57348,2.160000,0.891971,109.799000,110.420000,109.776000,110.188544,0.655716,57.193396,1,train
AAPL,1440,2016-12-08,00:00:00,2016-12-08T00:00:00+00:00,110.699000,112.419000,110.489000,112.049000,54230,1.930000,1.082554,110.347000,110.526000,109.833500,110.526809,0.721273,62.383420,1,train
AAPL,1440,2016-12-09,00:00:00,2016-12-09T00:00:00+00:00,112.069000,114.689000,112.039000,113.849000,49551,2.650000,1.606440,111.149000,110.750000,110.152000,111.130843,0.858728,67.790594,0,train
AAPL,1440,2016-12-12,00:00:00,2016-12-12T00:00:00+00:00,113.369000,113.599000,112.479000,113.229000,50504,1.120000,-0.544581,111.969000,110.938000,110.400000,111.512326,0.881624,58.045410,1,train
AAPL,1440,2016-12-13,00:00:00,2016-12-13T00:00:00+00:00,113.509000,115.909000,113.479000,115.229000,55369,2.430000,1.766332,113.041000,111.374000,110.890500,112.188085,0.982899,64.933993,0,train
AAPL,1440,2016-12-14,00:00:00,2016-12-14T00:00:00+00:00,114.869000,116.189000,114.829000,115.209000,58680,1.360000,-0.017357,113.913000,111.856000,111.305000,112.737342,0.952517,68.315972,1,train
AAPL,1440,2016-12-15,00:00:00,2016-12-15T00:00:00+00:00,114.849000,116.709000,114.819000,115.749000,59202,1.890000,0.468713,114.653000,112.500000,111.611000,113.284917,0.814275,68.094406,1,train
AAPL,1440,2016-12-16,00:00:00,2016-12-16T00:00:00+00:00,116.219000,116.489000,115.619000,115.969000,53853,0.870000,0.190066,115.077000,113.113000,111.926500,113.772932,0.823271,70.263158,1,train
AAPL,1440,2016-12-19,00:00:00,2016-12-19T00:00:00+00:00,115.879000,117.369000,115.719000,116.559000,49942,1.650000,0.508757,115.743000,113.856000,112.262500,114.279490,0.710434,74.717637,1,train
AAPL,1440,2016-12-20,00:00:00,2016-12-20T00:00:00+00:00,116.789000,117.489000,116.559000,116.869000,43775,0.930000,0.265960,116.071000,114.556000,112.526000,114.750310,0.721338,78.571429,1,train
AAPL,1440,2016-12-21,00:00:00,2016-12-21T00:00:00+00:00,116.749000,117.389000,116.729000,117.039000,38940,0.660000,0.145462,116.437000,115.175000,112.797500,115.166435,0.728870,87.056568,0,train
AAPL,1440,2016-12-22,00:00:00,2016-12-22T00:00:00+00:00,116.899000,117.009000,115.609000,116.199000,45366,1.400000,-0.717709,116.527000,115.590000,113.058000,115.354174,0.800741,79.608939,1,train
AAPL,1440,2016-12-23,00:00:00,2016-12-23T00:00:00+00:00,115.809000,116.509000,115.609000,116.479000,30549,0.900000,0.240966,116.629000,115.853000,113.301500,115.558688,0.672018,85.645005,1,train
AAPL,1440,2016-12-27,00:00:00,2016-12-27T00:00:00+00:00,116.709000,117.789000,116.109000,117.239000,37245,1.680000,0.652478,116.765000,116.254000,113.596000,115.864199,0.623441,85.672798,0,train
AAPL,1440,2016-12-28,00:00:00,2016-12-28T00:00:00+00:00,117.639000,117.989000,116.519000,116.599000,41343,1.470000,-0.545893,116.711000,116.391000,113.882500,115.997799,0.442442,78.778779,1,train
AAPL,1440,2016-12-29,00:00:00,2016-12-29T00:00:00+00:00,116.639000,117.099000,116.349000,116.609000,43286,0.750000,0.008576,116.625000,116.531000,114.193500,116.108927,0.441628,75.909091,0,train
AAPL,1440,2016-12-30,00:00:00,2016-12-30T00:00:00+00:00,116.999000,117.189000,115.399000,115.819000,45025,1.790000,-0.677478,116.549000,116.538000,114.519000,116.056213,0.487886,62.644416,1,train
AAPL,1440,2017-01-03,00:00:00,2017-01-03T00:00:00+00:00,116.149000,116.299000,114.759000,115.999000,53973,1.540000,0.155415,116.453000,116.541000,114.827000,116.045810,0.486563,68.843537,0,train
AAPL,1440,2017-01-04,00:00:00,2017-01-04T00:00:00+00:00,116.009000,116.489000,115.719000,115.999000,48389,0.770000,0.000000,116.205000,116.485000,115.170500,116.037299,0.453345,57.196262,1,train
AAPL,1440,2017-01-05,00:00:00,2017-01-05T00:00:00+00:00,115.799000,116.839000,115.779000,116.669000,49817,1.060000,0.577591,116.219000,116.465000,115.510500,116.152154,0.486746,62.166667,1,train
AAPL,1440,2017-01-06,00:00:00,2017-01-06T00:00:00+00:00,116.319000,118.149000,116.319000,117.889000,55550,1.830000,1.045693,116.475000,116.550000,115.862500,116.467944,0.591841,66.017964,1,train
AAPL,1440,2017-01-09,00:00:00,2017-01-09T00:00:00+00:00,118.029000,119.419000,117.759000,118.899000,53010,1.660000,0.856738,117.091000,116.820000,116.205000,116.909954,0.566724,69.611780,1,train
AAPL,1440,2017-01-10,00:00:00,2017-01-10T00:00:00+00:00,118.899000,119.369000,118.279000,119.049000,50976,1.090000,0.126157,117.701000,117.077000,116.465000,117.298872,0.567671,67.709815,1,train
AAPL,1440,2017-01-11,00:00:00,2017-01-11T00:00:00+00:00,118.889000,119.919000,118.539000,119.699000,57746,1.380000,0.545994,118.441000,117.323000,116.788500,117.735259,0.559597,69.199457,0,train
AAPL,1440,2017-01-12,00:00:00,2017-01-12T00:00:00+00:00,118.959000,119.269000,118.179000,119.129000,56357,1.090000,-0.476194,118.933000,117.576000,116.983500,117.988666,0.549488,63.449163,0,train
AAPL,1440,2017-01-13,00:00:00,2017-01-13T00:00:00+00:00,119.089000,119.609000,118.779000,118.989000,48352,0.830000,-0.117520,119.153000,117.814000,117.172500,118.170545,0.556190,69.731259,1,train
AAPL,1440,2017-01-17,00:00:00,2017-01-17T00:00:00+00:00,118.589000,120.219000,118.219000,119.909000,53778,2.000000,0.773181,119.355000,118.223000,117.380500,118.486628,0.485534,72.243839,1,train
AAPL,1440,2017-01-18,00:00:00,2017-01-18T00:00:00+00:00,119.989000,120.489000,119.719000,119.919000,50727,0.770000,0.008340,119.529000,118.615000,117.578000,118.747059,0.494190,69.252874,0,train
AAPL,1440,2017-01-19,00:00:00,2017-01-19T00:00:00+00:00,119.490000,120.079000,119.069000,119.839000,52489,1.010000,-0.066712,119.557000,118.999000,117.742000,118.945594,0.499620,75.312500,1,train
AAPL,1440,2017-01-20,00:00:00,2017-01-20T00:00:00+00:00,120.059000,120.319000,119.699000,119.989000,56011,0.620000,0.125168,119.729000,119.331000,117.898000,119.135304,0.494902,75.840979,1,train
AAPL,1440,2017-01-23,00:00:00,2017-01-23T00:00:00+00:00,119.699000,120.799000,119.669000,120.039000,54048,1.130000,0.041670,119.939000,119.546000,118.048000,119.299612,0.418761,86.379310,0,train
AAPL,1440,2017-01-24,00:00:00,2017-01-24T00:00:00+00:00,119.479000,120.089000,119.329000,119.999000,50078,0.760000,-0.033323,119.957000,119.656000,118.238000,119.426774,0.347938,85.335689,1,train
AAPL,1440,2017-01-25,00:00:00,2017-01-25T00:00:00+00:00,120.159000,122.089000,120.139000,121.849000,52016,1.950000,1.541680,120.343000,119.936000,118.506500,119.867179,0.576163,88.948069,1,train
AAPL,1440,2017-01-26,00:00:00,2017-01-26T00:00:00+00:00,121.649000,122.429000,121.569000,121.939000,51783,0.860000,0.073862,120.763000,120.160000,118.741500,120.243873,0.567049,88.023088,0,train
AAPL,1440,2017-01-27,00:00:00,2017-01-27T00:00:00+00:00,121.949000,122.329000,121.569000,121.709000,46581,0.760000,-0.188619,121.107000,120.418000,118.997000,120.510260,0.536126,82.154882,0,train
AAPL,1440,2017-01-30,00:00:00,2017-01-30T00:00:00+00:00,120.909000,121.729000,120.619000,121.609000,45725,1.110000,-0.082163,121.421000,120.680000,119.247000,120.710031,0.533796,76.938370,1,train
AAPL,1440,2017-01-31,00:00:00,2017-01-31T00:00:00+00:00,121.309000,125.169000,119.079000,123.949000,53742,6.090000,1.924200,122.211000,121.084000,119.653500,121.298934,0.747725,83.933518,1,train
AAPL,1440,2017-02-01,00:00:00,2017-02-01T00:00:00+00:00,127.099000,130.479000,126.769000,128.899000,63987,3.710000,3.993578,123.621000,121.982000,120.298500,122.680765,1.363281,89.930556,0,train
AAPL,1440,2017-02-02,00:00:00,2017-02-02T00:00:00+00:00,128.399000,129.379000,127.749000,128.199000,51411,1.630000,-0.543061,124.873000,122.818000,120.908500,123.684080,1.402096,88.927039,1,train
AAPL,1440,2017-02-03,00:00:00,2017-02-03T00:00:00+00:00,128.249000,129.169000,128.139000,129.049000,45183,1.030000,0.663032,126.341000,123.724000,121.527500,124.659520,1.388471,90.695793,1,train
AAPL,1440,2017-02-06,00:00:00,2017-02-06T00:00:00+00:00,128.719000,130.489000,128.649000,130.259000,48759,1.840000,0.937628,128.071000,124.746000,122.146000,125.677607,1.367212,90.909091,1,train
AAPL,1440,2017-02-07,00:00:00,2017-02-07T00:00:00+00:00,130.439000,132.079000,130.309000,131.429000,47414,1.770000,0.898210,129.567000,125.889000,122.772500,126.723315,1.333268,91.672701,1,train
AAPL,1440,2017-02-08,00:00:00,2017-02-08T00:00:00+00:00,131.509000,132.209000,131.159000,132.059000,43503,1.050000,0.479346,130.199000,126.910000,123.423000,127.693440,1.320655,92.548747,1,train
AAPL,1440,2017-02-09,00:00:00,2017-02-09T00:00:00+00:00,131.549000,132.429000,131.089000,132.299000,41928,1.340000,0.181737,131.019000,127.946000,124.053000,128.530814,1.314349,92.595156,0,train
AAPL,1440,2017-02-10,00:00:00,2017-02-10T00:00:00+00:00,132.159000,132.929000,132.029000,132.109000,42549,0.900000,-0.143614,131.631000,128.986000,124.702000,129.181393,1.310558,91.363948,1,train
AAPL,1440,2017-02-13,00:00:00,2017-02-13T00:00:00+00:00,132.530000,133.810000,132.520000,133.210000,45216,1.290000,0.833403,132.221200,130.146100,125.413050,129.913867,1.271071,92.204971,1,train
AAPL,1440,2017-02-14,00:00:00,2017-02-14T00:00:00+00:00,133.080000,135.250000,133.000000,135.250000,49889,2.250000,1.531417,132.985400,131.276200,126.180100,130.884073,1.242421,92.298466,1,train
AAPL,1440,2017-02-15,00:00:00,2017-02-15T00:00:00+00:00,135.620000,136.250000,134.590000,135.520000,50647,1.660000,0.199630,133.677600,131.938300,126.960150,131.726969,0.600524,92.384995,0,train
AAPL,1440,2017-02-16,00:00:00,2017-02-16T00:00:00+00:00,135.220000,135.890000,134.820000,135.260000,50952,1.070000,-0.191854,134.269800,132.644400,127.731200,132.369338,0.539687,92.212323,1,train
AAPL,1440,2017-02-17,00:00:00,2017-02-17T00:00:00+00:00,134.850000,135.780000,134.820000,135.690000,46560,0.960000,0.317906,134.986000,133.308500,128.516250,132.973095,0.541897,92.979672,1,train
AAPL,1440,2017-02-21,00:00:00,2017-02-21T00:00:00+00:00,136.190000,136.740000,135.950000,136.600000,44209,0.790000,0.670646,135.664000,133.942600,129.344300,133.632532,0.524477,92.308207,1,train
AAPL,1440,2017-02-22,00:00:00,2017-02-22T00:00:00+00:00,136.430000,137.110000,136.080000,137.060000,41367,1.030000,0.336750,136.026000,134.505700,130.197350,134.255708,0.504114,89.006787,0,train
AAPL,1440,2017-02-23,00:00:00,2017-02-23T00:00:00+00:00,137.300000,137.470000,136.270000,136.450000,47376,1.200000,-0.445061,136.212000,134.944800,130.927400,134.654670,0.572458,89.779192,1,train
AAPL,1440,2017-02-24,00:00:00,2017-02-24T00:00:00+00:00,135.410000,136.640000,135.110000,136.640000,43574,1.530000,0.139245,136.488000,135.378900,131.662450,135.015639,0.573830,89.084543,1,train
AAPL,1440,2017-02-27,00:00:00,2017-02-27T00:00:00+00:00,136.870000,137.420000,136.250000,136.750000,44049,1.170000,0.080504,136.700000,135.843000,132.414500,135.330978,0.557649,87.690164,1,train
AAPL,1440,2017-02-28,00:00:00,2017-02-28T00:00:00+00:00,136.920000,137.420000,136.670000,136.960000,43275,0.750000,0.153565,136.772000,136.218000,133.182050,135.627164,0.532678,86.145602,1,train
AAPL,1440,2017-03-01,00:00:00,2017-03-01T00:00:00+00:00,137.750000,140.140000,137.570000,139.700000,50530,2.570000,2.000584,137.300000,136.663000,133.969600,136.367679,0.660534,89.140457,0,train
AAPL,1440,2017-03-02,00:00:00,2017-03-02T00:00:00+00:00,139.990000,140.260000,138.490000,138.930000,47635,1.770000,-0.551181,137.796000,137.004000,134.471150,136.833556,0.716794,82.217472,1,train
AAPL,1440,2017-03-03,00:00:00,2017-03-03T00:00:00+00:00,138.600000,139.820000,138.530000,139.720000,46641,1.290000,0.568632,138.412000,137.450000,135.047200,137.358364,0.704818,84.941695,0,train
AAPL,1440,2017-03-06,00:00:00,2017-03-06T00:00:00+00:00,139.330000,139.740000,138.570000,139.360000,43516,1.170000,-0.257658,138.934000,137.817000,135.562750,137.722298,0.728752,80.295567,1,train
AAPL,1440,2017-03-07,00:00:00,2017-03-07T00:00:00+00:00,138.990000,139.980000,138.760000,139.470000,46986,1.220000,0.078932,139.436000,138.104000,136.023300,138.040062,0.716490,75.669100,0,train
AAPL,1440,2017-03-08,00:00:00,2017-03-08T00:00:00+00:00,139.080000,139.790000,138.660000,138.970000,46938,1.130000,-0.358500,139.290000,138.295000,136.400350,138.209141,0.736328,70.414201,0,train
AAPL,1440,2017-03-09,00:00:00,2017-03-09T00:00:00+00:00,138.460000,138.810000,137.030000,138.690000,48103,1.780000,-0.201482,139.242000,138.519000,136.731900,138.296570,0.718606,70.247934,1,train
AAPL,1440,2017-03-10,00:00:00,2017-03-10T00:00:00+00:00,138.980000,139.340000,138.620000,139.140000,47413,0.720000,0.324465,139.126000,138.769000,137.073950,138.449921,0.720246,70.318021,1,train
AAPL,1440,2017-03-13,00:00:00,2017-03-13T00:00:00+00:00,138.710000,139.420000,138.680000,139.170000,42588,0.740000,0.021561,139.088000,139.011000,137.427000,138.580845,0.721425,66.885677,0,train
AAPL,1440,2017-03-14,00:00:00,2017-03-14T00:00:00+00:00,138.890000,139.640000,138.810000,138.980000,44068,0.830000,-0.136524,138.990000,139.213000,137.715500,138.653418,0.728311,63.079019,1,train
AAPL,1440,2017-03-15,00:00:00,2017-03-15T00:00:00+00:00,139.150000,140.740000,138.990000,140.420000,48145,1.750000,1.036120,139.280000,139.285000,137.974000,138.974615,0.476015,74.296206,1,train
AAPL,1440,2017-03-16,00:00:00,2017-03-16T00:00:00+00:00,140.690000,141.000000,140.230000,140.660000,47497,0.770000,0.170916,139.674000,139.458000,138.231000,139.281049,0.426465,74.452555,0,train
AAPL,1440,2017-03-17,00:00:00,2017-03-17T00:00:00+00:00,140.660000,141.020000,139.860000,139.900000,44078,1.160000,-0.540310,139.826000,139.476000,138.463000,139.393585,0.442081,67.756483,1,train
AAPL,1440,2017-03-20,00:00:00,2017-03-20T00:00:00+00:00,140.240000,141.520000,140.190000,141.430000,42865,1.330000,1.093638,140.278000,139.683000,138.750000,139.763842,0.544550,71.933268,0,train
AAPL,1440,2017-03-21,00:00:00,2017-03-21T00:00:00+00:00,141.980000,142.780000,139.680000,139.710000,64316,3.100000,-1.216149,140.424000,139.707000,138.905500,139.754053,0.695981,50.054526,1,train
AAPL,1440,2017-03-22,00:00:00,2017-03-22T00:00:00+00:00,139.390000,141.590000,139.370000,141.180000,52296,2.220000,1.052180,140.576000,139.928000,139.111500,140.013316,0.751620,61.398176,0,train
AAPL,1440,2017-03-23,00:00:00,2017-03-23T00:00:00+00:00,141.220000,141.580000,140.580000,140.770000,50696,1.000000,-0.290409,140.598000,140.136000,139.327500,140.150895,0.756886,55.532139,0,train
AAPL,1440,2017-03-24,00:00:00,2017-03-24T00:00:00+00:00,141.100000,141.730000,140.340000,140.630000,49130,1.390000,-0.099453,140.744000,140.285000,139.527000,140.238005,0.757996,56.850054,1,train
AAPL,1440,2017-03-27,00:00:00,2017-03-27T00:00:00+00:00,139.550000,141.210000,138.590000,140.910000,48624,2.620000,0.199104,140.640000,140.459000,139.735000,140.360186,0.757795,57.627119,1,train
AAPL,1440,2017-03-28,00:00:00,2017-03-28T00:00:00+00:00,140.840000,144.030000,140.590000,143.620000,52086,3.440000,1.923213,141.422000,140.923000,140.068000,140.952879,0.936977,69.957082,1,train
AAPL,1440,2017-03-29,00:00:00,2017-03-29T00:00:00+00:00,143.570000,144.480000,143.170000,144.150000,47723,1.310000,0.369029,142.016000,141.296000,140.290500,141.534174,0.904532,72.941176,0,train
AAPL,1440,2017-03-30,00:00:00,2017-03-30T00:00:00+00:00,144.100000,144.490000,143.470000,143.850000,43460,1.020000,-0.208117,142.632000,141.615000,140.536500,141.955233,0.916825,70.042553,0,train
AAPL,1440,2017-03-31,00:00:00,2017-03-31T00:00:00+00:00,143.750000,144.260000,142.980000,143.670000,41327,1.280000,-0.125130,143.240000,141.992000,140.734000,142.267009,0.887071,68.907563,0,train
AAPL,1440,2017-04-03,00:00:00,2017-04-03T00:00:00+00:00,143.500000,144.110000,143.030000,143.670000,48795,1.080000,0.000000,143.792000,142.216000,140.949500,142.522098,0.840404,70.025619,1,train
AAPL,1440,2017-04-04,00:00:00,2017-04-04T00:00:00+00:00,143.180000,144.880000,143.160000,144.830000,44733,1.720000,0.807406,144.034000,142.728000,141.217500,142.941717,0.704797,69.291339,0,train
AAPL,1440,2017-04-05,00:00:00,2017-04-05T00:00:00+00:00,144.600000,145.450000,143.240000,143.500000,51367,2.210000,-0.918318,143.904000,142.960000,141.444000,143.043223,0.763640,61.341853,1,train
AAPL,1440,2017-04-06,00:00:00,2017-04-06T00:00:00+00:00,144.050000,144.510000,143.430000,143.620000,47399,1.080000,0.083624,143.858000,143.245000,141.690500,143.148091,0.747812,65.656566,0,train
AAPL,1440,2017-04-07,00:00:00,2017-04-07T00:00:00+00:00,143.380000,144.160000,143.200000,143.340000,44266,0.960000,-0.194959,143.792000,143.516000,141.900500,143.182984,0.752699,58.984008,0,train
AAPL,1440,2017-04-10,00:00:00,2017-04-10T00:00:00+00:00,143.620000,143.860000,142.870000,143.100000,44117,0.990000,-0.167434,143.678000,143.735000,142.097000,143.167896,0.761276,68.524590,0,train
AAPL,1440,2017-04-11,00:00:00,2017-04-11T00:00:00+00:00,142.910000,143.290000,140.020000,141.400000,53937,3.270000,-1.187980,142.992000,143.513000,142.218000,142.846460,0.571252,51.172708,1,train
AAPL,1440,2017-04-12,00:00:00,2017-04-12T00:00:00+00:00,141.430000,142.130000,140.980000,141.760000,49336,1.150000,0.254597,142.644000,143.274000,142.285000,142.648922,0.560654,55.305466,0,train
AAPL,1440,2017-04-13,00:00:00,2017-04-13T00:00:00+00:00,141.590000,142.370000,141.020000,141.110000,49029,1.350000,-0.458521,142.142000,143.000000,142.307500,142.369118,0.568302,52.439024,1,train
AAPL,1440,2017-04-17,00:00:00,2017-04-17T00:00:00+00:00,141.700000,141.930000,140.850000,141.800000,41033,1.080000,0.488980,141.834000,142.813000,142.402500,142.265642,0.607968,54.341463,0,train
AAPL,1440,2017-04-18,00:00:00,2017-04-18T00:00:00+00:00,141.490000,142.030000,141.070000,141.220000,47489,0.960000,-0.409027,141.458000,142.568000,142.392000,142.075525,0.612051,35.221675,0,train
AAPL,1440,2017-04-19,00:00:00,2017-04-19T00:00:00+00:00,141.800000,141.980000,140.420000,140.720000,44074,1.560000,-0.354057,141.322000,142.157000,142.442500,141.829066,0.507141,28.800989,1,train
AAPL,1440,2017-04-20,00:00:00,2017-04-20T00:00:00+00:00,141.220000,142.910000,140.990000,142.390000,48973,1.920000,1.186754,141.448000,142.046000,142.503000,141.931054,0.636141,42.283298,0,train
AAPL,1440,2017-04-21,00:00:00,2017-04-21T00:00:00+00:00,142.450000,142.650000,141.830000,142.250000,42525,0.820000,-0.098322,141.676000,141.909000,142.577000,141.989044,0.633672,42.462845,1,train
AAPL,1440,2017-04-24,00:00:00,2017-04-24T00:00:00+00:00,143.700000,143.930000,143.170000,143.660000,43530,0.760000,0.991213,142.048000,141.941000,142.728500,142.292854,0.718072,49.953832,1,train
AAPL,1440,2017-04-25,00:00:00,2017-04-25T00:00:00+00:00,144.010000,144.890000,143.670000,144.420000,55609,1.220000,0.529027,142.688000,142.073000,142.904000,142.679608,0.731033,48.034516,0,train
AAPL,1440,2017-04-26,00:00:00,2017-04-26T00:00:00+00:00,144.530000,144.590000,143.340000,143.710000,61983,1.250000,-0.491622,143.286000,142.304000,142.908500,142.866952,0.620063,51.070336,0,train
AAPL,1440,2017-04-27,00:00:00,2017-04-27T00:00:00+00:00,143.740000,144.140000,143.270000,143.660000,56759,0.870000,-0.034792,143.540000,142.494000,142.884000,143.011143,0.622109,50.205339,0,train
AAPL,1440,2017-04-28,00:00:00,2017-04-28T00:00:00+00:00,143.860000,144.290000,143.230000,143.600000,57844,1.060000,-0.041765,143.810000,142.743000,142.871500,143.118208,0.591121,51.365546,1,train
AAPL,1440,2017-05-01,00:00:00,2017-05-01T00:00:00+00:00,144.510000,147.180000,144.260000,146.660000,58293,2.920000,2.130919,144.410000,143.229000,143.021000,143.762170,0.856146,64.424635,0,train
AAPL,1440,2017-05-02,00:00:00,2017-05-02T00:00:00+00:00,147.200000,148.080000,144.280000,144.350000,54899,3.800000,-1.575072,144.396000,143.542000,143.055000,143.869048,1.031143,61.389961,1,train
AAPL,1440,2017-05-03,00:00:00,2017-05-03T00:00:00+00:00,145.800000,147.490000,144.250000,146.400000,63355,3.240000,1.420159,144.934000,144.110000,143.133500,144.329221,1.072399,65.846995,0,train
AAPL,1440,2017-05-04,00:00:00,2017-05-04T00:00:00+00:00,146.730000,147.120000,145.780000,146.350000,55713,1.340000,-0.034153,145.472000,144.506000,143.276000,144.696635,1.042158,68.660969,1,train
AAPL,1440,2017-05-05,00:00:00,2017-05-05T00:00:00+00:00,146.700000,148.970000,146.690000,148.940000,52700,2.280000,1.769730,146.540000,145.175000,143.542000,145.468156,1.130570,72.396487,1,train
AAPL,1440,2017-05-08,00:00:00,2017-05-08T00:00:00+00:00,148.800000,153.690000,148.750000,152.920000,54734,4.940000,2.672217,147.792000,146.101000,144.021000,146.823037,1.325453,80.248190,1,train
AAPL,1440,2017-05-09,00:00:00,2017-05-09T00:00:00+00:00,153.590000,154.870000,153.420000,153.910000,50059,1.450000,0.647397,149.704000,147.050000,144.561500,148.111576,1.324935,83.257690,0,train
AAPL,1440,2017-05-10,00:00:00,2017-05-10T00:00:00+00:00,152.880000,153.930000,152.080000,153.210000,44805,1.850000,-0.454811,151.066000,148.000000,145.152000,149.038562,1.321469,78.685048,1,train
AAPL,1440,2017-05-11,00:00:00,2017-05-11T00:00:00+00:00,152.560000,154.060000,152.270000,153.800000,43055,1.790000,0.385092,152.556000,149.014000,145.754000,149.904278,1.303847,79.906784,1,train
AAPL,1440,2017-05-12,00:00:00,2017-05-12T00:00:00+00:00,154.590000,156.410000,154.570000,156.070000,44973,1.840000,1.475943,153.982000,150.261000,146.502000,151.025318,1.297264,80.763510,0,train
AAPL,1440,2017-05-15,00:00:00,2017-05-15T00:00:00+00:00,156.470000,156.640000,155.030000,155.600000,40228,1.610000,-0.301147,154.518000,151.155000,147.192000,151.857079,1.256472,78.118712,0,train
AAPL,1440,2017-05-16,00:00:00,2017-05-16T00:00:00+00:00,155.960000,156.160000,154.690000,155.360000,38225,1.470000,-0.154242,154.808000,152.256000,147.899000,152.493973,1.045787,80.010304,0,train
AAPL,1440,2017-05-17,00:00:00,2017-05-17T00:00:00+00:00,154.070000,154.540000,149.680000,150.340000,53594,4.860000,-3.231205,154.234000,152.650000,148.380000,152.102342,1.599018,63.699754,1,train
AAPL,1440,2017-05-18,00:00:00,2017-05-18T00:00:00+00:00,150.570000,153.330000,150.430000,152.380000,49630,2.900000,1.356924,153.950000,153.253000,148.879500,152.152825,1.629121,66.654021,1,train
AAPL,1440,2017-05-19,00:00:00,2017-05-19T00:00:00+00:00,153.850000,153.970000,152.600000,152.990000,42010,1.370000,0.400315,153.334000,153.658000,149.416500,152.305039,1.558776,63.237139,1,train
AAPL,1440,2017-05-22,00:00:00,2017-05-22T00:00:00+00:00,153.480000,154.560000,152.870000,153.990000,37744,1.690000,0.653637,153.012000,153.765000,149.933000,152.611395,1.328160,71.327434,0,train
AAPL,1440,2017-05-23,00:00:00,2017-05-23T00:00:00+00:00,154.750000,154.970000,153.290000,153.700000,38850,1.680000,-0.188324,152.680000,153.744000,150.397000,152.809323,1.314559,67.514395,0,train
AAPL,1440,2017-05-24,00:00:00,2017-05-24T00:00:00+00:00,153.700000,154.140000,152.660000,153.300000,39378,1.480000,-0.260247,153.272000,153.753000,150.876500,152.898537,1.308601,66.399245,1,train
AAPL,1440,2017-05-25,00:00:00,2017-05-25T00:00:00+00:00,153.700000,154.330000,153.010000,153.780000,41312,1.320000,0.313112,153.552000,153.751000,151.382500,153.058803,1.306527,62.683438,0,train
AAPL,1440,2017-05-26,00:00:00,2017-05-26T00:00:00+00:00,153.300000,154.210000,153.180000,153.560000,40587,1.030000,-0.143062,153.666000,153.500000,151.880500,153.149930,1.200187,52.088773,1,train
AAPL,1440,2017-05-30,00:00:00,2017-05-30T00:00:00+00:00,153.300000,154.420000,153.180000,153.600000,39120,1.240000,0.026048,153.588000,153.300000,152.227500,153.231761,1.200233,48.921364,0,train
AAPL,1440,2017-05-31,00:00:00,2017-05-31T00:00:00+00:00,154.040000,154.170000,152.350000,152.870000,45680,1.820000,-0.475260,153.422000,153.051000,152.653500,153.165986,1.205452,48.819444,1,train
AAPL,1440,2017-06-01,00:00:00,2017-06-01T00:00:00+00:00,153.300000,153.320000,152.180000,153.070000,42499,1.140000,0.130830,153.376000,153.324000,152.987000,153.148534,0.533860,47.394718,1,train
AAPL,1440,2017-06-02,00:00:00,2017-06-02T00:00:00+00:00,153.380000,155.440000,152.860000,155.340000,46387,2.580000,1.482982,153.688000,153.620000,153.436500,153.546982,0.565265,47.394718,0,train
AAPL,1440,2017-06-05,00:00:00,2017-06-05T00:00:00+00:00,154.200000,154.480000,153.450000,153.920000,46287,1.030000,-0.914124,153.760000,153.713000,153.685500,153.614804,0.657295,44.385027,1,train
AAPL,1440,2017-06-06,00:00:00,2017-06-06T00:00:00+00:00,153.370000,155.790000,153.370000,154.430000,46544,2.420000,0.331341,153.926000,153.757000,153.761000,153.763021,0.632527,46.946815,1,train
AAPL,1440,2017-06-07,00:00:00,2017-06-07T00:00:00+00:00,154.850000,155.960000,154.480000,155.200000,46120,1.480000,0.498608,154.392000,153.907000,153.825500,154.024290,0.643351,72.131148,0,train
AAPL,1440,2017-06-08,00:00:00,2017-06-08T00:00:00+00:00,155.640000,155.730000,154.380000,154.820000,44742,1.350000,-0.244845,154.742000,154.059000,153.906000,154.168965,0.642413,63.090129,0,train
AAPL,1440,2017-06-09,00:00:00,2017-06-09T00:00:00+00:00,155.150000,155.200000,146.000000,148.620000,60167,9.200000,-4.004651,153.398000,153.543000,153.647000,153.160062,1.439813,35.345406,0,train
AAPL,1440,2017-06-12,00:00:00,2017-06-12T00:00:00+00:00,145.680000,147.100000,142.520000,145.310000,65695,4.580000,-2.227157,151.676000,152.718000,153.109000,151.732778,1.555720,24.796748,1,train
AAPL,1440,2017-06-13,00:00:00,2017-06-13T00:00:00+00:00,146.870000,147.420000,145.120000,146.630000,56188,2.300000,0.908403,150.116000,152.021000,152.660500,150.805000,1.615251,30.630137,0,train
AAPL,1440,2017-06-14,00:00:00,2017-06-14T00:00:00+00:00,146.870000,147.490000,143.820000,145.060000,57951,3.670000,-1.070722,148.088000,151.240000,152.145500,149.760455,1.627161,28.784758,0,train
AAPL,1440,2017-06-15,00:00:00,2017-06-15T00:00:00+00:00,143.150000,144.470000,142.190000,144.280000,56620,2.280000,-0.537709,145.980000,150.361000,151.842500,148.764008,1.611523,25.912779,0,train
AAPL,1440,2017-06-16,00:00:00,2017-06-16T00:00:00+00:00,144.400000,144.480000,142.170000,142.230000,55387,2.310000,-1.420848,144.702000,149.050000,151.335000,147.576007,1.452729,23.712297,1,train
AAPL,1440,2017-06-19,00:00:00,2017-06-19T00:00:00+00:00,143.690000,146.740000,143.340000,146.310000,54019,3.400000,2.868593,144.902000,148.289000,151.001000,147.345824,1.871547,35.756155,0,train
AAPL,1440,2017-06-20,00:00:00,2017-06-20T00:00:00+00:00,146.480000,146.870000,144.900000,144.990000,52303,1.970000,-0.902194,144.574000,147.345000,150.551000,146.917492,1.851954,34.950344,1,train
AAPL,1440,2017-06-21,00:00:00,2017-06-21T00:00:00+00:00,145.250000,146.060000,144.580000,145.800000,49817,1.480000,0.558659,144.722000,146.405000,150.156000,146.714312,1.856052,36.431504,0,train
AAPL,1440,2017-06-22,00:00:00,2017-06-22T00:00:00+00:00,145.820000,146.680000,145.090000,145.560000,47275,1.590000,-0.164609,144.978000,145.479000,149.769000,146.504437,1.857966,30.250404,1,train
AAPL,1440,2017-06-23,00:00:00,2017-06-23T00:00:00+00:00,145.410000,147.150000,145.070000,146.260000,48355,2.080000,0.480901,145.784000,145.243000,149.393000,146.459994,1.438597,34.068220,0,train
AAPL,1440,2017-06-26,00:00:00,2017-06-26T00:00:00+00:00,147.030000,148.270000,145.360000,145.860000,52757,2.910000,-0.273486,145.694000,145.298000,149.008000,146.350904,1.244885,32.093606,0,train
AAPL,1440,2017-06-27,00:00:00,2017-06-27T00:00:00+00:00,145.210000,146.140000,143.470000,143.590000,54118,2.670000,-1.556287,145.414000,144.994000,148.507500,145.848922,1.297748,27.172631,1,train
AAPL,1440,2017-06-28,00:00:00,2017-06-28T00:00:00+00:00,144.080000,146.100000,143.140000,145.800000,48946,2.960000,1.539104,145.414000,145.068000,148.154000,145.840027,1.364298,33.455613,0,train
AAPL,1440,2017-06-29,00:00:00,2017-06-29T00:00:00+00:00,145.130000,145.290000,142.270000,143.440000,65488,3.020000,-1.618656,144.990000,144.984000,147.672500,145.403658,1.456551,38.941076,1,train
AAPL,1440,2017-06-30,00:00:00,2017-06-30T00:00:00+00:00,143.900000,144.950000,143.310000,144.030000,49323,1.640000,0.411322,144.544000,145.164000,147.107000,145.153902,1.377908,46.908213,0,train
AAPL,1440,2017-07-03,00:00:00,2017-07-03T00:00:00+00:00,144.500000,145.290000,143.080000,143.540000,30255,2.210000,-0.340207,144.080000,144.887000,146.588000,144.860465,0.989223,42.224459,1,train
AAPL,1440,2017-07-05,00:00:00,2017-07-05T00:00:00+00:00,143.950000,144.780000,142.690000,143.910000,49173,2.090000,0.257768,144.144000,144.779000,146.062000,144.687654,0.963660,46.920193,0,train
AAPL,1440,2017-07-06,00:00:00,2017-07-06T00:00:00+00:00,142.930000,143.460000,142.400000,142.490000,54634,1.060000,-0.986728,143.482000,144.448000,145.426500,144.288080,0.975388,45.365096,1,train
AAPL,1440,2017-07-07,00:00:00,2017-07-07T00:00:00+00:00,142.900000,144.740000,142.740000,144.150000,47238,2.000000,1.164994,143.624000,144.307000,144.893000,144.262975,1.070530,55.073996,1,train
AAPL,1440,2017-07-10,00:00:00,2017-07-10T00:00:00+00:00,144.480000,145.940000,143.350000,144.990000,46662,2.590000,0.582726,143.816000,144.180000,144.711500,144.395161,1.077051,45.790816,1,train
AAPL,1440,2017-07-11,00:00:00,2017-07-11T00:00:00+00:00,144.350000,145.840000,144.310000,145.470000,46530,1.530000,0.331057,144.202000,144.141000,144.719500,144.590586,1.082060,51.617251,0,train
AAPL,1440,2017-07-12,00:00:00,2017-07-12T00:00:00+00:00,145.590000,146.230000,144.790000,145.380000,45922,1.440000,-0.061868,144.496000,144.320000,144.657000,144.734116,0.940472,48.512748,1,train
AAPL,1440,2017-07-13,00:00:00,2017-07-13T00:00:00+00:00,145.400000,148.480000,145.380000,147.760000,50139,3.100000,1.637089,145.550000,144.516000,144.792000,145.284277,0.957170,56.765068,1,train
AAPL,1440,2017-07-14,00:00:00,2017-07-14T00:00:00+00:00,147.450000,149.320000,147.310000,149.030000,45163,2.010000,0.859502,146.526000,145.075000,145.029500,145.965317,0.750363,58.229352,1,train
AAPL,1440,2017-07-17,00:00:00,2017-07-17T00:00:00+00:00,149.150000,150.860000,148.540000,149.730000,46115,2.320000,0.469704,147.474000,145.645000,145.404500,146.649805,0.750813,61.295972,1,train
AAPL,1440,2017-07-18,00:00:00,2017-07-18T00:00:00+00:00,149.210000,150.130000,148.640000,150.130000,46938,1.490000,0.267148,148.406000,146.304000,145.595500,147.282568,0.708424,71.428571,1,train
AAPL,1440,2017-07-19,00:00:00,2017-07-19T00:00:00+00:00,150.240000,151.410000,149.920000,150.770000,43243,1.490000,0.426297,149.484000,146.990000,145.884500,147.916646,0.705284,68.151936,0,train
AAPL,1440,2017-07-20,00:00:00,2017-07-20T00:00:00+00:00,151.350000,151.720000,150.160000,150.340000,42823,1.560000,-0.285203,150.000000,147.775000,146.111500,148.357256,0.565420,79.336735,0,train
AAPL,1440,2017-07-21,00:00:00,2017-07-21T00:00:00+00:00,150.000000,150.430000,148.850000,150.300000,41510,1.580000,-0.026606,150.254000,148.390000,146.348500,148.710482,0.544028,77.966102,1,train
AAPL,1440,2017-07-24,00:00:00,2017-07-24T00:00:00+00:00,150.220000,152.430000,149.990000,151.700000,45682,2.440000,0.931470,150.648000,149.061000,146.620500,149.254031,0.566340,83.663366,1,train
AAPL,1440,2017-07-25,00:00:00,2017-07-25T00:00:00+00:00,152.360000,153.830000,151.730000,152.730000,46522,2.100000,0.678972,151.168000,149.787000,146.964000,149.886025,0.568572,84.507042,1,train
AAPL,1440,2017-07-26,00:00:00,2017-07-26T00:00:00+00:00,153.220000,153.920000,153.020000,153.520000,42823,0.900000,0.517253,151.718000,150.601000,147.460500,150.546748,0.534635,95.390947,0,train
AAPL,1440,2017-07-27,00:00:00,2017-07-27T00:00:00+00:00,154.010000,154.360000,147.330000,150.340000,62237,7.030000,-2.071391,151.718000,150.859000,147.687500,150.509157,0.873631,72.640819,0,train
AAPL,1440,2017-07-28,00:00:00,2017-07-28T00:00:00+00:00,149.400000,150.220000,149.160000,149.460000,55956,1.060000,-0.585340,151.550000,150.902000,147.988500,150.318402,0.867618,66.301969,0,train
AAPL,1440,2017-07-31,00:00:00,2017-07-31T00:00:00+00:00,149.980000,150.310000,148.100000,148.680000,54659,2.210000,-0.521879,150.946000,150.797000,148.221000,150.020510,0.868727,61.456103,1,train
AAPL,1440,2017-08-01,00:00:00,2017-08-01T00:00:00+00:00,148.920000,158.530000,148.370000,157.810000,58919,10.160000,6.140705,151.962000,151.565000,148.934500,151.436781,2.154206,76.963124,0,train
AAPL,1440,2017-08-02,00:00:00,2017-08-02T00:00:00+00:00,159.920000,159.960000,156.140000,157.140000,70002,3.820000,-0.424561,152.686000,152.202000,149.596000,152.473730,2.175039,71.977507,0,train
AAPL,1440,2017-08-03,00:00:00,2017-08-03T00:00:00+00:00,156.760000,157.140000,155.010000,155.630000,57024,2.130000,-0.960927,153.744000,152.731000,150.253000,153.047597,2.210125,65.291937,1,train
AAPL,1440,2017-08-04,00:00:00,2017-08-04T00:00:00+00:00,155.860000,157.340000,155.650000,156.310000,55676,1.690000,0.436934,155.114000,153.332000,150.861000,153.640761,2.205792,65.259740,1,train
AAPL,1440,2017-08-07,00:00:00,2017-08-07T00:00:00+00:00,156.900000,158.910000,156.630000,158.720000,50190,2.280000,1.541808,157.122000,154.034000,151.547500,154.564259,2.230008,68.222317,1,train
AAPL,1440,2017-08-08,00:00:00,2017-08-08T00:00:00+00:00,158.590000,161.800000,158.240000,159.770000,61133,3.560000,0.661542,157.514000,154.738000,152.262500,155.510758,2.229838,68.765638,1,train
AAPL,1440,2017-08-09,00:00:00,2017-08-09T00:00:00+00:00,159.000000,161.260000,158.850000,161.130000,61740,2.410000,0.851224,158.312000,155.499000,153.050000,156.532438,2.233066,71.657969,0,train
AAPL,1440,2017-08-10,00:00:00,2017-08-10T00:00:00+00:00,160.290000,160.380000,154.590000,155.020000,68867,5.790000,-3.791969,158.190000,155.967000,153.413000,156.257449,2.503677,57.617818,1,train
AAPL,1440,2017-08-11,00:00:00,2017-08-11T00:00:00+00:00,155.320000,158.560000,155.290000,157.450000,55546,3.270000,1.567540,158.418000,156.766000,153.834000,156.474277,2.508326,58.981568,1,train
AAPL,1440,2017-08-14,00:00:00,2017-08-14T00:00:00+00:00,159.000000,160.200000,158.720000,159.900000,56513,1.480000,1.556050,158.654000,157.888000,154.342500,157.097136,2.495698,60.723901,1,train
AAPL,1440,2017-08-15,00:00:00,2017-08-15T00:00:00+00:00,160.420000,162.180000,160.110000,161.480000,60404,2.070000,0.988118,158.996000,158.255000,154.910000,157.894020,1.649221,61.630625,0,train
AAPL,1440,2017-08-16,00:00:00,2017-08-16T00:00:00+00:00,161.710000,162.500000,160.170000,160.910000,62534,2.330000,-0.352985,158.952000,158.632000,155.417000,158.442380,1.646157,66.719393,0,train
AAPL,1440,2017-08-17,00:00:00,2017-08-17T00:00:00+00:00,160.330000,160.690000,157.790000,158.040000,69718,2.900000,-1.783606,159.556000,158.873000,155.802000,158.369220,1.731717,62.767857,0,train
AAPL,1440,2017-08-18,00:00:00,2017-08-18T00:00:00+00:00,158.530000,159.460000,156.690000,157.520000,66517,2.770000,-0.329031,159.570000,158.994000,156.163000,158.214816,1.735409,63.257349,0,train
AAPL,1440,2017-08-21,00:00:00,2017-08-21T00:00:00+00:00,157.590000,157.870000,155.090000,157.070000,52270,2.780000,-0.285678,159.004000,158.829000,156.431500,158.006668,1.660234,48.499594,1,train
AAPL,1440,2017-08-22,00:00:00,2017-08-22T00:00:00+00:00,158.000000,159.990000,157.720000,159.850000,52580,2.270000,1.769912,158.678000,158.837000,156.787500,158.341819,1.750656,55.061636,0,train
AAPL,1440,2017-08-23,00:00:00,2017-08-23T00:00:00+00:00,158.970000,160.450000,158.750000,159.800000,56906,1.700000,-0.031279,158.456000,158.704000,157.101500,158.606943,1.726112,58.237851,0,train
AAPL,1440,2017-08-24,00:00:00,2017-08-24T00:00:00+00:00,160.580000,160.730000,158.520000,159.250000,63749,2.210000,-0.344180,158.698000,159.127000,157.547000,158.723862,1.147154,55.837967,1,train
AAPL,1440,2017-08-25,00:00:00,2017-08-25T00:00:00+00:00,159.890000,160.550000,159.230000,159.850000,57482,1.320000,0.376766,159.164000,159.367000,158.066500,158.928615,1.056342,52.417629,1,train
AAPL,1440,2017-08-28,00:00:00,2017-08-28T00:00:00+00:00,160.190000,161.990000,159.940000,161.410000,52075,2.050000,0.975915,160.032000,159.518000,158.703000,159.379776,0.984416,53.433836,1,train
AAPL,1440,2017-08-29,00:00:00,2017-08-29T00:00:00+00:00,160.080000,163.110000,159.850000,163.000000,61277,3.260000,0.985069,160.662000,159.670000,158.962500,160.037998,0.984110,53.878059,1,train
AAPL,1440,2017-08-30,00:00:00,2017-08-30T00:00:00+00:00,163.470000,163.860000,162.580000,163.280000,58745,1.280000,0.171779,161.358000,159.907000,159.269500,160.627453,0.971292,72.592998,1,train
AAPL,1440,2017-08-31,00:00:00,2017-08-31T00:00:00+00:00,163.600000,164.510000,163.470000,164.080000,61510,1.040000,0.489956,162.324000,160.511000,159.692000,161.255189,0.695056,69.909910,0,train
AAPL,1440,2017-09-01,00:00:00,2017-09-01T00:00:00+00:00,164.640000,164.910000,163.600000,163.990000,54856,1.310000,-0.054851,163.152000,161.158000,160.076000,161.752427,0.668990,64.310707,0,train
AAPL,1440,2017-09-05,00:00:00,2017-09-05T00:00:00+00:00,163.230000,164.220000,160.540000,162.220000,59793,3.680000,-1.079334,163.314000,161.673000,160.251000,161.837441,0.795242,52.555249,0,train
AAPL,1440,2017-09-06,00:00:00,2017-09-06T00:00:00+00:00,162.570000,162.970000,160.490000,161.600000,58607,2.480000,-0.382197,163.034000,161.848000,160.342500,161.794270,0.636404,52.374398,0,train
AAPL,1440,2017-09-07,00:00:00,2017-09-07T00:00:00+00:00,161.750000,162.200000,160.340000,161.160000,60752,1.860000,-0.272277,162.610000,161.984000,160.344000,161.678948,0.646857,62.892562,0,train
AAPL,1440,2017-09-08,00:00:00,2017-09-08T00:00:00+00:00,161.090000,161.140000,158.500000,158.610000,59161,2.640000,-1.582278,161.516000,161.920000,160.523500,161.120957,0.830815,53.857042,1,train
AAPL,1440,2017-09-11,00:00:00,2017-09-11T00:00:00+00:00,160.530000,162.030000,159.870000,161.350000,60039,2.160000,1.727508,160.988000,162.070000,160.718500,161.162601,0.998471,63.032887,0,train
AAPL,1440,2017-09-12,00:00:00,2017-09-12T00:00:00+00:00,162.620000,163.920000,158.780000,160.820000,67329,5.140000,-0.328478,160.708000,162.011000,160.764500,161.100310,0.955297,53.422724,0,train
AAPL,1440,2017-09-13,00:00:00,2017-09-13T00:00:00+00:00,160.200000,160.200000,157.900000,159.590000,61638,2.300000,-0.764830,160.306000,161.670000,160.670000,160.825708,0.907251,49.315961,0,train
AAPL,1440,2017-09-14,00:00:00,2017-09-14T00:00:00+00:00,158.900000,159.390000,158.060000,158.130000,56041,1.330000,-0.914844,159.700000,161.155000,160.531000,160.335580,0.921734,46.555966,1,train
AAPL,1440,2017-09-15,00:00:00,2017-09-15T00:00:00+00:00,158.500000,160.960000,157.970000,159.850000,59765,2.990000,1.087713,159.948000,160.732000,160.621500,160.247292,0.996195,50.000000,0,train
AAPL,1440,2017-09-18,00:00:00,2017-09-18T00:00:00+00:00,160.070000,160.470000,157.970000,158.600000,60937,2.500000,-0.781983,159.398000,160.193000,160.675500,159.947785,1.006336,41.769186,1,train
AAPL,1440,2017-09-19,00:00:00,2017-09-19T00:00:00+00:00,159.410000,159.760000,158.430000,158.680000,61971,1.330000,0.050441,158.970000,159.839000,160.756000,159.717278,0.975703,36.118252,0,train
AAPL,1440,2017-09-20,00:00:00,2017-09-20T00:00:00+00:00,158.420000,158.420000,153.800000,156.050000,63684,4.620000,-1.657424,158.262000,159.284000,160.566000,159.050500,1.077813,29.815745,0,train
AAPL,1440,2017-09-21,00:00:00,2017-09-21T00:00:00+00:00,155.990000,156.050000,152.730000,153.260000,68622,3.320000,-1.787888,157.288000,158.494000,160.239000,157.997682,1.169338,22.814070,0,train
AAPL,1440,2017-09-22,00:00:00,2017-09-22T00:00:00+00:00,152.250000,152.850000,150.530000,151.720000,68131,2.320000,-1.004828,155.662000,157.805000,159.862500,156.856285,1.123032,21.264637,0,train
AAPL,1440,2017-09-25,00:00:00,2017-09-25T00:00:00+00:00,149.940000,151.800000,149.160000,150.750000,73261,2.640000,-0.639336,154.092000,156.745000,159.407500,155.746052,0.826254,22.092457,1,train
AAPL,1440,2017-09-26,00:00:00,2017-09-26T00:00:00+00:00,151.700000,153.900000,151.660000,153.200000,67588,2.240000,1.625207,152.996000,155.983000,158.997000,155.283133,1.102024,31.233244,1,train
AAPL,1440,2017-09-27,00:00:00,2017-09-27T00:00:00+00:00,153.530000,154.710000,153.300000,154.100000,69471,1.410000,0.587467,152.606000,155.434000,158.552000,155.068018,1.145149,34.544658,0,train
AAPL,1440,2017-09-28,00:00:00,2017-09-28T00:00:00+00:00,153.700000,154.200000,152.670000,153.310000,63818,1.530000,-0.512654,152.616000,154.952000,158.053500,154.748378,1.129815,37.428843,1,train
AAPL,1440,2017-09-29,00:00:00,2017-09-29T00:00:00+00:00,152.900000,154.110000,151.970000,153.990000,52825,2.140000,0.443546,153.070000,154.366000,157.549000,154.610491,1.057758,30.651945,0,train
AAPL,1440,2017-10-02,00:00:00,2017-10-02T00:00:00+00:00,154.310000,154.430000,152.690000,153.710000,57262,1.740000,-0.181830,153.662000,153.877000,157.035000,154.446766,1.048630,31.060202,1,train
AAPL,1440,2017-10-03,00:00:00,2017-10-03T00:00:00+00:00,153.800000,155.080000,153.780000,154.500000,49495,1.300000,0.513955,153.922000,153.459000,156.649000,154.456445,1.076105,36.115657,0,train
AAPL,1440,2017-10-04,00:00:00,2017-10-04T00:00:00+00:00,153.520000,153.850000,152.450000,153.490000,53166,1.400000,-0.653722,153.800000,153.203000,156.243500,154.280727,0.973326,37.024609,1,train
AAPL,1440,2017-10-05,00:00:00,2017-10-05T00:00:00+00:00,154.110000,155.420000,153.850000,155.340000,58989,1.570000,1.205290,154.206000,153.411000,155.952500,154.473322,0.872441,37.479178,0,train
AAPL,1440,2017-10-06,00:00:00,2017-10-06T00:00:00+00:00,154.790000,155.480000,154.500000,155.290000,53150,0.980000,-0.032187,154.466000,153.768000,155.786500,154.621809,0.780177,40.154670,1,train
AAPL,1440,2017-10-09,00:00:00,2017-10-09T00:00:00+00:00,155.850000,156.710000,155.480000,155.700000,50368,1.230000,0.264022,154.864000,154.263000,155.504000,154.817844,0.717389,41.306884,0,train
AAPL,1440,2017-10-10,00:00:00,2017-10-10T00:00:00+00:00,156.020000,156.550000,155.070000,155.690000,56510,1.480000,-0.006423,155.102000,154.512000,155.247500,154.976418,0.556564,48.760331,1,train
AAPL,1440,2017-10-11,00:00:00,2017-10-11T00:00:00+00:00,155.790000,156.960000,155.720000,156.470000,50341,1.240000,0.500996,155.698000,154.749000,155.091500,155.247978,0.549864,62.829736,0,train
AAPL,1440,2017-10-12,00:00:00,2017-10-12T00:00:00+00:00,156.280000,157.350000,155.690000,155.810000,52476,1.660000,-0.421806,155.792000,154.999000,154.975500,155.350164,0.538252,67.583835,1,train
AAPL,1440,2017-10-13,00:00:00,2017-10-13T00:00:00+00:00,156.340000,157.270000,156.310000,157.000000,50769,0.960000,0.763751,156.134000,155.300000,154.833000,155.650134,0.565612,76.371308,1,train
AAPL,1440,2017-10-16,00:00:00,2017-10-16T00:00:00+00:00,158.210000,159.990000,157.230000,159.890000,53899,2.760000,1.840764,156.972000,155.918000,154.897500,156.421019,0.748026,77.217250,1,train
AAPL,1440,2017-10-17,00:00:00,2017-10-17T00:00:00+00:00,159.680000,160.860000,159.210000,160.380000,49049,1.650000,0.306461,157.910000,156.506000,154.982500,157.140834,0.747313,76.430976,0,train
AAPL,1440,2017-10-18,00:00:00,2017-10-18T00:00:00+00:00,160.740000,160.860000,159.570000,159.690000,33286,1.290000,-0.430228,158.554000,157.126000,155.164500,157.604318,0.715747,77.079796,0,train
AAPL,1440,2017-10-19,00:00:00,2017-10-19T00:00:00+00:00,156.880000,157.250000,154.990000,156.000000,55015,2.260000,-2.310727,158.592000,157.192000,155.301500,157.312624,1.057638,56.795132,1,train
AAPL,1440,2017-10-20,00:00:00,2017-10-20T00:00:00+00:00,156.590000,157.740000,155.930000,156.190000,43108,1.810000,0.121795,158.430000,157.282000,155.525000,157.108511,1.057470,58.435374,0,train
AAPL,1440,2017-10-23,00:00:00,2017-10-23T00:00:00+00:00,156.600000,157.670000,155.560000,156.050000,45027,2.110000,-0.089634,157.662000,157.317000,155.790000,156.916054,1.055908,55.516014,1,train
AAPL,1440,2017-10-24,00:00:00,2017-10-24T00:00:00+00:00,156.200000,157.410000,156.170000,156.810000,41817,1.240000,0.487023,156.948000,157.429000,155.970500,156.896772,1.065632,62.028986,0,train
AAPL,1440,2017-10-25,00:00:00,2017-10-25T00:00:00+00:00,157.210000,157.530000,155.230000,156.470000,50036,2.300000,-0.216823,156.304000,157.429000,156.089000,156.819177,1.058035,54.597234,1,train
AAPL,1440,2017-10-26,00:00:00,2017-10-26T00:00:00+00:00,156.990000,157.800000,156.760000,157.740000,45713,1.040000,0.811657,156.652000,157.622000,156.310500,156.986599,1.074512,59.067358,1,train
AAPL,1440,2017-10-27,00:00:00,2017-10-27T00:00:00+00:00,159.540000,163.590000,158.670000,163.000000,57992,4.920000,3.334601,158.014000,158.222000,156.761000,158.079945,1.475967,69.880174,1,train
AAPL,1440,2017-10-30,00:00:00,2017-10-30T00:00:00+00:00,163.630000,168.060000,163.630000,166.750000,57401,4.430000,2.300613,160.154000,158.908000,157.413000,159.656318,1.532428,75.022624,1,train
AAPL,1440,2017-10-31,00:00:00,2017-10-31T00:00:00+00:00,167.820000,169.630000,166.940000,168.880000,49074,2.690000,1.277361,162.568000,159.758000,158.132000,161.333351,1.554229,76.460554,0,train
AAPL,1440,2017-11-01,00:00:00,2017-11-01T00:00:00+00:00,169.370000,169.910000,165.590000,167.070000,55431,4.320000,-1.071767,164.688000,160.496000,158.811000,162.376378,1.610427,72.886179,1,train
AAPL,1440,2017-11-02,00:00:00,2017-11-02T00:00:00+00:00,167.890000,174.300000,165.240000,173.610000,57431,9.060000,3.914527,167.862000,162.257000,159.724500,164.418855,1.621653,77.729549,0,train
AAPL,1440,2017-11-03,00:00:00,2017-11-03T00:00:00+00:00,175.390000,175.810000,171.090000,172.450000,53306,4.720000,-0.668164,169.752000,163.883000,160.582500,165.879063,1.691623,72.253721,1,train
AAPL,1440,2017-11-06,00:00:00,2017-11-06T00:00:00+00:00,172.610000,174.970000,171.700000,174.100000,50479,3.270000,0.956799,171.222000,165.688000,161.502500,167.373779,1.647987,73.349217,1,train
AAPL,1440,2017-11-07,00:00:00,2017-11-07T00:00:00+00:00,174.190000,175.230000,173.580000,174.710000,49954,1.650000,0.350373,172.388000,167.478000,162.453500,168.707637,1.654304,75.631399,1,train
AAPL,1440,2017-11-08,00:00:00,2017-11-08T00:00:00+00:00,174.370000,176.700000,174.300000,176.660000,35947,2.400000,1.116135,174.306000,169.497000,163.463000,170.153522,1.588918,87.481858,0,train
AAPL,1440,2017-11-09,00:00:00,2017-11-09T00:00:00+00:00,174.920000,176.080000,173.110000,175.890000,49845,2.970000,-0.435866,174.762000,171.312000,164.467000,171.196518,1.672388,85.003554,0,train
AAPL,1440,2017-11-10,00:00:00,2017-11-10T00:00:00+00:00,175.290000,175.370000,174.240000,174.640000,43505,1.130000,-0.710671,175.200000,172.476000,165.349000,171.822605,1.559237,81.777778,0,train
AAPL,1440,2017-11-13,00:00:00,2017-11-13T00:00:00+00:00,173.900000,174.490000,173.310000,173.860000,42039,1.180000,-0.446633,175.152000,173.187000,166.047500,172.193041,1.486800,79.125384,0,train
AAPL,1440,2017-11-14,00:00:00,2017-11-14T00:00:00+00:00,173.710000,173.710000,170.390000,171.050000,49961,3.320000,-1.616243,174.420000,173.404000,166.581000,171.985215,1.581722,72.967864,0,train
AAPL,1440,2017-11-15,00:00:00,2017-11-15T00:00:00+00:00,170.420000,170.450000,168.360000,169.220000,51595,2.090000,-1.069863,172.932000,173.619000,167.057500,171.482449,1.581560,67.770898,1,train
AAPL,1440,2017-11-16,00:00:00,2017-11-16T00:00:00+00:00,170.570000,171.860000,170.270000,171.150000,47380,1.590000,1.140527,171.984000,173.373000,167.815000,171.422004,0.971320,64.066275,0,train
AAPL,1440,2017-11-17,00:00:00,2017-11-17T00:00:00+00:00,170.870000,171.380000,169.610000,170.020000,45721,1.770000,-0.660240,171.060000,173.130000,168.506500,171.167094,0.970842,56.204934,0,train
AAPL,1440,2017-11-20,00:00:00,2017-11-20T00:00:00+00:00,170.520000,170.600000,169.520000,169.890000,39962,1.080000,-0.076462,170.266000,172.709000,169.198500,170.934895,0.893318,52.073922,1,train
AAPL,1440,2017-11-21,00:00:00,2017-11-21T00:00:00+00:00,170.580000,173.690000,170.480000,173.000000,43449,3.210000,1.830596,170.656000,172.538000,170.008000,171.310369,1.100733,61.559454,1,train
AAPL,1440,2017-11-22,00:00:00,2017-11-22T00:00:00+00:00,173.500000,174.990000,173.020000,174.900000,45109,1.970000,1.098266,171.792000,172.362000,170.929500,171.963029,1.098564,53.069967,1,train
AAPL,1440,2017-11-24,00:00:00,2017-11-24T00:00:00+00:00,175.180000,175.450000,174.620000,174.940000,26464,0.830000,0.022870,172.550000,172.267000,171.789500,172.504296,1.092293,56.259427,0,train
AAPL,1440,2017-11-27,00:00:00,2017-11-27T00:00:00+00:00,174.620000,175.010000,173.290000,174.080000,53858,1.720000,-0.491597,173.362000,172.211000,172.343500,172.790788,1.079667,49.947644,0,train
AAPL,1440,2017-11-28,00:00:00,2017-11-28T00:00:00+00:00,174.310000,174.850000,171.860000,172.980000,53547,2.990000,-0.631893,173.980000,172.123000,172.655000,172.825190,1.089217,45.584482,0,train
AAPL,1440,2017-11-29,00:00:00,2017-11-29T00:00:00+00:00,172.990000,173.020000,167.130000,169.190000,72978,5.890000,-2.191005,173.218000,171.937000,172.670500,172.164246,1.191665,32.571162,1,train
AAPL,1440,2017-11-30,00:00:00,2017-11-30T00:00:00+00:00,170.680000,172.120000,168.420000,171.640000,66875,3.700000,1.448076,172.566000,172.179000,172.899000,172.068929,1.230040,40.804846,0,train
AAPL,1440,2017-12-01,00:00:00,2017-12-01T00:00:00+00:00,170.470000,171.650000,168.490000,170.960000,65219,3.160000,-0.396178,171.770000,172.160000,172.766500,171.867305,1.187653,41.836735,0,train
AAPL,1440,2017-12-04,00:00:00,2017-12-04T00:00:00+00:00,172.320000,172.580000,169.230000,169.560000,65677,3.350000,-0.818905,170.866000,172.114000,172.622000,171.447795,1.198394,40.716753,0,train
AAPL,1440,2017-12-05,00:00:00,2017-12-05T00:00:00+00:00,169.650000,171.510000,168.380000,169.560000,70540,3.130000,0.000000,170.182000,172.081000,172.395000,171.104560,1.198242,46.339066,0,train
AAPL,1440,2017-12-06,00:00:00,2017-12-06T00:00:00+00:00,168.050000,170.190000,166.440000,168.790000,59476,3.750000,-0.454117,170.102000,171.660000,172.099000,170.683731,1.010825,48.885433,1,train
AAPL,1440,2017-12-07,00:00:00,2017-12-07T00:00:00+00:00,169.620000,170.430000,168.790000,169.370000,59329,1.640000,0.343622,169.648000,171.107000,171.734500,170.444871,0.924147,45.039019,0,train
AAPL,1440,2017-12-08,00:00:00,2017-12-08T00:00:00+00:00,169.860000,170.980000,168.790000,169.310000,49427,2.190000,-0.035425,169.318000,170.544000,171.405500,170.238531,0.921947,47.895673,1,train
AAPL,1440,2017-12-11,00:00:00,2017-12-11T00:00:00+00:00,169.390000,172.880000,168.770000,172.670000,53369,4.110000,1.984525,169.940000,170.403000,171.307000,170.680616,1.170552,56.915423,0,train
AAPL,1440,2017-12-12,00:00:00,2017-12-12T00:00:00+00:00,172.400000,172.490000,171.430000,171.650000,43289,1.060000,-0.590722,170.358000,170.270000,171.196500,170.856868,1.168447,46.252082,1,train
AAPL,1440,2017-12-13,00:00:00,2017-12-13T00:00:00+00:00,171.620000,173.520000,171.620000,172.310000,49072,1.900000,0.384503,171.062000,170.582000,171.259500,171.121073,0.902910,42.277877,1,train
AAPL,1440,2017-12-14,00:00:00,2017-12-14T00:00:00+00:00,172.410000,173.120000,171.630000,172.350000,49940,1.490000,0.023214,171.658000,170.653000,171.416000,171.344515,0.786652,42.277877,1,train
AAPL,1440,2017-12-15,00:00:00,2017-12-15T00:00:00+00:00,172.550000,174.130000,172.380000,173.850000,52954,1.750000,0.870322,172.566000,170.942000,171.551000,171.800057,0.809520,49.339460,1,train
AAPL,1440,2017-12-18,00:00:00,2017-12-18T00:00:00+00:00,175.000000,177.180000,174.770000,176.390000,49335,2.410000,1.461030,173.310000,171.625000,171.869500,172.634592,0.820821,59.045093,0,train
AAPL,1440,2017-12-19,00:00:00,2017-12-19T00:00:00+00:00,174.880000,175.360000,174.060000,174.330000,49380,1.300000,-1.167867,173.846000,172.102000,172.091500,172.942848,0.955829,65.011682,0,train
AAPL,1440,2017-12-20,00:00:00,2017-12-20T00:00:00+00:00,175.010000,175.410000,173.240000,174.260000,42631,2.170000,-0.040154,174.236000,172.649000,172.154500,173.182330,0.928998,58.887381,1,train
AAPL,1440,2017-12-21,00:00:00,2017-12-21T00:00:00+00:00,174.500000,176.010000,174.020000,175.150000,43033,1.990000,0.510731,174.796000,173.227000,172.167000,173.540089,0.930905,64.013378,0,train
AAPL,1440,2017-12-22,00:00:00,2017-12-22T00:00:00+00:00,174.700000,175.400000,174.540000,175.030000,38431,0.860000,-0.068513,175.032000,173.799000,172.171500,173.810982,0.932446,70.007315,0,train
AAPL,1440,2017-12-26,00:00:00,2017-12-26T00:00:00+00:00,170.520000,171.430000,169.640000,170.520000,46275,1.790000,-2.576701,173.858000,173.584000,171.993500,173.212621,1.131236,52.640264,1,train
AAPL,1440,2017-12-27,00:00:00,2017-12-27T00:00:00+00:00,170.630000,170.740000,169.690000,170.560000,38295,1.050000,0.023458,173.104000,173.475000,171.872500,172.730326,1.119415,55.071633,1,train
AAPL,1440,2017-12-28,00:00:00,2017-12-28T00:00:00+00:00,170.850000,171.830000,170.450000,170.670000,31425,1.380000,0.064493,172.386000,173.311000,171.946500,172.355722,1.109894,53.828033,0,train
AAPL,1440,2017-12-29,00:00:00,2017-12-29T00:00:00+00:00,170.930000,170.950000,169.210000,169.270000,39838,1.740000,-0.820296,171.210000,173.003000,171.828000,171.794681,1.132163,49.890830,1,train
AAPL,1440,2018-01-02,00:00:00,2018-01-02T00:00:00+00:00,169.990000,172.240000,169.250000,172.090000,41108,2.990000,1.665977,170.622000,172.827000,171.884500,171.848376,1.236855,48.368954,0,train
AAPL,1440,2018-01-03,00:00:00,2018-01-03T00:00:00+00:00,172.500000,174.540000,171.830000,171.850000,43686,2.710000,-0.139462,170.888000,172.373000,171.999000,171.848671,1.110234,50.588235,1,train
AAPL,1440,2018-01-04,00:00:00,2018-01-04T00:00:00+00:00,172.750000,173.460000,172.070000,173.160000,41074,1.390000,0.762293,171.408000,172.256000,172.179000,172.087094,1.101612,52.407932,1,train
AAPL,1440,2018-01-05,00:00:00,2018-01-05T00:00:00+00:00,173.540000,175.210000,173.030000,174.950000,43982,2.180000,1.033726,172.264000,172.325000,172.487000,172.607623,1.155007,56.701031,0,train
AAPL,1440,2018-01-08,00:00:00,2018-01-08T00:00:00+00:00,174.530000,175.570000,173.910000,174.170000,40778,1.660000,-0.445842,173.244000,172.227000,172.727000,172.891691,1.151809,50.856531,0,train
AAPL,1440,2018-01-09,00:00:00,2018-01-09T00:00:00+00:00,174.600000,175.040000,173.370000,174.020000,47565,1.670000,-0.086123,173.630000,172.126000,172.962500,173.096838,1.151854,42.725599,1,train
AAPL,1440,2018-01-10,00:00:00,2018-01-10T00:00:00+00:00,173.150000,174.280000,172.970000,174.080000,49174,1.310000,0.034479,174.076000,172.482000,173.033000,173.275595,0.737236,49.125262,1,train
AAPL,1440,2018-01-11,00:00:00,2018-01-11T00:00:00+00:00,174.630000,175.470000,174.370000,175.240000,41227,1.100000,0.666360,174.492000,172.950000,173.212500,173.632760,0.747196,53.185956,1,train
AAPL,1440,2018-01-12,00:00:00,2018-01-12T00:00:00+00:00,176.310000,177.330000,175.580000,176.980000,48792,1.750000,0.992924,174.898000,173.581000,173.446000,174.241349,0.775478,55.637708,0,train
AAPL,1440,2018-01-16,00:00:00,2018-01-16T00:00:00+00:00,178.270000,179.380000,176.120000,176.190000,64553,3.260000,-0.446378,175.302000,174.273000,173.638000,174.595649,0.718847,53.431953,1,train
AAPL,1440,2018-01-17,00:00:00,2018-01-17T00:00:00+00:00,175.300000,179.240000,175.050000,179.130000,58689,4.190000,1.668653,176.324000,174.977000,173.902000,175.420076,0.719369,78.082192,0,train
AAPL,1440,2018-01-18,00:00:00,2018-01-18T00:00:00+00:00,179.080000,180.090000,178.220000,178.850000,54887,1.870000,-0.156311,177.278000,175.677000,174.025000,176.043699,0.720802,76.621708,0,train
AAPL,1440,2018-01-19,00:00:00,2018-01-19T00:00:00+00:00,178.810000,179.550000,177.390000,178.450000,49192,2.160000,-0.223651,177.920000,176.206000,174.231000,176.481208,0.733422,74.527112,0,train
AAPL,1440,2018-01-22,00:00:00,2018-01-22T00:00:00+00:00,177.380000,177.770000,176.600000,177.090000,44262,1.170000,-0.762118,177.942000,176.420000,174.372500,176.591898,0.754394,74.715550,0,train
AAPL,1440,2018-01-23,00:00:00,2018-01-23T00:00:00+00:00,177.590000,179.430000,176.490000,176.650000,54763,2.940000,-0.248461,178.034000,176.668000,174.447500,176.602462,0.740272,66.964286,0,train
AAPL,1440,2018-01-24,00:00:00,2018-01-24T00:00:00+00:00,177.590000,177.900000,173.180000,174.180000,65992,4.720000,-1.398245,177.044000,176.684000,174.405000,176.162014,0.887272,57.434588,0,train
AAPL,1440,2018-01-25,00:00:00,2018-01-25T00:00:00+00:00,174.900000,175.040000,170.510000,171.300000,64700,4.530000,-1.653462,175.534000,176.406000,174.444000,175.278012,1.031507,44.605568,1,train
AAPL,1440,2018-01-26,00:00:00,2018-01-26T00:00:00+00:00,172.080000,172.300000,170.030000,171.400000,59291,2.270000,0.058377,174.124000,176.022000,174.486000,174.572919,0.994914,38.585209,0,train
AAPL,1440,2018-01-29,00:00:00,2018-01-29T00:00:00+00:00,170.290000,170.310000,167.040000,167.900000,56798,3.270000,-2.042007,172.286000,175.114000,174.347500,173.359661,1.046430,32.840722,0,train
AAPL,1440,2018-01-30,00:00:00,2018-01-30T00:00:00+00:00,166.010000,167.360000,164.690000,167.050000,64970,2.670000,-0.506254,170.366000,174.200000,174.236500,172.212450,1.046131,31.628888,0,train
AAPL,1440,2018-01-31,00:00:00,2018-01-31T00:00:00+00:00,166.550000,168.430000,166.330000,166.560000,56353,2.100000,-0.293325,168.842000,172.943000,173.960000,171.184731,0.722714,30.618557,1,train
AAPL,1440,2018-02-01,00:00:00,2018-02-01T00:00:00+00:00,167.130000,169.610000,162.620000,169.380000,65705,6.990000,1.693084,168.458000,171.996000,173.836500,170.856598,1.047402,36.087369,0,train
AAPL,1440,2018-02-02,00:00:00,2018-02-02T00:00:00+00:00,167.290000,167.400000,160.070000,160.400000,76020,7.330000,-5.301689,166.258000,170.191000,173.198500,168.955399,1.822475,20.706714,0,train
AAPL,1440,2018-02-05,00:00:00,2018-02-05T00:00:00+00:00,158.700000,163.850000,155.640000,156.000000,74545,8.210000,-2.743142,163.878000,168.082000,172.251000,166.599872,1.894504,18.364149,1,train
AAPL,1440,2018-02-06,00:00:00,2018-02-06T00:00:00+00:00,154.490000,163.700000,153.970000,162.800000,76674,9.730000,4.358974,163.028000,166.697000,171.682500,165.908986,2.594379,27.173609,0,train
AAPL,1440,2018-02-07,00:00:00,2018-02-07T00:00:00+00:00,162.540000,163.030000,158.730000,158.860000,74000,4.300000,-2.420147,161.488000,165.165000,170.924500,164.627352,2.641022,24.651281,0,train
AAPL,1440,2018-02-08,00:00:00,2018-02-08T00:00:00+00:00,160.470000,160.990000,155.020000,156.030000,75003,5.970000,-1.781443,158.818000,163.638000,170.022000,163.064197,2.645466,23.220258,1,train
AAPL,1440,2018-02-09,00:00:00,2018-02-09T00:00:00+00:00,156.270000,157.870000,150.220000,156.080000,71416,7.650000,0.032045,157.954000,162.106000,169.064000,161.794343,2.644422,24.093711,1,train
AAPL,1440,2018-02-12,00:00:00,2018-02-12T00:00:00+00:00,158.860000,163.880000,156.980000,162.830000,73980,6.900000,4.324705,159.320000,161.599000,168.356500,161.982644,3.071039,35.253948,1,train
AAPL,1440,2018-02-13,00:00:00,2018-02-13T00:00:00+00:00,162.010000,164.740000,161.380000,164.190000,69789,3.360000,0.835227,159.598000,161.313000,167.756500,162.383982,3.088517,39.081967,1,train
AAPL,1440,2018-02-14,00:00:00,2018-02-14T00:00:00+00:00,164.470000,167.860000,161.790000,167.840000,70179,6.070000,2.223034,161.394000,161.441000,167.192000,163.375985,3.174992,46.281169,1,train
AAPL,1440,2018-02-15,00:00:00,2018-02-15T00:00:00+00:00,169.040000,173.160000,168.840000,173.090000,73189,4.320000,3.127979,164.806000,161.812000,166.904000,165.142170,3.284419,51.635378,0,train
AAPL,1440,2018-02-16,00:00:00,2018-02-16T00:00:00+00:00,172.440000,174.810000,171.750000,172.450000,69760,3.060000,-0.369750,168.080000,163.017000,166.604000,166.470866,2.667994,54.660930,0,train
AAPL,1440,2018-02-20,00:00:00,2018-02-20T00:00:00+00:00,171.730000,174.250000,171.390000,171.720000,65008,2.860000,-0.423311,169.858000,164.589000,166.335500,167.425254,2.418897,54.795646,0,train
AAPL,1440,2018-02-21,00:00:00,2018-02-21T00:00:00+00:00,173.060000,174.110000,170.500000,170.800000,63309,3.610000,-0.535756,171.180000,165.389000,166.043000,168.038844,2.140842,54.315961,1,train
AAPL,1440,2018-02-22,00:00:00,2018-02-22T00:00:00+00:00,171.600000,173.940000,171.530000,172.880000,63028,2.410000,1.217799,172.188000,166.791000,165.978000,168.919054,1.882793,53.617197,1,train
AAPL,1440,2018-02-23,00:00:00,2018-02-23T00:00:00+00:00,173.500000,175.640000,173.220000,175.540000,55876,2.420000,1.538640,172.678000,168.742000,166.190000,170.122863,1.641533,67.998098,1,train
AAPL,1440,2018-02-26,00:00:00,2018-02-26T00:00:00+00:00,176.260000,179.370000,176.210000,178.970000,58679,3.160000,1.953971,173.982000,171.031000,166.568500,171.731433,1.602011,77.950840,0,train
AAPL,1440,2018-02-27,00:00:00,2018-02-27T00:00:00+00:00,178.490000,180.460000,178.120000,178.350000,71592,2.340000,-0.346427,175.308000,172.583000,167.091000,172.934809,1.304339,72.271555,1,train
AAPL,1440,2018-02-28,00:00:00,2018-02-28T00:00:00+00:00,179.010000,180.610000,178.020000,178.440000,67677,2.590000,0.050463,176.836000,174.008000,167.660500,173.935753,1.333433,81.519639,0,train
AAPL,1440,2018-03-01,00:00:00,2018-03-01T00:00:00+00:00,177.800000,179.760000,172.650000,175.120000,70450,7.110000,-1.860569,177.284000,174.736000,168.088500,174.151070,1.481179,80.253566,1,train
AAPL,1440,2018-03-02,00:00:00,2018-03-02T00:00:00+00:00,172.280000,176.290000,172.240000,176.190000,73554,4.050000,0.611010,177.414000,175.046000,168.429000,174.521785,1.149487,80.871968,1,train
AAPL,1440,2018-03-05,00:00:00,2018-03-05T00:00:00+00:00,175.500000,177.730000,174.490000,176.610000,61847,3.240000,0.238379,176.942000,175.462000,169.239500,174.901460,1.132926,76.257622,0,train
AAPL,1440,2018-03-06,00:00:00,2018-03-06T00:00:00+00:00,177.930000,178.240000,176.120000,176.540000,64099,2.120000,-0.039635,176.580000,175.944000,170.266500,175.199377,1.114141,74.749499,0,train
AAPL,1440,2018-03-07,00:00:00,2018-03-07T00:00:00+00:00,175.470000,175.820000,174.230000,174.850000,60650,1.590000,-0.957290,175.862000,176.349000,170.869000,175.135854,1.155749,65.245759,1,test
AAPL,1440,2018-03-08,00:00:00,2018-03-08T00:00:00+00:00,175.290000,177.100000,175.050000,176.850000,61223,2.050000,1.143838,176.208000,176.746000,171.768500,175.447517,1.149018,59.523810,1,test
AAPL,1440,2018-03-09,00:00:00,2018-03-09T00:00:00+00:00,176.560000,179.970000,176.530000,179.970000,60230,3.440000,1.764207,176.964000,177.189000,172.965500,176.269786,1.179307,66.921692,1,test
AAPL,1440,2018-03-12,00:00:00,2018-03-12T00:00:00+00:00,180.380000,182.380000,180.080000,181.790000,51257,2.300000,1.011280,178.000000,177.471000,174.251000,177.273462,1.060135,71.600172,0,test
AAPL,1440,2018-03-13,00:00:00,2018-03-13T00:00:00+00:00,181.740000,183.480000,179.210000,179.660000,70168,4.270000,-1.171682,178.624000,177.602000,175.092500,177.707378,1.133642,68.066884,0,test
AAPL,1440,2018-03-14,00:00:00,2018-03-14T00:00:00+00:00,180.500000,180.800000,177.790000,178.050000,68686,3.010000,-0.896137,179.264000,177.563000,175.785500,177.769673,1.175054,60.748441,1,test
AAPL,1440,2018-03-15,00:00:00,2018-03-15T00:00:00+00:00,178.030000,180.190000,178.020000,178.820000,55118,2.170000,0.432463,179.658000,177.933000,176.334500,177.960641,0.983085,57.400722,0,test
AAPL,1440,2018-03-16,00:00:00,2018-03-16T00:00:00+00:00,178.520000,179.100000,177.610000,177.890000,54985,1.490000,-0.520076,179.242000,178.103000,176.574500,177.947797,0.997252,47.253306,0,test
AAPL,1440,2018-03-19,00:00:00,2018-03-19T00:00:00+00:00,177.250000,177.430000,173.620000,175.680000,69701,3.810000,-1.242341,178.020000,178.010000,176.736000,177.535471,1.080929,43.717647,0,test
AAPL,1440,2018-03-20,00:00:00,2018-03-20T00:00:00+00:00,175.870000,176.760000,174.920000,175.270000,61313,1.840000,-0.233379,177.142000,177.883000,176.913500,177.123567,1.082507,42.651831,0,test
AAPL,1440,2018-03-21,00:00:00,2018-03-21T00:00:00+00:00,175.000000,175.240000,171.220000,171.400000,61526,4.020000,-2.208022,175.812000,177.538000,176.943500,176.082918,1.255279,41.591320,0,test
AAPL,1440,2018-03-22,00:00:00,2018-03-22T00:00:00+00:00,170.540000,172.650000,168.530000,168.780000,75237,4.120000,-1.528588,173.804000,176.731000,176.738500,174.755115,1.223358,34.347275,0,test
AAPL,1440,2018-03-23,00:00:00,2018-03-23T00:00:00+00:00,169.040000,169.910000,164.970000,164.980000,77188,4.940000,-2.251452,171.222000,175.232000,176.210500,172.977821,1.060675,28.502773,1,test
AAPL,1440,2018-03-26,00:00:00,2018-03-26T00:00:00+00:00,168.100000,173.090000,166.400000,172.510000,69091,6.690000,4.564190,170.588000,174.304000,175.887500,172.892763,1.966066,44.161113,0,test
AAPL,1440,2018-03-27,00:00:00,2018-03-27T00:00:00+00:00,173.510000,175.130000,167.000000,168.400000,76637,8.130000,-2.382471,169.214000,173.178000,175.390000,172.075897,2.047258,41.267262,0,test
AAPL,1440,2018-03-28,00:00:00,2018-03-28T00:00:00+00:00,167.910000,169.990000,165.190000,166.680000,79458,4.800000,-1.021378,168.270000,172.041000,174.802000,171.094825,2.049472,36.125512,1,test
AAPL,1440,2018-03-29,00:00:00,2018-03-29T00:00:00+00:00,167.920000,171.740000,166.860000,168.120000,71539,4.880000,0.863931,168.138000,170.971000,174.452000,170.553948,2.078869,33.056906,0,test
AAPL,1440,2018-04-02,00:00:00,2018-04-02T00:00:00+00:00,167.360000,168.930000,164.440000,166.490000,74271,4.490000,-0.969546,168.440000,169.831000,173.967000,169.815048,2.081902,28.004600,1,test
AAPL,1440,2018-04-03,00:00:00,2018-04-03T00:00:00+00:00,167.770000,168.720000,164.860000,168.380000,65360,3.860000,1.135203,167.614000,169.101000,173.555500,169.554130,2.140520,33.671106,1,test
AAPL,1440,2018-04-04,00:00:00,2018-04-04T00:00:00+00:00,164.870000,171.990000,164.720000,171.430000,70625,7.270000,1.811379,168.220000,168.717000,173.300000,169.895197,2.253236,40.800445,1,test
AAPL,1440,2018-04-05,00:00:00,2018-04-05T00:00:00+00:00,172.500000,174.220000,172.050000,172.740000,67409,2.170000,0.764160,169.432000,168.851000,173.194500,170.412434,2.152514,41.675794,0,test
AAPL,1440,2018-04-06,00:00:00,2018-04-06T00:00:00+00:00,170.520000,172.470000,168.170000,168.300000,72204,4.300000,-2.570337,169.468000,168.803000,172.767000,170.028355,2.262414,38.021484,1,test
AAPL,1440,2018-04-09,00:00:00,2018-04-09T00:00:00+00:00,170.070000,173.030000,169.490000,169.990000,70520,3.540000,1.004159,170.168000,169.304000,172.268000,170.021382,2.133926,42.799291,1,test
AAPL,1440,2018-04-10,00:00:00,2018-04-10T00:00:00+00:00,172.570000,173.960000,171.530000,172.930000,74765,2.430000,1.729514,171.078000,169.346000,171.825000,170.550221,1.638169,47.216936,0,test
AAPL,1440,2018-04-11,00:00:00,2018-04-11T00:00:00+00:00,171.990000,173.920000,171.670000,172.310000,71086,2.250000,-0.358527,171.254000,169.737000,171.457500,170.870181,1.416080,51.172983,1,test
AAPL,1440,2018-04-12,00:00:00,2018-04-12T00:00:00+00:00,173.500000,174.980000,173.000000,174.100000,66840,1.980000,1.038825,171.526000,170.479000,171.260000,171.457421,1.361162,57.007376,1,test
AAPL,1440,2018-04-13,00:00:00,2018-04-13T00:00:00+00:00,174.540000,175.830000,173.820000,174.730000,69694,2.010000,0.361861,172.812000,171.140000,171.055500,172.052435,1.353224,64.012647,1,test
AAPL,1440,2018-04-16,00:00:00,2018-04-16T00:00:00+00:00,175.480000,176.240000,174.810000,175.920000,62156,1.430000,0.681051,173.998000,172.083000,170.957000,172.755629,1.266202,55.992970,1,test
AAPL,1440,2018-04-17,00:00:00,2018-04-17T00:00:00+00:00,176.770000,178.930000,176.400000,178.210000,63139,2.530000,1.301728,175.054000,173.066000,171.083500,173.747333,1.275671,68.419076,0,test
AAPL,1440,2018-04-18,00:00:00,2018-04-18T00:00:00+00:00,178.230000,178.810000,176.860000,177.840000,61352,1.950000,-0.207620,176.160000,173.707000,171.212000,174.491454,1.216910,72.072785,0,test
AAPL,1440,2018-04-19,00:00:00,2018-04-19T00:00:00+00:00,174.620000,175.350000,172.620000,172.700000,75780,2.730000,-2.890238,175.880000,173.703000,171.277000,174.165735,1.581101,57.902001,0,test
AAPL,1440,2018-04-20,00:00:00,2018-04-20T00:00:00+00:00,171.930000,172.050000,165.400000,165.710000,65075,6.650000,-4.047481,174.076000,173.444000,171.123500,172.628329,1.888059,48.864298,0,test
AAPL,1440,2018-04-23,00:00:00,2018-04-23T00:00:00+00:00,166.830000,166.950000,164.060000,165.120000,74543,2.890000,-0.356044,171.916000,172.957000,171.130500,171.263178,1.845086,45.066586,0,test
AAPL,1440,2018-04-24,00:00:00,2018-04-24T00:00:00+00:00,165.770000,166.320000,161.190000,163.000000,77669,5.130000,-1.283915,168.874000,171.964000,170.655000,169.760782,1.723455,36.873248,1,test
AAPL,1440,2018-04-25,00:00:00,2018-04-25T00:00:00+00:00,162.270000,165.410000,162.270000,164.010000,69350,3.140000,0.619632,166.108000,171.134000,170.435500,168.715185,1.764443,36.277900,1,test
AAPL,1440,2018-04-26,00:00:00,2018-04-26T00:00:00+00:00,163.960000,165.700000,163.340000,164.800000,63854,2.360000,0.481678,164.528000,170.204000,170.341500,168.003333,1.719440,43.785511,0,test
AAPL,1440,2018-04-27,00:00:00,2018-04-27T00:00:00+00:00,164.840000,164.920000,160.620000,162.320000,64304,4.300000,-1.504854,163.850000,168.963000,170.051500,166.970000,1.712699,36.753022,1,test
AAPL,1440,2018-04-30,00:00:00,2018-04-30T00:00:00+00:00,163.070000,167.240000,161.800000,165.350000,64880,5.440000,1.866683,163.896000,167.906000,169.994500,166.675455,1.855589,36.949036,1,test
AAPL,1440,2018-05-01,00:00:00,2018-05-01T00:00:00+00:00,166.600000,177.810000,165.240000,175.380000,80051,12.570000,6.065921,166.372000,167.623000,170.344500,168.258099,2.780018,53.992198,1,test
AAPL,1440,2018-05-02,00:00:00,2018-05-02T00:00:00+00:00,176.420000,177.740000,173.770000,176.360000,69975,3.970000,0.558787,168.842000,167.475000,170.591000,169.731172,2.788059,53.002125,1,test
AAPL,1440,2018-05-03,00:00:00,2018-05-03T00:00:00+00:00,175.740000,177.480000,174.420000,176.920000,77973,3.060000,0.317532,171.266000,167.897000,170.800000,171.038232,2.603248,52.914559,1,test
AAPL,1440,2018-05-04,00:00:00,2018-05-04T00:00:00+00:00,178.750000,184.230000,178.070000,183.810000,76952,6.160000,3.894416,175.564000,169.707000,171.575500,173.360371,2.336949,59.117171,1,test
AAPL,1440,2018-05-07,00:00:00,2018-05-07T00:00:00+00:00,184.910000,187.660000,184.720000,185.000000,68263,2.940000,0.647408,179.494000,171.695000,172.326000,175.476668,2.290180,58.050747,1,test
AAPL,1440,2018-05-08,00:00:00,2018-05-08T00:00:00+00:00,184.520000,186.200000,183.650000,185.890000,74011,2.550000,0.481081,181.596000,173.984000,172.974000,177.370001,2.143691,59.428438,1,test
AAPL,1440,2018-05-09,00:00:00,2018-05-09T00:00:00+00:00,186.620000,187.480000,185.180000,187.360000,69378,2.300000,0.790790,183.796000,176.319000,173.726500,179.186364,2.137950,68.785238,1,test
AAPL,1440,2018-05-10,00:00:00,2018-05-10T00:00:00+00:00,187.490000,190.360000,187.230000,189.510000,63571,3.130000,1.147523,186.314000,178.790000,174.497000,181.063389,2.117832,84.815682,0,test
AAPL,1440,2018-05-11,00:00:00,2018-05-11T00:00:00+00:00,189.440000,190.040000,187.420000,188.570000,62295,2.620000,-0.496016,187.266000,181.415000,175.189000,182.428227,1.982376,83.955980,0,test
AAPL,1440,2018-05-14,00:00:00,2018-05-14T00:00:00+00:00,188.990000,189.500000,187.830000,188.000000,69203,1.670000,-0.302275,187.866000,183.680000,175.793000,183.441277,2.058331,87.901759,0,test
AAPL,1440,2018-05-15,00:00:00,2018-05-15T00:00:00+00:00,187.500000,187.500000,185.070000,186.230000,79625,2.430000,-0.941489,187.934000,184.765000,176.194000,183.948317,1.319841,82.928275,1,test
AAPL,1440,2018-05-16,00:00:00,2018-05-16T00:00:00+00:00,186.180000,188.440000,185.470000,188.060000,71436,2.970000,0.982656,188.074000,185.935000,176.705000,184.695896,1.324818,83.438758,0,test
AAPL,1440,2018-05-17,00:00:00,2018-05-17T00:00:00+00:00,187.550000,188.890000,186.320000,186.780000,68242,2.570000,-0.680634,187.528000,186.921000,177.409000,185.074824,1.388885,86.420488,0,test
AAPL,1440,2018-05-18,00:00:00,2018-05-18T00:00:00+00:00,187.010000,187.800000,186.090000,186.300000,65890,1.710000,-0.256987,187.074000,187.170000,178.438500,185.297583,0.754483,83.757654,1,test
AAPL,1440,2018-05-21,00:00:00,2018-05-21T00:00:00+00:00,187.850000,189.260000,186.880000,187.470000,63055,2.380000,0.628019,186.968000,187.417000,179.556000,185.692568,0.753050,77.266576,0,test
AAPL,1440,2018-05-22,00:00:00,2018-05-22T00:00:00+00:00,188.300000,188.870000,186.750000,187.250000,72401,2.120000,-0.117352,187.172000,187.553000,180.768500,185.975738,0.746263,75.432041,1,test
AAPL,1440,2018-05-23,00:00:00,2018-05-23T00:00:00+00:00,185.910000,188.490000,185.720000,188.230000,78658,2.770000,0.523364,187.206000,187.640000,181.979500,186.385603,0.722182,75.904718,0,test
AAPL,1440,2018-05-24,00:00:00,2018-05-24T00:00:00+00:00,188.220000,188.850000,186.180000,188.050000,71769,2.670000,-0.095628,187.460000,187.494000,183.142000,186.688221,0.610351,64.021164,1,test
AAPL,1440,2018-05-25,00:00:00,2018-05-25T00:00:00+00:00,188.150000,189.640000,187.580000,188.580000,73638,2.060000,0.281840,187.916000,187.495000,184.455000,187.032181,0.600307,62.378976,0,test
AAPL,1440,2018-05-29,00:00:00,2018-05-29T00:00:00+00:00,188.000000,188.730000,186.850000,188.010000,86092,1.880000,-0.302259,188.024000,187.496000,185.588000,187.209966,0.600306,57.496464,0,test
AAPL,1440,2018-05-30,00:00:00,2018-05-30T00:00:00+00:00,187.950000,187.970000,186.750000,187.350000,75197,1.220000,-0.351045,188.044000,187.608000,186.186500,187.235427,0.520974,49.962491,0,test
AAPL,1440,2018-05-31,00:00:00,2018-05-31T00:00:00+00:00,187.720000,188.220000,186.110000,186.830000,81317,2.110000,-0.277555,187.764000,187.485000,186.710000,187.161713,0.414941,38.547009,1,test
AAPL,1440,2018-06-01,00:00:00,2018-06-01T00:00:00+00:00,187.700000,190.240000,187.470000,190.230000,71619,2.770000,1.819836,188.200000,187.830000,187.375500,187.719583,0.674707,55.861582,1,test
AAPL,1440,2018-06-04,00:00:00,2018-06-04T00:00:00+00:00,191.530000,193.400000,191.250000,191.880000,59140,2.150000,0.867371,188.860000,188.388000,187.779000,188.476023,0.686410,62.729659,1,test
AAPL,1440,2018-06-05,00:00:00,2018-06-05T00:00:00+00:00,192.650000,193.920000,192.330000,193.120000,65652,1.590000,0.646237,189.882000,188.953000,188.185000,189.320382,0.687407,73.419443,1,test
AAPL,1440,2018-06-06,00:00:00,2018-06-06T00:00:00+00:00,193.850000,194.030000,191.920000,193.840000,64130,2.110000,0.372825,191.180000,189.612000,188.582500,190.142131,0.671678,71.250000,0,test
AAPL,1440,2018-06-07,00:00:00,2018-06-07T00:00:00+00:00,193.860000,194.160000,192.310000,193.240000,74553,1.850000,-0.309534,192.462000,190.113000,188.876500,190.705380,0.698683,75.000000,0,test
AAPL,1440,2018-06-08,00:00:00,2018-06-08T00:00:00+00:00,191.280000,191.990000,189.770000,191.490000,66862,2.220000,-0.905610,192.714000,190.457000,188.975500,190.848038,0.786584,68.287526,0,test
AAPL,1440,2018-06-11,00:00:00,2018-06-11T00:00:00+00:00,191.490000,191.960000,190.180000,191.160000,52538,1.780000,-0.172333,192.570000,190.715000,189.105000,190.904758,0.793403,63.820225,1,test
AAPL,1440,2018-06-12,00:00:00,2018-06-12T00:00:00+00:00,191.230000,192.610000,191.120000,192.270000,51964,1.490000,0.580665,192.400000,191.141000,189.318500,191.152984,0.787976,67.626404,0,test
AAPL,1440,2018-06-13,00:00:00,2018-06-13T00:00:00+00:00,192.360000,192.850000,190.440000,190.630000,49712,2.410000,-0.852967,191.758000,191.469000,189.538500,191.057896,0.842961,58.053691,1,test
AAPL,1440,2018-06-14,00:00:00,2018-06-14T00:00:00+00:00,191.320000,191.520000,190.190000,190.800000,53548,1.330000,0.089178,191.270000,191.866000,189.675500,191.011006,0.828852,59.234385,0,test
AAPL,1440,2018-06-15,00:00:00,2018-06-15T00:00:00+00:00,190.150000,190.550000,188.260000,188.920000,57104,2.290000,-0.985325,190.756000,191.735000,189.782500,190.630823,0.687452,51.046798,0,test
AAPL,1440,2018-06-18,00:00:00,2018-06-18T00:00:00+00:00,187.580000,189.210000,187.170000,188.700000,54228,2.040000,-0.116451,190.264000,191.417000,189.902500,190.279764,0.604246,52.171177,0,test
AAPL,1440,2018-06-19,00:00:00,2018-06-19T00:00:00+00:00,186.100000,186.430000,183.420000,185.400000,64002,3.010000,-1.748808,188.890000,190.645000,189.799000,189.392534,0.711895,44.738262,1,test
AAPL,1440,2018-06-20,00:00:00,2018-06-20T00:00:00+00:00,186.600000,187.190000,185.700000,186.480000,53818,1.490000,0.582524,188.060000,189.909000,189.760500,188.862983,0.739885,49.083290,0,test
AAPL,1440,2018-06-21,00:00:00,2018-06-21T00:00:00+00:00,187.580000,188.330000,184.940000,185.000000,57895,3.390000,-0.793651,186.900000,189.085000,189.599000,188.160622,0.750247,34.769948,0,test
AAPL,1440,2018-06-22,00:00:00,2018-06-22T00:00:00+00:00,186.190000,186.270000,184.790000,184.980000,53322,1.480000,-0.010811,186.112000,188.434000,189.445500,187.582327,0.740822,27.799228,0,test
AAPL,1440,2018-06-25,00:00:00,2018-06-25T00:00:00+00:00,183.250000,184.910000,180.700000,182.100000,68988,4.210000,-1.556925,184.792000,187.528000,189.121500,186.585540,0.829504,17.927823,1,test
AAPL,1440,2018-06-26,00:00:00,2018-06-26T00:00:00+00:00,183.320000,186.510000,182.510000,184.300000,65726,4.000000,1.208127,184.572000,186.731000,188.936000,186.169988,0.935692,24.437299,0,test
AAPL,1440,2018-06-27,00:00:00,2018-06-27T00:00:00+00:00,185.330000,187.275000,183.990000,184.080000,67257,3.285000,-0.119371,184.092000,186.076000,188.772500,185.789990,0.926558,24.945295,1,test
AAPL,1440,2018-06-28,00:00:00,2018-06-28T00:00:00+00:00,183.240000,186.200000,183.220000,185.560000,67453,2.980000,0.803998,184.204000,185.552000,188.709000,185.748174,0.989242,33.536924,0,test
AAPL,1440,2018-06-29,00:00:00,2018-06-29T00:00:00+00:00,186.460000,187.170000,182.950000,182.950000,60392,4.220000,-1.406553,183.798000,184.955000,188.345000,185.239415,1.030998,29.768359,1,test
AAPL,1440,2018-07-02,00:00:00,2018-07-02T00:00:00+00:00,183.630000,187.280000,183.050000,187.100000,60279,4.230000,2.268379,184.798000,184.795000,188.106000,185.577703,1.318083,38.919846,0,test
AAPL,1440,2018-07-03,00:00:00,2018-07-03T00:00:00+00:00,187.570000,187.930000,183.600000,183.600000,34789,4.330000,-1.870657,184.658000,184.615000,187.630000,185.218121,1.335697,36.046050,1,test
AAPL,1440,2018-07-05,00:00:00,2018-07-05T00:00:00+00:00,185.400000,186.400000,184.260000,185.450000,55316,2.140000,1.007625,184.932000,184.512000,187.210500,185.260280,1.365885,40.044659,1,test
AAPL,1440,2018-07-06,00:00:00,2018-07-06T00:00:00+00:00,184.690000,188.430000,184.570000,187.930000,55120,3.860000,1.337288,185.406000,184.805000,186.945000,185.745684,1.402196,48.198034,1,test
AAPL,1440,2018-07-09,00:00:00,2018-07-09T00:00:00+00:00,189.350000,190.800000,189.220000,190.740000,52848,1.580000,1.495238,186.964000,185.381000,186.907500,186.653741,1.460740,53.393214,0,test
AAPL,1440,2018-07-10,00:00:00,2018-07-10T00:00:00+00:00,190.510000,191.270000,189.210000,189.280000,54377,2.060000,-0.765440,187.400000,186.099000,186.813500,187.131243,1.366331,56.874557,0,test
AAPL,1440,2018-07-11,00:00:00,2018-07-11T00:00:00+00:00,188.540000,189.770000,187.640000,187.980000,57993,2.130000,-0.686813,188.276000,186.467000,186.599000,187.285562,1.372551,52.637131,1,test
AAPL,1440,2018-07-12,00:00:00,2018-07-12T00:00:00+00:00,188.980000,191.400000,188.980000,190.820000,54182,2.420000,1.510799,189.350000,187.141000,186.608500,187.928187,1.425356,59.765101,1,test
AAPL,1440,2018-07-13,00:00:00,2018-07-13T00:00:00+00:00,190.940000,191.820000,190.730000,191.330000,51154,1.090000,0.267268,190.030000,187.718000,186.635000,188.546699,1.417254,60.482007,0,test
AAPL,1440,2018-07-16,00:00:00,2018-07-16T00:00:00+00:00,191.620000,192.630000,189.600000,189.850000,49446,3.030000,-0.773533,189.852000,188.408000,186.681500,188.783663,1.344027,63.412946,1,test
AAPL,1440,2018-07-17,00:00:00,2018-07-17T00:00:00+00:00,189.950000,191.860000,189.190000,191.430000,52195,2.670000,0.832236,190.282000,188.841000,186.818000,189.264815,1.187300,62.610541,0,test
AAPL,1440,2018-07-18,00:00:00,2018-07-18T00:00:00+00:00,191.850000,192.150000,189.900000,190.190000,47343,2.250000,-0.647756,190.724000,189.500000,187.057500,189.433030,0.993427,60.430181,1,test
AAPL,1440,2018-07-19,00:00:00,2018-07-19T00:00:00+00:00,189.750000,192.540000,189.670000,192.070000,55761,2.870000,0.988485,190.974000,190.162000,187.337000,189.912479,0.992053,60.963287,0,test
AAPL,1440,2018-07-20,00:00:00,2018-07-20T00:00:00+00:00,191.570000,192.430000,190.190000,191.120000,52065,2.240000,-0.494611,190.932000,190.481000,187.643000,190.132029,0.959266,64.573671,1,test
AAPL,1440,2018-07-23,00:00:00,2018-07-23T00:00:00+00:00,191.000000,192.010000,189.530000,191.560000,45727,2.480000,0.230222,191.274000,190.563000,187.972000,190.391660,0.841666,59.169408,1,test
AAPL,1440,2018-07-24,00:00:00,2018-07-24T00:00:00+00:00,192.520000,193.650000,191.980000,192.880000,54583,1.670000,0.689079,191.564000,190.923000,188.511000,190.844085,0.810961,70.957543,1,test
AAPL,1440,2018-07-25,00:00:00,2018-07-25T00:00:00+00:00,192.550000,194.800000,192.400000,194.250000,49271,2.400000,0.710286,192.376000,191.550000,189.008500,191.463342,0.761675,70.313943,1,test
AAPL,1440,2018-07-26,00:00:00,2018-07-26T00:00:00+00:00,194.300000,195.950000,193.330000,194.330000,51361,2.620000,0.041184,192.828000,191.901000,189.521000,191.984553,0.641020,66.614746,0,test
AAPL,1440,2018-07-27,00:00:00,2018-07-27T00:00:00+00:00,194.610000,195.090000,190.100000,190.980000,60212,4.990000,-1.723872,192.800000,191.866000,189.792000,191.801907,0.877868,50.606061,0,test
AAPL,1440,2018-07-30,00:00:00,2018-07-30T00:00:00+00:00,191.840000,192.190000,189.040000,189.980000,58089,3.150000,-0.523615,192.484000,191.879000,190.143500,191.470651,0.857183,51.809721,1,test
AAPL,1440,2018-07-31,00:00:00,2018-07-31T00:00:00+00:00,190.530000,196.560000,189.320000,195.640000,60604,7.240000,2.979261,193.036000,192.300000,190.570500,192.228715,1.260142,66.160338,1,test
AAPL,1440,2018-08-01,00:00:00,2018-08-01T00:00:00+00:00,198.650000,201.850000,197.290000,201.640000,65572,4.560000,3.066857,194.514000,193.445000,191.472500,193.939857,1.499156,70.141474,1,test
AAPL,1440,2018-08-02,00:00:00,2018-08-02T00:00:00+00:00,200.600000,208.370000,200.210000,207.420000,66430,8.160000,2.866495,197.132000,194.980000,192.571000,196.390792,1.662475,75.038904,1,test
AAPL,1440,2018-08-03,00:00:00,2018-08-03T00:00:00+00:00,207.000000,208.720000,205.460000,207.980000,57733,3.260000,0.269984,200.532000,196.666000,193.573500,198.497921,1.614005,79.045178,1,test
AAPL,1440,2018-08-06,00:00:00,2018-08-06T00:00:00+00:00,208.020000,209.240000,207.060000,208.990000,53379,2.180000,0.485624,204.334000,198.409000,194.486000,200.405572,1.604917,78.655352,0,test
AAPL,1440,2018-08-07,00:00:00,2018-08-07T00:00:00+00:00,209.350000,209.480000,206.730000,207.090000,57054,2.750000,-0.909134,206.624000,199.830000,195.376500,201.620922,1.703282,76.996805,0,test
AAPL,1440,2018-08-08,00:00:00,2018-08-08T00:00:00+00:00,206.340000,207.790000,204.570000,206.920000,50299,3.220000,-0.082090,207.680000,201.097000,196.323500,202.584391,1.722434,75.092937,1,test
AAPL,1440,2018-08-09,00:00:00,2018-08-09T00:00:00+00:00,207.180000,209.770000,206.970000,208.780000,46113,2.800000,0.898898,207.952000,202.542000,197.221500,203.710865,1.710223,78.950820,0,test
AAPL,1440,2018-08-10,00:00:00,2018-08-10T00:00:00+00:00,207.520000,209.070000,206.650000,207.510000,51951,2.420000,-0.608296,207.858000,204.195000,198.030500,204.401617,1.562139,75.454836,1,test
AAPL,1440,2018-08-13,00:00:00,2018-08-13T00:00:00+00:00,207.740000,210.940000,207.400000,208.920000,59108,3.540000,0.679485,207.844000,206.089000,198.984000,205.223141,1.489724,75.525143,1,test
AAPL,1440,2018-08-14,00:00:00,2018-08-14T00:00:00+00:00,209.850000,210.550000,208.220000,209.750000,48838,2.330000,0.397281,208.376000,207.500000,199.900000,206.046207,1.315311,75.097150,1,test
AAPL,1440,2018-08-15,00:00:00,2018-08-15T00:00:00+00:00,208.590000,210.720000,208.150000,210.390000,65034,2.570000,0.305125,209.070000,208.375000,200.910000,206.835987,1.021848,75.540712,1,test
AAPL,1440,2018-08-16,00:00:00,2018-08-16T00:00:00+00:00,211.600000,213.800000,211.220000,212.770000,56619,2.580000,1.131232,209.868000,208.910000,201.945000,207.914899,0.637079,85.756482,1,test
AAPL,1440,2018-08-17,00:00:00,2018-08-17T00:00:00+00:00,212.890000,217.930000,212.790000,217.640000,59227,5.140000,2.288857,211.894000,209.876000,203.271000,209.683099,0.905188,90.273733,0,test
AAPL,1440,2018-08-20,00:00:00,2018-08-20T00:00:00+00:00,217.910000,219.150000,215.070000,215.220000,50016,4.080000,-1.111928,213.154000,210.499000,204.454000,210.689808,1.031999,81.479100,0,test
AAPL,1440,2018-08-21,00:00:00,2018-08-21T00:00:00+00:00,216.520000,217.180000,214.020000,214.270000,51508,3.160000,-0.441409,214.058000,211.217000,205.523500,211.340752,0.980476,74.241843,1,test
AAPL,1440,2018-08-22,00:00:00,2018-08-22T00:00:00+00:00,214.320000,216.340000,213.830000,215.000000,44021,2.510000,0.340692,214.980000,212.025000,206.561000,212.006070,0.969028,68.047619,1,test
AAPL,1440,2018-08-23,00:00:00,2018-08-23T00:00:00+00:00,214.780000,217.040000,214.520000,215.500000,51668,2.520000,0.232558,215.526000,212.697000,207.619500,212.641330,0.952766,67.956065,1,test
AAPL,1440,2018-08-24,00:00:00,2018-08-24T00:00:00+00:00,216.340000,216.860000,215.080000,216.170000,50414,1.780000,0.310905,215.232000,213.563000,208.879000,213.282906,0.895745,67.427184,1,test
AAPL,1440,2018-08-27,00:00:00,2018-08-27T00:00:00+00:00,217.040000,218.710000,216.310000,217.920000,53613,2.400000,0.809548,215.772000,214.463000,210.276000,214.126014,0.900968,76.479218,1,test
AAPL,1440,2018-08-28,00:00:00,2018-08-28T00:00:00+00:00,219.020000,220.530000,218.630000,219.780000,52375,1.900000,0.853524,216.874000,215.466000,211.483000,215.154012,0.910834,79.042457,1,test
AAPL,1440,2018-08-29,00:00:00,2018-08-29T00:00:00+00:00,219.850000,223.330000,219.370000,223.220000,64741,3.960000,1.565202,218.518000,216.749000,212.562000,216.620555,0.970410,80.438449,1,test
AAPL,1440,2018-08-30,00:00:00,2018-08-30T00:00:00+00:00,223.590000,228.230000,222.370000,225.020000,67904,5.860000,0.806379,220.422000,217.974000,213.442000,218.147727,0.955902,86.103093,1,test
AAPL,1440,2018-08-31,00:00:00,2018-08-31T00:00:00+00:00,226.150000,228.840000,225.800000,227.520000,64628,3.040000,1.111012,222.692000,218.962000,214.419000,219.851776,0.775491,86.700868,1,test
AAPL,1440,2018-09-04,00:00:00,2018-09-04T00:00:00+00:00,227.900000,229.170000,226.600000,228.360000,61218,2.570000,0.369198,224.780000,220.276000,215.387500,221.398726,0.554474,86.706114,0,test
AAPL,1440,2018-09-05,00:00:00,2018-09-05T00:00:00+00:00,227.930000,229.630000,225.070000,226.880000,62135,4.560000,-0.648099,226.200000,221.537000,216.377000,222.395321,0.599460,81.481481,0,test
AAPL,1440,2018-09-06,00:00:00,2018-09-06T00:00:00+00:00,227.600000,227.650000,221.290000,223.050000,65285,6.360000,-1.688117,226.166000,222.342000,217.183500,222.514354,0.936289,68.596237,0,test
AAPL,1440,2018-09-07,00:00:00,2018-09-07T00:00:00+00:00,223.080000,225.350000,220.740000,221.410000,64700,4.610000,-0.735261,225.444000,222.933000,217.815000,222.313562,1.000170,57.722245,0,test
AAPL,1440,2018-09-10,00:00:00,2018-09-10T00:00:00+00:00,222.290000,222.430000,216.480000,218.130000,65937,5.950000,-1.481415,223.566000,223.129000,218.346000,221.552915,1.143438,55.757816,1,test
AAPL,1440,2018-09-11,00:00:00,2018-09-11T00:00:00+00:00,218.390000,224.290000,216.530000,224.040000,62041,7.760000,2.709393,222.702000,223.741000,219.102000,222.005112,1.403410,66.159444,0,test
AAPL,1440,2018-09-12,00:00:00,2018-09-12T00:00:00+00:00,224.820000,224.940000,219.810000,221.030000,65026,5.130000,-1.343510,221.532000,223.866000,219.666000,221.827819,1.474877,59.274070,1,test
AAPL,1440,2018-09-13,00:00:00,2018-09-13T00:00:00+00:00,222.680000,228.340000,222.500000,226.610000,58299,5.840000,2.524544,222.244000,224.205000,220.477000,222.697306,1.608355,64.777866,0,test
AAPL,1440,2018-09-14,00:00:00,2018-09-14T00:00:00+00:00,227.040000,227.050000,222.500000,223.660000,52280,4.550000,-1.301796,222.694000,224.069000,221.021500,222.872342,1.652137,59.393027,0,test
AAPL,1440,2018-09-17,00:00:00,2018-09-17T00:00:00+00:00,221.600000,222.900000,217.230000,217.800000,57116,5.670000,-2.620048,222.628000,223.097000,221.029500,221.950098,1.777734,49.863574,1,test
AAPL,1440,2018-09-18,00:00:00,2018-09-18T00:00:00+00:00,218.460000,221.750000,217.120000,218.100000,52085,4.630000,0.137741,221.440000,222.071000,221.173500,221.250080,1.767774,48.019802,1,test
AAPL,1440,2018-09-19,00:00:00,2018-09-19T00:00:00+00:00,218.130000,219.600000,215.270000,218.610000,51463,4.330000,0.233838,220.956000,221.244000,221.390500,220.770065,1.778464,44.163079,1,test
AAPL,1440,2018-09-20,00:00:00,2018-09-20T00:00:00+00:00,219.980000,222.250000,219.180000,220.230000,46045,3.070000,0.741046,219.680000,220.962000,221.652000,220.671872,1.741888,43.907403,0,test
AAPL,1440,2018-09-21,00:00:00,2018-09-21T00:00:00+00:00,220.280000,221.350000,217.260000,217.650000,50010,4.090000,-1.171503,218.478000,220.586000,221.759500,220.122440,1.764504,37.471439,1,test
AAPL,1440,2018-09-24,00:00:00,2018-09-24T00:00:00+00:00,216.680000,221.210000,216.480000,220.910000,57543,4.730000,1.497818,219.100000,220.864000,221.996500,220.265633,1.767580,41.090648,1,test
AAPL,1440,2018-09-25,00:00:00,2018-09-25T00:00:00+00:00,220.190000,222.800000,219.000000,222.110000,45589,3.800000,0.543208,219.902000,220.671000,222.206000,220.600973,1.535284,44.257163,0,test
AAPL,1440,2018-09-26,00:00:00,2018-09-26T00:00:00+00:00,221.990000,223.730000,219.830000,220.420000,52166,3.900000,-0.760884,220.264000,220.610000,222.238000,220.568068,1.492286,46.661589,1,test
AAPL,1440,2018-09-27,00:00:00,2018-09-27T00:00:00+00:00,223.580000,226.430000,223.210000,224.800000,52038,3.220000,1.987116,221.178000,220.429000,222.317000,221.337511,1.397209,54.023261,1,test
AAPL,1440,2018-09-28,00:00:00,2018-09-28T00:00:00+00:00,224.230000,225.820000,223.990000,225.750000,51621,1.830000,0.422598,222.798000,220.638000,222.353500,222.139781,1.333432,59.572864,1,test
AAPL,1440,2018-10-01,00:00:00,2018-10-01T00:00:00+00:00,227.900000,229.400000,226.340000,227.250000,58316,3.060000,0.664452,224.066000,221.583000,222.340000,223.068912,0.933115,54.535179,1,test
AAPL,1440,2018-10-02,00:00:00,2018-10-02T00:00:00+00:00,227.100000,229.990000,226.480000,229.210000,56708,3.510000,0.862486,225.486000,222.694000,222.382500,224.185473,0.936074,61.910309,1,test
AAPL,1440,2018-10-03,00:00:00,2018-10-03T00:00:00+00:00,230.110000,233.440000,229.760000,231.720000,61570,3.680000,1.095066,227.746000,224.005000,222.624500,225.555387,0.948198,58.170771,0,test
AAPL,1440,2018-10-04,00:00:00,2018-10-04T00:00:00+00:00,230.490000,232.320000,226.760000,228.240000,64838,5.560000,-1.501813,228.434000,224.806000,222.884000,226.043499,1.151482,57.201258,0,test
AAPL,1440,2018-10-05,00:00:00,2018-10-05T00:00:00+00:00,227.160000,228.500000,220.560000,224.220000,65714,7.940000,-1.761304,228.128000,225.463000,223.024500,225.711954,1.249773,60.714286,0,test
AAPL,1440,2018-10-08,00:00:00,2018-10-08T00:00:00+00:00,224.100000,224.770000,220.180000,223.950000,68996,4.590000,-0.120417,227.468000,225.767000,223.315500,225.391598,1.181020,59.772803,1,test
AAPL,1440,2018-10-09,00:00:00,2018-10-09T00:00:00+00:00,222.240000,227.260000,222.210000,226.250000,64971,5.050000,1.027015,226.876000,226.181000,223.426000,225.547671,1.208817,62.042875,0,test
AAPL,1440,2018-10-10,00:00:00,2018-10-10T00:00:00+00:00,225.970000,226.280000,214.470000,214.550000,70285,11.810000,-5.171271,223.442000,225.594000,223.102000,223.548095,2.083204,43.205742,1,test
AAPL,1440,2018-10-11,00:00:00,2018-10-11T00:00:00+00:00,214.160000,219.430000,212.290000,215.380000,78625,7.140000,0.386856,220.870000,224.652000,222.540500,222.062987,1.949465,47.166042,1,test
AAPL,1440,2018-10-12,00:00:00,2018-10-12T00:00:00+00:00,219.300000,222.850000,216.800000,222.080000,68707,6.050000,3.110781,220.442000,224.285000,222.461500,222.066080,2.240580,51.345137,0,test
AAPL,1440,2018-10-15,00:00:00,2018-10-15T00:00:00+00:00,221.650000,221.770000,216.970000,217.000000,62414,4.800000,-2.287464,219.052000,223.260000,222.421500,221.144975,2.315889,44.606291,1,test
AAPL,1440,2018-10-16,00:00:00,2018-10-16T00:00:00+00:00,218.920000,223.170000,216.740000,222.840000,61423,6.430000,2.691244,218.370000,222.623000,222.658500,221.453161,2.495090,52.348602,0,test
AAPL,1440,2018-10-17,00:00:00,2018-10-17T00:00:00+00:00,221.790000,222.600000,219.310000,221.180000,62994,3.290000,-0.744929,219.696000,221.569000,222.787000,221.403495,2.452095,46.290984,0,test
AAPL,1440,2018-10-18,00:00:00,2018-10-18T00:00:00+00:00,219.020000,219.720000,214.870000,216.200000,71836,4.850000,-2.251560,219.860000,220.365000,222.585500,220.457405,2.499274,40.961575,1,test
AAPL,1440,2018-10-19,00:00:00,2018-10-19T00:00:00+00:00,218.610000,221.230000,217.400000,219.240000,61514,3.830000,1.406105,219.292000,219.867000,222.665000,220.236059,2.523954,42.633805,1,test
AAPL,1440,2018-10-22,00:00:00,2018-10-22T00:00:00+00:00,220.690000,223.320000,218.530000,220.520000,67432,4.790000,0.583835,219.996000,219.524000,222.645500,220.287685,2.536074,41.907245,1,test
AAPL,1440,2018-10-23,00:00:00,2018-10-23T00:00:00+00:00,216.360000,223.250000,214.670000,223.140000,73658,8.580000,1.188101,220.056000,219.213000,222.697000,220.806287,2.544701,42.026022,0,test
AAPL,1440,2018-10-24,00:00:00,2018-10-24T00:00:00+00:00,222.150000,224.190000,214.510000,217.020000,72472,9.680000,-2.742673,219.224000,219.460000,222.527000,220.117871,2.081627,40.060241,1,test
AAPL,1440,2018-10-25,00:00:00,2018-10-25T00:00:00+00:00,218.350000,221.350000,216.740000,217.030000,65859,4.610000,0.004608,219.390000,219.625000,222.138500,219.556440,2.079977,43.143239,0,test
AAPL,1440,2018-10-26,00:00:00,2018-10-26T00:00:00+00:00,215.850000,220.150000,212.660000,216.110000,69074,7.490000,-0.423905,218.764000,219.028000,221.656500,218.929815,1.790945,42.614921,0,test
AAPL,1440,2018-10-29,00:00:00,2018-10-29T00:00:00+00:00,219.350000,219.710000,206.990000,211.800000,76839,12.720000,-1.994355,217.020000,218.508000,220.884000,217.633485,1.756094,36.885097,1,test
AAPL,1440,2018-10-30,00:00:00,2018-10-30T00:00:00+00:00,213.040000,215.120000,209.240000,214.100000,76576,5.880000,1.085930,215.212000,217.634000,220.128500,216.991033,1.516589,49.507551,1,test
AAPL,1440,2018-10-31,00:00:00,2018-10-31T00:00:00+00:00,215.780000,220.430000,215.590000,218.700000,74848,4.840000,2.148529,215.548000,217.386000,219.477500,217.301754,1.705379,53.356247,0,test
AAPL,1440,2018-11-01,00:00:00,2018-11-01T00:00:00+00:00,219.730000,223.420000,210.580000,212.990000,70544,12.840000,-2.610882,214.740000,217.065000,218.715000,216.517799,1.758712,40.623066,0,test
AAPL,1440,2018-11-02,00:00:00,2018-11-02T00:00:00+00:00,208.070000,213.560000,205.410000,206.670000,73738,8.150000,-2.967275,212.852000,215.808000,217.837500,214.727290,1.872836,39.609736,0,test
AAPL,1440,2018-11-05,00:00:00,2018-11-05T00:00:00+00:00,203.810000,204.430000,198.170000,201.530000,63939,6.260000,-2.487057,210.798000,213.909000,216.716500,212.327783,1.913435,28.259539,1,test
AAPL,1440,2018-11-06,00:00:00,2018-11-06T00:00:00+00:00,200.580000,204.680000,200.570000,204.000000,63359,4.110000,1.225624,208.778000,211.995000,215.604000,210.813640,1.917972,32.757929,1,test
AAPL,1440,2018-11-07,00:00:00,2018-11-07T00:00:00+00:00,205.960000,209.980000,204.100000,209.560000,60423,5.880000,2.725490,206.950000,211.249000,215.354500,210.585706,2.097759,43.412698,0,test
AAPL,1440,2018-11-08,00:00:00,2018-11-08T00:00:00+00:00,209.140000,210.070000,206.740000,207.750000,63198,3.330000,-0.863714,205.902000,210.321000,214.973000,210.070123,2.100370,38.316046,0,test
AAPL,1440,2018-11-09,00:00:00,2018-11-09T00:00:00+00:00,205.810000,205.980000,202.230000,204.490000,66118,3.750000,-1.569194,205.466000,209.159000,214.093500,209.055555,2.131829,34.330401,0,test
AAPL,1440,2018-11-12,00:00:00,2018-11-12T00:00:00+00:00,199.500000,199.900000,192.970000,193.550000,71630,6.930000,-5.349895,203.870000,207.334000,212.921000,206.236363,2.600400,25.121910,0,test
AAPL,1440,2018-11-13,00:00:00,2018-11-13T00:00:00+00:00,192.420000,197.160000,191.140000,192.610000,70670,6.020000,-0.485663,201.592000,205.185000,211.409500,203.758843,2.515410,27.518880,0,test
AAPL,1440,2018-11-14,00:00:00,2018-11-14T00:00:00+00:00,192.400000,194.480000,185.950000,187.620000,66625,8.530000,-2.590727,197.204000,202.077000,209.731500,200.824508,2.287523,25.189809,1,test
AAPL,1440,2018-11-15,00:00:00,2018-11-15T00:00:00+00:00,188.210000,191.930000,186.860000,190.690000,68421,5.070000,1.636286,193.792000,199.847000,208.456000,198.981870,2.446552,29.306415,1,test
AAPL,1440,2018-11-16,00:00:00,2018-11-16T00:00:00+00:00,189.520000,194.940000,189.220000,193.480000,64092,5.720000,1.463108,191.590000,198.528000,207.168000,197.981530,2.466393,34.707846,0,test
AAPL,1440,2018-11-19,00:00:00,2018-11-19T00:00:00+00:00,190.140000,190.670000,184.990000,185.850000,69072,5.680000,-3.943560,190.050000,196.960000,205.434500,195.775797,2.626108,28.345853,0,test
AAPL,1440,2018-11-20,00:00:00,2018-11-20T00:00:00+00:00,180.970000,181.410000,175.510000,176.700000,69604,5.900000,-4.923325,186.868000,194.230000,203.112500,192.307470,2.818399,19.905417,0,test
AAPL,1440,2018-11-21,00:00:00,2018-11-21T00:00:00+00:00,179.190000,180.240000,176.470000,176.590000,50514,3.770000,-0.062252,184.662000,190.933000,201.091000,189.449749,2.484132,21.642256,0,test
AAPL,1440,2018-11-23,00:00:00,2018-11-23T00:00:00+00:00,175.340000,176.550000,172.110000,172.280000,29510,4.440000,-2.440682,180.980000,187.386000,198.853500,186.327976,2.477384,22.341966,0,test
AAPL,1440,2018-11-26,00:00:00,2018-11-26T00:00:00+00:00,174.230000,174.920000,170.240000,171.510000,53381,4.680000,-0.446947,176.586000,184.088000,196.623500,183.633799,2.515465,24.031142,1,test
AAPL,1440,2018-11-27,00:00:00,2018-11-27T00:00:00+00:00,171.290000,174.760000,170.860000,174.610000,60870,3.900000,1.807475,174.338000,182.194000,194.764000,181.993108,2.380747,24.850248,1,test
AAPL,1440,2018-11-28,00:00:00,2018-11-28T00:00:00+00:00,175.970000,181.480000,174.910000,181.290000,66597,6.570000,3.825669,175.256000,181.062000,193.123500,181.865270,2.831638,26.263644,0,test
AAPL,1440,2018-11-29,00:00:00,2018-11-29T00:00:00+00:00,181.650000,182.770000,177.680000,179.190000,61549,5.090000,-1.158365,175.776000,180.219000,191.148000,181.378857,2.753060,26.136364,0,test
AAPL,1440,2018-11-30,00:00:00,2018-11-30T00:00:00+00:00,178.980000,180.290000,177.000000,178.600000,52636,3.290000,-0.329259,177.040000,179.010000,189.428500,180.873611,2.658130,27.357005,1,test
AAPL,1440,2018-12-03,00:00:00,2018-12-03T00:00:00+00:00,184.530000,184.930000,181.170000,184.110000,62866,3.760000,3.085106,179.560000,178.073000,188.300500,181.462045,2.842513,40.877464,0,test
AAPL,1440,2018-12-04,00:00:00,2018-12-04T00:00:00+00:00,181.110000,182.370000,176.230000,176.380000,60994,6.140000,-4.198577,179.914000,177.126000,187.043000,180.538037,2.878172,36.135315,0,test
AAPL,1440,2018-12-06,00:00:00,2018-12-06T00:00:00+00:00,172.600000,174.760000,170.410000,174.600000,66832,4.350000,-1.009185,178.576000,176.916000,185.573000,179.458394,2.440217,38.232104,0,test
AAPL,1440,2018-12-07,00:00:00,2018-12-07T00:00:00+00:00,173.900000,175.120000,168.300000,168.380000,68244,6.820000,-3.562428,176.414000,176.095000,183.514000,177.444140,2.675089,30.921840,1,test
AAPL,1440,2018-12-10,00:00:00,2018-12-10T00:00:00+00:00,167.670000,170.250000,163.720000,170.030000,74126,6.530000,0.979926,174.700000,175.870000,181.628000,176.096115,2.609106,29.548230,0,test
AAPL,1440,2018-12-11,00:00:00,2018-12-11T00:00:00+00:00,171.640000,171.950000,166.960000,168.230000,62289,4.990000,-1.058637,171.524000,175.542000,179.815000,174.665912,2.625247,32.893204,1,test
AAPL,1440,2018-12-12,00:00:00,2018-12-12T00:00:00+00:00,169.870000,171.910000,168.870000,169.040000,61176,3.040000,0.481484,170.056000,174.985000,178.589500,173.643019,2.547050,41.126043,1,test
AAPL,1440,2018-12-13,00:00:00,2018-12-13T00:00:00+00:00,169.910000,172.520000,169.540000,170.370000,57577,2.980000,0.786796,169.210000,173.893000,177.477500,173.047925,2.151422,42.992339,0,test
AAPL,1440,2018-12-14,00:00:00,2018-12-14T00:00:00+00:00,168.710000,169.400000,165.250000,165.380000,60244,4.150000,-2.928919,168.610000,172.512000,176.365500,171.653757,2.272104,42.343542,0,test
AAPL,1440,2018-12-17,00:00:00,2018-12-17T00:00:00+00:00,164.960000,168.320000,162.690000,163.980000,64163,5.630000,-0.846535,167.400000,171.050000,175.030000,170.258528,2.266701,41.759685,1,test
AAPL,1440,2018-12-18,00:00:00,2018-12-18T00:00:00+00:00,165.390000,167.510000,164.360000,164.760000,57021,3.150000,0.475668,166.706000,169.115000,173.594000,169.258796,1.884214,38.644224,0,test
AAPL,1440,2018-12-19,00:00:00,2018-12-19T00:00:00+00:00,166.180000,167.420000,159.120000,160.930000,62332,8.300000,-2.324593,165.084000,167.570000,172.348000,167.744469,1.614339,24.876604,0,test
AAPL,1440,2018-12-20,00:00:00,2018-12-20T00:00:00+00:00,160.900000,162.040000,155.370000,157.820000,68950,6.670000,-1.932517,162.574000,165.892000,171.404000,165.940020,1.647306,24.271611,0,test
AAPL,1440,2018-12-21,00:00:00,2018-12-21T00:00:00+00:00,157.420000,158.130000,149.580000,150.780000,70325,8.550000,-4.460778,159.654000,164.132000,170.113500,163.183653,1.818589,21.008754,0,test
AAPL,1440,2018-12-24,00:00:00,2018-12-24T00:00:00+00:00,149.200000,151.500000,146.580000,146.590000,35414,4.920000,-2.778883,156.176000,161.788000,168.829000,160.166625,1.731227,9.794256,1,test
AAPL,1440,2018-12-26,00:00:00,2018-12-26T00:00:00+00:00,148.030000,157.190000,146.700000,156.300000,68819,10.490000,6.623917,154.484000,160.595000,168.068500,159.463602,3.095529,29.358553,0,test
AAPL,1440,2018-12-27,00:00:00,2018-12-27T00:00:00+00:00,155.250000,156.770000,150.040000,156.050000,74287,6.730000,-0.159949,153.508000,159.296000,167.140500,158.842947,3.075125,30.312036,1,test
AAPL,1440,2018-12-28,00:00:00,2018-12-28T00:00:00+00:00,157.000000,158.470000,154.510000,156.180000,68196,3.960000,0.083307,153.180000,157.877000,165.885000,158.358775,3.043833,35.129205,1,test
AAPL,1440,2018-12-31,00:00:00,2018-12-31T00:00:00+00:00,157.500000,159.320000,156.480000,157.930000,61021,2.840000,1.120502,154.610000,157.132000,164.822000,158.280816,3.001896,35.286965,0,test
AAPL,1440,2019-01-02,00:00:00,2019-01-02T00:00:00+00:00,154.500000,158.830000,144.480000,146.090000,63648,14.350000,-7.496992,154.510000,155.343000,163.196500,156.064304,3.750283,28.362002,0,test
AAPL,1440,2019-01-03,00:00:00,2019-01-03T00:00:00+00:00,145.230000,145.700000,141.970000,142.500000,75000,3.730000,-2.457389,151.750000,153.117000,161.116000,153.598067,3.729297,25.398591,1,test
AAPL,1440,2019-01-04,00:00:00,2019-01-04T00:00:00+00:00,144.050000,148.530000,143.570000,148.280000,67367,4.960000,4.056140,150.196000,151.852000,159.711000,152.631146,4.078885,31.084090,0,test
AAPL,1440,2019-01-07,00:00:00,2019-01-07T00:00:00+00:00,148.060000,148.790000,145.880000,147.760000,65662,2.910000,-0.350688,148.512000,150.846000,158.369000,151.745483,4.058130,33.660979,1,test
AAPL,1440,2019-01-08,00:00:00,2019-01-08T00:00:00+00:00,148.380000,151.800000,148.280000,150.550000,64405,3.520000,1.888197,147.036000,150.823000,157.477500,151.528122,3.876465,37.859338,1,test
AAPL,1440,2019-01-09,00:00:00,2019-01-09T00:00:00+00:00,151.420000,154.520000,149.610000,152.880000,69449,4.910000,1.547659,148.394000,151.452000,156.620000,151.773918,3.765147,39.553289,1,test
AAPL,1440,2019-01-10,00:00:00,2019-01-10T00:00:00+00:00,152.180000,153.960000,150.870000,153.800000,66931,3.090000,0.601779,150.654000,151.202000,155.898500,152.142297,3.096474,43.392030,0,test
AAPL,1440,2019-01-11,00:00:00,2019-01-11T00:00:00+00:00,152.900000,153.650000,151.480000,152.210000,60900,2.170000,-1.033810,151.440000,150.818000,155.057000,152.154606,3.110129,44.650010,0,test
AAPL,1440,2019-01-14,00:00:00,2019-01-14T00:00:00+00:00,150.740000,151.290000,149.190000,149.870000,58072,2.100000,-1.537350,151.862000,150.187000,154.032000,151.739223,3.135608,49.046721,1,test
AAPL,1440,2019-01-15,00:00:00,2019-01-15T00:00:00+00:00,150.280000,153.370000,149.970000,152.870000,59364,3.400000,2.001735,152.326000,149.681000,153.406500,151.944819,3.193874,56.746884,1,test
AAPL,1440,2019-01-16,00:00:00,2019-01-16T00:00:00+00:00,153.060000,155.860000,152.600000,153.990000,64196,3.260000,0.732649,152.548000,150.471000,152.907000,152.316670,1.942036,46.956522,1,test
AAPL,1440,2019-01-17,00:00:00,2019-01-17T00:00:00+00:00,153.990000,157.620000,153.250000,155.650000,58365,4.370000,1.077992,152.918000,151.786000,152.451500,152.922730,1.631773,49.491870,1,test
AAPL,1440,2019-01-18,00:00:00,2019-01-18T00:00:00+00:00,156.950000,157.840000,155.970000,156.800000,61794,1.870000,0.738837,153.836000,152.638000,152.245000,153.627688,1.198056,50.767707,0,test
AAPL,1440,2019-01-22,00:00:00,2019-01-22T00:00:00+00:00,155.800000,156.670000,152.650000,153.150000,64337,4.020000,-2.327806,154.492000,153.177000,152.011500,153.540836,1.493084,44.347209,1,test
AAPL,1440,2019-01-23,00:00:00,2019-01-23T00:00:00+00:00,154.000000,155.120000,151.680000,153.880000,66987,3.440000,0.476657,154.694000,153.510000,152.166500,153.602502,1.397142,62.495990,0,test
AAPL,1440,2019-01-24,00:00:00,2019-01-24T00:00:00+00:00,154.560000,154.580000,151.720000,152.440000,63776,2.860000,-0.935794,154.384000,153.466000,152.459000,153.391138,1.356605,67.126120,1,test
AAPL,1440,2019-01-25,00:00:00,2019-01-25T00:00:00+00:00,154.120000,158.120000,154.120000,157.670000,56864,4.000000,3.430858,154.788000,153.853000,152.527500,154.169113,1.741255,66.491043,0,test
AAPL,1440,2019-01-28,00:00:00,2019-01-28T00:00:00+00:00,156.250000,156.490000,153.650000,155.920000,62867,2.840000,-1.109913,154.612000,154.224000,152.521000,154.487456,1.747704,63.737374,1,test
AAPL,1440,2019-01-29,00:00:00,2019-01-29T00:00:00+00:00,156.470000,161.620000,150.980000,160.540000,66595,10.640000,2.963058,156.090000,155.291000,152.739000,155.587919,1.813157,65.842055,1,test
AAPL,1440,2019-01-30,00:00:00,2019-01-30T00:00:00+00:00,161.680000,166.110000,160.220000,165.660000,70344,5.890000,3.189236,158.446000,156.570000,153.125500,157.419206,1.941853,68.618881,1,test
AAPL,1440,2019-01-31,00:00:00,2019-01-31T00:00:00+00:00,166.100000,168.980000,164.530000,166.770000,62821,4.450000,0.670047,161.312000,157.848000,154.159500,159.119350,1.942280,68.791655,0,test
AAPL,1440,2019-02-01,00:00:00,2019-02-01T00:00:00+00:00,166.100000,168.960000,165.900000,166.130000,51990,3.060000,-0.383762,163.004000,158.896000,155.341000,160.394014,1.975208,70.738975,,test
