ticker,interval_minutes,date,time,timestamp_utc,open,high,low,close,volume,price_range,return_pct,sma_5,sma_10,sma_20,ema_10,volatility_10,rsi_14,target_up_next_bar,split
AMZN,1440,2014-09-29,00:00:00,2014-09-29T00:00:00+00:00,320.120000,323.600000,319.500000,321.820000,7187,4.100000,,,,,321.820000,,,1,train
AMZN,1440,2014-09-30,00:00:00,2014-09-30T00:00:00+00:00,320.810000,323.380000,318.600000,322.440000,8364,4.780000,0.192654,,,,321.932727,,,0,train
AMZN,1440,2014-10-01,00:00:00,2014-10-01T00:00:00+00:00,321.270000,321.470000,315.520000,317.460000,12002,5.950000,-1.544473,,,,321.119504,1.228335,,1,train
AMZN,1440,2014-10-02,00:00:00,2014-10-02T00:00:00+00:00,316.160000,318.400000,311.310000,318.400000,15487,7.090000,0.296100,,,,320.625049,1.034088,,1,train
AMZN,1440,2014-10-03,00:00:00,2014-10-03T00:00:00+00:00,321.290000,325.100000,319.500000,322.610000,11113,5.600000,1.322236,320.546000,,,320.985949,1.188941,,0,train
AMZN,1440,2014-10-06,00:00:00,2014-10-06T00:00:00+00:00,323.060000,323.440000,319.620000,322.200000,14563,3.820000,-0.127088,320.622000,,,321.206686,1.033291,,0,train
AMZN,1440,2014-10-07,00:00:00,2014-10-07T00:00:00+00:00,319.080000,321.770000,316.650000,316.870000,14084,5.120000,-1.654252,319.508000,,,320.418197,1.151412,,1,train
AMZN,1440,2014-10-08,00:00:00,2014-10-08T00:00:00+00:00,316.220000,323.990000,314.070000,322.450000,16350,9.920000,1.760975,320.506000,,,320.787616,1.297663,,0,train
AMZN,1440,2014-10-09,00:00:00,2014-10-09T00:00:00+00:00,321.460000,322.030000,314.490000,315.440000,19571,7.540000,-2.173980,319.914000,,,319.815322,1.432972,,0,train
AMZN,1440,2014-10-10,00:00:00,2014-10-10T00:00:00+00:00,313.800000,317.600000,311.340000,311.360000,18916,6.260000,-1.293431,317.664000,319.105000,,318.277991,1.385570,,0,train
AMZN,1440,2014-10-13,00:00:00,2014-10-13T00:00:00+00:00,310.030000,313.080000,303.460000,306.460000,21779,9.620000,-1.573741,314.516000,317.569000,,316.129265,1.361733,,1,train
AMZN,1440,2014-10-14,00:00:00,2014-10-14T00:00:00+00:00,307.960000,312.130000,305.710000,308.300000,21847,6.420000,0.600405,312.802000,316.155000,,314.705762,1.389909,,0,train
AMZN,1440,2014-10-15,00:00:00,2014-10-15T00:00:00+00:00,303.840000,307.690000,299.060000,305.910000,27724,8.630000,-0.775219,309.494000,315.000000,,313.106533,1.342386,,0,train
AMZN,1440,2014-10-16,00:00:00,2014-10-16T00:00:00+00:00,294.980000,306.710000,294.960000,302.690000,20763,11.750000,-1.052597,306.944000,313.429000,,311.212618,1.336682,,1,train
AMZN,1440,2014-10-17,00:00:00,2014-10-17T00:00:00+00:00,306.480000,308.770000,302.610000,303.590000,18327,6.160000,0.297334,305.390000,311.527000,,309.826687,1.215522,30.359836,1,train
AMZN,1440,2014-10-20,00:00:00,2014-10-20T00:00:00+00:00,302.960000,306.240000,301.980000,306.010000,15627,4.260000,0.797128,305.300000,309.908000,,309.132744,1.288358,32.959967,1,train
AMZN,1440,2014-10-21,00:00:00,2014-10-21T00:00:00+00:00,309.400000,315.570000,307.030000,315.290000,13873,8.540000,3.032581,306.698000,309.750000,,310.252245,1.631364,47.933727,0,train
AMZN,1440,2014-10-22,00:00:00,2014-10-22T00:00:00+00:00,315.960000,318.710000,312.590000,313.050000,13542,6.120000,-0.710457,308.126000,308.810000,,310.760928,1.511326,45.028805,0,train
AMZN,1440,2014-10-23,00:00:00,2014-10-23T00:00:00+00:00,313.410000,316.730000,311.190000,312.910000,16368,5.540000,-0.044721,310.170000,308.557000,,311.151668,1.357854,40.249296,0,train
AMZN,1440,2014-10-24,00:00:00,2014-10-24T00:00:00+00:00,285.210000,293.440000,285.070000,286.680000,23738,8.370000,-8.382602,306.788000,306.089000,312.597000,306.702274,2.965330,26.495500,1,train
AMZN,1440,2014-10-27,00:00:00,2014-10-27T00:00:00+00:00,285.260000,290.350000,285.000000,289.920000,15923,5.350000,1.130180,303.570000,304.435000,311.002000,303.650952,3.008003,31.659181,1,train
AMZN,1440,2014-10-28,00:00:00,2014-10-28T00:00:00+00:00,289.960000,297.840000,289.740000,295.550000,13911,8.100000,1.941915,299.622000,303.160000,309.657500,302.178051,3.091813,31.705658,0,train
AMZN,1440,2014-10-29,00:00:00,2014-10-29T00:00:00+00:00,298.990000,299.130000,293.020000,294.070000,15229,6.110000,-0.500761,295.826000,301.976000,308.488000,300.703860,3.089099,34.284454,1,train
AMZN,1440,2014-10-30,00:00:00,2014-10-30T00:00:00+00:00,293.580000,299.640000,292.230000,299.020000,15691,7.410000,1.683273,293.048000,301.609000,307.519000,300.397704,3.140603,41.039791,1,train
AMZN,1440,2014-10-31,00:00:00,2014-10-31T00:00:00+00:00,304.250000,305.650000,301.430000,305.400000,12174,4.220000,2.133637,296.792000,301.790000,306.658500,301.307212,3.217573,49.246517,1,train
AMZN,1440,2014-11-03,00:00:00,2014-11-03T00:00:00+00:00,305.810000,307.910000,303.140000,305.660000,12507,4.770000,0.085134,299.940000,301.755000,305.831500,302.098628,3.208494,48.080279,0,train
AMZN,1440,2014-11-04,00:00:00,2014-11-04T00:00:00+00:00,303.660000,304.120000,300.060000,302.690000,12819,4.060000,-0.971668,301.368000,300.495000,305.122500,302.206150,3.038438,47.678108,0,train
AMZN,1440,2014-11-05,00:00:00,2014-11-05T00:00:00+00:00,302.670000,303.370000,294.120000,296.450000,14230,9.250000,-2.061515,301.844000,298.835000,303.822500,301.159577,3.085252,45.688226,1,train
AMZN,1440,2014-11-06,00:00:00,2014-11-06T00:00:00+00:00,296.650000,296.790000,292.240000,296.560000,12045,4.550000,0.037106,301.352000,297.200000,302.878500,300.323291,3.086698,45.088724,1,train
AMZN,1440,2014-11-07,00:00:00,2014-11-07T00:00:00+00:00,297.200000,299.920000,296.100000,299.750000,11388,3.820000,1.075668,300.222000,298.507000,302.298000,300.219056,1.373221,45.673210,1,train
AMZN,1440,2014-11-10,00:00:00,2014-11-10T00:00:00+00:00,300.030000,305.740000,299.960000,305.020000,9754,5.780000,1.758132,300.094000,300.017000,302.226000,301.091955,1.421037,42.484999,1,train
AMZN,1440,2014-11-11,00:00:00,2014-11-11T00:00:00+00:00,305.310000,312.300000,303.510000,311.970000,11201,8.790000,2.278539,301.950000,301.659000,302.409500,303.069781,1.461912,49.260679,0,train
AMZN,1440,2014-11-12,00:00:00,2014-11-12T00:00:00+00:00,310.600000,312.500000,308.740000,311.390000,10945,3.760000,-0.185915,304.938000,303.391000,302.683500,304.582548,1.439951,48.965705,1,train
AMZN,1440,2014-11-13,00:00:00,2014-11-13T00:00:00+00:00,311.760000,317.760000,311.760000,316.430000,12798,6.000000,1.618549,308.912000,305.132000,303.370500,306.736630,1.434593,78.447122,1,train
AMZN,1440,2014-11-14,00:00:00,2014-11-14T00:00:00+00:00,316.700000,332.150000,316.360000,327.700000,17336,15.790000,3.561609,314.502000,307.362000,304.576000,310.548152,1.660122,81.316313,0,train
AMZN,1440,2014-11-17,00:00:00,2014-11-17T00:00:00+00:00,326.150000,327.830000,317.990000,323.010000,14820,9.840000,-1.431187,318.100000,309.097000,305.426000,312.813943,1.788772,73.122263,1,train
AMZN,1440,2014-11-18,00:00:00,2014-11-18T00:00:00+00:00,323.240000,329.480000,323.210000,324.960000,12465,6.270000,0.603696,320.698000,311.324000,305.909500,315.022317,1.705549,75.806182,1,train
AMZN,1440,2014-11-19,00:00:00,2014-11-19T00:00:00+00:00,326.360000,328.110000,323.960000,326.430000,12953,4.150000,0.452363,323.706000,314.322000,306.578500,317.096441,1.408523,74.312578,1,train
AMZN,1440,2014-11-20,00:00:00,2014-11-20T00:00:00+00:00,324.130000,332.590000,323.360000,330.410000,11633,9.230000,1.219251,326.502000,317.707000,307.453500,319.517088,1.369968,73.170280,1,train
AMZN,1440,2014-11-21,00:00:00,2014-11-21T00:00:00+00:00,335.080000,338.180000,331.430000,332.480000,14474,6.750000,0.626494,327.458000,320.980000,309.743500,321.873981,1.378015,74.040875,1,train
AMZN,1440,2014-11-24,00:00:00,2014-11-24T00:00:00+00:00,334.170000,337.290000,333.560000,335.470000,10566,3.730000,0.899302,329.950000,324.025000,312.021000,324.345985,1.355568,79.372760,0,train
AMZN,1440,2014-11-25,00:00:00,2014-11-25T00:00:00+00:00,334.860000,336.060000,331.220000,335.010000,11086,4.840000,-0.137121,331.960000,326.329000,313.994000,326.284896,1.309805,88.544582,0,train
AMZN,1440,2014-11-26,00:00:00,2014-11-26T00:00:00+00:00,334.020000,334.490000,331.700000,333.480000,10258,2.790000,-0.456703,333.370000,328.538000,315.964500,327.593097,1.333266,85.886470,1,train
AMZN,1440,2014-11-28,00:00:00,2014-11-28T00:00:00+00:00,336.140000,341.080000,336.140000,338.600000,9013,4.940000,1.535324,335.008000,330.755000,317.943500,329.594352,1.327110,86.396852,0,train
AMZN,1440,2014-12-01,00:00:00,2014-12-01T00:00:00+00:00,337.560000,340.460000,325.880000,325.950000,16890,14.580000,-3.735972,333.702000,330.580000,318.971000,328.931743,1.557393,67.226337,1,train
AMZN,1440,2014-12-02,00:00:00,2014-12-02T00:00:00+00:00,327.470000,327.730000,323.200000,326.160000,11804,4.530000,0.064427,331.840000,330.895000,319.996000,328.427789,1.479054,63.136456,0,train
AMZN,1440,2014-12-03,00:00:00,2014-12-03T00:00:00+00:00,326.070000,326.650000,314.280000,316.410000,15379,12.370000,-2.989330,328.120000,330.040000,320.682000,326.242737,1.755586,53.972776,1,train
AMZN,1440,2014-12-04,00:00:00,2014-12-04T00:00:00+00:00,315.280000,318.380000,313.490000,316.880000,13417,4.890000,0.148541,324.800000,329.085000,321.703500,324.540421,1.744633,50.383894,0,train
AMZN,1440,2014-12-05,00:00:00,2014-12-05T00:00:00+00:00,316.460000,316.460000,310.800000,312.520000,11880,5.660000,-1.375915,319.584000,327.296000,322.501500,322.354890,1.688527,35.319149,0,train
AMZN,1440,2014-12-08,00:00:00,2014-12-08T00:00:00+00:00,311.480000,316.390000,304.760000,306.520000,13427,11.630000,-1.919877,315.698000,324.700000,322.840000,319.475819,1.684715,34.446331,1,train
AMZN,1440,2014-12-09,00:00:00,2014-12-09T00:00:00+00:00,302.460000,313.460000,301.110000,312.450000,14596,12.350000,1.934621,312.956000,322.398000,323.211500,318.198397,1.826379,39.024390,0,train
AMZN,1440,2014-12-10,00:00:00,2014-12-10T00:00:00+00:00,312.000000,313.080000,304.670000,305.830000,14547,8.410000,-2.118739,310.840000,319.480000,322.904500,315.949598,1.866405,33.424525,1,train
AMZN,1440,2014-12-11,00:00:00,2014-12-11T00:00:00+00:00,307.050000,312.570000,306.000000,307.470000,15389,6.570000,0.536246,308.958000,316.879000,322.708500,314.407853,1.917804,30.819398,0,train
AMZN,1440,2014-12-12,00:00:00,2014-12-12T00:00:00+00:00,303.410000,310.550000,303.000000,307.400000,16043,7.550000,-0.022766,307.934000,313.759000,322.257000,313.133698,1.764907,28.304498,0,train
AMZN,1440,2014-12-15,00:00:00,2014-12-15T00:00:00+00:00,308.630000,310.650000,302.150000,306.070000,19730,8.500000,-0.432661,307.844000,311.771000,321.175500,311.849389,1.469499,23.815461,0,train
AMZN,1440,2014-12-16,00:00:00,2014-12-16T00:00:00+00:00,303.590000,303.780000,295.010000,295.120000,21418,8.770000,-3.577613,304.378000,308.667000,319.781000,308.807682,1.712870,20.066036,1,train
AMZN,1440,2014-12-17,00:00:00,2014-12-17T00:00:00+00:00,296.470000,299.610000,293.000000,298.750000,18710,6.610000,1.230008,302.962000,306.901000,318.470500,306.979013,1.682806,24.734468,0,train
AMZN,1440,2014-12-18,00:00:00,2014-12-18T00:00:00+00:00,304.050000,304.050000,293.240000,297.610000,17150,10.810000,-0.381590,300.990000,304.974000,317.029500,305.275556,1.666280,18.347490,1,train
AMZN,1440,2014-12-19,00:00:00,2014-12-19T00:00:00+00:00,297.380000,301.430000,295.500000,299.910000,16745,5.930000,0.772823,299.492000,303.713000,315.504500,304.300000,1.695236,26.066176,1,train
AMZN,1440,2014-12-22,00:00:00,2014-12-22T00:00:00+00:00,302.100000,307.350000,301.850000,306.540000,13017,5.500000,2.210663,299.586000,303.715000,314.207500,304.707273,1.784095,33.870437,0,train
AMZN,1440,2014-12-23,00:00:00,2014-12-23T00:00:00+00:00,306.850000,307.400000,303.290000,306.240000,10854,4.110000,-0.097867,301.810000,303.094000,312.746000,304.985950,1.652003,40.101226,0,train
AMZN,1440,2014-12-24,00:00:00,2014-12-24T00:00:00+00:00,306.360000,306.860000,303.510000,303.930000,5272,3.350000,-0.754310,302.846000,302.904000,311.192000,304.793959,1.526406,37.831235,1,train
AMZN,1440,2014-12-26,00:00:00,2014-12-26T00:00:00+00:00,304.630000,310.700000,303.810000,309.180000,10066,6.890000,1.727371,305.160000,303.075000,309.977000,305.591421,1.620932,46.913124,1,train
AMZN,1440,2014-12-29,00:00:00,2014-12-29T00:00:00+00:00,307.530000,314.220000,306.550000,312.020000,9818,7.670000,0.918559,307.582000,303.537000,308.648000,306.760254,1.642306,55.398508,0,train
AMZN,1440,2014-12-30,00:00:00,2014-12-30T00:00:00+00:00,310.220000,313.850000,309.320000,310.340000,9215,4.530000,-0.538427,308.342000,303.964000,307.867500,307.411117,1.646892,47.740416,1,train
AMZN,1440,2014-12-31,00:00:00,2014-12-31T00:00:00+00:00,312.010000,312.880000,310.510000,310.860000,5002,2.370000,0.167558,309.266000,305.538000,307.102500,308.038186,1.005852,56.196107,0,train
AMZN,1440,2015-01-02,00:00:00,2015-01-02T00:00:00+00:00,312.450000,314.650000,306.920000,308.450000,16311,7.730000,-0.775269,310.170000,306.508000,306.704500,308.113062,1.048762,51.184720,0,train
AMZN,1440,2015-01-05,00:00:00,2015-01-05T00:00:00+00:00,307.360000,308.240000,300.820000,302.080000,15071,7.420000,-2.065165,308.750000,306.955000,305.964500,307.016141,1.283620,44.418800,0,train
AMZN,1440,2015-01-06,00:00:00,2015-01-06T00:00:00+00:00,302.100000,302.480000,292.280000,295.290000,20029,10.200000,-2.247749,305.404000,306.493000,305.103000,304.884116,1.465070,39.853163,1,train
AMZN,1440,2015-01-07,00:00:00,2015-01-07T00:00:00+00:00,297.060000,301.230000,295.290000,298.410000,17008,5.940000,1.056588,303.018000,305.680000,304.697500,303.707004,1.294358,53.632148,1,train
AMZN,1440,2015-01-08,00:00:00,2015-01-08T00:00:00+00:00,300.200000,303.000000,296.100000,300.360000,12959,6.900000,0.653463,300.918000,305.092000,304.093000,303.098458,1.326284,51.845907,0,train
AMZN,1440,2015-01-09,00:00:00,2015-01-09T00:00:00+00:00,301.500000,302.790000,296.670000,296.920000,15263,6.120000,-1.145292,298.612000,304.391000,303.647500,301.975102,1.350450,49.248530,0,train
AMZN,1440,2015-01-12,00:00:00,2015-01-12T00:00:00+00:00,297.550000,298.460000,289.270000,291.400000,14508,9.190000,-1.859087,296.476000,302.613000,302.844000,300.052356,1.246632,41.339304,1,train
AMZN,1440,2015-01-13,00:00:00,2015-01-13T00:00:00+00:00,297.520000,301.440000,293.100000,294.720000,16694,8.340000,1.139327,296.362000,300.883000,302.210000,299.082837,1.277754,37.101702,0,train
AMZN,1440,2015-01-14,00:00:00,2015-01-14T00:00:00+00:00,292.450000,295.590000,286.520000,293.260000,19589,9.070000,-0.495385,295.332000,299.175000,301.569500,298.024139,1.277913,36.185611,0,train
AMZN,1440,2015-01-15,00:00:00,2015-01-15T00:00:00+00:00,293.199000,295.759000,286.799000,286.949000,18258,8.960000,-2.152015,292.649800,296.783900,301.160950,296.010477,1.340735,33.345756,1,train
AMZN,1440,2015-01-16,00:00:00,2015-01-16T00:00:00+00:00,286.059000,290.539000,285.249000,290.129000,16236,5.290000,1.108211,291.291600,294.951800,300.729900,294.941118,1.469044,30.524831,0,train
AMZN,1440,2015-01-20,00:00:00,2015-01-20T00:00:00+00:00,292.639000,293.229000,286.269000,289.429000,15861,6.960000,-0.241272,290.897400,293.686700,300.320850,293.938915,1.377386,25.849351,1,train
AMZN,1440,2015-01-21,00:00:00,2015-01-21T00:00:00+00:00,289.439000,305.829000,287.249000,297.249000,18767,18.580000,2.701872,291.403200,293.882600,300.187800,294.540748,1.528022,37.629226,1,train
AMZN,1440,2015-01-22,00:00:00,2015-01-22T00:00:00+00:00,301.639000,312.149000,300.189000,310.349000,16273,11.960000,4.407080,294.821000,295.076500,300.378250,297.414976,2.046229,49.609870,1,train
AMZN,1440,2015-01-23,00:00:00,2015-01-23T00:00:00+00:00,307.799000,316.849000,307.729000,312.419000,14533,9.120000,0.666991,299.915000,296.282400,300.687200,300.142980,2.046411,53.046001,0,train
AMZN,1440,2015-01-26,00:00:00,2015-01-26T00:00:00+00:00,311.999000,312.509000,307.509000,309.649000,11913,5.000000,-0.886630,303.819000,297.555300,300.973150,301.871348,2.026059,56.148560,0,train
AMZN,1440,2015-01-27,00:00:00,2015-01-27T00:00:00+00:00,305.999000,310.189000,302.549000,306.739000,14584,7.640000,-0.939774,307.281000,299.089200,300.851100,302.756375,1.928721,59.926133,0,train
AMZN,1440,2015-01-28,00:00:00,2015-01-28T00:00:00+00:00,308.899000,311.059000,303.729000,303.939000,14801,7.330000,-0.912828,308.619000,300.011100,300.447050,302.971398,1.965607,54.820317,1,train
AMZN,1440,2015-01-29,00:00:00,2015-01-29T00:00:00+00:00,304.199000,312.719000,299.139000,311.779000,15337,13.580000,2.579465,308.905000,301.863000,300.519000,304.572780,2.061088,59.028162,1,train
AMZN,1440,2015-01-30,00:00:00,2015-01-30T00:00:00+00:00,346.899000,359.399000,340.739000,354.619000,24538,18.660000,13.740502,317.345000,308.630000,302.706950,313.672093,4.434992,78.107189,1,train
AMZN,1440,2015-02-02,00:00:00,2015-02-02T00:00:00+00:00,351.069000,364.889000,350.389000,364.499000,19747,14.500000,2.786089,328.315000,316.067000,305.509400,322.913349,4.419870,84.158092,0,train
AMZN,1440,2015-02-03,00:00:00,2015-02-03T00:00:00+00:00,361.159000,367.649000,360.339000,363.539000,17355,7.310000,-0.263375,339.675000,323.478000,308.582350,330.299831,4.421338,82.883382,1,train
AMZN,1440,2015-02-04,00:00:00,2015-02-04T00:00:00+00:00,359.499000,367.439000,359.499000,364.619000,14832,7.940000,0.297080,351.811000,330.215000,312.048800,336.539680,4.467523,84.221329,1,train
AMZN,1440,2015-02-05,00:00:00,2015-02-05T00:00:00+00:00,366.059000,378.579000,366.019000,373.719000,14955,12.560000,2.495756,364.199000,336.552000,315.814250,343.299556,4.400492,90.527791,1,train
AMZN,1440,2015-02-06,00:00:00,2015-02-06T00:00:00+00:00,373.889000,375.749000,370.999000,374.229000,14491,4.750000,0.136466,368.121000,342.733000,319.507700,348.923091,4.420914,90.285495,0,train
AMZN,1440,2015-02-09,00:00:00,2015-02-09T00:00:00+00:00,369.999000,374.139000,367.179000,370.559000,12482,6.960000,-0.980683,369.333000,348.824000,323.189650,352.856893,4.427604,87.787611,1,train
AMZN,1440,2015-02-10,00:00:00,2015-02-10T00:00:00+00:00,370.609000,374.159000,368.509000,372.979000,9375,5.650000,0.653067,371.221000,355.448000,327.268600,356.515458,4.342164,87.140755,1,train
AMZN,1440,2015-02-11,00:00:00,2015-02-11T00:00:00+00:00,371.229000,376.989000,371.229000,375.139000,10328,5.760000,0.579121,373.325000,362.568000,331.289550,359.901556,4.253660,85.594990,1,train
AMZN,1440,2015-02-12,00:00:00,2015-02-12T00:00:00+00:00,374.509000,378.389000,373.089000,377.059000,11795,5.300000,0.511810,373.993000,369.096000,335.479500,363.021092,4.283441,85.571208,1,train
AMZN,1440,2015-02-13,00:00:00,2015-02-13T00:00:00+00:00,377.849000,382.899000,376.999000,381.789000,12700,5.900000,1.254446,375.505000,371.813000,340.221500,366.433439,1.161741,88.860159,0,train
AMZN,1440,2015-02-17,00:00:00,2015-02-17T00:00:00+00:00,378.639000,379.869000,372.659000,375.269000,12057,7.210000,-1.707750,376.447000,372.890000,344.478500,368.039904,1.154461,85.533548,0,train
AMZN,1440,2015-02-18,00:00:00,2015-02-18T00:00:00+00:00,374.019000,376.599000,372.729000,373.369000,9546,3.870000,-0.506303,376.525000,373.873000,348.675500,369.008831,1.170028,86.339370,1,train
AMZN,1440,2015-02-19,00:00:00,2015-02-19T00:00:00+00:00,373.669000,381.779000,373.669000,378.949000,12375,8.110000,1.494500,377.287000,375.306000,352.760500,370.816134,1.232345,86.008363,1,train
AMZN,1440,2015-02-20,00:00:00,2015-02-20T00:00:00+00:00,377.999000,383.689000,375.819000,383.599000,13958,7.870000,1.227078,378.595000,376.294000,356.423000,373.140292,1.042504,76.307190,0,train
AMZN,1440,2015-02-23,00:00:00,2015-02-23T00:00:00+00:00,383.159000,384.399000,377.879000,379.989000,10101,6.520000,-0.941087,378.235000,376.870000,359.801500,374.385511,1.110849,65.867650,0,train
AMZN,1440,2015-02-24,00:00:00,2015-02-24T00:00:00+00:00,378.249000,380.249000,376.009000,378.509000,10800,4.240000,-0.389485,378.883000,377.665000,363.244500,375.135237,1.057963,65.173323,1,train
AMZN,1440,2015-02-25,00:00:00,2015-02-25T00:00:00+00:00,377.119000,387.709000,376.529000,385.369000,10406,11.180000,1.812374,381.283000,378.904000,367.176000,376.995921,1.168712,68.825984,0,train
AMZN,1440,2015-02-26,00:00:00,2015-02-26T00:00:00+00:00,384.169000,389.299000,383.259000,384.679000,9793,6.040000,-0.179049,382.429000,379.858000,371.213000,378.392844,1.175577,61.734475,0,train
AMZN,1440,2015-02-27,00:00:00,2015-02-27T00:00:00+00:00,383.799000,385.769000,379.749000,380.259000,8773,6.020000,-1.149010,381.761000,380.178000,374.637000,378.732145,1.250605,55.957321,1,train
AMZN,1440,2015-03-02,00:00:00,2015-03-02T00:00:00+00:00,380.599000,385.859000,379.269000,385.639000,7854,6.590000,1.414825,382.891000,380.563000,376.188000,379.987937,1.268081,64.411315,0,train
AMZN,1440,2015-03-03,00:00:00,2015-03-03T00:00:00+00:00,383.299000,385.919000,381.499000,384.589000,7461,4.420000,-0.272275,384.107000,381.495000,377.192500,380.824494,1.111305,61.393523,0,train
AMZN,1440,2015-03-04,00:00:00,2015-03-04T00:00:00+00:00,385.669000,387.699000,382.209000,382.719000,9163,5.490000,-0.486233,383.577000,382.430000,378.151500,381.168950,1.109802,57.481248,1,train
AMZN,1440,2015-03-05,00:00:00,2015-03-05T00:00:00+00:00,385.449000,388.379000,383.799000,387.809000,8901,4.580000,1.329957,384.203000,383.316000,379.311000,382.376232,1.090403,59.985138,0,train
AMZN,1440,2015-03-06,00:00:00,2015-03-06T00:00:00+00:00,385.589000,386.759000,378.929000,380.079000,11020,7.830000,-1.993249,384.167000,382.964000,379.629000,381.958553,1.231785,48.495513,0,train
AMZN,1440,2015-03-09,00:00:00,2015-03-09T00:00:00+00:00,378.149000,379.139000,375.259000,378.529000,9897,3.880000,-0.407810,382.745000,382.818000,379.844000,381.334998,1.201798,53.143078,0,train
AMZN,1440,2015-03-10,00:00:00,2015-03-10T00:00:00+00:00,377.009000,377.039000,369.089000,369.669000,12060,7.950000,-2.340640,379.761000,381.934000,379.799500,379.213907,1.407133,46.854811,0,train
AMZN,1440,2015-03-11,00:00:00,2015-03-11T00:00:00+00:00,370.589000,372.999000,366.249000,366.869000,9482,6.750000,-0.757434,376.591000,380.084000,379.494000,376.969379,1.214796,39.221984,1,train
AMZN,1440,2015-03-12,00:00:00,2015-03-12T00:00:00+00:00,367.519000,375.439000,367.519000,374.279000,9595,7.920000,2.019795,373.885000,379.044000,379.451000,376.480219,1.451990,42.074830,0,train
AMZN,1440,2015-03-13,00:00:00,2015-03-13T00:00:00+00:00,371.969000,373.819000,366.679000,370.349000,11961,7.140000,-1.050019,371.939000,378.053000,379.115500,375.365452,1.445611,41.847091,1,train
AMZN,1440,2015-03-16,00:00:00,2015-03-16T00:00:00+00:00,369.999000,373.809000,366.499000,373.289000,9839,7.310000,0.793846,370.891000,376.818000,378.690500,374.987915,1.377686,45.691647,0,train
AMZN,1440,2015-03-17,00:00:00,2015-03-17T00:00:00+00:00,371.119000,374.479000,369.629000,371.929000,9567,4.850000,-0.364329,371.343000,375.552000,378.523500,374.431749,1.377666,37.799564,1,train
AMZN,1440,2015-03-18,00:00:00,2015-03-18T00:00:00+00:00,370.009000,375.879000,366.659000,375.069000,12448,9.220000,0.844247,372.983000,374.787000,378.608500,374.547613,1.423900,41.647836,0,train
AMZN,1440,2015-03-19,00:00:00,2015-03-19T00:00:00+00:00,373.479000,376.859000,372.169000,373.189000,10607,4.690000,-0.501241,372.765000,373.325000,378.320500,374.300592,1.320324,43.571558,1,train
AMZN,1440,2015-03-20,00:00:00,2015-03-20T00:00:00+00:00,375.799000,379.239000,375.759000,378.519000,9432,3.480000,1.428231,374.399000,373.169000,378.066500,375.067575,1.297700,43.520204,0,train
AMZN,1440,2015-03-23,00:00:00,2015-03-23T00:00:00+00:00,378.479000,381.659000,375.109000,375.109000,8343,6.550000,-0.900879,374.763000,372.827000,377.822500,375.075107,1.322629,41.727749,0,train
AMZN,1440,2015-03-24,00:00:00,2015-03-24T00:00:00+00:00,374.149000,375.149000,372.279000,374.079000,8143,2.870000,-0.274587,375.193000,373.268000,377.601000,374.893997,1.067520,42.348565,0,train
AMZN,1440,2015-03-25,00:00:00,2015-03-25T00:00:00+00:00,375.499000,380.399000,370.209000,370.949000,11968,10.190000,-0.836722,374.369000,373.676000,376.880000,374.176725,1.075060,34.532110,0,train
AMZN,1440,2015-03-26,00:00:00,2015-03-26T00:00:00+00:00,368.499000,371.139000,365.639000,367.219000,13815,5.500000,-1.005529,373.175000,372.970000,376.007000,372.911684,0.889377,37.267327,1,train
AMZN,1440,2015-03-27,00:00:00,2015-03-27T00:00:00+00:00,367.169000,373.149000,367.169000,370.559000,11574,5.980000,0.909539,371.583000,372.991000,375.522000,372.483923,0.893889,42.379040,1,train
AMZN,1440,2015-03-30,00:00:00,2015-03-30T00:00:00+00:00,372.009000,376.009000,372.009000,374.579000,7653,4.000000,1.084847,371.477000,373.120000,374.969000,372.864846,0.926414,55.173867,0,train
AMZN,1440,2015-03-31,00:00:00,2015-03-31T00:00:00+00:00,373.089000,377.609000,372.139000,372.139000,8736,5.470000,-0.651398,371.089000,373.141000,374.346500,372.732874,0.944549,55.595668,0,train
AMZN,1440,2015-04-01,00:00:00,2015-04-01T00:00:00+00:00,371.999000,372.669000,368.319000,370.189000,11378,4.350000,-0.523998,370.937000,372.653000,373.720000,372.270352,0.908636,45.087677,1,train
AMZN,1440,2015-04-02,00:00:00,2015-04-02T00:00:00+00:00,370.289000,373.119000,369.019000,372.299000,9290,4.100000,0.569979,371.953000,372.564000,372.944500,372.275560,0.922672,52.449133,1,train
AMZN,1440,2015-04-06,00:00:00,2015-04-06T00:00:00+00:00,370.119000,380.109000,369.109000,377.039000,10704,11.000000,1.273170,373.249000,372.416000,372.792500,373.141640,0.896562,54.506128,0,train
AMZN,1440,2015-04-07,00:00:00,2015-04-07T00:00:00+00:00,375.599000,379.249000,373.999000,374.299000,8135,5.250000,-0.726715,373.193000,372.335000,372.581000,373.352069,0.879413,52.756455,1,train
AMZN,1440,2015-04-08,00:00:00,2015-04-08T00:00:00+00:00,374.709000,381.529000,374.639000,381.119000,10494,6.890000,1.822073,374.989000,373.039000,373.153500,374.764239,1.045696,56.481680,1,train
AMZN,1440,2015-04-09,00:00:00,2015-04-09T00:00:00+00:00,380.219000,384.309000,378.749000,383.529000,9886,5.560000,0.632348,377.657000,374.297000,373.986500,376.357832,0.986720,60.953390,0,train
AMZN,1440,2015-04-10,00:00:00,2015-04-10T00:00:00+00:00,383.829000,387.049000,381.119000,382.639000,10383,5.930000,-0.232055,379.725000,375.839000,374.404500,377.499862,0.895789,54.817587,0,train
AMZN,1440,2015-04-13,00:00:00,2015-04-13T00:00:00+00:00,382.999000,385.239000,380.139000,382.359000,9334,5.100000,-0.073176,380.789000,377.019000,375.005000,378.383342,0.889485,59.147111,1,train
AMZN,1440,2015-04-14,00:00:00,2015-04-14T00:00:00+00:00,383.119000,387.599000,381.169000,385.139000,9063,6.430000,0.727065,382.957000,378.075000,375.597500,379.611643,0.861960,63.363944,0,train
AMZN,1440,2015-04-15,00:00:00,2015-04-15T00:00:00+00:00,384.639000,385.709000,381.629000,383.419000,8206,4.080000,-0.446592,383.417000,379.203000,376.172000,380.303890,0.839464,65.599199,1,train
AMZN,1440,2015-04-16,00:00:00,2015-04-16T00:00:00+00:00,383.889000,387.349000,383.619000,386.089000,8002,3.730000,0.696366,383.929000,380.793000,376.723000,381.355728,0.793454,74.248265,0,train
AMZN,1440,2015-04-17,00:00:00,2015-04-17T00:00:00+00:00,382.809000,383.559000,374.399000,375.599000,12106,9.160000,-2.716990,382.521000,381.123000,376.843500,380.309050,1.266308,55.471125,1,train
AMZN,1440,2015-04-20,00:00:00,2015-04-20T00:00:00+00:00,378.099000,391.879000,376.999000,389.599000,11233,14.880000,3.727379,383.969000,382.379000,377.397500,381.998132,1.687632,63.401142,1,train
AMZN,1440,2015-04-21,00:00:00,2015-04-21T00:00:00+00:00,390.699000,394.469000,386.699000,391.179000,10351,7.770000,0.405545,385.177000,384.067000,378.201000,383.667381,1.645497,67.252628,0,train
AMZN,1440,2015-04-22,00:00:00,2015-04-22T00:00:00+00:00,391.609000,394.199000,387.999000,389.789000,10626,6.200000,-0.355336,386.451000,384.934000,378.986500,384.780402,1.587418,67.942146,1,train
AMZN,1440,2015-04-23,00:00:00,2015-04-23T00:00:00+00:00,389.529000,391.779000,386.079000,389.979000,11916,5.700000,0.048744,387.229000,385.579000,379.938000,385.725602,1.581965,66.774194,1,train
AMZN,1440,2015-04-24,00:00:00,2015-04-24T00:00:00+00:00,439.769000,452.409000,438.999000,445.309000,21705,13.410000,14.187943,401.171000,391.846000,383.842500,396.558947,4.688491,83.047730,0,train
AMZN,1440,2015-04-27,00:00:00,2015-04-27T00:00:00+00:00,442.619000,446.629000,437.399000,438.559000,11065,9.230000,-1.515801,410.963000,397.466000,387.242500,404.195320,4.767903,79.944082,0,train
AMZN,1440,2015-04-28,00:00:00,2015-04-28T00:00:00+00:00,438.659000,438.899000,428.039000,429.299000,10778,10.860000,-2.111460,418.587000,401.882000,389.978500,408.759626,4.900095,71.951886,1,train
AMZN,1440,2015-04-29,00:00:00,2015-04-29T00:00:00+00:00,426.149000,434.129000,426.009000,429.349000,11001,8.120000,0.011647,426.499000,406.475000,392.839000,412.503148,4.885189,71.335444,0,train
AMZN,1440,2015-04-30,00:00:00,2015-04-30T00:00:00+00:00,427.109000,431.679000,419.229000,421.689000,10556,12.450000,-1.784096,432.841000,410.035000,395.414000,414.173303,4.977830,67.104687,1,train
AMZN,1440,2015-05-01,00:00:00,2015-05-01T00:00:00+00:00,423.909000,425.169000,415.999000,422.839000,9178,9.170000,0.272713,428.347000,414.759000,397.941000,415.748884,4.817669,67.596940,1,train
AMZN,1440,2015-05-04,00:00:00,2015-05-04T00:00:00+00:00,424.769000,429.739000,422.439000,423.029000,7454,7.300000,0.044934,425.241000,418.102000,400.240500,417.072542,4.750829,66.850485,0,train
AMZN,1440,2015-05-05,00:00:00,2015-05-05T00:00:00+00:00,423.299000,427.379000,421.019000,421.319000,9516,6.360000,-0.404228,423.645000,421.116000,402.591500,417.844625,4.767454,66.856431,0,train
AMZN,1440,2015-05-06,00:00:00,2015-05-06T00:00:00+00:00,422.249000,422.279000,414.549000,419.099000,10030,7.730000,-0.526917,421.595000,424.047000,404.490500,418.072693,4.772538,64.740556,1,train
AMZN,1440,2015-05-07,00:00:00,2015-05-07T00:00:00+00:00,423.639000,428.409000,422.689000,426.959000,8629,5.720000,1.875452,422.649000,427.745000,406.662000,419.688385,4.774596,73.486373,1,train
AMZN,1440,2015-05-08,00:00:00,2015-05-08T00:00:00+00:00,430.329000,435.119000,429.999000,433.649000,9157,5.120000,1.566895,424.811000,426.579000,409.212500,422.226679,1.323633,71.586788,0,train
AMZN,1440,2015-05-11,00:00:00,2015-05-11T00:00:00+00:00,431.499000,438.759000,431.499000,432.829000,6114,7.260000,-0.189093,426.771000,426.006000,411.736000,424.154374,1.247766,70.563839,0,train
AMZN,1440,2015-05-12,00:00:00,2015-05-12T00:00:00+00:00,430.199000,433.219000,426.469000,430.939000,8110,6.750000,-0.436662,428.695000,426.170000,414.026000,425.387942,1.047798,70.217156,0,train
AMZN,1440,2015-05-13,00:00:00,2015-05-13T00:00:00+00:00,430.599000,433.209000,425.799000,426.949000,6456,7.410000,-0.925885,430.265000,425.930000,416.202500,425.671771,1.091936,67.509709,1,train
AMZN,1440,2015-05-14,00:00:00,2015-05-14T00:00:00+00:00,428.949000,432.979000,426.999000,432.079000,6086,5.980000,1.201549,431.289000,426.969000,418.502000,426.836722,0.966259,38.053097,0,train
AMZN,1440,2015-05-15,00:00:00,2015-05-15T00:00:00+00:00,428.599000,429.859000,424.249000,425.919000,8275,5.610000,-1.425665,429.743000,427.277000,421.018000,426.669863,1.101240,38.462943,0,train
AMZN,1440,2015-05-18,00:00:00,2015-05-18T00:00:00+00:00,426.109000,427.099000,421.429000,425.229000,6180,5.670000,-0.162003,428.223000,427.497000,422.799500,426.407888,1.103873,45.596191,0,train
AMZN,1440,2015-05-19,00:00:00,2015-05-19T00:00:00+00:00,424.739000,428.109000,420.559000,421.689000,6856,7.550000,-0.832493,426.373000,427.534000,424.325000,425.549908,1.131726,42.293763,1,train
AMZN,1440,2015-05-20,00:00:00,2015-05-20T00:00:00+00:00,420.849000,426.859000,418.259000,423.889000,6434,8.600000,0.521711,425.761000,428.013000,426.030000,425.247925,1.124543,52.486438,1,train
AMZN,1440,2015-05-21,00:00:00,2015-05-21T00:00:00+00:00,428.259000,436.719000,428.259000,431.689000,9179,8.460000,1.840104,425.683000,428.486000,428.115500,426.419030,1.118449,58.695225,0,train
AMZN,1440,2015-05-22,00:00:00,2015-05-22T00:00:00+00:00,431.019000,431.999000,427.599000,427.629000,10802,4.400000,-0.940492,426.025000,427.884000,427.231500,426.639024,1.034942,54.200146,0,train
AMZN,1440,2015-05-26,00:00:00,2015-05-26T00:00:00+00:00,426.239000,426.239000,421.969000,425.449000,12806,4.270000,-0.509788,426.069000,427.146000,426.576000,426.422656,1.041755,53.738910,1,train
AMZN,1440,2015-05-27,00:00:00,2015-05-27T00:00:00+00:00,427.299000,431.799000,424.969000,431.379000,10356,6.830000,1.393822,428.007000,427.190000,426.680000,427.323810,1.144820,60.417374,0,train
AMZN,1440,2015-05-28,00:00:00,2015-05-28T00:00:00+00:00,430.179000,430.929000,425.429000,426.549000,13002,5.500000,-1.119665,428.539000,427.150000,426.540000,427.182935,1.164015,49.633339,1,train
AMZN,1440,2015-05-29,00:00:00,2015-05-29T00:00:00+00:00,427.429000,432.389000,427.049000,429.269000,14784,5.340000,0.637676,428.055000,426.869000,426.919000,427.562220,1.111645,45.783596,1,train
AMZN,1440,2015-06-01,00:00:00,2015-06-01T00:00:00+00:00,432.259000,433.109000,426.179000,431.189000,12329,6.930000,0.447272,428.767000,427.396000,427.336500,428.221634,1.008964,48.453997,0,train
AMZN,1440,2015-06-02,00:00:00,2015-06-02T00:00:00+00:00,429.259000,433.119000,426.079000,430.989000,10586,7.040000,-0.046383,429.875000,427.972000,427.734500,428.724792,1.005935,50.048685,1,train
AMZN,1440,2015-06-03,00:00:00,2015-06-03T00:00:00+00:00,434.169000,438.249000,432.729000,436.759000,12262,5.520000,1.338781,430.951000,429.479000,428.506500,430.185557,1.007230,59.232072,0,train
AMZN,1440,2015-06-04,00:00:00,2015-06-04T00:00:00+00:00,434.259000,436.629000,429.229000,430.619000,12954,7.400000,-1.405810,431.765000,430.152000,429.082500,430.264365,1.146820,48.651644,0,train
AMZN,1440,2015-06-05,00:00:00,2015-06-05T00:00:00+00:00,430.049000,430.439000,426.379000,426.939000,11955,4.060000,-0.854584,431.299000,429.677000,429.081500,429.659753,1.018517,50.987224,0,train
AMZN,1440,2015-06-08,00:00:00,2015-06-08T00:00:00+00:00,424.409000,425.339000,421.359000,423.499000,12989,3.980000,-0.805736,429.761000,429.264000,428.574000,428.539616,1.007076,48.410219,1,train
AMZN,1440,2015-06-09,00:00:00,2015-06-09T00:00:00+00:00,422.379000,427.379000,419.139000,425.379000,11474,8.240000,0.443921,428.639000,429.257000,428.201500,427.964959,1.008319,53.497630,1,train
AMZN,1440,2015-06-10,00:00:00,2015-06-10T00:00:00+00:00,426.349000,432.139000,425.589000,430.549000,10247,6.550000,1.215387,427.397000,429.174000,428.182000,428.434784,0.982211,55.976310,1,train
AMZN,1440,2015-06-11,00:00:00,2015-06-11T00:00:00+00:00,432.329000,438.659000,431.479000,432.659000,11693,7.180000,0.490072,427.805000,429.785000,428.467500,429.202823,0.910315,50.969418,0,train
AMZN,1440,2015-06-12,00:00:00,2015-06-12T00:00:00+00:00,431.079000,432.029000,428.199000,429.909000,11513,3.830000,-0.635604,428.399000,429.849000,428.359000,429.331219,0.922873,52.339901,0,train
AMZN,1440,2015-06-15,00:00:00,2015-06-15T00:00:00+00:00,426.509000,426.509000,422.499000,423.629000,10990,4.010000,-1.460774,428.425000,429.093000,428.244500,428.294452,1.016884,48.277168,1,train
AMZN,1440,2015-06-16,00:00:00,2015-06-16T00:00:00+00:00,423.729000,427.909000,422.719000,427.479000,9747,5.190000,0.908814,428.845000,428.742000,428.357000,428.146188,1.073300,46.156878,1,train
AMZN,1440,2015-06-17,00:00:00,2015-06-17T00:00:00+00:00,428.639000,430.959000,424.549000,427.799000,11055,6.410000,0.074857,428.295000,427.846000,428.662500,428.083063,0.956136,51.351936,1,train
AMZN,1440,2015-06-18,00:00:00,2015-06-18T00:00:00+00:00,430.269000,439.689000,429.119000,439.399000,14956,10.570000,2.711554,429.643000,428.724000,429.438000,430.140506,1.228365,59.190709,0,train
AMZN,1440,2015-06-19,00:00:00,2015-06-19T00:00:00+00:00,440.419000,444.519000,433.189000,434.579000,14369,11.330000,-1.096953,430.577000,429.488000,429.582500,430.947505,1.253805,52.921910,1,train
AMZN,1440,2015-06-22,00:00:00,2015-06-22T00:00:00+00:00,437.999000,438.989000,434.139000,436.279000,9212,4.850000,0.391183,433.107000,430.766000,430.015000,431.916868,1.204944,54.444631,1,train
AMZN,1440,2015-06-23,00:00:00,2015-06-23T00:00:00+00:00,436.189000,446.909000,433.639000,446.099000,15060,13.270000,2.250853,436.831000,432.838000,431.047500,434.495437,1.354428,57.347388,0,train
AMZN,1440,2015-06-24,00:00:00,2015-06-24T00:00:00+00:00,444.419000,446.339000,440.209000,440.819000,13129,6.130000,-1.183594,439.435000,433.865000,431.519500,435.645176,1.421471,58.133971,0,train
AMZN,1440,2015-06-25,00:00:00,2015-06-25T00:00:00+00:00,438.009000,443.329000,436.289000,440.109000,11365,7.040000,-0.161064,439.577000,434.610000,432.197500,436.456780,1.423911,61.024611,0,train
AMZN,1440,2015-06-26,00:00:00,2015-06-26T00:00:00+00:00,441.209000,443.429000,435.089000,438.229000,12437,8.340000,-0.427167,440.307000,435.442000,432.645500,436.779002,1.412123,62.661166,0,train
AMZN,1440,2015-06-29,00:00:00,2015-06-29T00:00:00+00:00,432.729000,436.689000,428.969000,429.859000,15193,7.720000,-1.909960,439.023000,436.065000,432.579000,435.520820,1.476524,53.464275,1,train
AMZN,1440,2015-06-30,00:00:00,2015-06-30T00:00:00+00:00,432.749000,435.449000,430.379000,434.239000,13279,5.070000,1.018939,436.651000,436.741000,432.741500,435.287762,1.483159,52.888680,1,train
AMZN,1440,2015-07-01,00:00:00,2015-07-01T00:00:00+00:00,438.979000,439.699000,435.489000,437.329000,9649,4.210000,0.711590,435.953000,437.694000,432.770000,435.658896,1.492409,53.600617,1,train
AMZN,1440,2015-07-02,00:00:00,2015-07-02T00:00:00+00:00,436.909000,438.109000,433.299000,437.429000,10054,4.810000,0.022866,435.417000,437.497000,433.110500,435.980733,1.211535,56.045016,0,train
AMZN,1440,2015-07-06,00:00:00,2015-07-06T00:00:00+00:00,435.099000,439.569000,433.479000,436.009000,11656,6.090000,-0.324624,434.973000,437.640000,433.564000,435.985872,1.160076,60.795256,1,train
AMZN,1440,2015-07-07,00:00:00,2015-07-07T00:00:00+00:00,436.629000,437.609000,425.599000,436.489000,15310,12.010000,0.110089,436.299000,437.661000,434.213500,436.077350,1.153981,58.347230,0,train
AMZN,1440,2015-07-08,00:00:00,2015-07-08T00:00:00+00:00,434.499000,435.699000,428.809000,429.619000,15213,6.890000,-1.573923,435.375000,436.013000,434.425500,434.903105,0.943729,51.503635,1,train
AMZN,1440,2015-07-09,00:00:00,2015-07-09T00:00:00+00:00,434.839000,438.549000,434.369000,434.369000,14499,4.180000,1.105631,434.783000,435.368000,434.616500,434.805995,1.000823,45.313956,1,train
AMZN,1440,2015-07-10,00:00:00,2015-07-10T00:00:00+00:00,440.299000,444.369000,438.969000,443.499000,12673,5.400000,2.101900,435.997000,435.707000,435.158500,436.386541,1.226598,57.692308,1,train
AMZN,1440,2015-07-13,00:00:00,2015-07-13T00:00:00+00:00,447.539000,457.699000,447.509000,455.589000,13839,10.190000,2.726049,439.913000,437.443000,436.442500,439.877897,1.463204,64.121691,1,train
AMZN,1440,2015-07-14,00:00:00,2015-07-14T00:00:00+00:00,462.449000,469.449000,458.089000,465.589000,15657,11.360000,2.194961,445.733000,441.016000,438.540500,444.552643,1.311446,64.215901,0,train
AMZN,1440,2015-07-15,00:00:00,2015-07-15T00:00:00+00:00,463.069000,464.259000,460.169000,461.269000,13996,4.090000,-0.927857,452.063000,443.719000,440.230000,447.591981,1.417116,65.127978,1,train
AMZN,1440,2015-07-16,00:00:00,2015-07-16T00:00:00+00:00,465.559000,475.689000,464.729000,475.559000,14620,10.960000,3.097975,460.301000,447.542000,442.618000,452.676893,1.621450,71.836886,1,train
AMZN,1440,2015-07-17,00:00:00,2015-07-17T00:00:00+00:00,477.729000,485.339000,477.209000,483.599000,16093,8.130000,1.690642,468.321000,452.159000,444.828000,458.299095,1.612288,75.976182,1,train
AMZN,1440,2015-07-20,00:00:00,2015-07-20T00:00:00+00:00,487.639000,488.209000,487.529000,487.969000,237,0.680000,0.903641,474.797000,457.355000,447.497500,463.693623,1.543794,84.867395,0,train
AMZN,1440,2015-07-21,00:00:00,2015-07-21T00:00:00+00:00,487.459000,488.639000,482.519000,487.739000,13149,6.120000,-0.047134,479.227000,462.480000,450.070500,468.065510,1.556232,83.783784,1,train
AMZN,1440,2015-07-22,00:00:00,2015-07-22T00:00:00+00:00,486.609000,492.019000,484.839000,488.259000,12217,7.180000,0.106614,484.625000,468.344000,452.178500,471.737053,1.302129,83.239786,0,train
AMZN,1440,2015-07-23,00:00:00,2015-07-23T00:00:00+00:00,490.639000,490.649000,475.649000,481.799000,19012,15.000000,-1.323068,485.873000,473.087000,454.227500,473.566498,1.545230,76.738580,1,train
AMZN,1440,2015-07-24,00:00:00,2015-07-24T00:00:00+00:00,578.769000,580.159000,529.129000,529.129000,34252,51.030000,9.823599,494.979000,481.650000,458.678500,483.668771,3.186082,86.126629,1,train
AMZN,1440,2015-07-27,00:00:00,2015-07-27T00:00:00+00:00,528.199000,544.839000,527.979000,532.089000,19062,16.860000,0.559410,503.803000,489.300000,463.371500,492.472449,3.191629,86.388551,0,train
AMZN,1440,2015-07-28,00:00:00,2015-07-28T00:00:00+00:00,535.839000,536.069000,522.979000,525.999000,15379,13.090000,-1.144545,511.455000,495.341000,468.178500,498.568186,3.296368,86.904580,1,train
AMZN,1440,2015-07-29,00:00:00,2015-07-29T00:00:00+00:00,530.399000,532.789000,524.979000,528.859000,12888,7.810000,0.543727,519.575000,502.100000,472.909500,504.075606,3.219096,86.712254,1,train
AMZN,1440,2015-07-30,00:00:00,2015-07-30T00:00:00+00:00,527.499000,538.859000,524.239000,536.869000,13514,14.620000,1.514581,530.589000,508.231000,477.886500,510.038042,3.165952,86.595595,0,train
AMZN,1440,2015-07-31,00:00:00,2015-07-31T00:00:00+00:00,538.999000,542.139000,534.479000,536.609000,12733,7.660000,-0.048429,532.085000,513.532000,482.845500,514.869125,3.187526,85.000864,0,train
AMZN,1440,2015-08-03,00:00:00,2015-08-03T00:00:00+00:00,537.119000,540.179000,529.339000,534.709000,14177,10.840000,-0.354075,532.609000,518.206000,487.780500,518.476375,3.220290,82.107023,0,train
AMZN,1440,2015-08-04,00:00:00,2015-08-04T00:00:00+00:00,529.749000,536.489000,529.059000,531.889000,13192,7.430000,-0.527390,533.787000,522.621000,492.550500,520.915034,3.240547,83.267383,1,train
AMZN,1440,2015-08-05,00:00:00,2015-08-05T00:00:00+00:00,537.589000,539.039000,533.979000,537.019000,12922,5.060000,0.964487,535.419000,527.497000,497.920500,523.843028,3.228099,81.686946,0,train
AMZN,1440,2015-08-06,00:00:00,2015-08-06T00:00:00+00:00,538.189000,542.459000,527.499000,529.459000,16922,14.960000,-1.407771,533.937000,532.263000,502.675000,524.864114,3.234978,73.761658,0,train
AMZN,1440,2015-08-07,00:00:00,2015-08-07T00:00:00+00:00,528.979000,529.059000,518.149000,522.639000,16589,10.910000,-1.288107,531.143000,531.614000,506.632000,524.459548,1.002690,67.518949,1,train
AMZN,1440,2015-08-10,00:00:00,2015-08-10T00:00:00+00:00,527.149000,532.159000,522.969000,523.979000,12311,9.190000,0.256391,528.997000,530.803000,510.051500,524.372175,0.984327,68.109135,1,train
AMZN,1440,2015-08-11,00:00:00,2015-08-11T00:00:00+00:00,522.819000,528.669000,521.969000,527.589000,13472,6.700000,0.688959,528.137000,530.962000,513.151500,524.957053,0.948414,69.064469,0,train
AMZN,1440,2015-08-12,00:00:00,2015-08-12T00:00:00+00:00,523.749000,527.169000,513.029000,525.909000,16093,14.140000,-0.318430,525.915000,530.667000,516.383500,525.130134,0.936060,72.420453,1,train
AMZN,1440,2015-08-13,00:00:00,2015-08-13T00:00:00+00:00,527.129000,534.549000,525.269000,529.979000,12824,9.280000,0.773898,526.019000,529.978000,519.104500,526.011746,0.820499,50.771185,1,train
AMZN,1440,2015-08-14,00:00:00,2015-08-14T00:00:00+00:00,528.209000,533.939000,528.199000,531.519000,11431,5.740000,0.290578,527.795000,529.469000,521.500500,527.013065,0.830999,49.469175,1,train
AMZN,1440,2015-08-17,00:00:00,2015-08-17T00:00:00+00:00,531.989000,538.559000,527.049000,535.269000,10806,11.510000,0.705525,530.053000,529.525000,523.865500,528.514144,0.860906,59.026290,0,train
AMZN,1440,2015-08-18,00:00:00,2015-08-18T00:00:00+00:00,535.039000,539.179000,532.979000,535.029000,10874,6.200000,-0.044837,531.541000,529.839000,526.230000,529.698663,0.840481,56.330802,0,train
AMZN,1440,2015-08-19,00:00:00,2015-08-19T00:00:00+00:00,532.989000,537.009000,528.969000,532.929000,13489,8.040000,-0.392502,532.945000,529.430000,528.463500,530.285997,0.786399,45.399346,0,train
AMZN,1440,2015-08-20,00:00:00,2015-08-20T00:00:00+00:00,530.249000,532.909000,515.809000,515.809000,18253,17.100000,-3.212435,530.111000,528.065000,530.164000,527.653816,1.216201,32.573727,0,train
AMZN,1440,2015-08-21,00:00:00,2015-08-21T00:00:00+00:00,506.659000,512.119000,495.079000,495.109000,22105,17.040000,-4.013113,522.829000,525.312000,528.463000,521.736577,1.687561,24.770642,0,train
AMZN,1440,2015-08-24,00:00:00,2015-08-24T00:00:00+00:00,458.469000,489.529000,450.969000,463.369000,35278,38.560000,-6.410710,508.449000,519.251000,525.027000,511.124290,2.476455,18.100559,1,train
AMZN,1440,2015-08-25,00:00:00,2015-08-25T00:00:00+00:00,486.859000,488.999000,466.949000,467.629000,24455,22.050000,0.919354,494.969000,513.255000,522.108500,503.216055,2.496899,17.431709,1,train
AMZN,1440,2015-08-26,00:00:00,2015-08-26T00:00:00+00:00,482.489000,503.669000,478.469000,500.309000,27733,25.200000,6.988446,488.445000,510.695000,520.681000,502.687500,3.599545,38.928978,1,train
AMZN,1440,2015-08-27,00:00:00,2015-08-27T00:00:00+00:00,513.569000,521.999000,507.009000,518.229000,26935,14.990000,3.581786,488.929000,509.520000,519.749000,505.513227,3.808192,48.455342,0,train
AMZN,1440,2015-08-28,00:00:00,2015-08-28T00:00:00+00:00,517.019000,521.109000,512.969000,517.829000,21307,8.140000,-0.077186,493.473000,508.151000,518.810000,507.752459,3.805145,47.831606,0,train
AMZN,1440,2015-08-31,00:00:00,2015-08-31T00:00:00+00:00,516.680000,519.230000,509.080000,512.680000,18997,10.150000,-0.994344,503.335200,505.892100,517.708550,508.648375,3.798380,44.799754,0,train
AMZN,1440,2015-09-01,00:00:00,2015-09-01T00:00:00+00:00,498.090000,509.800000,493.330000,496.580000,26220,16.470000,-3.140360,509.125400,502.047200,515.943100,506.454125,3.894265,40.705081,1,train
AMZN,1440,2015-09-02,00:00:00,2015-09-02T00:00:00+00:00,504.760000,510.700000,497.650000,510.530000,20022,13.050000,2.809215,511.169600,499.807300,514.618650,507.195193,4.048638,44.199488,0,train
AMZN,1440,2015-09-03,00:00:00,2015-09-03T00:00:00+00:00,514.000000,515.280000,502.540000,504.590000,19437,12.740000,-1.163497,508.441800,498.685400,513.375200,506.721522,3.938300,42.174032,0,train
AMZN,1440,2015-09-04,00:00:00,2015-09-04T00:00:00+00:00,497.620000,502.300000,495.590000,498.610000,17853,6.710000,-1.185121,504.598000,499.035500,512.173750,505.246700,3.725888,39.482669,1,train
AMZN,1440,2015-09-08,00:00:00,2015-09-08T00:00:00+00:00,508.150000,518.100000,508.130000,517.240000,15744,9.970000,3.736387,505.510000,504.422600,511.836800,507.427300,3.069799,45.383533,0,train
AMZN,1440,2015-09-09,00:00:00,2015-09-09T00:00:00+00:00,523.860000,529.930000,515.020000,516.750000,21686,14.910000,-0.094734,509.544000,509.334700,511.294850,509.122336,3.094820,45.765968,1,train
AMZN,1440,2015-09-10,00:00:00,2015-09-10T00:00:00+00:00,515.110000,525.860000,514.760000,521.900000,19713,11.100000,0.996613,511.818000,511.493800,511.094400,511.445548,2.292536,51.700551,1,train
AMZN,1440,2015-09-11,00:00:00,2015-09-11T00:00:00+00:00,521.050000,529.260000,520.330000,529.030000,15778,8.930000,1.366162,516.706000,512.573900,511.046950,514.642721,2.050149,60.246860,0,train
AMZN,1440,2015-09-14,00:00:00,2015-09-14T00:00:00+00:00,528.319000,531.799000,518.489000,521.119000,15392,13.310000,-1.495378,521.207800,512.902900,510.526950,515.820226,2.121220,70.378996,1,train
AMZN,1440,2015-09-15,00:00:00,2015-09-15T00:00:00+00:00,522.729000,527.909000,517.109000,522.139000,15087,10.800000,0.195733,522.187600,513.848800,509.870450,516.969094,2.087140,69.685807,1,train
AMZN,1440,2015-09-16,00:00:00,2015-09-16T00:00:00+00:00,521.249000,528.209000,518.469000,527.389000,13469,9.740000,1.005479,524.315400,516.929700,509.488450,518.863622,1.730659,62.196001,1,train
AMZN,1440,2015-09-17,00:00:00,2015-09-17T00:00:00+00:00,526.309000,546.679000,526.279000,538.869000,20044,20.400000,2.176761,527.709200,519.763600,509.785450,522.500964,1.651390,59.868044,1,train
AMZN,1440,2015-09-18,00:00:00,2015-09-18T00:00:00+00:00,532.109000,545.999000,531.309000,540.589000,21551,14.690000,0.319187,530.021000,523.363500,511.024450,525.789698,1.543077,60.745987,1,train
AMZN,1440,2015-09-21,00:00:00,2015-09-21T00:00:00+00:00,543.529000,549.699000,539.369000,548.389000,18564,10.330000,1.442871,535.475000,528.341400,513.688450,529.898662,1.403417,66.448029,0,train
AMZN,1440,2015-09-22,00:00:00,2015-09-22T00:00:00+00:00,539.709000,543.149000,532.579000,538.239000,19539,10.570000,-1.850876,538.695000,530.441300,517.431950,531.415087,1.284611,70.301459,0,train
AMZN,1440,2015-09-23,00:00:00,2015-09-23T00:00:00+00:00,538.149000,540.989000,533.979000,536.069000,15449,7.010000,-0.403167,540.431000,532.373200,520.853950,532.261253,1.301565,64.060074,0,train
AMZN,1440,2015-09-24,00:00:00,2015-09-24T00:00:00+00:00,530.249000,534.439000,522.799000,533.719000,18676,11.640000,-0.438376,539.401000,533.555100,522.524450,532.526298,1.304559,66.696473,0,train
AMZN,1440,2015-09-25,00:00:00,2015-09-25T00:00:00+00:00,541.539000,542.599000,521.269000,524.169000,20184,21.330000,-1.789331,536.117000,533.069000,522.821450,531.006789,1.379194,64.074184,0,train
AMZN,1440,2015-09-28,00:00:00,2015-09-28T00:00:00+00:00,519.169000,519.399000,494.219000,503.829000,21708,25.180000,-3.880428,527.205000,531.340000,522.121450,526.065373,1.794219,42.751673,0,train
AMZN,1440,2015-09-29,00:00:00,2015-09-29T00:00:00+00:00,505.009000,511.169000,490.499000,496.049000,22991,20.670000,-1.544175,518.767000,528.731000,521.289900,520.607851,1.822550,39.628861,1,train
AMZN,1440,2015-09-30,00:00:00,2015-09-30T00:00:00+00:00,503.999000,512.699000,501.589000,511.499000,19825,11.110000,3.114612,513.853000,527.142000,522.035850,518.951696,2.114324,45.276610,1,train
AMZN,1440,2015-10-01,00:00:00,2015-10-01T00:00:00+00:00,508.309000,520.449000,506.029000,520.009000,22147,14.420000,1.663737,511.111000,525.256000,522.509800,519.143933,2.053290,45.954019,1,train
AMZN,1440,2015-10-02,00:00:00,2015-10-02T00:00:00+00:00,510.429000,532.549000,507.969000,532.249000,21799,24.580000,2.353805,512.727000,524.422000,523.892750,521.526672,2.219565,54.805285,1,train
AMZN,1440,2015-10-05,00:00:00,2015-10-05T00:00:00+00:00,538.429000,545.809000,536.249000,543.399000,15315,9.560000,2.094884,520.641000,523.923000,526.132200,525.503459,2.279766,58.440527,0,train
AMZN,1440,2015-10-06,00:00:00,2015-10-06T00:00:00+00:00,544.729000,551.349000,533.379000,536.479000,18758,17.970000,-1.273466,528.727000,523.747000,527.094150,527.499012,2.236492,53.561633,1,train
AMZN,1440,2015-10-07,00:00:00,2015-10-07T00:00:00+00:00,540.989000,541.749000,528.849000,541.619000,18713,12.900000,0.958099,534.751000,524.302000,528.337600,530.066283,2.251294,51.133834,0,train
AMZN,1440,2015-10-08,00:00:00,2015-10-08T00:00:00+00:00,536.239000,539.119000,519.839000,532.819000,17716,19.280000,-1.624758,537.313000,524.212000,528.883550,530.566777,2.314703,46.973120,1,train
AMZN,1440,2015-10-09,00:00:00,2015-10-09T00:00:00+00:00,533.729000,541.539000,529.969000,539.589000,17214,11.570000,1.270600,538.781000,525.754000,529.411500,532.207181,2.252218,46.544141,1,train
AMZN,1440,2015-10-12,00:00:00,2015-10-12T00:00:00+00:00,540.669000,550.599000,539.789000,550.189000,13269,10.810000,1.964458,540.139000,530.390000,530.865000,535.476603,1.744043,54.676372,0,train
AMZN,1440,2015-10-13,00:00:00,2015-10-13T00:00:00+00:00,546.009000,552.979000,543.189000,548.839000,14630,9.790000,-0.245370,542.611000,535.669000,532.200000,537.906129,1.582900,55.029539,0,train
AMZN,1440,2015-10-14,00:00:00,2015-10-14T00:00:00+00:00,549.989000,551.489000,539.619000,544.439000,16471,11.870000,-0.801692,543.175000,538.963000,533.052500,539.093924,1.490994,54.155039,1,train
AMZN,1440,2015-10-15,00:00:00,2015-10-15T00:00:00+00:00,546.609000,562.959000,546.599000,562.519000,18605,16.360000,3.320850,549.115000,543.214000,534.235000,543.353029,1.695911,63.942413,1,train
AMZN,1440,2015-10-16,00:00:00,2015-10-16T00:00:00+00:00,562.239000,570.899000,560.249000,570.539000,18157,10.650000,1.425730,555.305000,547.043000,535.732500,548.295933,1.625470,76.639246,1,train
AMZN,1440,2015-10-19,00:00:00,2015-10-19T00:00:00+00:00,570.919000,578.879000,567.349000,573.119000,16487,11.530000,0.452204,559.891000,550.015000,536.969000,552.809218,1.551149,82.109824,0,train
AMZN,1440,2015-10-20,00:00:00,2015-10-20T00:00:00+00:00,571.849000,572.799000,555.149000,560.569000,18681,17.650000,-2.189772,562.237000,552.424000,538.085500,554.220087,1.691225,70.950389,0,train
AMZN,1440,2015-10-21,00:00:00,2015-10-21T00:00:00+00:00,563.719000,564.969000,552.489000,555.559000,17158,12.480000,-0.893735,564.461000,553.818000,539.060000,554.463526,1.730701,65.645630,1,train
AMZN,1440,2015-10-22,00:00:00,2015-10-22T00:00:00+00:00,562.409000,568.769000,556.499000,563.879000,18630,12.270000,1.497591,564.733000,556.924000,540.568000,556.175430,1.630041,64.417905,1,train
AMZN,1440,2015-10-23,00:00:00,2015-10-23T00:00:00+00:00,617.489000,618.389000,595.369000,599.169000,24160,23.020000,6.258435,570.459000,562.882000,544.318000,563.992443,2.431102,70.836135,1,train
AMZN,1440,2015-10-26,00:00:00,2015-10-26T00:00:00+00:00,600.649000,609.769000,596.419000,608.309000,17231,13.350000,1.525446,577.497000,568.694000,549.542000,572.049999,2.417257,76.398383,1,train
AMZN,1440,2015-10-27,00:00:00,2015-10-27T00:00:00+00:00,606.969000,614.589000,605.479000,610.819000,17757,9.110000,0.412619,587.547000,574.892000,555.280500,579.098908,2.387303,75.933143,1,train
AMZN,1440,2015-10-28,00:00:00,2015-10-28T00:00:00+00:00,612.299000,617.199000,609.469000,617.069000,15971,7.730000,1.023216,599.849000,582.155000,560.559000,586.002561,2.293628,82.188431,1,train
AMZN,1440,2015-10-29,00:00:00,2015-10-29T00:00:00+00:00,615.929000,627.469000,615.309000,626.429000,14474,12.160000,1.516848,612.359000,588.546000,565.880000,593.352823,2.183878,82.534093,0,train
AMZN,1440,2015-10-30,00:00:00,2015-10-30T00:00:00+00:00,624.489000,630.489000,624.479000,625.919000,16134,6.010000,-0.081414,617.709000,594.084000,570.563500,599.273946,2.210958,80.692227,1,train
AMZN,1440,2015-11-02,00:00:00,2015-11-02T00:00:00+00:00,625.699000,628.539000,620.359000,628.049000,10502,8.180000,0.340300,621.657000,599.577000,574.796000,604.505774,2.214051,81.900926,0,train
AMZN,1440,2015-11-03,00:00:00,2015-11-03T00:00:00+00:00,628.149000,629.429000,623.529000,625.049000,12341,5.900000,-0.477670,624.503000,606.025000,579.224500,608.240906,2.001003,82.835031,1,train
AMZN,1440,2015-11-04,00:00:00,2015-11-04T00:00:00+00:00,627.749000,645.899000,627.069000,641.139000,18918,18.830000,2.574198,629.317000,614.583000,584.200500,614.222378,1.913327,82.552170,1,train
AMZN,1440,2015-11-05,00:00:00,2015-11-05T00:00:00+00:00,643.029000,656.849000,643.029000,655.639000,15114,13.820000,2.261600,635.159000,623.759000,590.341500,621.752673,1.930220,83.440742,1,train
AMZN,1440,2015-11-06,00:00:00,2015-11-06T00:00:00+00:00,655.499000,662.179000,650.629000,659.039000,16795,11.550000,0.518578,641.783000,629.746000,596.314000,628.532005,0.997972,83.546775,0,train
AMZN,1440,2015-11-09,00:00:00,2015-11-09T00:00:00+00:00,659.479000,661.629000,647.809000,654.249000,15487,13.820000,-0.726816,647.023000,634.340000,601.517000,633.207822,1.104941,88.935993,1,train
AMZN,1440,2015-11-10,00:00:00,2015-11-10T00:00:00+00:00,651.139000,660.439000,647.239000,657.719000,16894,13.200000,0.530379,653.557000,639.030000,606.961000,637.664400,1.101733,93.011115,1,train
AMZN,1440,2015-11-11,00:00:00,2015-11-11T00:00:00+00:00,663.159000,675.579000,662.049000,672.989000,20290,13.530000,2.321660,659.927000,644.622000,613.388500,644.087054,1.209068,93.397502,0,train
AMZN,1440,2015-11-12,00:00:00,2015-11-12T00:00:00+00:00,672.659000,675.289000,659.999000,663.529000,21022,15.290000,-1.405669,661.505000,648.332000,618.439000,647.621954,1.378734,82.218662,0,train
AMZN,1440,2015-11-13,00:00:00,2015-11-13T00:00:00+00:00,661.499000,666.569000,640.189000,640.309000,23132,26.380000,-3.499470,657.759000,649.771000,621.927500,646.292326,1.890977,64.040014,1,train
AMZN,1440,2015-11-16,00:00:00,2015-11-16T00:00:00+00:00,641.229000,649.849000,622.239000,647.489000,24602,27.610000,1.121334,656.407000,651.715000,625.646000,646.509903,1.911429,65.455618,0,train
AMZN,1440,2015-11-17,00:00:00,2015-11-17T00:00:00+00:00,649.499000,653.189000,640.969000,643.269000,18384,12.220000,-0.651749,653.517000,653.537000,629.781000,645.920648,1.920291,61.234991,1,train
AMZN,1440,2015-11-18,00:00:00,2015-11-18T00:00:00+00:00,645.999000,664.759000,644.009000,663.549000,22309,20.750000,3.152647,651.629000,655.778000,635.180500,649.125803,2.003184,64.554580,0,train
AMZN,1440,2015-11-19,00:00:00,2015-11-19T00:00:00+00:00,663.999000,672.679000,658.969000,661.479000,20789,13.710000,-0.311959,651.219000,656.362000,640.060500,651.371839,1.894420,63.774403,1,train
AMZN,1440,2015-11-20,00:00:00,2015-11-20T00:00:00+00:00,664.039000,669.289000,657.509000,666.009000,18142,11.780000,0.684829,656.359000,657.059000,643.402500,654.033141,1.899177,64.435656,1,train
AMZN,1440,2015-11-23,00:00:00,2015-11-23T00:00:00+00:00,670.039000,682.699000,669.489000,678.499000,19942,13.210000,1.875350,662.561000,659.484000,646.912000,658.481479,1.947676,68.957934,0,train
AMZN,1440,2015-11-24,00:00:00,2015-11-24T00:00:00+00:00,670.199000,675.619000,661.299000,671.189000,17867,14.320000,-1.077378,668.145000,660.831000,649.930500,660.791937,1.999706,61.366215,1,train
AMZN,1440,2015-11-25,00:00:00,2015-11-25T00:00:00+00:00,675.419000,679.509000,671.119000,675.029000,15375,8.390000,0.572119,670.441000,661.035000,652.828500,663.380494,1.867669,57.977454,0,train
AMZN,1440,2015-11-27,00:00:00,2015-11-27T00:00:00+00:00,680.589000,680.999000,669.779000,672.149000,10360,11.220000,-0.426648,672.575000,661.897000,655.114500,664.974768,1.807819,55.416908,0,train
AMZN,1440,2015-11-30,00:00:00,2015-11-30T00:00:00+00:00,674.999000,680.999000,664.469000,664.969000,20618,16.530000,-1.068216,672.367000,664.363000,657.067000,664.973719,1.375089,54.343598,1,train
AMZN,1440,2015-12-01,00:00:00,2015-12-01T00:00:00+00:00,669.979000,680.909000,667.739000,678.609000,20934,13.170000,2.051223,672.389000,667.475000,659.595000,667.452861,1.459136,57.819870,0,train
AMZN,1440,2015-12-02,00:00:00,2015-12-02T00:00:00+00:00,678.999000,684.579000,674.099000,676.699000,18537,10.480000,-0.281458,673.491000,670.818000,662.177500,669.133977,1.431663,51.543133,0,train
AMZN,1440,2015-12-03,00:00:00,2015-12-03T00:00:00+00:00,679.779000,682.559000,661.369000,666.979000,24160,21.190000,-1.436385,671.881000,671.161000,663.469500,668.742163,1.211544,51.431892,1,train
AMZN,1440,2015-12-04,00:00:00,2015-12-04T00:00:00+00:00,668.769000,674.189000,661.319000,671.799000,21749,12.870000,0.722661,671.811000,672.193000,664.277500,669.297952,1.220569,65.425688,0,train
AMZN,1440,2015-12-07,00:00:00,2015-12-07T00:00:00+00:00,673.079000,675.379000,660.469000,669.349000,24503,14.910000,-0.364692,672.687000,672.527000,664.793000,669.307233,1.215693,61.228683,1,train
AMZN,1440,2015-12-08,00:00:00,2015-12-08T00:00:00+00:00,660.739000,679.719000,659.719000,676.309000,17856,20.000000,1.039816,672.227000,672.308000,665.896000,670.580282,1.100017,66.506795,0,train
AMZN,1440,2015-12-09,00:00:00,2015-12-09T00:00:00+00:00,678.019000,678.659000,655.539000,663.189000,25854,23.120000,-1.939942,669.525000,671.508000,666.169500,669.236412,1.218933,49.806285,0,train
AMZN,1440,2015-12-10,00:00:00,2015-12-10T00:00:00+00:00,665.429000,668.329000,659.509000,661.689000,20251,8.820000,-0.226180,668.467000,670.174000,665.604500,667.864156,1.194972,50.113698,0,train
AMZN,1440,2015-12-11,00:00:00,2015-12-11T00:00:00+00:00,655.079000,657.149000,638.969000,639.489000,21334,18.180000,-3.355050,662.005000,666.908000,664.402500,662.705036,1.561272,37.947646,1,train
AMZN,1440,2015-12-14,00:00:00,2015-12-14T00:00:00+00:00,636.999000,658.479000,635.269000,657.019000,15035,23.210000,2.741251,659.539000,666.113000,665.238000,661.671212,1.842756,40.665740,1,train
AMZN,1440,2015-12-15,00:00:00,2015-12-15T00:00:00+00:00,664.509000,671.339000,657.299000,658.999000,14716,14.040000,0.301361,656.077000,664.152000,665.813500,661.185355,1.692199,44.445457,1,train
AMZN,1440,2015-12-16,00:00:00,2015-12-16T00:00:00+00:00,663.329000,677.049000,659.269000,675.199000,17127,17.780000,2.458274,658.479000,664.002000,667.410000,663.733290,1.900836,50.069621,0,train
AMZN,1440,2015-12-17,00:00:00,2015-12-17T00:00:00+00:00,677.729000,682.219000,668.459000,668.969000,18298,13.760000,-0.922691,659.935000,664.201000,667.681000,664.685238,1.864475,48.732462,0,train
AMZN,1440,2015-12-18,00:00:00,2015-12-18T00:00:00+00:00,667.469000,676.549000,663.979000,664.639000,19236,12.570000,-0.647265,664.965000,663.485000,667.839000,664.676831,1.859512,49.865405,1,train
AMZN,1440,2015-12-21,00:00:00,2015-12-21T00:00:00+00:00,665.999000,669.789000,658.659000,665.629000,15148,11.130000,0.148953,666.687000,663.113000,667.820000,664.849952,1.858221,44.096780,0,train
AMZN,1440,2015-12-22,00:00:00,2015-12-22T00:00:00+00:00,663.519000,668.009000,659.139000,663.149000,12398,8.870000,-0.372580,667.517000,661.797000,667.052500,664.540688,1.820305,43.869333,1,train
AMZN,1440,2015-12-23,00:00:00,2015-12-23T00:00:00+00:00,665.979000,666.119000,656.469000,663.569000,14249,9.650000,0.063334,665.191000,661.835000,666.671500,664.364018,1.712297,48.315384,0,train
AMZN,1440,2015-12-24,00:00:00,2015-12-24T00:00:00+00:00,662.529000,664.539000,660.469000,662.529000,6428,4.070000,-0.156728,663.903000,661.919000,666.046500,664.030378,1.711333,45.242738,1,train
AMZN,1440,2015-12-28,00:00:00,2015-12-28T00:00:00+00:00,665.549000,675.399000,665.049000,674.999000,12229,10.350000,1.882182,665.975000,665.470000,666.189000,666.024673,1.317834,52.629130,1,train
AMZN,1440,2015-12-29,00:00:00,2015-12-29T00:00:00+00:00,677.989000,696.279000,677.969000,693.969000,17479,18.310000,2.810375,671.643000,669.165000,667.639000,671.105460,1.330725,57.391596,0,train
AMZN,1440,2015-12-30,00:00:00,2015-12-30T00:00:00+00:00,691.549000,695.259000,686.289000,689.069000,16136,8.970000,-0.706083,676.827000,672.172000,668.162000,674.371558,1.389046,61.632506,0,train
AMZN,1440,2015-12-31,00:00:00,2015-12-31T00:00:00+00:00,686.479000,687.499000,678.369000,679.219000,11443,9.130000,-1.429465,679.957000,672.574000,668.288000,675.252911,1.307998,57.329208,0,train
AMZN,1440,2016-01-04,00:00:00,2016-01-04T00:00:00+00:00,659.489000,659.859000,627.489000,638.049000,26180,32.370000,-6.061373,675.061000,669.482000,666.841500,668.488564,2.341287,49.480370,0,train
AMZN,1440,2016-01-05,00:00:00,2016-01-05T00:00:00+00:00,640.999000,646.499000,627.619000,634.099000,19470,18.880000,-0.619075,666.881000,666.428000,664.956500,662.235916,2.341036,40.830533,0,train
AMZN,1440,2016-01-06,00:00:00,2016-01-06T00:00:00+00:00,620.069000,639.279000,618.269000,633.499000,19691,21.010000,-0.094622,654.787000,663.215000,663.164000,657.011022,2.335441,39.684466,0,train
AMZN,1440,2016-01-07,00:00:00,2016-01-07T00:00:00+00:00,620.499000,629.499000,605.149000,607.499000,22541,24.350000,-4.104190,638.473000,657.650000,659.723500,648.008836,2.601406,24.625187,0,train
AMZN,1440,2016-01-08,00:00:00,2016-01-08T00:00:00+00:00,619.099000,623.939000,605.969000,606.999000,19027,17.970000,-0.082305,624.029000,651.993000,656.914000,640.552502,2.596180,25.730399,1,train
AMZN,1440,2016-01-11,00:00:00,2016-01-11T00:00:00+00:00,612.999000,619.209000,597.979000,617.399000,18801,21.230000,1.713347,619.899000,647.480000,654.699500,636.342775,2.716711,32.338866,0,train
AMZN,1440,2016-01-12,00:00:00,2016-01-12T00:00:00+00:00,624.599000,625.819000,612.129000,616.489000,19852,13.690000,-0.147393,616.377000,641.629000,653.549500,632.732997,2.577160,31.617537,0,train
AMZN,1440,2016-01-13,00:00:00,2016-01-13T00:00:00+00:00,621.409000,623.399000,579.129000,581.839000,20814,44.270000,-5.620538,606.045000,630.416000,649.790500,623.479543,2.617361,25.483929,1,train
AMZN,1440,2016-01-14,00:00:00,2016-01-14T00:00:00+00:00,582.999000,602.029000,569.869000,592.999000,24341,32.160000,1.918056,603.145000,620.809000,646.490500,617.937626,2.850900,30.016424,0,train
AMZN,1440,2016-01-15,00:00:00,2016-01-15T00:00:00+00:00,580.999000,584.359000,565.099000,570.269000,24020,19.260000,-3.833059,595.799000,609.914000,641.244000,609.270603,2.948375,26.732573,1,train
AMZN,1440,2016-01-19,00:00:00,2016-01-19T00:00:00+00:00,578.099000,583.489000,566.379000,578.299000,19929,17.110000,1.408107,587.979000,603.939000,636.710500,603.639403,2.649797,25.054174,0,train
AMZN,1440,2016-01-20,00:00:00,2016-01-20T00:00:00+00:00,562.649000,577.999000,547.119000,570.029000,25152,30.880000,-1.430056,578.687000,597.532000,631.980000,597.528420,2.651084,16.158803,1,train
AMZN,1440,2016-01-21,00:00:00,2016-01-21T00:00:00+00:00,575.499000,588.739000,568.179000,571.979000,22029,20.560000,0.342088,576.715000,591.380000,627.297500,592.883071,2.671671,17.505689,1,train
AMZN,1440,2016-01-22,00:00:00,2016-01-22T00:00:00+00:00,586.299000,599.989000,583.969000,595.799000,21723,16.020000,4.164489,577.275000,590.210000,623.930000,593.413240,2.870694,28.515504,1,train
AMZN,1440,2016-01-25,00:00:00,2016-01-25T00:00:00+00:00,596.749000,608.009000,594.409000,597.079000,16921,13.600000,0.214838,582.637000,589.218000,620.605500,594.079742,2.873087,36.719611,0,train
AMZN,1440,2016-01-26,00:00:00,2016-01-26T00:00:00+00:00,599.989000,604.199000,590.299000,594.999000,16411,13.900000,-0.348363,585.977000,586.978000,617.229000,594.246880,2.799378,37.170232,0,train
AMZN,1440,2016-01-27,00:00:00,2016-01-27T00:00:00+00:00,599.249000,602.729000,577.979000,592.999000,22744,24.750000,-0.336135,590.571000,584.629000,613.129000,594.019993,2.798623,36.831838,0,train
AMZN,1440,2016-01-28,00:00:00,2016-01-28T00:00:00+00:00,605.059000,637.999000,539.969000,562.999000,29043,98.030000,-5.059030,588.775000,582.745000,606.580500,588.379812,2.684478,35.898086,1,train
AMZN,1440,2016-01-29,00:00:00,2016-01-29T00:00:00+00:00,567.469000,592.739000,566.469000,584.269000,28822,26.270000,3.777982,586.469000,581.872000,601.340500,587.632392,2.909883,43.634836,0,train
AMZN,1440,2016-02-01,00:00:00,2016-02-01T00:00:00+00:00,576.799000,581.629000,570.309000,575.049000,19768,11.320000,-1.578040,582.063000,582.350000,596.132000,585.344502,2.666497,38.061679,0,train
AMZN,1440,2016-02-02,00:00:00,2016-02-02T00:00:00+00:00,568.199000,570.679000,550.039000,552.079000,20485,20.640000,-3.994442,573.479000,579.728000,591.833500,579.296229,2.911564,33.851477,0,train
AMZN,1440,2016-02-03,00:00:00,2016-02-03T00:00:00+00:00,553.329000,557.499000,521.859000,532.499000,24224,35.640000,-3.546594,561.379000,575.975000,586.753500,570.787642,3.065625,36.618572,0,train
AMZN,1440,2016-02-04,00:00:00,2016-02-04T00:00:00+00:00,525.479000,538.739000,518.999000,530.249000,21713,19.740000,-0.422536,554.829000,571.802000,581.591000,563.416980,3.047995,32.117412,0,train
AMZN,1440,2016-02-05,00:00:00,2016-02-05T00:00:00+00:00,524.989000,532.119000,499.219000,501.499000,22974,32.900000,-5.421981,538.275000,562.372000,576.291000,552.159165,2.844315,31.051965,0,train
AMZN,1440,2016-02-08,00:00:00,2016-02-08T00:00:00+00:00,484.889000,492.999000,475.219000,487.479000,23127,17.780000,-2.795619,520.761000,551.412000,570.315000,540.399135,2.781100,25.776166,0,train
AMZN,1440,2016-02-09,00:00:00,2016-02-09T00:00:00+00:00,479.999000,498.229000,473.979000,481.999000,21732,24.250000,-1.124151,506.745000,540.112000,563.545000,529.780929,2.741297,26.165593,1,train
AMZN,1440,2016-02-10,00:00:00,2016-02-10T00:00:00+00:00,489.449000,505.349000,485.189000,495.979000,21814,20.160000,2.900421,499.441000,530.410000,557.519500,523.635124,3.129689,30.681240,1,train
AMZN,1440,2016-02-11,00:00:00,2016-02-11T00:00:00+00:00,484.129000,509.109000,483.969000,499.999000,21258,25.140000,0.810518,493.391000,524.110000,553.427500,519.337647,2.982149,22.922555,1,train
AMZN,1440,2016-02-12,00:00:00,2016-02-12T00:00:00+00:00,509.499000,516.579000,500.549000,507.009000,18314,16.030000,1.402003,494.493000,516.384000,549.128000,517.096074,2.619420,25.340853,1,train
AMZN,1440,2016-02-16,00:00:00,2016-02-16T00:00:00+00:00,515.499000,524.129000,511.569000,520.169000,15126,12.560000,2.595615,501.031000,510.896000,546.623000,517.654788,2.901186,30.685045,1,train
AMZN,1440,2016-02-17,00:00:00,2016-02-17T00:00:00+00:00,524.999000,537.209000,519.229000,534.119000,14228,17.980000,2.681821,511.455000,509.100000,544.414000,520.648281,2.893391,35.685111,0,train
AMZN,1440,2016-02-18,00:00:00,2016-02-18T00:00:00+00:00,541.609000,541.979000,520.999000,525.499000,18612,20.980000,-1.613873,517.359000,508.400000,542.187500,521.530230,2.710617,39.825266,1,train
AMZN,1440,2016-02-19,00:00:00,2016-02-19T00:00:00+00:00,522.689000,535.839000,515.349000,534.619000,16824,20.490000,1.735493,524.283000,508.837000,540.319500,523.910006,2.767290,35.577761,1,train
AMZN,1440,2016-02-22,00:00:00,2016-02-22T00:00:00+00:00,539.979000,560.549000,537.999000,557.989000,15769,22.550000,4.371337,534.479000,514.486000,538.429000,530.106187,2.279101,45.420872,0,train
AMZN,1440,2016-02-23,00:00:00,2016-02-23T00:00:00+00:00,555.559000,558.929000,545.279000,552.419000,18888,13.650000,-0.998228,540.929000,520.980000,536.196000,534.163062,1.990685,50.100663,1,train
AMZN,1440,2016-02-24,00:00:00,2016-02-24T00:00:00+00:00,545.999000,555.599000,533.099000,555.599000,19344,22.500000,0.575650,545.225000,528.340000,534.226000,538.060505,1.828963,57.574764,0,train
AMZN,1440,2016-02-25,00:00:00,2016-02-25T00:00:00+00:00,552.509000,558.979000,545.289000,554.489000,20834,13.690000,-0.199784,551.023000,534.191000,532.300500,541.047504,1.817769,58.008458,0,train
AMZN,1440,2016-02-26,00:00:00,2016-02-26T00:00:00+00:00,558.039000,562.009000,553.089000,553.489000,16593,8.920000,-0.180346,554.797000,539.540000,531.825000,543.309595,1.863907,71.033255,0,train
AMZN,1440,2016-02-29,00:00:00,2016-02-29T00:00:00+00:00,552.379000,564.629000,552.209000,552.299000,16290,12.420000,-0.215000,553.659000,544.069000,530.226500,544.944032,1.898538,79.261466,1,train
AMZN,1440,2016-03-01,00:00:00,2016-03-01T00:00:00+00:00,555.979000,580.489000,553.039000,580.299000,16633,27.450000,5.069718,559.235000,550.082000,530.489000,551.372208,2.272095,86.877251,0,train
AMZN,1440,2016-03-02,00:00:00,2016-03-02T00:00:00+00:00,581.999000,584.689000,573.569000,579.119000,15924,11.120000,-0.203343,563.939000,554.582000,531.841000,556.417079,2.234992,84.503652,0,train
AMZN,1440,2016-03-03,00:00:00,2016-03-03T00:00:00+00:00,577.999000,579.179000,571.999000,576.599000,11203,7.180000,-0.435144,568.361000,559.692000,534.046000,560.086519,2.119645,82.190284,0,train
AMZN,1440,2016-03-04,00:00:00,2016-03-04T00:00:00+00:00,577.999000,581.829000,571.099000,574.689000,14276,10.730000,-0.331253,572.601000,563.699000,536.268000,562.741516,2.135466,79.715490,0,train
AMZN,1440,2016-03-07,00:00:00,2016-03-07T00:00:00+00:00,572.979000,573.679000,555.509000,562.019000,14689,18.170000,-2.204671,574.545000,564.102000,539.294000,562.610149,1.893630,68.454008,0,train
AMZN,1440,2016-03-08,00:00:00,2016-03-08T00:00:00+00:00,558.799000,571.059000,549.989000,559.079000,17660,21.070000,-0.523114,570.301000,564.768000,542.874000,561.968122,1.869157,62.189881,0,train
AMZN,1440,2016-03-09,00:00:00,2016-03-09T00:00:00+00:00,564.099000,564.099000,550.229000,558.999000,20706,13.870000,-0.014309,566.277000,565.108000,546.724000,561.428282,1.863014,67.849531,0,train
AMZN,1440,2016-03-10,00:00:00,2016-03-10T00:00:00+00:00,565.979000,566.719000,547.839000,558.059000,15990,18.880000,-0.168158,562.569000,565.465000,549.828000,560.815685,1.862520,63.681999,1,train
AMZN,1440,2016-03-11,00:00:00,2016-03-11T00:00:00+00:00,562.999000,569.929000,562.659000,568.479000,16487,7.270000,1.867186,561.327000,566.964000,553.252000,562.209015,1.941652,57.213588,1,train
AMZN,1440,2016-03-14,00:00:00,2016-03-14T00:00:00+00:00,565.999000,576.739000,562.979000,573.169000,14801,13.760000,0.825008,563.557000,569.051000,556.560000,564.201740,1.939796,64.443826,1,train
AMZN,1440,2016-03-15,00:00:00,2016-03-15T00:00:00+00:00,570.159000,581.489000,566.939000,575.999000,15885,14.550000,0.493746,566.941000,568.621000,559.351500,566.346696,1.046994,64.269726,0,train
AMZN,1440,2016-03-16,00:00:00,2016-03-16T00:00:00+00:00,576.779000,581.029000,568.559000,569.879000,14657,12.470000,-1.062502,569.117000,567.697000,561.139500,566.988933,1.093428,60.060139,0,train
AMZN,1440,2016-03-17,00:00:00,2016-03-17T00:00:00+00:00,568.009000,571.299000,554.979000,558.799000,17933,16.320000,-1.944272,569.265000,565.917000,562.804500,565.499854,1.231736,53.066882,0,train
AMZN,1440,2016-03-18,00:00:00,2016-03-18T00:00:00+00:00,561.249000,561.999000,546.069000,552.179000,17432,15.930000,-1.184684,566.005000,563.666000,563.682500,563.077881,1.262835,49.934783,0,train
AMZN,1440,2016-03-21,00:00:00,2016-03-21T00:00:00+00:00,551.039000,555.039000,538.439000,550.429000,17498,16.600000,-0.316926,561.457000,562.507000,563.304500,560.778084,1.091109,27.285171,1,train
AMZN,1440,2016-03-22,00:00:00,2016-03-22T00:00:00+00:00,544.289000,562.619000,543.969000,559.599000,14541,18.650000,1.665973,558.177000,562.559000,563.663500,560.563705,1.230410,36.764307,1,train
AMZN,1440,2016-03-23,00:00:00,2016-03-23T00:00:00+00:00,561.299000,572.299000,554.989000,569.009000,16568,17.310000,1.681561,558.003000,563.560000,564.334000,562.099213,1.337926,45.293315,1,train
AMZN,1440,2016-03-24,00:00:00,2016-03-24T00:00:00+00:00,566.249000,583.499000,564.969000,582.459000,16442,18.530000,2.363759,562.735000,566.000000,565.732500,565.800993,1.493992,54.215037,0,train
AMZN,1440,2016-03-28,00:00:00,2016-03-28T00:00:00+00:00,583.009000,584.569000,575.319000,580.009000,14109,9.250000,-0.420630,568.301000,567.153000,567.058500,568.384267,1.424524,60.976205,1,train
AMZN,1440,2016-03-29,00:00:00,2016-03-29T00:00:00+00:00,577.969000,595.639000,576.469000,591.999000,15632,19.170000,2.067209,576.615000,569.036000,569.043500,572.677855,1.534052,68.087912,1,train
AMZN,1440,2016-03-30,00:00:00,2016-03-30T00:00:00+00:00,596.399000,603.089000,595.069000,597.999000,14497,8.020000,1.013515,584.295000,571.236000,569.928500,577.281699,1.548788,70.119686,0,train
AMZN,1440,2016-03-31,00:00:00,2016-03-31T00:00:00+00:00,597.509000,600.109000,592.169000,593.779000,13757,7.940000,-0.705687,589.249000,573.626000,570.661500,580.281209,1.515453,67.824351,1,train
AMZN,1440,2016-04-01,00:00:00,2016-04-01T00:00:00+00:00,590.959000,598.939000,586.839000,598.499000,12923,12.100000,0.794909,592.457000,577.596000,571.756500,583.593534,1.267499,65.883598,0,train
AMZN,1440,2016-04-04,00:00:00,2016-04-04T00:00:00+00:00,598.989000,599.499000,590.509000,592.109000,11897,8.990000,-1.067671,594.877000,581.589000,572.627500,585.141801,1.248609,59.844075,0,train
AMZN,1440,2016-04-05,00:00:00,2016-04-05T00:00:00+00:00,588.469000,592.989000,584.979000,586.609000,13948,8.010000,-0.928883,593.799000,585.207000,573.857000,585.408564,1.317497,55.365632,1,train
AMZN,1440,2016-04-06,00:00:00,2016-04-06T00:00:00+00:00,588.469000,602.309000,586.969000,602.199000,13446,15.340000,2.657648,594.639000,589.467000,576.013000,588.461371,1.434860,64.916005,0,train
AMZN,1440,2016-04-07,00:00:00,2016-04-07T00:00:00+00:00,598.989000,599.329000,587.969000,591.319000,14675,11.360000,-1.806712,594.147000,591.698000,577.629000,588.980940,1.596896,65.036064,1,train
AMZN,1440,2016-04-08,00:00:00,2016-04-08T00:00:00+00:00,594.999000,597.519000,588.709000,593.749000,15643,8.810000,0.410946,593.197000,592.827000,579.413500,589.847860,1.441466,69.995190,1,train
AMZN,1440,2016-04-11,00:00:00,2016-04-11T00:00:00+00:00,595.979000,603.759000,591.239000,595.519000,15752,12.520000,0.298106,593.879000,594.378000,580.765500,590.878976,1.424823,71.684140,1,train
AMZN,1440,2016-04-12,00:00:00,2016-04-12T00:00:00+00:00,595.999000,604.009000,592.319000,602.579000,14195,11.690000,1.185521,597.073000,595.436000,582.236000,593.006253,1.325286,71.097585,1,train
AMZN,1440,2016-04-13,00:00:00,2016-04-13T00:00:00+00:00,606.189000,616.619000,605.309000,614.349000,17275,11.310000,1.953271,599.503000,597.071000,584.153500,596.886753,1.420453,71.752063,1,train
AMZN,1440,2016-04-14,00:00:00,2016-04-14T00:00:00+00:00,614.819000,624.209000,614.479000,619.049000,15389,9.730000,0.765037,605.049000,599.598000,586.612000,600.916252,1.382794,69.163088,1,train
AMZN,1440,2016-04-15,00:00:00,2016-04-15T00:00:00+00:00,619.249000,626.559000,618.109000,625.999000,14422,8.450000,1.122690,611.499000,602.348000,589.972000,605.476752,1.396323,73.001901,1,train
AMZN,1440,2016-04-18,00:00:00,2016-04-18T00:00:00+00:00,625.099000,637.239000,622.999000,632.669000,17437,14.240000,1.065497,618.929000,606.404000,593.996500,610.420797,1.296558,71.484416,0,train
AMZN,1440,2016-04-19,00:00:00,2016-04-19T00:00:00+00:00,636.599000,637.909000,620.729000,624.979000,18162,17.180000,-1.215486,623.409000,610.241000,597.724000,613.067743,1.338378,64.002491,1,train
AMZN,1440,2016-04-20,00:00:00,2016-04-20T00:00:00+00:00,628.879000,636.399000,623.059000,632.499000,17513,13.340000,1.203240,627.039000,613.271000,601.369000,616.600699,1.162694,69.429948,0,train
AMZN,1440,2016-04-21,00:00:00,2016-04-21T00:00:00+00:00,632.969000,637.569000,617.489000,625.369000,20871,20.080000,-1.127275,628.303000,616.676000,604.187000,618.194935,1.024700,63.165115,0,train
AMZN,1440,2016-04-22,00:00:00,2016-04-22T00:00:00+00:00,623.999000,627.829000,611.549000,619.979000,21690,16.280000,-0.861891,627.099000,619.299000,606.063000,618.519311,1.120680,63.790203,1,train
AMZN,1440,2016-04-25,00:00:00,2016-04-25T00:00:00+00:00,618.299000,626.899000,614.969000,625.719000,17167,11.930000,0.925838,625.709000,622.319000,608.348500,619.828345,1.129465,69.305953,0,train
AMZN,1440,2016-04-26,00:00:00,2016-04-26T00:00:00+00:00,627.499000,627.499000,610.979000,611.499000,16873,16.520000,-2.272586,623.013000,623.211000,609.323500,618.313919,1.394993,54.653723,1,train
AMZN,1440,2016-04-27,00:00:00,2016-04-27T00:00:00+00:00,610.099000,616.099000,601.229000,616.099000,18447,14.870000,0.752250,619.733000,623.386000,610.228500,617.911206,1.269065,63.231525,1,train
AMZN,1440,2016-04-28,00:00:00,2016-04-28T00:00:00+00:00,615.179000,679.569000,596.649000,673.019000,20963,82.920000,9.238775,629.263000,628.783000,614.190500,627.930805,3.188145,76.756903,0,train
AMZN,1440,2016-04-29,00:00:00,2016-04-29T00:00:00+00:00,675.110000,676.200000,653.900000,658.910000,25194,22.300000,-2.096375,637.049200,632.074100,617.211050,633.563386,3.321012,69.751790,1,train
AMZN,1440,2016-05-02,00:00:00,2016-05-02T00:00:00+00:00,662.900000,685.250000,660.620000,683.800000,24796,24.630000,3.777451,648.665400,637.187200,621.795600,642.697316,3.473976,72.776628,0,train
AMZN,1440,2016-05-03,00:00:00,2016-05-03T00:00:00+00:00,678.900000,680.150000,669.979000,670.669000,21511,10.171000,-1.920298,660.499400,641.756200,625.998600,647.783077,3.526887,65.674051,1,train
AMZN,1440,2016-05-04,00:00:00,2016-05-04T00:00:00+00:00,666.049000,673.869000,662.099000,670.999000,17511,11.770000,0.049205,671.479400,645.606200,629.438600,652.004154,3.529722,64.818301,0,train
AMZN,1440,2016-05-05,00:00:00,2016-05-05T00:00:00+00:00,674.749000,676.369000,655.989000,658.299000,18249,20.380000,-1.892700,668.535400,648.899200,632.787600,653.148671,3.580396,58.920681,1,train
AMZN,1440,2016-05-06,00:00:00,2016-05-06T00:00:00+00:00,655.989000,674.389000,654.179000,674.139000,16281,20.210000,2.406201,671.581200,654.315200,636.807100,656.965095,3.584327,60.901109,1,train
AMZN,1440,2016-05-09,00:00:00,2016-05-09T00:00:00+00:00,674.889000,686.689000,671.399000,677.939000,17022,15.290000,0.563682,670.409000,659.537200,640.928100,660.778532,3.585830,64.212108,1,train
AMZN,1440,2016-05-10,00:00:00,2016-05-10T00:00:00+00:00,694.269000,704.289000,690.859000,702.859000,17579,13.430000,3.675847,676.847000,668.673200,645.942100,668.429526,3.500705,67.268800,1,train
AMZN,1440,2016-05-11,00:00:00,2016-05-11T00:00:00+00:00,702.639000,718.459000,701.529000,712.389000,20119,16.930000,1.355891,685.125000,678.302200,650.844100,676.422158,3.492428,71.109063,1,train
AMZN,1440,2016-05-12,00:00:00,2016-05-12T00:00:00+00:00,718.369000,722.279000,711.359000,716.689000,17284,10.920000,0.603603,696.803000,682.669200,655.726100,683.743402,2.198587,73.584354,0,train
AMZN,1440,2016-05-13,00:00:00,2016-05-13T00:00:00+00:00,713.369000,718.629000,706.359000,709.949000,17244,12.270000,-0.940436,703.965000,687.773100,659.923600,688.508056,2.064304,70.441198,1,train
AMZN,1440,2016-05-16,00:00:00,2016-05-16T00:00:00+00:00,712.049000,713.089000,700.369000,710.609000,17138,12.720000,0.092964,710.499000,690.454000,663.820600,692.526409,1.776149,75.746870,0,train
AMZN,1440,2016-05-17,00:00:00,2016-05-17T00:00:00+00:00,709.779000,713.659000,693.669000,694.909000,15897,19.990000,-2.209373,708.909000,692.878000,667.317100,692.959608,1.819911,69.356978,1,train
AMZN,1440,2016-05-18,00:00:00,2016-05-18T00:00:00+00:00,692.089000,702.059000,688.589000,696.829000,18836,13.470000,0.276295,705.797000,695.461000,670.533600,693.663134,1.816871,58.013058,1,train
AMZN,1440,2016-05-19,00:00:00,2016-05-19T00:00:00+00:00,695.839000,699.199000,689.379000,698.449000,13883,9.820000,0.232482,702.149000,699.476000,674.187600,694.533291,1.634966,64.527745,1,train
AMZN,1440,2016-05-20,00:00:00,2016-05-20T00:00:00+00:00,700.309000,706.989000,697.849000,702.059000,13382,9.140000,0.516859,700.571000,702.268000,678.291600,695.901602,1.508024,57.952457,0,train
AMZN,1440,2016-05-23,00:00:00,2016-05-23T00:00:00+00:00,703.499000,706.449000,695.249000,695.899000,10777,11.200000,-0.877419,697.629000,704.064000,681.800600,695.901129,1.560374,61.698971,1,train
AMZN,1440,2016-05-24,00:00:00,2016-05-24T00:00:00+00:00,699.399000,707.229000,696.649000,703.999000,15027,10.580000,1.163962,699.447000,704.178000,686.425600,697.373469,1.079853,64.273356,1,train
AMZN,1440,2016-05-25,00:00:00,2016-05-25T00:00:00+00:00,706.849000,710.449000,705.309000,707.549000,13685,5.140000,0.504262,701.591000,703.694000,690.998100,699.223566,0.993012,73.132926,1,train
AMZN,1440,2016-05-26,00:00:00,2016-05-26T00:00:00+00:00,708.329000,714.929000,707.619000,714.869000,10810,7.310000,1.034557,704.875000,703.512000,693.090600,702.068190,1.033707,70.795466,0,train
AMZN,1440,2016-05-27,00:00:00,2016-05-27T00:00:00+00:00,715.299000,716.309000,710.949000,711.449000,10052,5.360000,-0.478409,706.753000,703.662000,695.717550,703.773792,0.997724,67.175807,1,train
AMZN,1440,2016-05-31,00:00:00,2016-05-31T00:00:00+00:00,713.989000,724.049000,711.169000,722.589000,18894,12.880000,1.565818,712.091000,704.860000,697.657000,707.194739,1.111047,61.776292,0,train
AMZN,1440,2016-06-01,00:00:00,2016-06-01T00:00:00+00:00,719.299000,726.269000,717.969000,719.429000,13294,8.300000,-0.437316,715.177000,707.312000,700.095000,709.419150,0.781234,54.547804,1,train
AMZN,1440,2016-06-02,00:00:00,2016-06-02T00:00:00+00:00,718.919000,728.359000,715.489000,728.249000,11743,12.870000,1.225972,719.317000,710.454000,702.957500,712.842759,0.827609,57.055664,0,train
AMZN,1440,2016-06-03,00:00:00,2016-06-03T00:00:00+00:00,725.999000,726.999000,718.389000,725.489000,14958,8.610000,-0.378991,721.441000,713.158000,706.317000,715.142076,0.866727,59.969207,1,train
AMZN,1440,2016-06-06,00:00:00,2016-06-06T00:00:00+00:00,728.499000,731.369000,724.059000,726.199000,13038,7.310000,0.097865,724.391000,715.572000,708.920000,717.152425,0.869709,59.994871,0,train
AMZN,1440,2016-06-07,00:00:00,2016-06-07T00:00:00+00:00,729.249000,729.699000,720.529000,723.969000,12123,9.170000,-0.307078,724.667000,718.379000,711.221500,718.391803,0.796471,72.520149,1,train
AMZN,1440,2016-06-08,00:00:00,2016-06-08T00:00:00+00:00,725.479000,729.269000,721.599000,726.629000,10944,7.670000,0.367419,726.107000,720.642000,712.410000,719.889475,0.749947,72.831750,1,train
AMZN,1440,2016-06-09,00:00:00,2016-06-09T00:00:00+00:00,722.999000,728.579000,722.169000,727.639000,12336,6.410000,0.138998,725.985000,722.651000,713.172500,721.298479,0.748838,72.575406,0,train
AMZN,1440,2016-06-10,00:00:00,2016-06-10T00:00:00+00:00,723.989000,724.649000,714.189000,717.989000,13898,10.460000,-1.326207,724.485000,722.963000,713.237500,720.696756,0.850729,61.267506,0,train
AMZN,1440,2016-06-13,00:00:00,2016-06-13T00:00:00+00:00,712.509000,721.589000,711.129000,714.029000,12422,10.460000,-0.551540,722.051000,723.221000,713.441500,719.484437,0.856043,63.235509,1,train
AMZN,1440,2016-06-14,00:00:00,2016-06-14T00:00:00+00:00,712.699000,720.399000,711.769000,718.049000,11919,8.630000,0.563002,720.867000,722.767000,713.813500,719.223448,0.702307,60.906692,0,train
AMZN,1440,2016-06-15,00:00:00,2016-06-15T00:00:00+00:00,719.529000,721.999000,712.969000,714.799000,13098,9.030000,-0.452615,718.501000,722.304000,714.808000,718.419003,0.703235,55.654344,1,train
AMZN,1440,2016-06-16,00:00:00,2016-06-16T00:00:00+00:00,714.029000,717.989000,705.239000,717.019000,12108,12.750000,0.310577,716.377000,721.181000,715.817500,718.164457,0.562378,51.821725,0,train
AMZN,1440,2016-06-17,00:00:00,2016-06-17T00:00:00+00:00,717.999000,717.999000,699.149000,704.499000,14334,18.850000,-1.746118,713.679000,719.082000,716.120000,715.679828,0.756022,44.897959,1,train
AMZN,1440,2016-06-20,00:00:00,2016-06-20T00:00:00+00:00,713.729000,721.129000,709.979000,714.489000,20160,11.150000,1.418029,713.771000,717.911000,716.741500,715.463314,0.927258,43.951613,1,train
AMZN,1440,2016-06-21,00:00:00,2016-06-21T00:00:00+00:00,715.999000,718.059000,712.759000,714.549000,10243,5.300000,0.008398,713.071000,716.969000,717.674000,715.297075,0.927010,46.179142,0,train
AMZN,1440,2016-06-22,00:00:00,2016-06-22T00:00:00+00:00,716.309000,717.259000,707.279000,710.069000,10741,9.980000,-0.626969,712.125000,715.313000,717.977500,714.346516,0.921397,34.727823,1,train
AMZN,1440,2016-06-23,00:00:00,2016-06-23T00:00:00+00:00,714.479000,722.969000,712.469000,722.199000,11448,10.500000,1.708285,713.161000,714.769000,718.710000,715.774240,1.105749,47.612135,0,train
AMZN,1440,2016-06-24,00:00:00,2016-06-24T00:00:00+00:00,700.589000,712.009000,692.159000,699.569000,19599,19.850000,-3.133485,712.175000,712.927000,717.945000,712.827833,1.433183,35.337518,0,train
AMZN,1440,2016-06-27,00:00:00,2016-06-27T00:00:00+00:00,689.989000,696.409000,682.219000,688.999000,20906,14.190000,-1.510930,707.077000,710.424000,716.822500,708.495318,1.486705,32.365103,1,train
AMZN,1440,2016-06-28,00:00:00,2016-06-28T00:00:00+00:00,700.499000,707.959000,698.069000,707.109000,17183,9.890000,2.628451,705.589000,709.330000,716.048500,708.243260,1.747629,41.483421,1,train
AMZN,1440,2016-06-29,00:00:00,2016-06-29T00:00:00+00:00,712.549000,719.319000,712.519000,716.369000,13814,6.800000,1.309558,706.849000,709.487000,715.895500,709.720667,1.800603,45.413105,0,train
AMZN,1440,2016-06-30,00:00:00,2016-06-30T00:00:00+00:00,716.019000,719.059000,712.479000,715.849000,16460,6.580000,-0.072588,705.579000,709.370000,715.275500,710.834910,1.798200,49.059093,1,train
AMZN,1440,2016-07-01,00:00:00,2016-07-01T00:00:00+00:00,717.039000,727.599000,715.469000,724.499000,12438,12.130000,1.208355,710.565000,711.370000,715.226000,713.319290,1.720797,54.421079,1,train
AMZN,1440,2016-07-05,00:00:00,2016-07-05T00:00:00+00:00,722.099000,729.439000,719.619000,729.179000,14653,9.820000,0.645964,718.601000,712.839000,715.375000,716.202873,1.681621,54.673721,1,train
AMZN,1440,2016-07-06,00:00:00,2016-07-06T00:00:00+00:00,725.019000,738.049000,722.519000,737.169000,16776,15.530000,1.095753,724.613000,715.101000,716.035000,720.014896,1.701705,59.034004,0,train
AMZN,1440,2016-07-07,00:00:00,2016-07-07T00:00:00+00:00,738.719000,739.849000,731.669000,735.509000,12615,8.180000,-0.225186,728.441000,717.645000,716.479000,722.832006,1.681346,57.501014,1,train
AMZN,1440,2016-07-08,00:00:00,2016-07-08T00:00:00+00:00,737.499000,745.979000,737.469000,744.179000,13153,8.510000,1.178776,734.107000,719.843000,717.306000,726.713278,1.642239,66.616415,1,train
AMZN,1440,2016-07-11,00:00:00,2016-07-11T00:00:00+00:00,749.469000,755.799000,746.969000,753.029000,12404,8.830000,1.189230,739.813000,725.189000,719.058000,731.497955,1.120421,66.294605,0,train
AMZN,1440,2016-07-12,00:00:00,2016-07-12T00:00:00+00:00,758.159000,759.149000,740.299000,747.559000,16627,18.850000,-0.726400,743.489000,731.045000,720.734500,734.418145,0.961061,63.346001,0,train
AMZN,1440,2016-07-13,00:00:00,2016-07-13T00:00:00+00:00,746.979000,756.699000,741.219000,742.879000,13534,15.480000,-0.626038,744.631000,734.622000,721.976000,735.956482,0.822926,63.243723,0,train
AMZN,1440,2016-07-14,00:00:00,2016-07-14T00:00:00+00:00,747.729000,748.849000,738.979000,740.549000,11729,9.870000,-0.313645,745.639000,737.040000,723.263500,736.791485,0.804894,58.043307,0,train
AMZN,1440,2016-07-15,00:00:00,2016-07-15T00:00:00+00:00,741.199000,745.969000,732.159000,733.999000,12237,13.810000,-0.884479,743.603000,738.855000,724.112500,736.283761,0.887347,67.568119,0,train
AMZN,1440,2016-07-18,00:00:00,2016-07-18T00:00:00+00:00,735.999000,741.499000,728.639000,733.979000,11209,12.860000,-0.002725,739.793000,739.803000,725.586500,735.864713,0.822967,75.720494,1,train
AMZN,1440,2016-07-19,00:00:00,2016-07-19T00:00:00+00:00,733.059000,743.209000,732.039000,740.199000,9611,11.170000,0.847436,738.321000,740.905000,726.872000,736.652765,0.839222,71.899404,1,train
AMZN,1440,2016-07-20,00:00:00,2016-07-20T00:00:00+00:00,742.329000,746.599000,740.489000,746.069000,9380,6.110000,0.793030,738.959000,741.795000,728.448000,738.364808,0.806261,70.579268,0,train
AMZN,1440,2016-07-21,00:00:00,2016-07-21T00:00:00+00:00,747.879000,749.209000,742.769000,743.389000,11311,6.440000,-0.359216,739.527000,742.583000,730.114000,739.278298,0.813771,68.527987,1,train
AMZN,1440,2016-07-22,00:00:00,2016-07-22T00:00:00+00:00,742.969000,751.179000,742.969000,744.249000,11751,8.210000,0.115686,741.577000,742.590000,731.216500,740.182062,0.722948,64.842928,0,train
AMZN,1440,2016-07-25,00:00:00,2016-07-25T00:00:00+00:00,746.999000,747.839000,735.329000,738.969000,11202,12.510000,-0.709440,742.575000,741.184000,733.186500,739.961505,0.618683,57.291822,0,train
AMZN,1440,2016-07-26,00:00:00,2016-07-26T00:00:00+00:00,740.999000,742.769000,732.479000,737.679000,12001,10.290000,-0.174568,742.071000,740.196000,735.620500,739.546504,0.589086,50.421976,1,train
AMZN,1440,2016-07-27,00:00:00,2016-07-27T00:00:00+00:00,739.569000,743.519000,733.119000,739.969000,16756,10.400000,0.310433,740.851000,739.905000,737.263500,739.623321,0.576006,53.652145,1,train
AMZN,1440,2016-07-28,00:00:00,2016-07-28T00:00:00+00:00,741.699000,783.999000,717.639000,768.019000,24064,66.360000,3.790699,745.777000,742.652000,739.846000,744.786172,1.328423,64.818498,0,train
AMZN,1440,2016-07-29,00:00:00,2016-07-29T00:00:00+00:00,767.999000,769.739000,755.129000,759.579000,21090,14.610000,-1.098931,748.843000,745.210000,742.032500,747.475777,1.352486,54.092215,1,train
AMZN,1440,2016-08-01,00:00:00,2016-08-01T00:00:00+00:00,757.989000,770.389000,757.049000,766.489000,17418,13.340000,0.909714,754.347000,748.461000,744.132000,750.932727,1.356725,61.617773,0,train
AMZN,1440,2016-08-02,00:00:00,2016-08-02T00:00:00+00:00,765.109000,765.739000,756.969000,760.699000,17728,8.770000,-0.755392,758.951000,750.511000,745.708000,752.708413,1.397630,60.789537,0,train
AMZN,1440,2016-08-03,00:00:00,2016-08-03T00:00:00+00:00,757.569000,758.699000,752.219000,754.019000,14791,6.480000,-0.878140,761.761000,751.306000,746.550500,752.946701,1.429316,57.747613,1,train
AMZN,1440,2016-08-04,00:00:00,2016-08-04T00:00:00+00:00,753.989000,764.689000,750.299000,760.519000,13495,14.390000,0.862047,760.261000,753.019000,747.801000,754.323483,1.436444,65.262431,1,train
AMZN,1440,2016-08-05,00:00:00,2016-08-05T00:00:00+00:00,759.989000,768.369000,759.989000,765.069000,12102,8.380000,0.598276,761.359000,755.101000,748.845500,756.277213,1.440010,67.005798,1,train
AMZN,1440,2016-08-08,00:00:00,2016-08-08T00:00:00+00:00,766.999000,767.059000,760.999000,766.139000,11264,6.060000,0.139857,761.289000,757.818000,749.501000,758.070265,1.399281,65.035938,1,train
AMZN,1440,2016-08-09,00:00:00,2016-08-09T00:00:00+00:00,767.499000,772.519000,762.969000,767.969000,9445,9.550000,0.238860,762.743000,760.847000,750.521500,759.870035,1.387448,63.317928,0,train
AMZN,1440,2016-08-10,00:00:00,2016-08-10T00:00:00+00:00,769.499000,772.029000,766.039000,767.829000,8280,5.990000,-0.018230,765.505000,763.633000,751.769000,761.317120,1.393992,65.336345,1,train
AMZN,1440,2016-08-11,00:00:00,2016-08-11T00:00:00+00:00,770.499000,773.559000,769.019000,770.799000,9049,4.540000,0.386805,767.561000,763.911000,753.281500,763.041098,0.721864,66.230591,1,train
AMZN,1440,2016-08-12,00:00:00,2016-08-12T00:00:00+00:00,771.499000,773.009000,768.269000,771.999000,12656,4.740000,0.155683,768.947000,765.153000,755.181500,764.669808,0.601147,71.252091,0,train
AMZN,1440,2016-08-15,00:00:00,2016-08-15T00:00:00+00:00,771.469000,772.599000,767.629000,768.319000,10326,4.970000,-0.476685,769.383000,765.336000,756.898500,765.333297,0.569057,69.126092,0,train
AMZN,1440,2016-08-16,00:00:00,2016-08-16T00:00:00+00:00,767.329000,768.519000,762.979000,764.229000,10077,5.540000,-0.532331,768.635000,765.689000,758.100000,765.132516,0.538612,64.810745,0,train
AMZN,1440,2016-08-17,00:00:00,2016-08-17T00:00:00+00:00,763.009000,764.959000,759.059000,762.639000,11173,5.900000,-0.208053,767.597000,766.551000,758.928500,764.679149,0.444018,45.147908,1,train
AMZN,1440,2016-08-18,00:00:00,2016-08-18T00:00:00+00:00,763.989000,765.069000,760.519000,762.979000,9869,4.550000,0.044582,766.033000,766.797000,759.908000,764.370031,0.358051,53.591044,0,train
AMZN,1440,2016-08-19,00:00:00,2016-08-19T00:00:00+00:00,760.409000,762.619000,756.509000,756.519000,11605,6.110000,-0.846681,762.937000,765.942000,760.521500,762.942571,0.394259,39.368735,1,train
AMZN,1440,2016-08-22,00:00:00,2016-08-22T00:00:00+00:00,755.979000,759.649000,752.059000,758.749000,11562,7.590000,0.294771,761.023000,765.203000,761.510500,762.180104,0.408040,47.749827,1,train
AMZN,1440,2016-08-23,00:00:00,2016-08-23T00:00:00+00:00,762.249000,764.499000,760.529000,761.659000,9571,3.970000,0.383526,760.509000,764.572000,762.709500,762.085357,0.423508,59.656218,0,train
AMZN,1440,2016-08-24,00:00:00,2016-08-24T00:00:00+00:00,762.999000,763.759000,755.299000,756.669000,12881,8.460000,-0.655149,759.315000,763.456000,763.544500,761.100565,0.459290,44.940867,1,train
AMZN,1440,2016-08-25,00:00:00,2016-08-25T00:00:00+00:00,756.199000,760.519000,754.649000,759.319000,12599,5.870000,0.350219,758.583000,762.308000,763.109500,760.776644,0.454703,42.047026,1,train
AMZN,1440,2016-08-26,00:00:00,2016-08-26T00:00:00+00:00,756.499000,769.939000,756.499000,768.999000,17576,13.440000,1.274827,761.079000,762.008000,763.580500,762.271618,0.638577,53.194817,1,train
AMZN,1440,2016-08-29,00:00:00,2016-08-29T00:00:00+00:00,768.489000,774.949000,768.469000,770.689000,12764,6.480000,0.219766,763.467000,762.245000,763.790500,763.802051,0.623098,53.047961,0,train
AMZN,1440,2016-08-30,00:00:00,2016-08-30T00:00:00+00:00,770.109000,771.669000,765.259000,766.269000,12046,6.410000,-0.573513,764.389000,762.449000,764.069000,764.250587,0.627368,48.404908,0,train
AMZN,1440,2016-08-31,00:00:00,2016-08-31T00:00:00+00:00,766.519000,769.279000,763.979000,765.969000,13154,5.300000,-0.039151,766.249000,762.782000,764.666500,764.563026,0.622549,44.776119,1,train
AMZN,1440,2016-09-01,00:00:00,2016-09-01T00:00:00+00:00,769.589000,771.909000,765.969000,765.999000,12744,5.940000,0.003917,767.585000,763.084000,764.940500,764.824112,0.622687,43.342210,1,train
AMZN,1440,2016-09-02,00:00:00,2016-09-02T00:00:00+00:00,768.699000,775.909000,768.669000,772.289000,14948,7.240000,0.821150,768.243000,764.661000,765.301500,766.181364,0.580354,54.164044,1,train
AMZN,1440,2016-09-06,00:00:00,2016-09-06T00:00:00+00:00,777.369000,789.429000,776.989000,788.589000,13635,12.440000,2.110609,771.823000,767.645000,766.424000,770.255480,0.837578,70.340681,0,train
AMZN,1440,2016-09-07,00:00:00,2016-09-07T00:00:00+00:00,788.509000,788.919000,784.209000,784.599000,11187,4.710000,-0.505967,775.489000,769.939000,767.255500,772.863393,0.884229,67.630058,0,train
AMZN,1440,2016-09-08,00:00:00,2016-09-08T00:00:00+00:00,784.519000,786.269000,781.389000,783.599000,13673,4.880000,-0.127454,779.015000,772.632000,768.044000,774.815321,0.835238,66.380680,0,train
AMZN,1440,2016-09-09,00:00:00,2016-09-09T00:00:00+00:00,779.499000,780.849000,759.499000,759.849000,17380,21.350000,-3.030887,777.785000,772.685000,767.496500,772.094172,1.357656,52.075284,1,train
AMZN,1440,2016-09-12,00:00:00,2016-09-12T00:00:00+00:00,755.799000,772.579000,755.769000,770.789000,18276,16.810000,1.439760,777.485000,772.864000,767.436000,771.856868,1.375541,56.768608,0,train
AMZN,1440,2016-09-13,00:00:00,2016-09-13T00:00:00+00:00,765.969000,769.509000,758.449000,761.999000,19117,11.060000,-1.140390,772.167000,771.995000,767.120000,770.064528,1.421376,50.179287,0,train
AMZN,1440,2016-09-14,00:00:00,2016-09-14T00:00:00+00:00,761.999000,767.379000,758.779000,760.449000,16857,8.600000,-0.203412,767.337000,771.413000,766.931000,768.316250,1.412589,52.068286,1,train
AMZN,1440,2016-09-15,00:00:00,2016-09-15T00:00:00+00:00,762.979000,770.749000,757.669000,768.999000,17130,13.080000,1.124336,764.417000,771.716000,767.249000,768.440387,1.462199,54.975329,1,train
AMZN,1440,2016-09-16,00:00:00,2016-09-16T00:00:00+00:00,774.609000,780.329000,774.359000,778.049000,16800,5.970000,1.176855,768.057000,772.921000,768.002500,770.187407,1.504596,54.681842,0,train
AMZN,1440,2016-09-19,00:00:00,2016-09-19T00:00:00+00:00,780.749000,781.319000,770.719000,775.149000,15137,10.600000,-0.372727,768.929000,773.207000,768.934000,771.089515,1.494206,52.278766,1,train
AMZN,1440,2016-09-20,00:00:00,2016-09-20T00:00:00+00:00,777.859000,781.179000,776.219000,779.769000,18354,4.960000,0.596014,772.483000,772.325000,769.985000,772.667603,1.329478,56.883541,1,train
AMZN,1440,2016-09-21,00:00:00,2016-09-21T00:00:00+00:00,782.999000,790.569000,778.979000,788.509000,14870,11.590000,1.120845,778.095000,772.716000,771.327500,775.547857,1.373676,60.582160,1,train
AMZN,1440,2016-09-22,00:00:00,2016-09-22T00:00:00+00:00,797.599000,805.789000,796.199000,804.009000,14628,9.590000,1.965735,785.097000,774.757000,773.694500,780.722610,1.496239,65.581700,1,train
AMZN,1440,2016-09-23,00:00:00,2016-09-23T00:00:00+00:00,802.659000,807.539000,802.089000,805.499000,14511,5.450000,0.185321,790.587000,779.322000,776.003500,785.227409,0.956895,64.171716,0,train
AMZN,1440,2016-09-26,00:00:00,2016-09-26T00:00:00+00:00,802.499000,805.819000,797.139000,798.999000,15627,8.680000,-0.806953,795.357000,782.143000,777.503500,787.731334,0.997887,54.847723,1,train
AMZN,1440,2016-09-27,00:00:00,2016-09-27T00:00:00+00:00,803.499000,816.519000,799.969000,815.589000,18271,16.550000,2.076348,802.521000,787.502000,779.748500,792.796364,0.977105,62.915729,1,train
AMZN,1440,2016-09-28,00:00:00,2016-09-28T00:00:00+00:00,816.499000,829.939000,815.219000,828.779000,16996,14.720000,1.617236,810.575000,794.335000,782.874000,799.338662,0.962428,67.092918,1,train
AMZN,1440,2016-09-29,00:00:00,2016-09-29T00:00:00+00:00,827.989000,837.169000,824.579000,829.009000,21790,12.590000,0.027752,815.575000,800.336000,786.026000,804.733269,0.992031,81.829897,1,train
AMZN,1440,2016-09-30,00:00:00,2016-09-30T00:00:00+00:00,830.999000,839.829000,830.969000,837.309000,16214,8.860000,1.001195,821.937000,806.262000,789.591500,810.656129,0.985336,81.377358,0,train
AMZN,1440,2016-10-03,00:00:00,2016-10-03T00:00:00+00:00,835.559000,839.699000,831.179000,836.209000,14424,8.520000,-0.131373,829.379000,812.368000,792.787500,815.302106,0.957587,87.742854,0,train
AMZN,1440,2016-10-04,00:00:00,2016-10-04T00:00:00+00:00,838.399000,841.749000,830.279000,833.599000,16664,11.470000,-0.312123,832.981000,817.751000,795.038000,818.628814,1.016656,86.806883,1,train
AMZN,1440,2016-10-05,00:00:00,2016-10-05T00:00:00+00:00,837.079000,845.549000,835.949000,843.509000,16264,9.600000,1.188821,835.927000,823.251000,797.983500,823.152484,1.020194,86.985009,0,train
AMZN,1440,2016-10-06,00:00:00,2016-10-06T00:00:00+00:00,841.979000,847.059000,840.519000,841.599000,15030,6.540000,-0.226435,838.445000,827.010000,800.883500,826.506396,0.946359,83.951277,0,train
AMZN,1440,2016-10-07,00:00:00,2016-10-07T00:00:00+00:00,842.149000,845.759000,837.399000,838.999000,12979,8.360000,-0.308936,838.783000,830.360000,804.841000,828.777778,0.974890,84.221246,1,train
AMZN,1440,2016-10-10,00:00:00,2016-10-10T00:00:00+00:00,841.179000,845.009000,840.169000,841.539000,11617,4.840000,0.302742,839.849000,834.614000,808.378500,831.098001,0.879104,83.861419,0,train
AMZN,1440,2016-10-11,00:00:00,2016-10-11T00:00:00+00:00,839.969000,841.009000,828.399000,830.229000,16083,12.610000,-1.343966,839.175000,836.078000,811.790000,830.940000,0.873169,72.243549,1,train
AMZN,1440,2016-10-12,00:00:00,2016-10-12T00:00:00+00:00,831.019000,837.599000,827.999000,832.999000,14474,9.600000,0.333643,837.073000,836.500000,815.417500,831.314364,0.719478,67.884022,0,train
AMZN,1440,2016-10-13,00:00:00,2016-10-13T00:00:00+00:00,828.879000,831.699000,821.169000,828.509000,14200,10.530000,-0.539016,834.455000,836.450000,818.393000,830.804298,0.743618,63.688281,0,train
AMZN,1440,2016-10-14,00:00:00,2016-10-14T00:00:00+00:00,832.979000,835.999000,822.039000,822.419000,11858,13.960000,-0.735055,831.139000,834.961000,820.611500,829.279698,0.683200,64.000478,0,train
AMZN,1440,2016-10-17,00:00:00,2016-10-17T00:00:00+00:00,819.999000,822.319000,811.649000,816.999000,13972,10.670000,-0.659031,826.231000,833.040000,822.704000,827.046844,0.699453,50.972816,1,train
AMZN,1440,2016-10-18,00:00:00,2016-10-18T00:00:00+00:00,821.469000,823.149000,814.969000,817.679000,10700,8.180000,0.083231,823.721000,831.448000,824.599500,825.343600,0.705439,40.743829,0,train
AMZN,1440,2016-10-19,00:00:00,2016-10-19T00:00:00+00:00,819.979000,820.729000,815.139000,816.539000,11535,5.590000,-0.139419,820.429000,828.751000,826.001000,823.742763,0.516691,39.756859,0,train
AMZN,1440,2016-10-20,00:00:00,2016-10-20T00:00:00+00:00,814.969000,815.599000,803.109000,811.139000,14737,12.490000,-0.661328,816.955000,825.705000,826.357500,821.451170,0.525860,27.427980,1,train
AMZN,1440,2016-10-21,00:00:00,2016-10-21T00:00:00+00:00,809.999000,819.399000,807.969000,817.389000,15219,11.430000,0.770521,815.949000,823.544000,826.952000,820.712594,0.637896,35.091888,1,train
AMZN,1440,2016-10-24,00:00:00,2016-10-24T00:00:00+00:00,822.799000,838.239000,822.169000,837.999000,14029,16.070000,2.521443,820.149000,823.190000,828.902000,823.855577,1.084446,52.712032,0,train
AMZN,1440,2016-10-25,00:00:00,2016-10-25T00:00:00+00:00,838.999000,842.739000,831.489000,832.999000,13431,11.250000,-0.596659,823.213000,823.467000,829.772500,825.518017,1.007377,43.104579,0,train
AMZN,1440,2016-10-26,00:00:00,2016-10-26T00:00:00+00:00,833.489000,833.749000,819.969000,824.489000,14577,13.780000,-1.021610,824.803000,822.616000,829.558000,825.330923,1.053276,39.669122,0,train
AMZN,1440,2016-10-27,00:00:00,2016-10-27T00:00:00+00:00,829.329000,831.219000,744.989000,777.499000,21083,86.230000,-5.699288,818.075000,817.515000,826.982500,816.634210,2.068407,25.825472,0,train
AMZN,1440,2016-10-28,00:00:00,2016-10-28T00:00:00+00:00,773.999000,789.139000,772.269000,776.469000,30404,16.870000,-0.132476,809.891000,812.920000,823.940500,809.331444,2.073251,24.114886,1,train
AMZN,1440,2016-10-31,00:00:00,2016-10-31T00:00:00+00:00,780.269000,793.619000,779.539000,790.619000,20089,14.080000,1.822352,800.415000,810.282000,821.661000,805.929182,2.203607,34.591146,0,train
AMZN,1440,2016-11-01,00:00:00,2016-11-01T00:00:00+00:00,792.989000,800.519000,776.669000,784.999000,21217,23.850000,-0.710835,790.815000,807.014000,819.231000,802.123694,2.202357,31.732379,0,train
AMZN,1440,2016-11-02,00:00:00,2016-11-02T00:00:00+00:00,783.089000,784.499000,762.469000,765.559000,19908,22.030000,-2.476436,779.029000,801.916000,815.333500,795.475568,2.295461,28.490398,1,train
AMZN,1440,2016-11-03,00:00:00,2016-11-03T00:00:00+00:00,765.689000,776.199000,763.969000,766.749000,16668,12.230000,0.155442,776.879000,797.477000,811.591000,790.252556,2.308260,30.318886,0,train
AMZN,1440,2016-11-04,00:00:00,2016-11-04T00:00:00+00:00,765.729000,768.389000,753.299000,754.649000,16129,15.090000,-1.578091,772.515000,791.203000,807.373500,783.779182,2.279776,28.951455,1,train
AMZN,1440,2016-11-07,00:00:00,2016-11-07T00:00:00+00:00,768.699000,787.429000,767.469000,785.369000,18771,19.960000,4.070767,771.465000,785.940000,804.565000,784.068240,2.563435,40.931799,1,train
AMZN,1440,2016-11-08,00:00:00,2016-11-08T00:00:00+00:00,783.999000,791.519000,778.989000,787.999000,14438,12.530000,0.334874,772.065000,781.440000,802.453500,784.782923,2.581108,42.056335,0,train
AMZN,1440,2016-11-09,00:00:00,2016-11-09T00:00:00+00:00,765.099000,777.429000,760.069000,770.249000,26200,17.360000,-2.252541,773.003000,776.016000,799.316000,782.140392,2.636263,39.351008,0,train
AMZN,1440,2016-11-10,00:00:00,2016-11-10T00:00:00+00:00,777.819000,779.389000,717.539000,742.969000,29598,61.850000,-3.541712,768.247000,772.563000,795.039000,775.018321,2.234467,32.532157,0,train
AMZN,1440,2016-11-11,00:00:00,2016-11-11T00:00:00+00:00,740.329000,742.999000,728.679000,738.529000,23288,14.320000,-0.597602,765.023000,768.769000,790.844500,768.383899,2.232405,24.734569,0,train
AMZN,1440,2016-11-14,00:00:00,2016-11-14T00:00:00+00:00,742.009000,746.349000,710.079000,718.929000,23075,36.270000,-2.653924,751.735000,761.600000,785.941000,759.392099,2.167886,23.026720,1,train
AMZN,1440,2016-11-15,00:00:00,2016-11-15T00:00:00+00:00,728.999000,746.499000,725.859000,743.649000,21500,20.640000,3.438448,742.865000,757.465000,782.239500,756.529717,2.572716,32.245454,1,train
AMZN,1440,2016-11-16,00:00:00,2016-11-16T00:00:00+00:00,738.399000,749.709000,735.589000,745.699000,15030,14.120000,0.275668,737.955000,755.479000,778.697500,754.560496,2.484691,41.298161,1,train
AMZN,1440,2016-11-17,00:00:00,2016-11-17T00:00:00+00:00,747.039000,757.499000,746.469000,756.389000,18512,11.030000,1.433554,740.639000,754.443000,775.960000,754.892951,2.539273,44.781162,1,train
AMZN,1440,2016-11-18,00:00:00,2016-11-18T00:00:00+00:00,760.479000,767.649000,757.589000,760.249000,20167,10.060000,0.510319,744.983000,755.003000,773.103000,755.866778,2.490252,41.660717,1,train
AMZN,1440,2016-11-21,00:00:00,2016-11-21T00:00:00+00:00,763.499000,780.294000,763.499000,779.989000,20872,16.795000,2.596518,757.195000,754.465000,770.202500,760.252637,2.262392,48.723307,1,train
AMZN,1440,2016-11-22,00:00:00,2016-11-22T00:00:00+00:00,785.229000,792.399000,780.979000,785.319000,21897,11.420000,0.683343,765.529000,754.197000,767.818500,764.810157,2.271569,55.425590,0,train
AMZN,1440,2016-11-23,00:00:00,2016-11-23T00:00:00+00:00,781.969000,781.999000,772.969000,780.279000,16706,9.030000,-0.641777,772.445000,755.200000,765.608000,767.622674,2.148733,53.638075,0,train
AMZN,1440,2016-11-25,00:00:00,2016-11-25T00:00:00+00:00,785.279000,786.429000,777.739000,780.069000,9318,8.690000,-0.026913,777.181000,758.910000,765.736500,769.885643,1.723003,57.302080,0,train
AMZN,1440,2016-11-28,00:00:00,2016-11-28T00:00:00+00:00,776.789000,777.029000,764.199000,766.749000,17200,12.830000,-1.707541,778.481000,761.732000,765.250500,769.315344,1.833875,44.057194,0,train
AMZN,1440,2016-11-29,00:00:00,2016-11-29T00:00:00+00:00,768.989000,770.999000,761.299000,762.679000,15620,9.700000,-0.530813,775.019000,766.107000,763.853500,768.108736,1.541871,41.992410,0,train
AMZN,1440,2016-11-30,00:00:00,2016-11-30T00:00:00+00:00,764.479000,767.859000,750.229000,750.979000,17682,17.630000,-1.534066,768.151000,766.840000,762.152500,764.994238,1.310292,43.663269,0,train
AMZN,1440,2016-12-01,00:00:00,2016-12-01T00:00:00+00:00,751.799000,754.099000,737.979000,743.019000,17414,16.120000,-1.059950,760.699000,766.572000,761.025500,760.998741,1.358250,50.018835,0,train
AMZN,1440,2016-12-02,00:00:00,2016-12-02T00:00:00+00:00,742.469000,748.349000,736.679000,740.319000,15417,11.670000,-0.363382,752.749000,764.965000,759.704000,757.238788,1.258659,50.683258,1,train
AMZN,1440,2016-12-05,00:00:00,2016-12-05T00:00:00+00:00,744.199000,761.359000,741.969000,758.879000,17800,19.390000,2.507027,751.175000,764.828000,759.915500,757.537008,1.517030,65.371297,1,train
AMZN,1440,2016-12-06,00:00:00,2016-12-06T00:00:00+00:00,762.649000,767.959000,756.979000,764.159000,18050,10.980000,0.695763,751.471000,763.245000,758.855000,758.741007,1.250059,59.279703,1,train
AMZN,1440,2016-12-07,00:00:00,2016-12-07T00:00:00+00:00,760.999000,770.399000,755.759000,766.969000,17164,14.640000,0.367725,754.669000,761.410000,757.803500,760.237005,1.229148,59.557832,0,train
AMZN,1440,2016-12-08,00:00:00,2016-12-08T00:00:00+00:00,770.349000,773.289000,765.089000,766.669000,14509,8.200000,-0.039115,759.399000,760.049000,757.624500,761.406459,1.221432,55.095163,1,train
AMZN,1440,2016-12-09,00:00:00,2016-12-09T00:00:00+00:00,768.969000,770.769000,765.299000,768.509000,14796,5.470000,0.239999,765.037000,758.893000,758.901500,762.697830,1.227785,54.177625,0,train
AMZN,1440,2016-12-12,00:00:00,2016-12-12T00:00:00+00:00,765.989000,767.469000,757.139000,759.169000,16579,10.330000,-1.215340,765.095000,758.135000,759.933500,762.056225,1.166402,38.231969,1,train
AMZN,1440,2016-12-13,00:00:00,2016-12-13T00:00:00+00:00,762.799000,782.299000,761.969000,774.339000,21412,20.330000,1.998238,767.131000,759.301000,762.704000,764.289457,1.324450,44.415056,0,train
AMZN,1440,2016-12-14,00:00:00,2016-12-14T00:00:00+00:00,777.169000,780.689000,762.839000,769.099000,21843,17.850000,-0.676706,767.557000,761.113000,763.976500,765.163919,1.226774,44.324873,0,train
AMZN,1440,2016-12-15,00:00:00,2016-12-15T00:00:00+00:00,767.019000,768.999000,760.019000,761.009000,20650,8.980000,-1.051880,766.425000,762.912000,764.742000,764.408479,1.225822,41.041549,0,train
AMZN,1440,2016-12-16,00:00:00,2016-12-16T00:00:00+00:00,763.499000,765.309000,753.979000,757.729000,16201,11.330000,-0.431007,764.269000,764.653000,764.809000,763.194028,1.229739,45.318663,1,train
AMZN,1440,2016-12-19,00:00:00,2016-12-19T00:00:00+00:00,759.499000,770.349000,756.049000,766.989000,15508,14.300000,1.222073,765.833000,765.464000,765.146000,763.884023,1.014829,52.122525,1,train
AMZN,1440,2016-12-20,00:00:00,2016-12-20T00:00:00+00:00,767.999000,774.239000,767.469000,770.979000,15904,6.770000,0.520216,765.161000,766.146000,764.695500,765.174019,1.005061,60.658708,0,train
AMZN,1440,2016-12-21,00:00:00,2016-12-21T00:00:00+00:00,769.999000,771.189000,765.549000,769.789000,11630,5.640000,-0.154349,765.299000,766.428000,763.919000,766.013106,1.002786,65.376221,0,train
AMZN,1440,2016-12-22,00:00:00,2016-12-22T00:00:00+00:00,770.179000,770.999000,762.989000,765.089000,14197,8.010000,-0.610557,766.115000,766.270000,763.159500,765.845087,1.023931,63.907917,0,train
AMZN,1440,2016-12-23,00:00:00,2016-12-23T00:00:00+00:00,764.769000,766.049000,757.939000,760.259000,12748,8.110000,-0.631299,766.621000,765.445000,762.169000,764.829435,1.036724,50.916091,1,train
AMZN,1440,2016-12-27,00:00:00,2016-12-27T00:00:00+00:00,761.999000,774.419000,760.969000,770.889000,12681,13.450000,1.398208,767.401000,766.617000,762.376000,765.931174,1.054448,54.171315,1,train
AMZN,1440,2016-12-28,00:00:00,2016-12-28T00:00:00+00:00,775.109000,779.889000,770.469000,771.769000,17588,9.420000,0.114154,767.559000,766.360000,762.830500,766.992597,0.834554,53.048006,0,train
AMZN,1440,2016-12-29,00:00:00,2016-12-29T00:00:00+00:00,772.499000,773.239000,760.749000,764.539000,16736,12.490000,-0.936809,766.509000,765.904000,763.508500,766.546488,0.860592,48.756858,0,train
AMZN,1440,2016-12-30,00:00:00,2016-12-30T00:00:00+00:00,767.299000,767.499000,748.239000,750.099000,19472,19.260000,-1.888720,763.511000,764.813000,763.862500,763.556036,0.997910,40.632950,1,train
AMZN,1440,2017-01-03,00:00:00,2017-01-03T00:00:00+00:00,757.319000,758.549000,747.669000,753.499000,20092,10.880000,0.453274,762.159000,764.390000,764.521500,761.727484,1.008364,46.929492,1,train
AMZN,1440,2017-01-04,00:00:00,2017-01-04T00:00:00+00:00,754.979000,759.679000,754.089000,756.349000,17978,5.590000,0.378235,759.251000,763.326000,764.395000,760.749578,0.921524,38.757655,1,train
AMZN,1440,2017-01-05,00:00:00,2017-01-05T00:00:00+00:00,755.669000,782.369000,755.669000,780.969000,24905,26.700000,3.255111,761.091000,764.325000,765.235500,764.425836,1.412744,55.971426,1,train
AMZN,1440,2017-01-06,00:00:00,2017-01-06T00:00:00+00:00,779.999000,799.309000,778.349000,796.129000,23241,20.960000,1.941178,767.409000,766.959000,766.693500,770.190048,1.516232,66.494458,0,train
AMZN,1440,2017-01-09,00:00:00,2017-01-09T00:00:00+00:00,797.339000,801.189000,791.739000,795.789000,16277,9.450000,-0.042707,776.547000,770.029000,768.149500,774.844403,1.486720,68.382921,0,train
AMZN,1440,2017-01-10,00:00:00,2017-01-10T00:00:00+00:00,796.849000,797.989000,789.559000,794.999000,14123,8.430000,-0.099273,784.847000,773.503000,769.474000,778.508875,1.454728,64.734350,1,train
AMZN,1440,2017-01-11,00:00:00,2017-01-11T00:00:00+00:00,794.239000,799.439000,789.469000,798.529000,17173,9.970000,0.444026,793.283000,776.267000,771.442000,782.148898,1.416955,64.562850,1,train
AMZN,1440,2017-01-12,00:00:00,2017-01-12T00:00:00+00:00,796.569000,814.009000,794.989000,813.099000,20499,19.020000,1.824605,799.709000,780.400000,773.380000,787.776189,1.485321,70.056497,1,train
AMZN,1440,2017-01-13,00:00:00,2017-01-13T00:00:00+00:00,814.079000,821.589000,811.289000,817.129000,18345,10.300000,0.495635,803.909000,785.659000,775.781500,793.113064,1.394106,74.249767,0,train
AMZN,1440,2017-01-17,00:00:00,2017-01-17T00:00:00+00:00,815.299000,815.659000,803.469000,807.979000,19182,12.190000,-1.119774,806.347000,791.447000,778.130000,795.815961,1.250753,71.376097,1,train
AMZN,1440,2017-01-18,00:00:00,2017-01-18T00:00:00+00:00,806.989000,811.499000,804.229000,810.249000,16404,7.270000,0.280948,809.397000,797.122000,780.756000,798.440150,1.256516,69.058687,0,train
AMZN,1440,2017-01-19,00:00:00,2017-01-19T00:00:00+00:00,809.970000,813.559000,807.289000,808.999000,14240,6.270000,-0.154274,811.491000,802.387000,782.856500,800.359941,1.284329,67.962945,0,train
AMZN,1440,2017-01-20,00:00:00,2017-01-20T00:00:00+00:00,811.109000,815.829000,806.269000,808.039000,16081,9.560000,-0.118665,810.479000,805.094000,784.709500,801.756134,0.926830,72.339770,1,train
AMZN,1440,2017-01-23,00:00:00,2017-01-23T00:00:00+00:00,806.499000,818.439000,804.999000,817.879000,16222,13.440000,1.217763,810.629000,807.269000,787.114000,804.687564,0.809182,86.535144,1,train
AMZN,1440,2017-01-24,00:00:00,2017-01-24T00:00:00+00:00,819.249000,823.879000,814.449000,821.969000,14780,9.430000,0.500074,813.427000,809.887000,789.958000,807.829643,0.803851,86.634564,1,train
AMZN,1440,2017-01-25,00:00:00,2017-01-25T00:00:00+00:00,826.259000,837.369000,825.199000,836.489000,16958,12.170000,1.766490,818.675000,814.036000,793.769500,813.040435,0.904158,88.118341,0,train
AMZN,1440,2017-01-26,00:00:00,2017-01-26T00:00:00+00:00,836.349000,843.769000,832.989000,834.969000,16458,10.780000,-0.181712,823.869000,817.680000,796.973500,817.027447,0.930775,82.918800,1,train
AMZN,1440,2017-01-27,00:00:00,2017-01-27T00:00:00+00:00,837.059000,839.109000,829.209000,835.429000,15252,9.900000,0.055092,829.347000,819.913000,800.156500,820.373184,0.799604,79.188948,0,train
AMZN,1440,2017-01-30,00:00:00,2017-01-30T00:00:00+00:00,830.999000,833.039000,816.309000,829.549000,17649,16.730000,-0.703830,831.681000,821.155000,803.407000,822.041514,0.851002,73.167719,0,train
AMZN,1440,2017-01-31,00:00:00,2017-01-31T00:00:00+00:00,824.199000,826.249000,819.539000,824.249000,17154,6.710000,-0.638901,832.137000,822.782000,807.114500,822.442875,0.781786,68.902675,1,train
AMZN,1440,2017-02-01,00:00:00,2017-02-01T00:00:00+00:00,830.229000,834.819000,824.859000,834.499000,18683,9.960000,1.243556,831.739000,825.207000,811.164500,824.634898,0.848926,71.387799,0,train
AMZN,1440,2017-02-02,00:00:00,2017-02-02T00:00:00+00:00,838.099000,842.399000,801.309000,804.999000,24537,41.090000,-3.535055,825.745000,824.807000,813.597000,821.064735,1.484537,45.909917,1,train
AMZN,1440,2017-02-03,00:00:00,2017-02-03T00:00:00+00:00,803.499000,817.819000,802.479000,810.069000,29172,15.340000,0.629814,820.673000,825.010000,815.052000,819.065510,1.498902,46.472117,0,train
AMZN,1440,2017-02-06,00:00:00,2017-02-06T00:00:00+00:00,808.259000,810.479000,802.969000,806.629000,16848,7.510000,-0.424655,816.089000,823.885000,815.577000,816.804326,1.443916,49.284579,1,train
AMZN,1440,2017-02-07,00:00:00,2017-02-07T00:00:00+00:00,808.489000,816.049000,805.959000,812.249000,17990,10.090000,0.696727,813.689000,822.913000,816.400000,815.976085,1.454733,51.023541,1,train
AMZN,1440,2017-02-08,00:00:00,2017-02-08T00:00:00+00:00,812.349000,821.329000,812.069000,819.779000,15465,9.260000,0.927056,810.745000,821.242000,817.639000,816.667524,1.355290,55.183689,1,train
AMZN,1440,2017-02-09,00:00:00,2017-02-09T00:00:00+00:00,820.499000,824.939000,819.679000,819.989000,13213,5.260000,0.025617,813.743000,819.744000,818.712000,817.271429,1.357070,55.788046,1,train
AMZN,1440,2017-02-10,00:00:00,2017-02-10T00:00:00+00:00,823.369000,827.919000,822.709000,827.159000,13586,5.210000,0.874402,817.161000,818.917000,819.415000,819.069169,1.396494,54.614161,1,train
AMZN,1440,2017-02-13,00:00:00,2017-02-13T00:00:00+00:00,831.000000,842.920000,828.480000,836.120000,17995,14.440000,1.083347,823.059200,819.574100,820.364550,822.169320,1.423384,56.711024,0,train
AMZN,1440,2017-02-14,00:00:00,2017-02-14T00:00:00+00:00,836.000000,838.200000,831.470000,836.010000,14575,6.730000,-0.013156,827.811400,820.750200,821.766100,824.685807,1.401454,49.736874,1,train
AMZN,1440,2017-02-15,00:00:00,2017-02-15T00:00:00+00:00,836.980000,842.760000,832.110000,842.250000,15809,10.650000,0.746403,832.305600,821.525300,823.366150,827.879297,1.366769,53.802446,1,train
AMZN,1440,2017-02-16,00:00:00,2017-02-16T00:00:00+00:00,841.300000,844.930000,839.360000,844.500000,15065,5.570000,0.267142,837.207800,825.475400,825.141200,830.901243,0.491391,54.650316,1,train
AMZN,1440,2017-02-17,00:00:00,2017-02-17T00:00:00+00:00,840.970000,847.110000,840.650000,845.050000,15372,6.460000,0.065127,840.786000,828.973500,826.991750,833.473744,0.504690,58.406091,1,train
AMZN,1440,2017-02-21,00:00:00,2017-02-21T00:00:00+00:00,848.040000,857.860000,847.230000,855.490000,15439,10.630000,1.235430,844.660000,833.859600,828.872300,837.476700,0.465757,66.047195,0,train
AMZN,1440,2017-02-22,00:00:00,2017-02-22T00:00:00+00:00,856.000000,858.310000,852.140000,855.000000,13269,6.170000,-0.057277,848.458000,838.134700,830.523850,840.662754,0.505998,61.704023,0,train
AMZN,1440,2017-02-23,00:00:00,2017-02-23T00:00:00+00:00,857.210000,860.780000,847.790000,850.470000,17171,12.990000,-0.529825,850.102000,841.203800,831.222900,842.445890,0.578803,86.312309,0,train
AMZN,1440,2017-02-24,00:00:00,2017-02-24T00:00:00+00:00,845.390000,846.000000,837.810000,845.100000,15754,8.190000,-0.631416,850.222000,843.714900,831.729450,842.928455,0.654541,77.841713,1,train
AMZN,1440,2017-02-27,00:00:00,2017-02-27T00:00:00+00:00,845.210000,852.500000,839.640000,847.470000,14567,12.860000,0.280440,850.706000,845.746000,832.331500,843.754191,0.623231,83.020973,0,train
AMZN,1440,2017-02-28,00:00:00,2017-02-28T00:00:00+00:00,850.000000,853.880000,842.010000,843.300000,16060,11.870000,-0.492053,848.268000,846.464000,833.019050,843.671611,0.585642,75.708301,1,train
AMZN,1440,2017-03-01,00:00:00,2017-03-01T00:00:00+00:00,851.180000,854.710000,848.970000,852.500000,14924,5.740000,1.090952,847.768000,848.113000,834.431600,845.276772,0.663542,76.361966,0,train
AMZN,1440,2017-03-02,00:00:00,2017-03-02T00:00:00+00:00,853.220000,854.650000,847.230000,848.690000,13309,7.420000,-0.446921,847.412000,848.757000,835.141150,845.897359,0.661157,71.855439,1,train
AMZN,1440,2017-03-03,00:00:00,2017-03-03T00:00:00+00:00,847.980000,851.590000,845.500000,849.360000,12657,6.090000,0.078945,848.264000,849.243000,837.359200,846.526930,0.657851,68.763205,0,train
AMZN,1440,2017-03-06,00:00:00,2017-03-06T00:00:00+00:00,845.000000,848.070000,841.090000,845.870000,13740,6.980000,-0.410898,847.944000,849.325000,839.149250,846.407488,0.674400,59.079903,1,train
AMZN,1440,2017-03-07,00:00:00,2017-03-07T00:00:00+00:00,845.340000,848.350000,843.470000,845.900000,14681,4.880000,0.003547,848.464000,848.366000,841.112800,846.315218,0.521134,59.224025,1,train
AMZN,1440,2017-03-08,00:00:00,2017-03-08T00:00:00+00:00,846.270000,852.930000,846.270000,850.050000,13360,6.660000,0.490602,847.974000,847.871000,843.002850,846.994269,0.555152,57.569876,1,train
AMZN,1440,2017-03-09,00:00:00,2017-03-09T00:00:00+00:00,849.220000,856.120000,849.200000,853.000000,11729,6.920000,0.347038,848.836000,848.124000,844.663900,848.086220,0.541187,58.138644,0,train
AMZN,1440,2017-03-10,00:00:00,2017-03-10T00:00:00+00:00,855.800000,857.010000,851.720000,852.140000,13950,5.290000,-0.100821,849.392000,848.828000,846.271450,848.823271,0.492877,56.748525,1,train
AMZN,1440,2017-03-13,00:00:00,2017-03-13T00:00:00+00:00,851.810000,855.560000,850.990000,854.260000,12565,4.570000,0.248785,851.070000,849.507000,847.626500,849.811767,0.491576,48.608912,0,train
AMZN,1440,2017-03-14,00:00:00,2017-03-14T00:00:00+00:00,852.000000,853.500000,847.540000,851.740000,11815,5.960000,-0.294992,852.238000,850.351000,848.407500,850.162355,0.469509,46.474913,1,train
AMZN,1440,2017-03-15,00:00:00,2017-03-15T00:00:00+00:00,853.600000,854.220000,846.980000,852.030000,14286,7.240000,0.034048,852.634000,850.304000,849.208500,850.501927,0.315512,51.857143,1,train
AMZN,1440,2017-03-16,00:00:00,2017-03-16T00:00:00+00:00,855.390000,856.000000,850.480000,852.200000,12857,5.520000,0.019952,852.474000,850.655000,849.706000,850.810667,0.274777,59.646739,1,train
AMZN,1440,2017-03-17,00:00:00,2017-03-17T00:00:00+00:00,850.010000,853.760000,848.210000,852.380000,12467,5.550000,0.021122,852.522000,850.957000,850.100000,851.096001,0.274513,57.093326,1,train
AMZN,1440,2017-03-20,00:00:00,2017-03-20T00:00:00+00:00,851.500000,857.630000,850.970000,856.080000,11768,6.660000,0.434079,852.886000,851.978000,850.651500,852.002182,0.250741,68.717047,0,train
AMZN,1440,2017-03-21,00:00:00,2017-03-21T00:00:00+00:00,858.900000,862.540000,841.210000,841.550000,24444,21.330000,-1.697271,850.848000,851.543000,849.954500,850.101786,0.629516,36.128705,1,train
AMZN,1440,2017-03-22,00:00:00,2017-03-22T00:00:00+00:00,840.200000,849.270000,838.990000,847.490000,16093,10.280000,0.705840,849.940000,851.287000,849.579000,849.626915,0.653275,48.557692,0,train
AMZN,1440,2017-03-23,00:00:00,2017-03-23T00:00:00+00:00,849.420000,850.830000,844.770000,846.670000,15435,6.060000,-0.096756,848.834000,850.654000,849.389000,849.089294,0.639887,46.778443,0,train
AMZN,1440,2017-03-24,00:00:00,2017-03-24T00:00:00+00:00,850.000000,851.710000,843.470000,845.640000,15378,8.240000,-0.121653,847.486000,850.004000,849.416000,848.462150,0.640023,49.707305,1,train
AMZN,1440,2017-03-27,00:00:00,2017-03-27T00:00:00+00:00,838.960000,850.140000,833.390000,846.000000,17308,16.750000,0.042571,845.470000,849.178000,849.342500,848.014486,0.631711,50.126199,1,train
AMZN,1440,2017-03-28,00:00:00,2017-03-28T00:00:00+00:00,847.990000,858.360000,847.000000,857.770000,17195,11.360000,1.391253,848.714000,849.781000,850.066000,849.788216,0.780112,58.171041,1,train
AMZN,1440,2017-03-29,00:00:00,2017-03-29T00:00:00+00:00,859.250000,876.420000,858.970000,874.800000,20237,17.450000,1.985381,854.176000,852.058000,851.181000,854.335813,0.986061,67.775603,1,train
AMZN,1440,2017-03-30,00:00:00,2017-03-30T00:00:00+00:00,874.560000,876.970000,871.630000,874.990000,18610,5.340000,0.021719,859.840000,854.337000,852.496000,858.091120,0.986011,68.837593,1,train
AMZN,1440,2017-03-31,00:00:00,2017-03-31T00:00:00+00:00,876.500000,890.170000,875.990000,886.540000,18045,14.180000,1.320015,868.020000,857.753000,854.355000,863.263644,1.034161,73.030822,1,train
AMZN,1440,2017-04-03,00:00:00,2017-04-03T00:00:00+00:00,888.000000,893.420000,885.500000,891.430000,20255,7.920000,0.551583,877.106000,861.288000,856.633000,868.384799,1.035277,77.391304,1,train
AMZN,1440,2017-04-04,00:00:00,2017-04-04T00:00:00+00:00,889.780000,908.460000,889.300000,906.730000,21780,19.160000,1.716343,886.898000,867.806000,859.674500,875.356654,0.798959,81.271438,1,train
AMZN,1440,2017-04-05,00:00:00,2017-04-05T00:00:00+00:00,910.500000,923.720000,905.820000,907.730000,26163,17.900000,0.110286,893.484000,873.830000,862.558500,881.242717,0.824539,81.447503,0,train
AMZN,1440,2017-04-06,00:00:00,2017-04-06T00:00:00+00:00,912.520000,916.990000,894.480000,899.750000,23406,22.510000,-0.879116,898.436000,879.138000,864.896000,884.607677,0.937133,74.648767,0,train
AMZN,1440,2017-04-07,00:00:00,2017-04-07T00:00:00+00:00,897.230000,901.000000,889.260000,894.870000,17157,11.740000,-0.542373,900.102000,884.061000,867.032500,886.473554,0.982182,69.939344,1,train
AMZN,1440,2017-04-10,00:00:00,2017-04-10T00:00:00+00:00,898.120000,908.420000,897.230000,907.180000,18883,11.190000,1.375619,903.252000,890.179000,869.678500,890.238363,0.992783,84.523935,0,train
AMZN,1440,2017-04-11,00:00:00,2017-04-11T00:00:00+00:00,907.370000,910.820000,897.270000,902.100000,18643,13.550000,-0.559977,902.326000,894.612000,872.196500,892.395024,1.033835,78.989277,0,train
AMZN,1440,2017-04-12,00:00:00,2017-04-12T00:00:00+00:00,901.360000,904.000000,895.250000,895.990000,17809,8.750000,-0.677309,899.978000,896.731000,874.394500,893.048656,0.951199,74.788902,0,train
AMZN,1440,2017-04-13,00:00:00,2017-04-13T00:00:00+00:00,893.990000,894.760000,883.850000,884.600000,19737,10.910000,-1.271220,896.948000,897.692000,876.014500,891.512537,1.065703,67.734887,1,train
AMZN,1440,2017-04-17,00:00:00,2017-04-17T00:00:00+00:00,888.000000,902.750000,886.970000,902.720000,15930,15.780000,2.048383,898.518000,899.310000,878.531500,893.550257,1.176400,72.225705,0,train
AMZN,1440,2017-04-18,00:00:00,2017-04-18T00:00:00+00:00,899.000000,909.370000,898.970000,901.990000,16543,10.400000,-0.080867,897.480000,900.366000,880.827000,895.084756,1.171626,68.968771,0,train
AMZN,1440,2017-04-19,00:00:00,2017-04-19T00:00:00+00:00,908.270000,910.230000,897.300000,899.200000,16466,12.930000,-0.309316,896.900000,899.613000,883.709500,895.832982,1.032589,61.923378,1,train
AMZN,1440,2017-04-20,00:00:00,2017-04-20T00:00:00+00:00,902.510000,905.210000,895.000000,901.530000,16526,10.210000,0.259119,898.008000,898.993000,886.411500,896.868804,1.036678,62.703427,0,train
AMZN,1440,2017-04-21,00:00:00,2017-04-21T00:00:00+00:00,903.490000,904.590000,896.730000,898.380000,17454,7.860000,-0.349406,900.764000,898.856000,888.997000,897.143567,1.003382,56.162815,1,train
AMZN,1440,2017-04-24,00:00:00,2017-04-24T00:00:00+00:00,909.500000,909.580000,903.830000,906.910000,16782,5.750000,0.949487,901.602000,900.060000,892.060500,898.919282,1.026201,57.763290,1,train
AMZN,1440,2017-04-25,00:00:00,2017-04-25T00:00:00+00:00,905.490000,909.350000,902.970000,906.990000,15744,6.380000,0.008821,902.602000,900.041000,895.110000,900.386685,0.929588,50.153883,1,train
AMZN,1440,2017-04-26,00:00:00,2017-04-26T00:00:00+00:00,908.600000,915.500000,907.520000,909.010000,16191,7.980000,0.222715,904.564000,900.732000,897.672000,901.954560,0.909774,50.748538,1,train
AMZN,1440,2017-04-27,00:00:00,2017-04-27T00:00:00+00:00,911.110000,964.430000,908.970000,951.510000,22052,55.460000,4.675416,914.560000,906.284000,901.507500,910.964640,1.670926,71.563073,0,train
AMZN,1440,2017-04-28,00:00:00,2017-04-28T00:00:00+00:00,948.770000,949.600000,924.350000,925.030000,25201,25.250000,-2.782945,919.890000,910.327000,904.009500,913.521979,1.911618,60.648214,1,train
AMZN,1440,2017-05-01,00:00:00,2017-05-01T00:00:00+00:00,928.490000,954.190000,927.770000,949.260000,21510,26.420000,2.619375,928.360000,914.981000,907.145500,920.019801,1.971778,63.703270,0,train
AMZN,1440,2017-05-02,00:00:00,2017-05-02T00:00:00+00:00,950.230000,951.000000,941.360000,944.020000,17447,9.640000,-0.552009,935.766000,919.184000,909.775000,924.383473,1.993275,63.636955,0,train
AMZN,1440,2017-05-03,00:00:00,2017-05-03T00:00:00+00:00,944.470000,945.930000,935.830000,938.790000,18811,10.100000,-0.554014,941.722000,923.143000,911.378000,927.002842,2.005426,64.003403,0,train
AMZN,1440,2017-05-04,00:00:00,2017-05-04T00:00:00+00:00,944.050000,945.000000,934.220000,936.270000,15727,10.780000,-0.268431,938.674000,926.617000,912.805000,928.687780,2.017895,67.947204,0,train
AMZN,1440,2017-05-05,00:00:00,2017-05-05T00:00:00+00:00,938.500000,940.870000,930.370000,934.030000,16515,10.500000,-0.239247,940.474000,930.182000,914.519000,929.659092,2.013665,62.223784,1,train
AMZN,1440,2017-05-08,00:00:00,2017-05-08T00:00:00+00:00,938.490000,949.500000,938.470000,947.790000,15895,11.030000,1.473186,940.180000,934.270000,917.165000,932.955621,2.036000,66.229624,1,train
AMZN,1440,2017-05-09,00:00:00,2017-05-09T00:00:00+00:00,952.670000,957.810000,950.160000,952.310000,17224,7.650000,0.476899,941.838000,938.802000,919.421500,936.474599,2.029839,68.592032,0,train
AMZN,1440,2017-05-10,00:00:00,2017-05-10T00:00:00+00:00,951.000000,953.500000,944.970000,947.730000,16457,8.530000,-0.480936,943.626000,942.674000,921.703000,938.521036,2.052858,65.922250,0,train
AMZN,1440,2017-05-11,00:00:00,2017-05-11T00:00:00+00:00,944.100000,950.170000,940.670000,946.620000,15167,9.500000,-0.117122,945.696000,942.185000,924.234500,939.993575,1.413093,66.862416,1,train
AMZN,1440,2017-05-12,00:00:00,2017-05-12T00:00:00+00:00,950.630000,962.760000,949.920000,961.340000,18660,12.840000,1.555006,951.158000,945.816000,928.071500,943.874743,1.112150,68.236950,0,train
AMZN,1440,2017-05-15,00:00:00,2017-05-15T00:00:00+00:00,962.390000,963.000000,956.020000,957.750000,17296,6.980000,-0.373437,953.150000,946.665000,930.823000,946.397517,0.806677,66.616472,1,train
AMZN,1440,2017-05-16,00:00:00,2017-05-16T00:00:00+00:00,959.970000,969.850000,959.970000,965.440000,18893,9.880000,0.802924,955.776000,948.807000,933.995500,949.859787,0.800254,67.811376,0,train
AMZN,1440,2017-05-17,00:00:00,2017-05-17T00:00:00+00:00,959.970000,960.230000,943.990000,945.050000,25150,16.240000,-2.111990,955.240000,949.433000,936.288000,948.985280,1.074105,47.630227,1,train
AMZN,1440,2017-05-18,00:00:00,2017-05-18T00:00:00+00:00,942.970000,962.480000,942.280000,958.500000,21644,20.200000,1.423205,957.616000,951.656000,939.136500,950.715229,1.145430,63.575890,1,train
AMZN,1440,2017-05-19,00:00:00,2017-05-19T00:00:00+00:00,963.300000,968.830000,959.710000,959.710000,19373,9.120000,0.126239,957.290000,954.224000,942.203000,952.350642,1.134185,55.211970,1,train
AMZN,1440,2017-05-22,00:00:00,2017-05-22T00:00:00+00:00,961.470000,972.550000,961.470000,971.050000,17433,11.080000,1.181607,959.950000,956.550000,945.410000,955.750525,1.103356,62.708039,1,train
AMZN,1440,2017-05-23,00:00:00,2017-05-23T00:00:00+00:00,974.650000,975.020000,966.640000,971.400000,14634,8.380000,0.036043,961.142000,958.459000,948.630500,958.595884,1.102011,66.068789,1,train
AMZN,1440,2017-05-24,00:00:00,2017-05-24T00:00:00+00:00,972.500000,980.880000,970.170000,980.650000,13069,10.710000,0.952234,968.262000,961.751000,952.212500,962.605723,1.096192,70.508318,1,train
AMZN,1440,2017-05-25,00:00:00,2017-05-25T00:00:00+00:00,983.380000,998.880000,982.130000,994.000000,21150,16.750000,1.361342,975.362000,966.489000,954.337000,968.313774,1.125870,75.132009,1,train
AMZN,1440,2017-05-26,00:00:00,2017-05-26T00:00:00+00:00,991.970000,998.570000,989.280000,995.420000,15957,9.290000,0.142857,982.504000,969.897000,957.856500,973.242179,1.065109,72.263251,1,train
AMZN,1440,2017-05-30,00:00:00,2017-05-30T00:00:00+00:00,997.090000,1001.000000,995.440000,996.150000,19494,5.560000,0.073336,987.524000,973.737000,960.201000,977.407237,1.040281,71.244427,0,train
AMZN,1440,2017-05-31,00:00:00,2017-05-31T00:00:00+00:00,999.110000,1000.490000,982.480000,994.700000,19032,18.010000,-0.145560,992.184000,976.663000,962.735000,980.551376,1.042576,73.473263,1,train
AMZN,1440,2017-06-01,00:00:00,2017-06-01T00:00:00+00:00,996.540000,998.710000,991.350000,996.100000,14458,7.360000,0.140746,995.274000,981.768000,965.600500,983.378398,0.620497,74.656169,1,train
AMZN,1440,2017-06-02,00:00:00,2017-06-02T00:00:00+00:00,998.650000,1008.220000,995.650000,1006.200000,20829,12.570000,1.013954,997.714000,986.538000,969.097000,987.527780,0.566093,73.432929,1,train
AMZN,1440,2017-06-05,00:00:00,2017-06-05T00:00:00+00:00,1005.590000,1013.110000,1003.480000,1010.990000,14394,9.630000,0.476048,1000.828000,991.666000,972.945000,991.793639,0.551864,77.465951,0,train
AMZN,1440,2017-06-06,00:00:00,2017-06-06T00:00:00+00:00,1008.300000,1016.160000,1001.200000,1003.000000,16306,14.960000,-0.790314,1002.198000,994.861000,975.705500,993.831159,0.636326,69.317013,1,train
AMZN,1440,2017-06-07,00:00:00,2017-06-07T00:00:00+00:00,1006.100000,1010.340000,1001.970000,1008.500000,16282,8.370000,0.548355,1004.958000,998.571000,978.515000,996.498221,0.630982,88.533949,1,train
AMZN,1440,2017-06-08,00:00:00,2017-06-08T00:00:00+00:00,1011.280000,1014.020000,1006.260000,1009.950000,16351,7.760000,0.143778,1007.728000,1001.501000,981.626000,998.943999,0.600173,86.577563,0,train
AMZN,1440,2017-06-09,00:00:00,2017-06-09T00:00:00+00:00,1010.750000,1012.500000,927.890000,976.160000,27399,84.610000,-3.345710,1001.720000,999.717000,983.103000,994.801454,1.209114,57.992421,0,train
AMZN,1440,2017-06-12,00:00:00,2017-06-12T00:00:00+00:00,967.200000,975.790000,944.970000,963.500000,34144,30.820000,-1.296919,992.222000,996.525000,983.211000,989.110280,1.252116,46.378202,1,train
AMZN,1440,2017-06-13,00:00:00,2017-06-13T00:00:00+00:00,974.000000,984.320000,966.070000,981.590000,24439,18.250000,1.877530,987.940000,995.069000,984.403000,987.742957,1.431885,54.177257,0,train
AMZN,1440,2017-06-14,00:00:00,2017-06-14T00:00:00+00:00,980.990000,990.050000,966.760000,976.950000,26443,23.290000,-0.472702,981.630000,993.294000,984.978500,985.780601,1.435814,48.423654,0,train
AMZN,1440,2017-06-15,00:00:00,2017-06-15T00:00:00+00:00,962.240000,966.200000,950.770000,963.100000,22897,15.430000,-1.417677,972.260000,989.994000,985.881000,981.656855,1.482104,36.891227,1,train
AMZN,1440,2017-06-16,00:00:00,2017-06-16T00:00:00+00:00,966.600000,999.620000,945.970000,987.460000,34403,53.650000,2.529332,974.520000,988.120000,987.329000,982.711972,1.696356,47.173295,1,train
AMZN,1440,2017-06-19,00:00:00,2017-06-19T00:00:00+00:00,996.300000,1012.630000,989.870000,994.000000,21193,22.760000,0.662305,980.620000,986.421000,989.043500,984.764341,1.705295,49.266762,0,train
AMZN,1440,2017-06-20,00:00:00,2017-06-20T00:00:00+00:00,996.080000,1004.740000,991.970000,992.980000,20129,12.770000,-0.102616,982.898000,985.419000,990.140000,986.258097,1.690686,49.411684,1,train
AMZN,1440,2017-06-21,00:00:00,2017-06-21T00:00:00+00:00,995.000000,1003.500000,992.630000,1002.300000,15204,10.870000,0.938589,987.968000,984.799000,991.685000,989.174807,1.711368,52.011681,0,train
AMZN,1440,2017-06-22,00:00:00,2017-06-22T00:00:00+00:00,1000.840000,1006.760000,997.060000,1001.470000,14653,9.700000,-0.082810,995.642000,983.951000,992.726000,991.410297,1.710041,48.367051,1,train
AMZN,1440,2017-06-23,00:00:00,2017-06-23T00:00:00+00:00,1002.250000,1004.280000,997.990000,1003.430000,13230,6.290000,0.195712,998.836000,986.678000,993.197500,993.595697,1.265432,47.338028,0,train
AMZN,1440,2017-06-26,00:00:00,2017-06-26T00:00:00+00:00,1009.000000,1010.470000,991.970000,993.500000,16220,18.500000,-0.989606,998.736000,989.678000,993.101500,993.578298,1.225913,46.700014,0,train
AMZN,1440,2017-06-27,00:00:00,2017-06-27T00:00:00+00:00,988.960000,998.510000,975.970000,976.860000,18880,22.540000,-1.674887,995.512000,989.205000,992.137000,990.538607,1.237087,39.798814,1,train
AMZN,1440,2017-06-28,00:00:00,2017-06-28T00:00:00+00:00,983.450000,991.000000,969.190000,991.000000,22542,21.810000,1.447495,993.252000,990.610000,991.952000,990.622497,1.309609,44.352387,0,train
AMZN,1440,2017-06-29,00:00:00,2017-06-29T00:00:00+00:00,984.800000,987.250000,965.200000,973.240000,25328,22.050000,-1.792129,987.606000,991.624000,990.809000,987.462043,1.363669,49.037828,0,train
AMZN,1440,2017-06-30,00:00:00,2017-06-30T00:00:00+00:00,975.200000,983.040000,967.600000,967.880000,17346,15.440000,-0.550738,980.496000,989.666000,988.893000,983.901671,1.074471,51.516200,0,train
AMZN,1440,2017-07-03,00:00:00,2017-07-03T00:00:00+00:00,970.000000,974.160000,950.970000,954.080000,13958,23.190000,-1.425797,972.612000,985.674000,986.047500,978.479549,1.092134,40.185516,1,train
AMZN,1440,2017-07-05,00:00:00,2017-07-05T00:00:00+00:00,957.500000,974.760000,955.070000,972.000000,20276,19.690000,1.878249,971.640000,983.576000,984.497500,977.301449,1.310597,48.386887,0,train
AMZN,1440,2017-07-06,00:00:00,2017-07-06T00:00:00+00:00,961.800000,974.000000,958.990000,963.980000,19712,15.010000,-0.825103,966.236000,979.744000,982.271500,974.879368,1.257094,50.298103,1,train
AMZN,1440,2017-07-07,00:00:00,2017-07-07T00:00:00+00:00,966.000000,979.860000,965.970000,978.340000,16140,13.890000,1.489657,967.256000,977.431000,980.691000,975.508574,1.389995,46.686047,1,train
AMZN,1440,2017-07-10,00:00:00,2017-07-10T00:00:00+00:00,985.030000,999.310000,983.020000,995.750000,18960,16.290000,1.779545,972.830000,976.663000,981.670500,979.188833,1.526733,50.589345,0,train
AMZN,1440,2017-07-11,00:00:00,2017-07-11T00:00:00+00:00,995.800000,995.800000,983.500000,994.390000,16174,12.300000,-0.136580,980.892000,976.752000,983.215000,981.952682,1.492870,50.473758,1,train
AMZN,1440,2017-07-12,00:00:00,2017-07-12T00:00:00+00:00,996.250000,1008.470000,996.240000,1005.130000,18535,12.230000,1.080059,987.518000,979.579000,984.392000,986.166739,1.396652,50.941889,0,train
AMZN,1440,2017-07-13,00:00:00,2017-07-13T00:00:00+00:00,1004.480000,1006.800000,995.770000,999.370000,16979,11.030000,-0.573060,994.596000,980.416000,985.513000,988.567332,1.356900,49.323279,1,train
AMZN,1440,2017-07-14,00:00:00,2017-07-14T00:00:00+00:00,997.470000,1004.430000,996.750000,1001.180000,14187,7.680000,0.181114,999.164000,983.210000,987.417000,990.860545,1.184980,49.274240,1,train
AMZN,1440,2017-07-17,00:00:00,2017-07-17T00:00:00+00:00,1005.010000,1014.580000,997.970000,1009.970000,17260,16.610000,0.877964,1002.008000,987.419000,988.542500,994.334991,1.158212,55.351920,1,train
AMZN,1440,2017-07-18,00:00:00,2017-07-18T00:00:00+00:00,1005.500000,1025.960000,1002.630000,1024.270000,18287,23.330000,1.415884,1007.984000,994.438000,990.056000,999.777720,0.987633,65.643767,1,train
AMZN,1440,2017-07-19,00:00:00,2017-07-19T00:00:00+00:00,1026.000000,1031.480000,1022.200000,1026.230000,17141,9.280000,0.191356,1012.204000,999.861000,991.718500,1004.587225,0.908065,62.640832,1,train
AMZN,1440,2017-07-20,00:00:00,2017-07-20T00:00:00+00:00,1029.980000,1034.690000,1022.520000,1027.500000,15779,12.170000,0.123754,1017.830000,1006.213000,992.978500,1008.753184,0.790613,72.082045,0,train
AMZN,1440,2017-07-21,00:00:00,2017-07-21T00:00:00+00:00,1019.970000,1025.960000,1010.970000,1025.110000,13959,14.990000,-0.232603,1022.616000,1010.890000,994.160500,1011.727151,0.773071,73.867712,1,train
AMZN,1440,2017-07-24,00:00:00,2017-07-24T00:00:00+00:00,1026.050000,1042.970000,1024.970000,1034.200000,17279,18.000000,0.886734,1027.462000,1014.735000,995.699000,1015.813123,0.646283,84.780344,1,train
AMZN,1440,2017-07-25,00:00:00,2017-07-25T00:00:00+00:00,1041.210000,1043.300000,1032.320000,1039.480000,14768,10.980000,0.510540,1030.504000,1019.244000,997.998000,1020.116192,0.620533,82.904232,1,train
AMZN,1440,2017-07-26,00:00:00,2017-07-26T00:00:00+00:00,1042.750000,1055.500000,1042.750000,1055.000000,16983,12.750000,1.493054,1036.258000,1024.231000,1001.905000,1026.458702,0.678449,91.357688,0,train
AMZN,1440,2017-07-27,00:00:00,2017-07-27T00:00:00+00:00,1070.980000,1082.650000,1001.040000,1015.100000,36051,81.610000,-3.781991,1033.778000,1025.804000,1003.110000,1024.393484,1.498759,63.556572,1,train
AMZN,1440,2017-07-28,00:00:00,2017-07-28T00:00:00+00:00,1009.000000,1032.550000,1000.880000,1019.980000,26876,31.670000,0.480741,1032.752000,1027.684000,1005.447000,1023.591032,1.502073,59.845591,0,train
AMZN,1440,2017-07-31,00:00:00,2017-07-31T00:00:00+00:00,1020.590000,1021.270000,986.970000,987.200000,24315,34.300000,-3.213789,1023.352000,1025.407000,1006.413000,1016.974481,1.819579,47.672687,1,train
AMZN,1440,2017-08-01,00:00:00,2017-08-01T00:00:00+00:00,990.280000,1005.980000,990.170000,999.000000,21127,15.810000,1.195300,1015.256000,1022.880000,1008.659000,1013.706393,1.798862,48.029319,0,train
AMZN,1440,2017-08-02,00:00:00,2017-08-02T00:00:00+00:00,1000.700000,1003.480000,981.780000,995.000000,19638,21.700000,-0.400400,1003.256000,1019.757000,1009.809000,1010.305231,1.793013,48.579047,0,train
AMZN,1440,2017-08-03,00:00:00,2017-08-03T00:00:00+00:00,997.980000,999.270000,984.600000,986.920000,17533,14.670000,-0.812060,997.620000,1015.699000,1010.956000,1006.053371,1.793216,45.544864,1,train
AMZN,1440,2017-08-04,00:00:00,2017-08-04T00:00:00+00:00,988.510000,991.480000,981.980000,987.180000,15055,9.500000,0.026345,991.060000,1011.906000,1011.398000,1002.621849,1.797565,42.479044,1,train
AMZN,1440,2017-08-07,00:00:00,2017-08-07T00:00:00+00:00,989.500000,994.920000,987.370000,991.950000,16788,7.550000,0.483195,992.010000,1007.681000,1011.208000,1000.681513,1.770758,38.618115,0,train
AMZN,1440,2017-08-08,00:00:00,2017-08-08T00:00:00+00:00,993.210000,996.190000,985.760000,987.260000,16493,10.430000,-0.472806,989.662000,1002.459000,1010.851500,998.241238,1.741520,36.535139,0,train
AMZN,1440,2017-08-09,00:00:00,2017-08-09T00:00:00+00:00,982.780000,987.930000,975.280000,981.200000,17240,12.650000,-0.613820,986.902000,995.079000,1009.655000,995.142831,1.594846,34.515050,0,train
AMZN,1440,2017-08-10,00:00:00,2017-08-10T00:00:00+00:00,977.990000,979.010000,954.670000,954.700000,26870,24.340000,-2.700775,980.458000,989.039000,1007.421500,987.789589,1.386561,29.721790,1,train
AMZN,1440,2017-08-11,00:00:00,2017-08-11T00:00:00+00:00,955.020000,969.680000,951.480000,967.980000,20027,18.200000,1.391013,976.618000,983.839000,1005.761500,984.187845,1.491507,31.377953,1,train
AMZN,1440,2017-08-14,00:00:00,2017-08-14T00:00:00+00:00,975.320000,985.280000,972.090000,982.900000,16416,13.190000,1.541354,974.808000,983.409000,1004.408000,983.953692,1.276920,34.907170,0,train
AMZN,1440,2017-08-15,00:00:00,2017-08-15T00:00:00+00:00,986.790000,991.590000,982.020000,982.520000,15362,9.570000,-0.038661,973.860000,981.761000,1002.320500,983.693020,1.202114,28.966918,0,train
AMZN,1440,2017-08-16,00:00:00,2017-08-16T00:00:00+00:00,980.000000,986.350000,973.240000,977.990000,19180,13.110000,-0.461059,973.218000,980.060000,999.908500,982.656108,1.203616,36.449281,0,train
AMZN,1440,2017-08-17,00:00:00,2017-08-17T00:00:00+00:00,974.500000,977.910000,956.970000,959.020000,22493,20.940000,-1.939693,974.082000,977.270000,996.484500,978.358634,1.318259,29.817243,0,train
AMZN,1440,2017-08-18,00:00:00,2017-08-18T00:00:00+00:00,962.590000,965.260000,954.600000,958.470000,19932,10.660000,-0.057350,972.180000,974.399000,993.152500,974.742518,1.316373,37.907231,0,train
AMZN,1440,2017-08-21,00:00:00,2017-08-21T00:00:00+00:00,959.190000,961.000000,945.420000,952.360000,19556,15.580000,-0.637474,966.072000,970.440000,989.060500,970.672970,1.290990,29.381079,1,train
AMZN,1440,2017-08-22,00:00:00,2017-08-22T00:00:00+00:00,957.500000,967.770000,955.020000,966.190000,17532,12.750000,1.452182,962.806000,968.333000,985.396000,969.857884,1.416196,38.281949,0,train
AMZN,1440,2017-08-23,00:00:00,2017-08-23T00:00:00+00:00,958.450000,961.710000,954.160000,958.890000,15784,7.550000,-0.755545,958.986000,966.102000,980.590500,967.863723,1.421425,38.526402,0,train
AMZN,1440,2017-08-24,00:00:00,2017-08-24T00:00:00+00:00,960.270000,961.600000,941.110000,953.990000,24287,20.490000,-0.511008,957.980000,966.031000,977.535000,965.341228,1.137132,36.911428,0,train
AMZN,1440,2017-08-25,00:00:00,2017-08-25T00:00:00+00:00,955.500000,957.440000,944.100000,945.030000,17525,13.340000,-0.939213,955.292000,963.736000,973.787500,961.648278,1.055896,32.088869,1,train
AMZN,1440,2017-08-28,00:00:00,2017-08-28T00:00:00+00:00,947.470000,952.830000,942.220000,946.010000,16394,10.610000,0.103700,954.022000,960.047000,971.728000,958.804954,0.868451,33.794296,1,train
AMZN,1440,2017-08-29,00:00:00,2017-08-29T00:00:00+00:00,938.490000,955.900000,936.220000,953.900000,17516,19.680000,0.834029,951.564000,957.185000,969.473000,957.913145,0.946707,39.426801,1,train
AMZN,1440,2017-08-30,00:00:00,2017-08-30T00:00:00+00:00,956.980000,969.230000,955.140000,967.150000,19188,14.090000,1.389034,953.216000,956.101000,968.080500,959.592573,1.081056,55.373328,1,train
AMZN,1440,2017-08-31,00:00:00,2017-08-31T00:00:00+00:00,973.010000,981.000000,972.250000,980.000000,19123,8.750000,1.328646,958.418000,958.199000,967.734500,963.303014,0.951407,55.207070,0,train
AMZN,1440,2017-09-01,00:00:00,2017-09-01T00:00:00+00:00,984.010000,984.500000,976.790000,978.250000,14970,7.710000,-0.178571,965.062000,960.177000,967.288000,966.020648,0.956104,47.726161,0,train
AMZN,1440,2017-09-05,00:00:00,2017-09-05T00:00:00+00:00,974.250000,976.570000,960.330000,965.240000,21813,16.240000,-1.329926,968.908000,961.465000,965.952500,965.878712,1.045119,42.479109,1,train
AMZN,1440,2017-09-06,00:00:00,2017-09-06T00:00:00+00:00,968.000000,971.560000,960.470000,968.000000,17047,11.090000,0.285939,971.728000,961.646000,964.989500,966.264401,0.942359,45.583945,1,train
AMZN,1440,2017-09-07,00:00:00,2017-09-07T00:00:00+00:00,971.000000,980.440000,970.970000,979.480000,17743,9.470000,1.185950,974.194000,963.705000,964.903500,968.667237,0.963955,59.685666,0,train
AMZN,1440,2017-09-08,00:00:00,2017-09-08T00:00:00+00:00,976.760000,979.400000,963.410000,965.630000,15946,15.990000,-1.414016,971.320000,964.869000,965.450000,968.115012,1.075552,53.010427,1,train
AMZN,1440,2017-09-11,00:00:00,2017-09-11T00:00:00+00:00,973.250000,981.510000,972.990000,976.980000,13944,8.520000,1.175398,971.066000,968.064000,965.900000,969.726828,1.050309,59.914626,1,train
AMZN,1440,2017-09-12,00:00:00,2017-09-12T00:00:00+00:00,981.810000,984.500000,975.530000,982.980000,15909,8.970000,0.614137,974.614000,971.761000,965.904000,972.136496,1.050059,57.216539,1,train
AMZN,1440,2017-09-13,00:00:00,2017-09-13T00:00:00+00:00,982.480000,1000.490000,979.170000,999.970000,18676,21.320000,1.728418,981.008000,976.368000,966.776500,977.197133,1.127411,66.299000,0,train
AMZN,1440,2017-09-14,00:00:00,2017-09-14T00:00:00+00:00,997.130000,998.190000,987.590000,991.050000,18607,10.600000,-0.892027,983.322000,978.758000,967.429500,979.715836,1.153182,64.249462,0,train
AMZN,1440,2017-09-15,00:00:00,2017-09-15T00:00:00+00:00,990.520000,996.170000,984.080000,986.560000,18309,12.090000,-0.453055,987.508000,979.414000,968.806500,980.960229,1.104699,66.536593,0,train
AMZN,1440,2017-09-18,00:00:00,2017-09-18T00:00:00+00:00,988.970000,992.600000,968.100000,974.500000,18432,24.500000,-1.222429,987.012000,979.039000,969.608000,979.785642,1.177922,60.424442,0,train
AMZN,1440,2017-09-19,00:00:00,2017-09-19T00:00:00+00:00,977.080000,978.000000,967.430000,968.120000,18849,10.570000,-0.654695,984.040000,979.327000,970.396000,977.664616,1.112817,55.261211,1,train
AMZN,1440,2017-09-20,00:00:00,2017-09-20T00:00:00+00:00,970.500000,974.650000,962.170000,973.000000,17918,12.480000,0.504070,978.646000,979.827000,970.736500,976.816504,1.120387,52.307328,0,train
AMZN,1440,2017-09-21,00:00:00,2017-09-21T00:00:00+00:00,970.970000,971.900000,962.000000,964.300000,18021,9.900000,-0.894142,973.296000,978.309000,971.007000,974.540776,1.079897,43.598108,0,train
AMZN,1440,2017-09-22,00:00:00,2017-09-22T00:00:00+00:00,963.000000,965.260000,954.370000,954.470000,16831,10.890000,-1.019392,966.878000,977.193000,971.031000,970.891544,1.034880,40.902831,0,train
AMZN,1440,2017-09-25,00:00:00,2017-09-25T00:00:00+00:00,950.400000,950.400000,932.860000,940.550000,25148,17.540000,-1.458401,960.088000,973.550000,970.807000,965.374900,1.005750,40.620014,0,train
AMZN,1440,2017-09-26,00:00:00,2017-09-26T00:00:00+00:00,943.730000,948.420000,931.690000,939.000000,20682,16.730000,-0.164797,954.264000,969.152000,970.456500,960.579463,0.949228,38.880368,1,train
AMZN,1440,2017-09-27,00:00:00,2017-09-27T00:00:00+00:00,946.000000,955.200000,943.270000,951.290000,17037,11.930000,1.308839,949.922000,964.284000,970.326000,958.890470,0.845741,39.257679,1,train
AMZN,1440,2017-09-28,00:00:00,2017-09-28T00:00:00+00:00,948.980000,958.520000,948.980000,956.450000,15166,9.540000,0.542421,948.352000,960.824000,969.791000,958.446748,0.891267,46.253673,1,train
AMZN,1440,2017-09-29,00:00:00,2017-09-29T00:00:00+00:00,958.670000,964.680000,957.980000,960.420000,15437,6.700000,0.415077,949.542000,958.210000,968.812000,958.805521,0.921989,42.808755,0,train
AMZN,1440,2017-10-02,00:00:00,2017-10-02T00:00:00+00:00,964.480000,967.130000,952.100000,958.030000,14417,15.030000,-0.248849,953.038000,956.563000,967.801000,958.664517,0.858817,38.814669,0,train
AMZN,1440,2017-10-03,00:00:00,2017-10-03T00:00:00+00:00,959.100000,963.450000,950.260000,957.040000,15888,13.190000,-0.103337,956.646000,955.455000,967.391000,958.369151,0.841552,27.530619,1,train
AMZN,1440,2017-10-04,00:00:00,2017-10-04T00:00:00+00:00,953.000000,967.560000,952.870000,964.820000,15477,14.690000,0.812923,959.352000,954.637000,967.232000,959.542032,0.871793,36.105520,1,train
AMZN,1440,2017-10-05,00:00:00,2017-10-05T00:00:00+00:00,969.620000,981.390000,969.020000,980.010000,15890,12.370000,1.574387,964.064000,956.208000,967.258500,963.263481,0.960890,46.883624,1,train
AMZN,1440,2017-10-06,00:00:00,2017-10-06T00:00:00+00:00,978.030000,995.550000,975.930000,989.350000,17502,19.620000,0.953051,969.850000,959.696000,968.444500,968.006484,0.890410,57.253101,1,train
AMZN,1440,2017-10-09,00:00:00,2017-10-09T00:00:00+00:00,992.020000,998.300000,987.470000,990.040000,15388,10.830000,0.069743,976.252000,964.645000,969.097500,972.012578,0.638578,61.336367,0,train
AMZN,1440,2017-10-10,00:00:00,2017-10-10T00:00:00+00:00,993.980000,997.750000,980.050000,986.600000,19680,17.700000,-0.347461,982.164000,969.405000,969.278500,974.664837,0.662383,57.139857,1,train
AMZN,1440,2017-10-11,00:00:00,2017-10-11T00:00:00+00:00,988.400000,995.420000,986.570000,994.680000,13838,8.850000,0.818974,988.136000,973.744000,969.014000,978.303957,0.611920,66.053688,1,train
AMZN,1440,2017-10-12,00:00:00,2017-10-12T00:00:00+00:00,993.870000,1008.400000,992.220000,1000.040000,18526,16.180000,0.538867,992.142000,978.103000,969.463500,982.255965,0.611861,75.274542,1,train
AMZN,1440,2017-10-13,00:00:00,2017-10-13T00:00:00+00:00,1005.000000,1008.240000,1001.060000,1002.840000,13460,7.180000,0.279989,994.840000,982.345000,970.277500,985.998517,0.614164,89.409085,1,train
AMZN,1440,2017-10-16,00:00:00,2017-10-16T00:00:00+00:00,1005.970000,1009.490000,1001.010000,1005.220000,13031,8.480000,0.237326,997.876000,987.064000,971.813500,989.493332,0.571813,91.460055,1,train
AMZN,1440,2017-10-17,00:00:00,2017-10-17T00:00:00+00:00,1004.620000,1011.360000,1001.980000,1008.000000,13273,9.380000,0.276556,1002.156000,992.160000,973.807500,992.858181,0.540245,90.305615,0,train
AMZN,1440,2017-10-18,00:00:00,2017-10-18T00:00:00+00:00,1008.440000,1011.410000,995.030000,997.600000,15025,16.380000,-1.031746,1002.740000,995.438000,975.037500,993.720330,0.716001,77.219209,0,train
AMZN,1440,2017-10-19,00:00:00,2017-10-19T00:00:00+00:00,988.720000,991.250000,980.190000,986.290000,18261,11.060000,-1.133721,999.990000,996.066000,976.137000,992.369361,0.708069,65.597492,0,train
AMZN,1440,2017-10-20,00:00:00,2017-10-20T00:00:00+00:00,993.000000,994.490000,981.990000,982.880000,16349,12.500000,-0.345740,995.998000,995.419000,977.557500,990.644022,0.643484,64.800476,0,train
AMZN,1440,2017-10-23,00:00:00,2017-10-23T00:00:00+00:00,985.770000,986.830000,962.500000,965.880000,19135,24.330000,-1.729611,988.130000,993.003000,978.824000,986.141473,0.827329,54.421769,1,train
AMZN,1440,2017-10-24,00:00:00,2017-10-24T00:00:00+00:00,970.100000,979.690000,964.970000,975.370000,17662,14.720000,0.982524,981.604000,991.880000,980.642500,984.183023,0.911416,55.188354,0,train
AMZN,1440,2017-10-25,00:00:00,2017-10-25T00:00:00+00:00,977.290000,984.130000,966.130000,974.000000,21784,18.000000,-0.140460,976.884000,989.812000,981.778000,982.331564,0.851191,46.579397,1,train
AMZN,1440,2017-10-26,00:00:00,2017-10-26T00:00:00+00:00,978.000000,1054.770000,968.520000,1048.300000,26172,86.250000,7.628337,989.286000,994.638000,986.370500,994.325825,2.631544,69.288659,1,train
AMZN,1440,2017-10-27,00:00:00,2017-10-27T00:00:00+00:00,1051.740000,1105.540000,1050.470000,1100.960000,44390,55.070000,5.023371,1012.902000,1004.450000,993.397500,1013.713857,2.990085,77.082723,1,train
AMZN,1440,2017-10-30,00:00:00,2017-10-30T00:00:00+00:00,1098.560000,1122.510000,1093.530000,1110.020000,29565,28.980000,0.822918,1041.730000,1014.930000,1000.997000,1031.224065,2.979712,79.329848,0,train
AMZN,1440,2017-10-31,00:00:00,2017-10-31T00:00:00+00:00,1113.210000,1113.220000,1101.090000,1106.010000,18334,12.130000,-0.361255,1067.858000,1024.731000,1008.445500,1044.821508,3.004480,76.978626,0,train
AMZN,1440,2017-11-01,00:00:00,2017-11-01T00:00:00+00:00,1108.580000,1109.670000,1096.760000,1099.470000,27363,12.910000,-0.591315,1092.952000,1034.918000,1015.178000,1054.757597,2.974935,73.957882,0,train
AMZN,1440,2017-11-02,00:00:00,2017-11-02T00:00:00+00:00,1099.200000,1101.650000,1086.860000,1094.220000,23360,14.790000,-0.477503,1102.136000,1045.711000,1020.888500,1061.932580,2.929144,71.761288,1,train
AMZN,1440,2017-11-03,00:00:00,2017-11-03T00:00:00+00:00,1094.030000,1112.560000,1088.470000,1111.540000,21803,24.090000,1.582863,1104.252000,1058.577000,1026.998000,1070.952111,2.887960,73.637172,1,train
AMZN,1440,2017-11-06,00:00:00,2017-11-06T00:00:00+00:00,1108.960000,1125.310000,1106.970000,1119.740000,20616,18.340000,0.737715,1106.196000,1073.963000,1033.483000,1079.822636,2.702263,74.257555,1,train
AMZN,1440,2017-11-07,00:00:00,2017-11-07T00:00:00+00:00,1122.460000,1130.450000,1117.520000,1123.390000,22791,12.930000,0.325969,1109.672000,1088.765000,1040.322500,1087.743975,2.724675,78.132129,1,train
AMZN,1440,2017-11-08,00:00:00,2017-11-08T00:00:00+00:00,1122.000000,1135.410000,1119.040000,1131.990000,18326,16.370000,0.765540,1116.176000,1104.564000,1047.188000,1095.788707,2.680430,82.984696,0,train
AMZN,1440,2017-11-09,00:00:00,2017-11-09T00:00:00+00:00,1125.800000,1129.490000,1115.740000,1125.600000,26574,13.750000,-0.564493,1122.452000,1112.294000,1053.466000,1101.208942,1.680078,81.879914,0,train
AMZN,1440,2017-11-10,00:00:00,2017-11-10T00:00:00+00:00,1126.490000,1130.810000,1124.030000,1124.780000,17959,6.780000,-0.072850,1125.100000,1114.676000,1059.563000,1105.494589,0.743973,88.259655,1,train
AMZN,1440,2017-11-13,00:00:00,2017-11-13T00:00:00+00:00,1121.380000,1139.500000,1119.990000,1127.990000,17526,19.510000,0.285389,1126.750000,1116.473000,1065.701500,1109.584664,0.714131,87.893535,1,train
AMZN,1440,2017-11-14,00:00:00,2017-11-14T00:00:00+00:00,1134.000000,1137.880000,1123.870000,1135.750000,21802,14.010000,0.687949,1129.222000,1119.447000,1072.089000,1114.341997,0.705572,88.925254,0,train
AMZN,1440,2017-11-15,00:00:00,2017-11-15T00:00:00+00:00,1130.970000,1131.000000,1121.490000,1126.300000,21780,9.510000,-0.832049,1128.084000,1122.130000,1078.524000,1116.516180,0.741345,77.287993,1,train
AMZN,1440,2017-11-16,00:00:00,2017-11-16T00:00:00+00:00,1130.970000,1138.060000,1129.010000,1136.890000,14769,9.050000,0.940247,1130.342000,1126.397000,1086.054000,1120.220511,0.723414,67.813585,0,train
AMZN,1440,2017-11-17,00:00:00,2017-11-17T00:00:00+00:00,1138.500000,1138.680000,1125.740000,1129.200000,16667,12.940000,-0.676407,1131.226000,1128.163000,1093.370000,1121.853145,0.657779,59.640129,0,train
AMZN,1440,2017-11-20,00:00:00,2017-11-20T00:00:00+00:00,1132.000000,1133.300000,1122.480000,1126.010000,17468,10.820000,-0.282501,1130.830000,1128.790000,1101.376500,1122.608937,0.636956,60.135820,1,train
AMZN,1440,2017-11-21,00:00:00,2017-11-21T00:00:00+00:00,1131.690000,1139.850000,1128.180000,1138.580000,16585,11.670000,1.116331,1131.396000,1130.309000,1109.537000,1125.512767,0.717845,68.678957,1,train
AMZN,1440,2017-11-22,00:00:00,2017-11-22T00:00:00+00:00,1142.860000,1160.220000,1140.970000,1156.190000,20426,19.250000,1.546663,1137.374000,1132.729000,1118.646500,1131.090445,0.827932,76.471593,1,train
AMZN,1440,2017-11-24,00:00:00,2017-11-24T00:00:00+00:00,1164.100000,1186.700000,1161.970000,1186.410000,18037,24.730000,2.613757,1147.278000,1138.810000,1125.552000,1141.148546,1.070131,78.807234,1,train
AMZN,1440,2017-11-27,00:00:00,2017-11-27T00:00:00+00:00,1196.000000,1213.220000,1191.110000,1196.100000,32305,22.110000,0.816750,1160.658000,1145.942000,1130.309000,1151.139720,1.051008,79.047474,0,train
AMZN,1440,2017-11-28,00:00:00,2017-11-28T00:00:00+00:00,1204.170000,1206.250000,1188.500000,1192.330000,28301,17.750000,-0.315191,1173.922000,1152.376000,1134.424500,1158.628862,1.088835,76.200973,0,train
AMZN,1440,2017-11-29,00:00:00,2017-11-29T00:00:00+00:00,1193.230000,1198.850000,1145.160000,1161.030000,44319,53.690000,-2.625112,1178.412000,1154.904000,1137.175500,1159.065432,1.479913,59.412680,1,train
AMZN,1440,2017-11-30,00:00:00,2017-11-30T00:00:00+00:00,1170.380000,1178.340000,1160.030000,1175.500000,30878,18.310000,1.246307,1182.274000,1159.824000,1140.977000,1162.053535,1.459955,65.368979,0,train
AMZN,1440,2017-12-01,00:00:00,2017-12-01T00:00:00+00:00,1176.490000,1178.900000,1151.830000,1161.500000,29364,27.070000,-1.190983,1177.292000,1162.285000,1144.341000,1161.952893,1.532272,60.460346,0,train
AMZN,1440,2017-12-04,00:00:00,2017-12-04T00:00:00+00:00,1169.400000,1174.970000,1127.970000,1132.970000,35250,47.000000,-2.456307,1164.666000,1162.662000,1145.412500,1156.683276,1.738155,51.239793,1,train
AMZN,1440,2017-12-05,00:00:00,2017-12-05T00:00:00+00:00,1133.680000,1158.740000,1124.640000,1140.970000,32583,34.100000,0.706109,1154.394000,1164.158000,1146.474000,1153.826317,1.745432,51.297991,1,train
AMZN,1440,2017-12-06,00:00:00,2017-12-06T00:00:00+00:00,1135.880000,1155.700000,1135.870000,1152.990000,30992,19.830000,1.053490,1152.786000,1165.599000,1147.954000,1153.674259,1.741659,56.552909,1,train
AMZN,1440,2017-12-07,00:00:00,2017-12-07T00:00:00+00:00,1160.330000,1163.010000,1150.970000,1160.000000,21793,12.040000,0.607984,1149.686000,1165.980000,1149.354500,1154.824394,1.681657,55.775479,1,train
AMZN,1440,2017-12-08,00:00:00,2017-12-08T00:00:00+00:00,1165.300000,1172.560000,1157.080000,1161.320000,20790,15.480000,0.113793,1149.650000,1163.471000,1151.140500,1156.005413,1.423469,58.291172,1,train
AMZN,1440,2017-12-11,00:00:00,2017-12-11T00:00:00+00:00,1163.000000,1169.660000,1156.970000,1168.000000,18661,12.690000,0.575208,1156.656000,1160.661000,1153.301500,1158.186247,1.406162,60.647092,0,train
AMZN,1440,2017-12-12,00:00:00,2017-12-12T00:00:00+00:00,1167.970000,1173.190000,1161.570000,1164.000000,19849,11.620000,-0.342466,1161.262000,1157.828000,1155.102000,1159.243293,1.406375,56.738416,0,train
AMZN,1440,2017-12-13,00:00:00,2017-12-13T00:00:00+00:00,1166.260000,1170.720000,1160.240000,1163.580000,22295,10.480000,-0.036082,1163.380000,1158.083000,1156.493500,1160.031785,1.127335,52.155399,1,train
AMZN,1440,2017-12-14,00:00:00,2017-12-14T00:00:00+00:00,1162.200000,1177.700000,1162.060000,1173.500000,24295,15.640000,0.852541,1166.080000,1157.883000,1158.853500,1162.480552,1.086166,45.728843,1,train
AMZN,1440,2017-12-15,00:00:00,2017-12-15T00:00:00+00:00,1175.600000,1182.520000,1169.170000,1178.150000,24039,13.350000,0.396251,1169.446000,1159.548000,1160.916500,1165.329542,1.007831,43.856527,1,train
AMZN,1440,2017-12-18,00:00:00,2017-12-18T00:00:00+00:00,1188.980000,1194.720000,1180.870000,1190.580000,22567,13.850000,1.055044,1173.962000,1165.309000,1163.985500,1169.920534,0.466134,49.434572,0,train
AMZN,1440,2017-12-19,00:00:00,2017-12-19T00:00:00+00:00,1191.990000,1192.840000,1179.140000,1186.430000,26764,13.700000,-0.348570,1178.448000,1169.855000,1167.006500,1172.922255,0.528946,59.952978,0,train
AMZN,1440,2017-12-20,00:00:00,2017-12-20T00:00:00+00:00,1190.470000,1191.950000,1170.000000,1174.400000,20559,21.950000,-1.013966,1180.612000,1171.996000,1168.797500,1173.190936,0.635327,49.560562,1,train
AMZN,1440,2017-12-21,00:00:00,2017-12-21T00:00:00+00:00,1175.990000,1179.100000,1167.630000,1174.780000,20035,11.470000,0.032357,1180.868000,1173.474000,1169.727000,1173.479857,0.618703,55.953021,0,train
AMZN,1440,2017-12-22,00:00:00,2017-12-22T00:00:00+00:00,1172.000000,1174.120000,1167.830000,1168.210000,15413,6.290000,-0.559254,1178.880000,1174.163000,1168.817000,1172.521701,0.655956,69.669569,1,train
AMZN,1440,2017-12-26,00:00:00,2017-12-26T00:00:00+00:00,1164.700000,1178.150000,1160.520000,1176.250000,18764,17.630000,0.688232,1176.014000,1174.988000,1167.824500,1173.199574,0.666685,69.683106,1,train
AMZN,1440,2017-12-27,00:00:00,2017-12-27T00:00:00+00:00,1178.030000,1187.000000,1175.470000,1182.260000,17483,11.530000,0.510946,1175.180000,1176.814000,1167.321000,1174.846924,0.662284,67.503887,1,train
AMZN,1440,2017-12-28,00:00:00,2017-12-28T00:00:00+00:00,1187.470000,1189.980000,1184.380000,1185.100000,15737,5.600000,0.240218,1177.320000,1178.966000,1168.524500,1176.711120,0.659055,65.798087,0,train
AMZN,1440,2017-12-29,00:00:00,2017-12-29T00:00:00+00:00,1181.640000,1183.800000,1168.970000,1169.470000,18961,14.830000,-1.318876,1176.258000,1178.563000,1168.223000,1175.394552,0.764152,54.346667,1,train
AMZN,1440,2018-01-02,00:00:00,2018-01-02T00:00:00+00:00,1172.810000,1189.750000,1170.500000,1186.000000,20816,19.250000,1.413461,1179.816000,1179.348000,1169.448000,1177.322816,0.885523,58.687259,1,train
AMZN,1440,2018-01-03,00:00:00,2018-01-03T00:00:00+00:00,1186.600000,1204.800000,1186.470000,1201.290000,20618,18.330000,1.289207,1184.824000,1180.419000,1172.864000,1181.680485,0.917003,66.228566,1,train
AMZN,1440,2018-01-04,00:00:00,2018-01-04T00:00:00+00:00,1207.030000,1215.740000,1204.660000,1209.490000,22521,11.080000,0.682600,1190.270000,1182.725000,1176.290000,1186.736761,0.919757,68.712807,1,train
AMZN,1440,2018-01-05,00:00:00,2018-01-05T00:00:00+00:00,1213.970000,1228.900000,1209.970000,1228.060000,22653,18.930000,1.535358,1198.862000,1188.091000,1180.043500,1194.250077,0.900063,70.773683,1,train
AMZN,1440,2018-01-08,00:00:00,2018-01-08T00:00:00+00:00,1230.610000,1252.010000,1229.990000,1245.500000,27437,22.020000,1.420126,1214.068000,1195.163000,1184.318500,1203.568245,0.934595,73.367566,1,train
AMZN,1440,2018-01-09,00:00:00,2018-01-09T00:00:00+00:00,1254.520000,1258.800000,1241.720000,1251.480000,28101,17.080000,0.480128,1227.164000,1203.490000,1188.826500,1212.279473,0.846170,72.119715,1,train
AMZN,1440,2018-01-10,00:00:00,2018-01-10T00:00:00+00:00,1244.460000,1254.650000,1237.120000,1253.730000,20801,17.530000,0.179787,1237.652000,1211.238000,1193.113000,1219.815933,0.861698,74.786388,1,train
AMZN,1440,2018-01-11,00:00:00,2018-01-11T00:00:00+00:00,1260.010000,1276.980000,1256.310000,1276.480000,23660,20.670000,1.814585,1251.050000,1220.660000,1198.737000,1230.118490,0.934949,84.844347,1,train
AMZN,1440,2018-01-12,00:00:00,2018-01-12T00:00:00+00:00,1282.000000,1305.500000,1271.970000,1304.840000,31234,33.530000,2.221735,1266.406000,1232.634000,1205.800000,1243.704219,1.015813,87.275020,1,train
AMZN,1440,2018-01-16,00:00:00,2018-01-16T00:00:00+00:00,1319.100000,1339.400000,1292.280000,1306.270000,46563,47.120000,0.109592,1278.560000,1246.314000,1212.438500,1255.079816,0.713287,90.768958,0,train
AMZN,1440,2018-01-17,00:00:00,2018-01-17T00:00:00+00:00,1310.550000,1315.800000,1280.720000,1294.900000,34526,35.080000,-0.870417,1287.244000,1257.204000,1218.276000,1262.319849,0.937410,84.361425,0,train
AMZN,1440,2018-01-18,00:00:00,2018-01-18T00:00:00+00:00,1294.000000,1304.410000,1283.990000,1291.000000,27533,20.420000,-0.301182,1294.698000,1266.175000,1223.297000,1267.534422,0.994618,81.881084,1,train
AMZN,1440,2018-01-19,00:00:00,2018-01-19T00:00:00+00:00,1297.000000,1318.280000,1292.960000,1294.010000,26279,25.320000,0.233153,1298.204000,1274.627000,1228.676000,1272.348164,1.006938,81.899127,1,train
AMZN,1440,2018-01-22,00:00:00,2018-01-22T00:00:00+00:00,1295.000000,1337.000000,1294.320000,1335.000000,27205,42.680000,3.167673,1304.236000,1285.321000,1236.706000,1283.739407,1.260876,92.211965,1,train
AMZN,1440,2018-01-23,00:00:00,2018-01-23T00:00:00+00:00,1334.790000,1365.850000,1333.820000,1360.370000,34834,32.030000,1.900375,1315.056000,1296.808000,1245.985500,1297.672242,1.293907,92.547948,0,train
AMZN,1440,2018-01-24,00:00:00,2018-01-24T00:00:00+00:00,1374.220000,1386.820000,1337.970000,1357.190000,45737,48.850000,-0.233760,1327.514000,1307.379000,1255.434500,1308.493652,1.338187,90.430498,1,train
AMZN,1440,2018-01-25,00:00:00,2018-01-25T00:00:00+00:00,1370.410000,1378.270000,1357.580000,1376.240000,33096,20.690000,1.403635,1344.562000,1319.630000,1265.434000,1320.811170,1.328843,90.940339,1,train
AMZN,1440,2018-01-26,00:00:00,2018-01-26T00:00:00+00:00,1389.050000,1402.500000,1380.990000,1401.180000,31212,21.510000,1.812184,1365.996000,1332.100000,1276.380000,1335.423685,1.328668,91.215122,1,train
AMZN,1440,2018-01-29,00:00:00,2018-01-29T00:00:00+00:00,1407.500000,1430.740000,1400.180000,1416.970000,41523,30.560000,1.126907,1382.390000,1343.313000,1287.973500,1350.250287,1.254763,91.145558,1,train
AMZN,1440,2018-01-30,00:00:00,2018-01-30T00:00:00+00:00,1412.990000,1439.080000,1391.970000,1437.100000,43974,47.110000,1.420637,1397.736000,1356.396000,1301.355000,1366.041144,1.238961,91.708610,1,train
AMZN,1440,2018-01-31,00:00:00,2018-01-31T00:00:00+00:00,1450.990000,1472.490000,1444.380000,1447.000000,37919,28.110000,0.688887,1415.698000,1371.606000,1314.405000,1380.760936,1.068576,91.984186,1,train
AMZN,1440,2018-02-01,00:00:00,2018-02-01T00:00:00+00:00,1456.110000,1481.910000,1380.280000,1469.970000,48389,101.630000,1.587422,1434.444000,1389.503000,1327.839000,1396.980766,0.949371,91.991840,0,train
AMZN,1440,2018-02-02,00:00:00,2018-02-02T00:00:00+00:00,1466.630000,1497.610000,1413.980000,1429.840000,50221,83.630000,-2.729988,1440.176000,1403.086000,1338.856500,1402.955172,1.577616,75.809382,0,train
AMZN,1440,2018-02-05,00:00:00,2018-02-05T00:00:00+00:00,1402.000000,1458.370000,1320.390000,1381.110000,52902,137.980000,-3.408074,1433.004000,1407.697000,1346.509000,1398.983323,1.914780,62.927520,1,train
AMZN,1440,2018-02-06,00:00:00,2018-02-06T00:00:00+00:00,1358.000000,1444.170000,1351.660000,1433.990000,53649,92.510000,3.828804,1432.382000,1415.059000,1355.933500,1405.348173,2.167889,71.012478,0,train
AMZN,1440,2018-02-07,00:00:00,2018-02-07T00:00:00+00:00,1442.990000,1460.000000,1407.970000,1409.500000,44662,52.030000,-1.707822,1424.882000,1420.290000,1363.834500,1406.103051,2.274567,66.853453,0,train
AMZN,1440,2018-02-08,00:00:00,2018-02-08T00:00:00+00:00,1434.480000,1436.300000,1348.010000,1348.350000,49924,88.290000,-4.338418,1400.558000,1417.501000,1368.565500,1395.602496,2.681977,56.631682,0,train
AMZN,1440,2018-02-09,00:00:00,2018-02-09T00:00:00+00:00,1369.200000,1383.000000,1265.860000,1338.470000,45936,117.140000,-0.732747,1382.284000,1411.230000,1371.665000,1385.214769,2.592020,50.458279,1,train
AMZN,1440,2018-02-12,00:00:00,2018-02-12T00:00:00+00:00,1363.510000,1393.380000,1343.970000,1388.220000,45634,49.410000,3.716931,1383.706000,1408.355000,1375.834000,1385.761175,2.878095,53.455592,1,train
AMZN,1440,2018-02-13,00:00:00,2018-02-13T00:00:00+00:00,1385.990000,1419.430000,1383.420000,1414.420000,38510,36.010000,1.887309,1379.792000,1406.087000,1381.241500,1390.971870,2.910310,56.717294,1,train
AMZN,1440,2018-02-14,00:00:00,2018-02-14T00:00:00+00:00,1421.910000,1451.960000,1399.970000,1449.000000,39787,51.990000,2.444818,1387.692000,1406.287000,1388.946500,1401.522439,3.015653,58.239717,1,train
AMZN,1440,2018-02-15,00:00:00,2018-02-15T00:00:00+00:00,1461.000000,1468.370000,1436.700000,1462.000000,36713,31.670000,0.897170,1410.422000,1405.490000,1397.496500,1412.518360,2.984414,57.079007,0,train
AMZN,1440,2018-02-16,00:00:00,2018-02-16T00:00:00+00:00,1460.000000,1465.580000,1446.630000,1448.580000,34131,18.950000,-0.917921,1432.444000,1407.364000,1405.225000,1419.075021,2.853329,53.699586,1,train
AMZN,1440,2018-02-20,00:00:00,2018-02-20T00:00:00+00:00,1443.000000,1488.500000,1442.970000,1468.970000,34449,45.530000,1.407585,1448.594000,1416.150000,1411.923500,1428.146836,2.575789,53.727747,1,train
AMZN,1440,2018-02-21,00:00:00,2018-02-21T00:00:00+00:00,1482.970000,1503.160000,1477.810000,1481.210000,38303,25.350000,0.833237,1461.952000,1420.872000,1417.965500,1437.794684,2.327017,53.979665,1,train
AMZN,1440,2018-02-22,00:00:00,2018-02-22T00:00:00+00:00,1491.210000,1502.250000,1475.620000,1487.510000,34347,26.630000,0.425328,1469.654000,1428.673000,1424.481500,1446.833832,2.212471,52.122767,1,train
AMZN,1440,2018-02-23,00:00:00,2018-02-23T00:00:00+00:00,1496.000000,1499.990000,1486.470000,1499.910000,28386,13.520000,0.833608,1477.236000,1443.829000,1430.665000,1456.484045,1.391903,59.090319,1,train
AMZN,1440,2018-02-26,00:00:00,2018-02-26T00:00:00+00:00,1512.470000,1524.400000,1506.980000,1523.530000,32283,17.420000,1.574761,1492.226000,1462.335000,1436.782500,1468.674218,1.241191,69.764085,0,train
AMZN,1440,2018-02-27,00:00:00,2018-02-27T00:00:00+00:00,1523.970000,1526.740000,1507.130000,1513.740000,23529,19.610000,-0.642587,1501.180000,1474.887000,1441.621000,1476.867997,1.053365,62.570537,0,train
AMZN,1440,2018-02-28,00:00:00,2018-02-28T00:00:00+00:00,1518.990000,1528.700000,1511.990000,1512.850000,22543,16.710000,-0.058795,1507.508000,1484.730000,1445.408500,1483.410179,1.024807,67.599877,0,train
AMZN,1440,2018-03-01,00:00:00,2018-03-01T00:00:00+00:00,1510.850000,1518.800000,1464.970000,1494.020000,30071,53.830000,-1.244671,1508.810000,1489.232000,1447.759500,1485.339237,0.981979,78.984440,1,train
AMZN,1440,2018-03-02,00:00:00,2018-03-02T00:00:00+00:00,1470.500000,1500.390000,1455.000000,1499.500000,29395,45.390000,0.366796,1508.728000,1492.982000,1449.236000,1487.913922,0.960884,82.611689,1,train
AMZN,1440,2018-03-05,00:00:00,2018-03-05T00:00:00+00:00,1502.620000,1524.750000,1481.000000,1522.080000,23301,43.750000,1.505835,1508.438000,1500.332000,1453.848000,1494.125936,0.936769,80.461496,1,train
AMZN,1440,2018-03-06,00:00:00,2018-03-06T00:00:00+00:00,1530.990000,1542.000000,1527.970000,1536.680000,23423,14.030000,0.959214,1513.026000,1507.103000,1461.626500,1501.863038,0.898454,79.372477,1,train
AMZN,1440,2018-03-07,00:00:00,2018-03-07T00:00:00+00:00,1528.780000,1545.230000,1522.190000,1544.130000,22565,23.040000,0.484811,1519.282000,1513.395000,1467.133500,1509.547941,0.888873,76.280457,1,train
AMZN,1440,2018-03-08,00:00:00,2018-03-08T00:00:00+00:00,1551.470000,1554.490000,1545.510000,1550.200000,19403,8.980000,0.393102,1530.518000,1519.664000,1474.168500,1516.939224,0.888912,75.336091,1,train
AMZN,1440,2018-03-09,00:00:00,2018-03-09T00:00:00+00:00,1554.500000,1578.490000,1553.050000,1578.260000,23849,25.440000,1.810089,1546.270000,1527.499000,1485.664000,1528.088456,0.987863,84.361420,1,train
AMZN,1440,2018-03-12,00:00:00,2018-03-12T00:00:00+00:00,1588.010000,1605.180000,1586.640000,1598.600000,20495,18.540000,1.288761,1561.574000,1535.006000,1498.670500,1540.908737,0.957439,84.357275,0,train
AMZN,1440,2018-03-13,00:00:00,2018-03-13T00:00:00+00:00,1606.980000,1616.740000,1577.990000,1587.500000,34536,38.750000,-0.694358,1571.738000,1542.382000,1508.634500,1549.379876,0.964336,78.342488,1,train
AMZN,1440,2018-03-14,00:00:00,2018-03-14T00:00:00+00:00,1597.000000,1606.200000,1590.510000,1592.090000,23030,15.690000,0.289134,1581.330000,1550.306000,1517.518000,1557.145353,0.948846,78.143165,0,train
AMZN,1440,2018-03-15,00:00:00,2018-03-15T00:00:00+00:00,1592.970000,1597.000000,1578.070000,1583.720000,19877,18.930000,-0.525724,1588.034000,1559.276000,1524.254000,1561.977107,0.818976,73.053859,0,train
AMZN,1440,2018-03-16,00:00:00,2018-03-16T00:00:00+00:00,1585.000000,1589.140000,1567.580000,1568.640000,19558,21.560000,-0.952189,1586.110000,1566.190000,1529.586000,1563.188542,0.953657,63.020262,0,train
AMZN,1440,2018-03-19,00:00:00,2018-03-19T00:00:00+00:00,1555.100000,1561.360000,1525.330000,1547.500000,28837,36.030000,-1.347664,1575.890000,1568.732000,1534.532000,1560.336080,1.028548,59.145086,1,train
AMZN,1440,2018-03-20,00:00:00,2018-03-20T00:00:00+00:00,1552.500000,1588.980000,1542.300000,1588.000000,23391,46.680000,2.617124,1575.990000,1573.864000,1540.483500,1565.365883,1.274109,66.760337,0,train
AMZN,1440,2018-03-21,00:00:00,2018-03-21T00:00:00+00:00,1585.500000,1589.640000,1563.160000,1578.500000,23203,26.480000,-0.598237,1573.272000,1577.301000,1545.348000,1567.753905,1.305723,69.659313,0,test
AMZN,1440,2018-03-22,00:00:00,2018-03-22T00:00:00+00:00,1571.680000,1573.200000,1540.470000,1541.500000,28176,32.730000,-2.343997,1564.828000,1576.431000,1548.047500,1562.980467,1.534165,58.523419,0,test
AMZN,1440,2018-03-23,00:00:00,2018-03-23T00:00:00+00:00,1543.150000,1548.990000,1495.350000,1495.800000,31397,53.640000,-2.964645,1550.260000,1568.185000,1547.842000,1550.765837,1.632292,45.124304,1,test
AMZN,1440,2018-03-26,00:00:00,2018-03-26T00:00:00+00:00,1528.000000,1556.890000,1498.970000,1554.970000,27259,57.920000,3.955743,1551.754000,1563.822000,1549.414000,1551.530230,2.109390,52.911771,0,test
AMZN,1440,2018-03-27,00:00:00,2018-03-27T00:00:00+00:00,1568.100000,1575.640000,1481.990000,1498.340000,30939,93.650000,-3.641871,1533.822000,1554.906000,1548.644000,1541.859279,2.367513,43.697178,0,test
AMZN,1440,2018-03-28,00:00:00,2018-03-28T00:00:00+00:00,1485.000000,1487.010000,1386.310000,1432.000000,42825,100.700000,-4.427567,1504.522000,1538.897000,1544.601500,1521.884865,2.636097,36.045523,1,test
AMZN,1440,2018-03-29,00:00:00,2018-03-29T00:00:00+00:00,1425.980000,1454.790000,1365.240000,1443.970000,39555,89.550000,0.835894,1485.016000,1524.922000,1542.099000,1507.718526,2.699046,33.519868,0,test
AMZN,1440,2018-04-02,00:00:00,2018-04-02T00:00:00+00:00,1424.000000,1425.250000,1354.980000,1371.500000,36264,70.270000,-5.018802,1460.156000,1505.208000,1535.699000,1482.951521,2.999621,25.291583,1,test
AMZN,1440,2018-04-03,00:00:00,2018-04-03T00:00:00+00:00,1386.980000,1413.440000,1355.060000,1393.360000,34992,58.380000,1.593875,1427.834000,1489.794000,1529.263000,1466.662154,3.134888,29.360861,1,test
AMZN,1440,2018-04-04,00:00:00,2018-04-04T00:00:00+00:00,1357.970000,1415.230000,1352.850000,1412.000000,30122,62.380000,1.337773,1410.566000,1472.194000,1523.029000,1456.723580,2.993837,31.409873,1,test
AMZN,1440,2018-04-05,00:00:00,2018-04-05T00:00:00+00:00,1433.000000,1459.510000,1426.980000,1447.520000,30121,32.530000,2.515581,1413.670000,1459.096000,1518.198500,1455.050202,3.209152,36.686738,0,test
AMZN,1440,2018-04-06,00:00:00,2018-04-06T00:00:00+00:00,1433.000000,1451.970000,1400.190000,1406.570000,27763,51.780000,-2.828976,1406.190000,1445.603000,1511.017000,1446.235620,3.238345,34.920635,0,test
AMZN,1440,2018-04-09,00:00:00,2018-04-09T00:00:00+00:00,1422.500000,1437.820000,1400.980000,1405.020000,21767,36.840000,-0.110197,1412.894000,1436.525000,1502.355000,1438.741871,3.157431,36.241792,1,test
AMZN,1440,2018-04-10,00:00:00,2018-04-10T00:00:00+00:00,1430.370000,1438.160000,1415.520000,1435.080000,23608,22.640000,2.139471,1421.238000,1424.536000,1494.179000,1438.076076,2.910157,34.929833,0,test
AMZN,1440,2018-04-11,00:00:00,2018-04-11T00:00:00+00:00,1427.000000,1448.050000,1424.740000,1425.260000,19423,23.310000,-0.684282,1423.890000,1417.228000,1486.067000,1435.745880,2.729465,34.907816,1,test
AMZN,1440,2018-04-12,00:00:00,2018-04-12T00:00:00+00:00,1439.650000,1451.880000,1435.080000,1448.530000,18258,16.800000,1.632685,1424.092000,1418.881000,1478.889000,1438.070266,2.405368,40.589128,0,test
AMZN,1440,2018-04-13,00:00:00,2018-04-13T00:00:00+00:00,1450.010000,1459.380000,1424.490000,1430.600000,19819,34.890000,-1.237807,1428.898000,1417.544000,1471.233000,1436.712036,2.428113,43.006993,1,test
AMZN,1440,2018-04-16,00:00:00,2018-04-16T00:00:00+00:00,1442.300000,1449.810000,1427.240000,1446.050000,18535,22.570000,1.079966,1437.104000,1424.999000,1465.103500,1438.409847,1.703784,37.108839,1,test
AMZN,1440,2018-04-17,00:00:00,2018-04-17T00:00:00+00:00,1458.150000,1506.880000,1455.470000,1504.860000,23728,51.410000,4.066941,1451.060000,1436.149000,1462.971500,1450.491693,2.022763,50.767709,1,test
AMZN,1440,2018-04-18,00:00:00,2018-04-18T00:00:00+00:00,1516.440000,1533.530000,1504.080000,1530.090000,27160,29.450000,1.676568,1472.026000,1447.958000,1460.076000,1464.964113,2.035732,62.787787,1,test
AMZN,1440,2018-04-19,00:00:00,2018-04-19T00:00:00+00:00,1557.490000,1568.260000,1539.050000,1557.990000,27383,29.210000,1.823422,1493.918000,1459.005000,1459.050500,1481.877910,1.982947,64.271767,0,test
AMZN,1440,2018-04-20,00:00:00,2018-04-20T00:00:00+00:00,1558.000000,1561.570000,1516.280000,1527.190000,30893,45.290000,-1.976906,1513.236000,1471.067000,1458.335000,1490.116472,1.823708,71.757176,0,test
AMZN,1440,2018-04-23,00:00:00,2018-04-23T00:00:00+00:00,1543.000000,1547.800000,1503.530000,1518.980000,23717,44.270000,-0.537589,1527.822000,1482.463000,1459.494000,1495.364386,1.853245,68.251293,0,test
AMZN,1440,2018-04-24,00:00:00,2018-04-24T00:00:00+00:00,1532.330000,1537.400000,1448.220000,1460.000000,31927,89.180000,-3.882869,1518.850000,1484.955000,1454.745500,1488.934498,2.294868,56.242197,1,test
AMZN,1440,2018-04-25,00:00:00,2018-04-25T00:00:00+00:00,1458.980000,1474.500000,1414.990000,1474.500000,28742,59.510000,0.993151,1507.732000,1489.879000,1453.553500,1486.310044,2.284657,53.711550,1,test
AMZN,1440,2018-04-26,00:00:00,2018-04-26T00:00:00+00:00,1489.250000,1640.800000,1478.470000,1609.980000,37732,162.330000,9.188199,1518.130000,1506.024000,1462.452500,1508.795490,3.613692,72.206817,0,test
AMZN,1440,2018-04-27,00:00:00,2018-04-27T00:00:00+00:00,1639.050000,1664.080000,1567.310000,1571.350000,35434,96.770000,-2.399409,1526.962000,1520.099000,1468.821500,1520.169038,3.715125,66.798635,0,test
AMZN,1440,2018-04-30,00:00:00,2018-04-30T00:00:00+00:00,1585.350000,1595.830000,1560.940000,1568.000000,29186,34.890000,-0.213192,1536.766000,1532.294000,1478.646500,1528.865576,3.734609,64.189939,1,test
AMZN,1440,2018-05-01,00:00:00,2018-05-01T00:00:00+00:00,1569.970000,1590.460000,1552.150000,1584.990000,23446,38.310000,1.083546,1561.764000,1540.307000,1488.228000,1539.070017,3.566569,66.794945,0,test
AMZN,1440,2018-05-02,00:00:00,2018-05-02T00:00:00+00:00,1582.490000,1588.180000,1566.500000,1567.520000,25094,21.680000,-1.102215,1580.368000,1544.050000,1496.004000,1544.242741,3.579477,62.665787,1,test
AMZN,1440,2018-05-03,00:00:00,2018-05-03T00:00:00+00:00,1562.980000,1574.410000,1545.980000,1572.650000,27745,28.430000,0.327269,1572.902000,1545.516000,1502.260500,1549.407697,3.539661,65.543956,1,test
AMZN,1440,2018-05-04,00:00:00,2018-05-04T00:00:00+00:00,1567.050000,1584.750000,1561.980000,1580.760000,24503,22.770000,0.515690,1574.784000,1550.873000,1510.970000,1555.108116,3.460274,64.981428,1,test
AMZN,1440,2018-05-07,00:00:00,2018-05-07T00:00:00+00:00,1588.000000,1605.580000,1586.970000,1599.010000,21320,18.610000,1.154508,1580.986000,1558.876000,1520.669500,1563.090277,3.450840,61.508936,0,test
AMZN,1440,2018-05-08,00:00:00,2018-05-08T00:00:00+00:00,1595.970000,1598.120000,1582.420000,1592.470000,19238,15.700000,-0.409003,1582.482000,1572.123000,1528.539000,1568.432045,3.111320,57.990470,1,test
AMZN,1440,2018-05-09,00:00:00,2018-05-09T00:00:00+00:00,1602.170000,1607.990000,1591.970000,1607.330000,21399,16.020000,0.933142,1590.444000,1585.406000,1537.642500,1575.504400,3.111208,56.538563,0,test
AMZN,1440,2018-05-10,00:00:00,2018-05-10T00:00:00+00:00,1607.900000,1614.610000,1603.360000,1607.110000,19386,11.250000,-0.013687,1597.336000,1585.119000,1545.571500,1581.250873,1.102230,61.525150,0,test
AMZN,1440,2018-05-11,00:00:00,2018-05-11T00:00:00+00:00,1609.730000,1611.000000,1597.690000,1602.770000,16679,13.310000,-0.270050,1601.738000,1588.261000,1554.180000,1585.163441,0.734021,62.219630,0,test
AMZN,1440,2018-05-14,00:00:00,2018-05-14T00:00:00+00:00,1605.090000,1610.700000,1600.020000,1600.500000,16641,10.680000,-0.141630,1602.036000,1591.511000,1561.902500,1587.951907,0.729875,74.550919,0,test
AMZN,1440,2018-05-15,00:00:00,2018-05-15T00:00:00+00:00,1595.970000,1595.970000,1565.200000,1577.470000,25693,30.770000,-1.438925,1599.036000,1590.759000,1565.533000,1586.046105,0.823457,67.472087,1,test
AMZN,1440,2018-05-16,00:00:00,2018-05-16T00:00:00+00:00,1577.000000,1594.150000,1572.000000,1586.020000,20051,22.150000,0.542007,1594.774000,1592.609000,1568.329500,1586.041359,0.749636,42.857995,0,test
AMZN,1440,2018-05-17,00:00:00,2018-05-17T00:00:00+00:00,1583.770000,1593.960000,1572.970000,1580.630000,18150,20.990000,-0.339844,1589.478000,1593.407000,1569.461500,1585.057476,0.758762,53.449814,0,test
AMZN,1440,2018-05-18,00:00:00,2018-05-18T00:00:00+00:00,1582.190000,1583.550000,1571.990000,1574.200000,20952,11.560000,-0.406800,1583.764000,1592.751000,1571.812000,1583.083389,0.752339,52.253234,1,test
AMZN,1440,2018-05-21,00:00:00,2018-05-21T00:00:00+00:00,1587.240000,1591.820000,1575.090000,1584.000000,22772,16.730000,0.622538,1580.464000,1591.250000,1575.063000,1583.250046,0.673215,49.620370,0,test
AMZN,1440,2018-05-22,00:00:00,2018-05-22T00:00:00+00:00,1589.000000,1589.800000,1575.070000,1580.750000,16098,14.730000,-0.205177,1581.120000,1590.078000,1581.100500,1582.795492,0.665601,55.694241,1,test
AMZN,1440,2018-05-23,00:00:00,2018-05-23T00:00:00+00:00,1570.090000,1601.990000,1566.300000,1600.500000,22064,35.690000,1.249407,1584.016000,1589.395000,1587.400500,1586.014493,0.723643,60.646838,1,test
AMZN,1440,2018-05-24,00:00:00,2018-05-24T00:00:00+00:00,1598.100000,1608.110000,1588.290000,1602.730000,20622,19.820000,0.139331,1588.436000,1588.957000,1587.038000,1589.053676,0.725880,58.794332,1,test
AMZN,1440,2018-05-25,00:00:00,2018-05-25T00:00:00+00:00,1601.890000,1613.880000,1599.910000,1609.390000,23619,13.970000,0.415541,1595.474000,1589.619000,1588.940000,1592.751190,0.732501,54.579951,1,test
AMZN,1440,2018-05-29,00:00:00,2018-05-29T00:00:00+00:00,1605.100000,1621.470000,1600.010000,1613.020000,23005,21.460000,0.225551,1601.278000,1590.871000,1591.191000,1596.436428,0.731384,59.306222,1,test
AMZN,1440,2018-05-30,00:00:00,2018-05-30T00:00:00+00:00,1620.500000,1625.980000,1610.830000,1623.580000,18526,15.150000,0.654673,1609.844000,1595.482000,1593.120500,1601.371623,0.516138,57.657148,1,test
AMZN,1440,2018-05-31,00:00:00,2018-05-31T00:00:00+00:00,1624.190000,1634.960000,1621.270000,1630.700000,23154,13.690000,0.438537,1615.884000,1599.950000,1596.279500,1606.704055,0.511535,60.437129,1,test
AMZN,1440,2018-06-01,00:00:00,2018-06-01T00:00:00+00:00,1635.300000,1646.500000,1634.970000,1641.700000,26113,11.530000,0.674557,1623.678000,1606.057000,1599.732000,1613.066954,0.474324,66.265564,1,test
AMZN,1440,2018-06-04,00:00:00,2018-06-04T00:00:00+00:00,1647.470000,1665.950000,1645.470000,1665.560000,26462,20.480000,1.453372,1634.912000,1615.193000,1603.972000,1622.611144,0.495408,73.028458,1,test
AMZN,1440,2018-06-05,00:00:00,2018-06-05T00:00:00+00:00,1672.490000,1698.860000,1670.170000,1694.130000,30406,28.690000,1.715339,1651.134000,1626.206000,1608.728000,1635.614573,0.615124,89.734332,1,test
AMZN,1440,2018-06-06,00:00:00,2018-06-06T00:00:00+00:00,1705.280000,1714.180000,1686.050000,1695.490000,28496,28.130000,0.080277,1665.516000,1637.680000,1613.879000,1646.501014,0.574998,89.205644,0,test
AMZN,1440,2018-06-07,00:00:00,2018-06-07T00:00:00+00:00,1697.090000,1699.790000,1675.970000,1688.280000,24352,23.820000,-0.425246,1677.032000,1646.458000,1617.926500,1654.097193,0.639017,88.057696,0,test
AMZN,1440,2018-06-08,00:00:00,2018-06-08T00:00:00+00:00,1679.500000,1689.290000,1673.010000,1682.310000,21798,16.280000,-0.353614,1685.154000,1654.416000,1621.686500,1659.226794,0.690091,88.345038,1,test
AMZN,1440,2018-06-11,00:00:00,2018-06-11T00:00:00+00:00,1679.570000,1694.200000,1677.970000,1689.250000,16344,16.230000,0.412528,1689.892000,1662.402000,1626.010500,1664.685559,0.690127,88.103685,1,test
AMZN,1440,2018-06-12,00:00:00,2018-06-12T00:00:00+00:00,1692.090000,1699.410000,1690.970000,1698.000000,16844,8.440000,0.517981,1690.666000,1670.900000,1630.885500,1670.742730,0.683957,90.822366,1,test
AMZN,1440,2018-06-13,00:00:00,2018-06-13T00:00:00+00:00,1703.520000,1713.740000,1700.030000,1703.490000,19773,13.710000,0.323322,1692.266000,1678.891000,1637.186500,1676.696779,0.684564,89.810591,1,test
AMZN,1440,2018-06-14,00:00:00,2018-06-14T00:00:00+00:00,1710.000000,1724.950000,1708.490000,1723.970000,20164,16.460000,1.202238,1699.404000,1688.218000,1644.084000,1685.291910,0.720615,91.070461,0,test
AMZN,1440,2018-06-15,00:00:00,2018-06-15T00:00:00+00:00,1719.040000,1720.210000,1708.180000,1715.930000,20121,12.030000,-0.466365,1706.128000,1695.641000,1650.849000,1690.862472,0.787675,85.756477,1,test
AMZN,1440,2018-06-18,00:00:00,2018-06-18T00:00:00+00:00,1703.860000,1726.395000,1702.930000,1723.170000,16043,23.465000,0.421929,1712.912000,1701.402000,1658.297500,1696.736568,0.704213,86.093453,1,test
AMZN,1440,2018-06-19,00:00:00,2018-06-19T00:00:00+00:00,1705.500000,1736.000000,1700.280000,1734.000000,23970,35.720000,0.628493,1720.112000,1705.389000,1665.797500,1703.511737,0.531555,86.118016,1,test
AMZN,1440,2018-06-20,00:00:00,2018-06-20T00:00:00+00:00,1743.470000,1762.930000,1740.970000,1749.560000,25418,21.960000,0.897347,1729.326000,1710.796000,1674.238000,1711.884149,0.566897,86.844389,0,test
AMZN,1440,2018-06-21,00:00:00,2018-06-21T00:00:00+00:00,1755.470000,1762.460000,1717.420000,1728.250000,24924,45.040000,-1.218021,1730.182000,1714.793000,1680.625500,1714.859758,0.717484,75.217062,0,test
AMZN,1440,2018-06-22,00:00:00,2018-06-22T00:00:00+00:00,1738.880000,1744.000000,1711.990000,1715.060000,21602,32.010000,-0.763200,1730.008000,1718.068000,1686.242000,1714.896166,0.765035,65.378402,0,test
AMZN,1440,2018-06-25,00:00:00,2018-06-25T00:00:00+00:00,1704.500000,1705.730000,1646.170000,1661.980000,32083,59.560000,-3.094935,1717.770000,1715.341000,1688.871500,1705.275045,1.283139,41.331895,1,test
AMZN,1440,2018-06-26,00:00:00,2018-06-26T00:00:00+00:00,1672.500000,1701.450000,1663.270000,1690.000000,24398,38.180000,1.685941,1708.970000,1714.541000,1692.720500,1702.497764,1.399129,48.705860,0,test
AMZN,1440,2018-06-27,00:00:00,2018-06-27T00:00:00+00:00,1696.990000,1711.930000,1657.970000,1660.990000,28286,53.960000,-1.716568,1691.256000,1710.291000,1694.591000,1694.950898,1.486519,44.166560,1,test
AMZN,1440,2018-06-28,00:00:00,2018-06-28T00:00:00+00:00,1657.290000,1705.360000,1656.560000,1700.300000,28711,48.800000,2.366661,1685.666000,1707.924000,1698.071000,1695.923462,1.648975,53.365762,0,test
AMZN,1440,2018-06-29,00:00:00,2018-06-29T00:00:00+00:00,1715.000000,1723.220000,1694.200000,1698.760000,27609,29.020000,-0.090572,1682.406000,1706.207000,1700.924000,1696.439196,1.644630,51.815925,1,test
AMZN,1440,2018-07-02,00:00:00,2018-07-02T00:00:00+00:00,1685.220000,1713.710000,1677.010000,1713.030000,20184,36.700000,0.840024,1692.616000,1705.193000,1703.297500,1699.455706,1.664239,52.810712,0,test
AMZN,1440,2018-07-03,00:00:00,2018-07-03T00:00:00+00:00,1722.990000,1724.880000,1692.350000,1693.600000,16077,32.530000,-1.134248,1693.336000,1701.153000,1703.271000,1698.391032,1.678099,48.242153,1,test
AMZN,1440,2018-07-05,00:00:00,2018-07-05T00:00:00+00:00,1707.870000,1710.210000,1682.120000,1699.230000,24331,28.090000,0.332428,1700.984000,1696.120000,1703.458000,1698.543572,1.645392,45.357652,1,test
AMZN,1440,2018-07-06,00:00:00,2018-07-06T00:00:00+00:00,1696.280000,1715.220000,1691.060000,1710.350000,26085,24.160000,0.654414,1702.994000,1694.330000,1704.561500,1700.690195,1.633186,48.964903,1,test
AMZN,1440,2018-07-09,00:00:00,2018-07-09T00:00:00+00:00,1720.280000,1739.240000,1716.180000,1738.980000,24414,23.060000,1.673926,1711.038000,1696.722000,1707.395000,1707.651978,1.702277,52.717148,0,test
AMZN,1440,2018-07-10,00:00:00,2018-07-10T00:00:00+00:00,1738.300000,1749.780000,1731.010000,1738.000000,25125,18.770000,-0.056355,1716.032000,1704.324000,1709.832500,1713.169800,1.276237,50.711541,1,test
AMZN,1440,2018-07-11,00:00:00,2018-07-11T00:00:00+00:00,1734.680000,1756.730000,1730.970000,1753.000000,27784,25.760000,0.863061,1727.912000,1710.624000,1712.582500,1720.411655,1.213056,50.613147,1,test
AMZN,1440,2018-07-12,00:00:00,2018-07-12T00:00:00+00:00,1762.900000,1797.780000,1762.240000,1796.770000,35128,35.540000,2.496863,1747.420000,1724.202000,1717.246500,1734.294990,1.135801,61.307677,1,test
AMZN,1440,2018-07-13,00:00:00,2018-07-13T00:00:00+00:00,1804.480000,1815.190000,1795.470000,1812.560000,28116,19.720000,0.878799,1767.862000,1735.428000,1721.676000,1748.524992,0.995814,65.953269,0,test
AMZN,1440,2018-07-16,00:00:00,2018-07-16T00:00:00+00:00,1817.970000,1841.660000,1789.970000,1795.980000,32378,51.690000,-0.914728,1779.262000,1745.150000,1725.678500,1757.153175,1.092903,74.899658,1,test
AMZN,1440,2018-07-17,00:00:00,2018-07-17T00:00:00+00:00,1810.470000,1851.240000,1797.530000,1846.600000,28489,53.710000,2.818517,1800.982000,1758.507000,1731.850000,1773.416234,1.306711,76.844487,0,test
AMZN,1440,2018-07-18,00:00:00,2018-07-18T00:00:00+00:00,1844.150000,1858.530000,1831.240000,1840.520000,23055,27.290000,-0.329254,1818.486000,1773.199000,1737.176000,1785.616919,1.197168,83.400930,0,test
AMZN,1440,2018-07-19,00:00:00,2018-07-19T00:00:00+00:00,1829.980000,1840.440000,1811.240000,1814.970000,28280,29.200000,-1.388195,1822.126000,1784.773000,1740.446500,1790.953843,1.387090,72.485195,0,test
AMZN,1440,2018-07-20,00:00:00,2018-07-20T00:00:00+00:00,1821.580000,1834.590000,1810.120000,1813.670000,24427,24.470000,-0.071627,1822.348000,1795.105000,1744.717500,1795.084053,1.406840,72.553484,0,test
AMZN,1440,2018-07-23,00:00:00,2018-07-23T00:00:00+00:00,1817.000000,1818.500000,1769.800000,1812.000000,23565,48.700000,-0.092078,1825.552000,1802.407000,1749.564500,1798.159680,1.366924,70.435680,1,test
AMZN,1440,2018-07-24,00:00:00,2018-07-24T00:00:00+00:00,1826.980000,1839.670000,1809.080000,1829.000000,27278,30.590000,0.938190,1822.032000,1811.507000,1757.915500,1803.767011,1.364552,78.241281,1,test
AMZN,1440,2018-07-25,00:00:00,2018-07-25T00:00:00+00:00,1827.000000,1864.410000,1822.980000,1848.140000,23008,41.430000,1.046473,1823.556000,1821.021000,1765.822500,1811.834827,1.370894,79.402125,1,test
AMZN,1440,2018-07-26,00:00:00,2018-07-26T00:00:00+00:00,1838.680000,1891.480000,1704.980000,1870.560000,44825,186.500000,1.213112,1834.674000,1828.400000,1776.301000,1822.512131,1.218777,80.282010,0,test
AMZN,1440,2018-07-27,00:00:00,2018-07-27T00:00:00+00:00,1887.250000,1889.840000,1806.390000,1817.380000,38689,83.450000,-2.842999,1835.416000,1828.882000,1782.155000,1821.579016,1.575691,63.560260,0,test
AMZN,1440,2018-07-30,00:00:00,2018-07-30T00:00:00+00:00,1826.440000,1829.030000,1766.010000,1781.300000,31038,63.020000,-1.985276,1829.276000,1827.414000,1786.282000,1814.255559,1.680476,56.678389,1,test
AMZN,1440,2018-07-31,00:00:00,2018-07-31T00:00:00+00:00,1790.080000,1801.030000,1739.300000,1787.380000,28608,61.730000,0.341324,1820.952000,1821.492000,1789.999500,1809.369094,1.359388,55.452642,1,test
AMZN,1440,2018-08-01,00:00:00,2018-08-01T00:00:00+00:00,1784.330000,1798.310000,1776.020000,1796.140000,29565,22.290000,0.490103,1810.552000,1817.054000,1795.126500,1806.963804,1.383056,49.887600,1,test
AMZN,1440,2018-08-02,00:00:00,2018-08-02T00:00:00+00:00,1786.580000,1836.330000,1785.970000,1833.980000,28987,50.360000,2.106740,1803.236000,1818.955000,1801.864000,1811.875840,1.496244,53.542838,0,test
AMZN,1440,2018-08-03,00:00:00,2018-08-03T00:00:00+00:00,1839.060000,1841.350000,1821.540000,1822.940000,22989,19.810000,-0.601969,1804.348000,1819.882000,1807.493500,1813.887505,1.512876,54.542391,1,test
AMZN,1440,2018-08-06,00:00:00,2018-08-06T00:00:00+00:00,1825.250000,1847.900000,1818.770000,1847.110000,24051,29.130000,1.325880,1817.510000,1823.393000,1812.900000,1819.927959,1.562532,50.094336,1,test
AMZN,1440,2018-08-07,00:00:00,2018-08-07T00:00:00+00:00,1852.990000,1869.700000,1846.070000,1861.480000,25889,23.630000,0.777972,1832.330000,1826.641000,1819.074000,1827.482875,1.554961,53.761665,1,test
AMZN,1440,2018-08-08,00:00:00,2018-08-08T00:00:00+00:00,1860.000000,1891.200000,1854.170000,1882.980000,26574,37.030000,1.154995,1849.698000,1830.125000,1825.573000,1837.573262,1.561987,62.385722,1,test
AMZN,1440,2018-08-09,00:00:00,2018-08-09T00:00:00+00:00,1883.390000,1914.440000,1877.140000,1896.000000,27652,37.300000,0.691457,1862.102000,1832.669000,1830.534500,1848.196305,1.532756,64.379781,0,test
AMZN,1440,2018-08-10,00:00:00,2018-08-10T00:00:00+00:00,1891.230000,1898.710000,1878.280000,1885.990000,23118,20.430000,-0.527954,1874.712000,1839.530000,1834.206000,1855.067886,1.160893,62.557279,1,test
AMZN,1440,2018-08-13,00:00:00,2018-08-13T00:00:00+00:00,1893.470000,1924.760000,1892.070000,1896.990000,25919,32.690000,0.583248,1884.688000,1851.099000,1839.256500,1862.690088,0.811708,61.778871,1,test
AMZN,1440,2018-08-14,00:00:00,2018-08-14T00:00:00+00:00,1916.100000,1921.000000,1899.990000,1919.650000,29591,21.010000,1.194524,1896.322000,1864.326000,1842.909000,1873.046436,0.822277,62.239414,0,test
AMZN,1440,2018-08-15,00:00:00,2018-08-15T00:00:00+00:00,1912.000000,1915.540000,1869.780000,1883.330000,31822,45.760000,-1.892012,1896.392000,1873.045000,1845.049500,1874.916175,1.168340,52.086397,1,test
AMZN,1440,2018-08-16,00:00:00,2018-08-16T00:00:00+00:00,1902.880000,1904.740000,1883.530000,1887.350000,22290,21.210000,0.213452,1894.662000,1878.382000,1848.668500,1877.176870,1.019606,63.619730,0,test
AMZN,1440,2018-08-17,00:00:00,2018-08-17T00:00:00+00:00,1881.110000,1887.360000,1855.440000,1881.130000,25357,31.920000,-0.329563,1893.690000,1884.201000,1852.041500,1877.895621,0.996445,71.988018,0,test
AMZN,1440,2018-08-20,00:00:00,2018-08-20T00:00:00+00:00,1889.140000,1891.000000,1866.050000,1875.730000,20337,24.950000,-0.287062,1889.438000,1887.063000,1855.228000,1877.501872,0.944582,69.517961,0,test
AMZN,1440,2018-08-21,00:00:00,2018-08-21T00:00:00+00:00,1881.010000,1897.560000,1870.000000,1870.490000,20167,27.560000,-0.279358,1879.606000,1887.964000,1857.302500,1876.226986,0.926465,66.684619,1,test
AMZN,1440,2018-08-22,00:00:00,2018-08-22T00:00:00+00:00,1877.750000,1905.800000,1874.970000,1903.500000,21502,30.830000,1.764778,1883.640000,1890.016000,1860.070500,1881.185716,1.022233,65.946417,0,test
AMZN,1440,2018-08-23,00:00:00,2018-08-23T00:00:00+00:00,1906.970000,1919.390000,1900.690000,1901.750000,22180,18.700000,-0.091936,1886.520000,1890.591000,1861.630000,1884.924677,1.002824,68.882074,1,test
AMZN,1440,2018-08-24,00:00:00,2018-08-24T00:00:00+00:00,1908.990000,1915.780000,1902.570000,1905.380000,19171,13.210000,0.190877,1891.370000,1892.530000,1866.030000,1888.643826,0.983581,65.484985,1,test
AMZN,1440,2018-08-27,00:00:00,2018-08-27T00:00:00+00:00,1913.170000,1929.400000,1909.100000,1928.830000,19944,20.300000,1.230726,1901.990000,1895.714000,1873.406500,1895.950403,1.038230,67.073975,1,test
AMZN,1440,2018-08-28,00:00:00,2018-08-28T00:00:00+00:00,1935.410000,1941.440000,1928.600000,1931.830000,20370,12.840000,0.155535,1914.258000,1896.932000,1880.629000,1902.473966,0.974503,63.665865,1,test
AMZN,1440,2018-08-29,00:00:00,2018-08-29T00:00:00+00:00,1953.430000,1998.890000,1948.440000,1998.500000,30297,50.450000,3.451132,1933.258000,1908.449000,1890.747000,1919.933245,1.215676,72.054394,1,test
AMZN,1440,2018-08-30,00:00:00,2018-08-30T00:00:00+00:00,1998.870000,2025.370000,1987.200000,2003.010000,36059,38.170000,0.225669,1953.510000,1920.015000,1899.198500,1935.038110,1.215248,75.788963,1,test
AMZN,1440,2018-08-31,00:00:00,2018-08-31T00:00:00+00:00,2008.000000,2021.980000,2004.500000,2013.560000,23206,17.480000,0.526707,1975.146000,1933.258000,1908.729500,1949.314817,1.171615,75.740847,1,test
AMZN,1440,2018-09-04,00:00:00,2018-09-04T00:00:00+00:00,2022.990000,2050.170000,2012.970000,2038.050000,30499,37.200000,1.216254,1996.990000,1949.490000,1918.276500,1965.448487,1.128141,75.935337,0,test
AMZN,1440,2018-09-05,00:00:00,2018-09-05T00:00:00+00:00,2035.980000,2040.610000,1989.760000,1997.000000,41171,50.850000,-2.014180,2010.024000,1962.141000,1925.052500,1971.185125,1.415918,74.393751,0,test
AMZN,1440,2018-09-06,00:00:00,2018-09-06T00:00:00+00:00,2010.010000,2010.100000,1935.170000,1954.500000,41308,74.930000,-2.128192,2001.224000,1967.241000,1928.628500,1968.151466,1.602936,62.367849,0,test
AMZN,1440,2018-09-07,00:00:00,2018-09-07T00:00:00+00:00,1944.970000,1975.030000,1934.970000,1952.200000,34415,40.060000,-0.117677,1991.062000,1972.286000,1931.438500,1965.251200,1.603613,63.281630,0,test
AMZN,1440,2018-09-10,00:00:00,2018-09-10T00:00:00+00:00,1968.000000,1972.520000,1931.570000,1939.390000,29301,40.950000,-0.656183,1976.228000,1975.687000,1934.108500,1960.549163,1.630618,61.576229,1,test
AMZN,1440,2018-09-11,00:00:00,2018-09-11T00:00:00+00:00,1931.980000,1988.530000,1916.520000,1986.490000,33126,72.010000,2.428599,1965.916000,1981.453000,1938.583500,1965.265679,1.754910,68.306925,1,test
AMZN,1440,2018-09-12,00:00:00,2018-09-12T00:00:00+00:00,1993.000000,1999.460000,1962.250000,1989.980000,28917,37.210000,0.175687,1964.512000,1987.268000,1942.100000,1969.759192,1.754726,65.050470,0,test
AMZN,1440,2018-09-13,00:00:00,2018-09-13T00:00:00+00:00,1991.000000,2008.570000,1981.870000,1989.000000,27617,26.700000,-0.049247,1971.412000,1986.318000,1947.383500,1973.257521,1.364394,65.225282,0,test
AMZN,1440,2018-09-14,00:00:00,2018-09-14T00:00:00+00:00,1994.970000,1995.480000,1959.080000,1968.190000,29120,36.400000,-1.046254,1974.610000,1982.836000,1951.425500,1972.336153,1.395876,60.340456,0,test
AMZN,1440,2018-09-17,00:00:00,2018-09-17T00:00:00+00:00,1956.970000,1957.800000,1887.320000,1908.070000,37559,70.480000,-3.054583,1968.346000,1972.287000,1952.772500,1960.651398,1.636884,46.950467,1,test
AMZN,1440,2018-09-18,00:00:00,2018-09-18T00:00:00+00:00,1921.100000,1957.840000,1915.970000,1939.500000,30908,41.870000,1.647214,1958.948000,1962.432000,1955.961000,1956.805689,1.692537,51.039831,0,test
AMZN,1440,2018-09-19,00:00:00,2018-09-19T00:00:00+00:00,1935.000000,1941.880000,1904.210000,1924.970000,35094,37.670000,-0.749162,1945.946000,1955.229000,1958.685000,1951.017382,1.610541,38.390122,1,test
AMZN,1440,2018-09-20,00:00:00,2018-09-20T00:00:00+00:00,1936.980000,1954.560000,1932.230000,1945.490000,29223,22.330000,1.065991,1937.244000,1954.328000,1960.784500,1950.012404,1.534752,41.355056,0,test
AMZN,1440,2018-09-21,00:00:00,2018-09-21T00:00:00+00:00,1950.000000,1958.000000,1910.610000,1915.190000,31266,47.390000,-1.557448,1926.644000,1950.627000,1961.456500,1943.681058,1.609047,36.044037,1,test
AMZN,1440,2018-09-24,00:00:00,2018-09-24T00:00:00+00:00,1901.250000,1936.430000,1864.990000,1934.080000,30060,71.440000,0.986325,1931.846000,1950.096000,1962.891500,1941.935411,1.638548,35.011389,1,test
AMZN,1440,2018-09-25,00:00:00,2018-09-25T00:00:00+00:00,1945.230000,1975.750000,1938.980000,1972.970000,31024,36.770000,2.010775,1938.540000,1948.744000,1965.098500,1947.578063,1.573335,46.514057,1,test
AMZN,1440,2018-09-26,00:00:00,2018-09-26T00:00:00+00:00,1976.990000,1995.000000,1961.460000,1975.750000,32406,33.540000,0.140904,1948.696000,1947.321000,1967.294500,1952.700234,1.572801,53.484178,1,test
AMZN,1440,2018-09-27,00:00:00,2018-09-27T00:00:00+00:00,1989.310000,2015.690000,1986.720000,2012.060000,33791,28.970000,1.837783,1962.010000,1949.627000,1967.972500,1963.492918,1.683607,58.829950,0,test
AMZN,1440,2018-09-28,00:00:00,2018-09-28T00:00:00+00:00,2001.000000,2026.250000,1996.010000,2002.680000,29905,30.240000,-0.466189,1979.508000,1953.076000,1967.956000,1970.617842,1.648270,59.431347,1,test
AMZN,1440,2018-10-01,00:00:00,2018-10-01T00:00:00+00:00,2023.480000,2033.190000,2003.500000,2004.970000,28788,29.690000,0.114347,1993.686000,1962.766000,1967.526500,1976.863689,1.199522,53.178316,0,test
AMZN,1440,2018-10-02,00:00:00,2018-10-02T00:00:00+00:00,2005.000000,2013.030000,1965.520000,1974.000000,36862,47.510000,-1.544662,1993.892000,1966.216000,1964.324000,1976.343018,1.283004,47.489001,0,test
AMZN,1440,2018-10-03,00:00:00,2018-10-03T00:00:00+00:00,1983.500000,1989.310000,1949.620000,1951.110000,36998,39.690000,-1.159574,1988.964000,1968.830000,1962.029500,1971.755197,1.322134,44.429743,0,test
AMZN,1440,2018-10-04,00:00:00,2018-10-04T00:00:00+00:00,1944.750000,1954.850000,1896.470000,1910.350000,47111,58.380000,-2.089067,1968.622000,1965.316000,1959.822000,1960.590616,1.447834,41.968005,0,test
AMZN,1440,2018-10-05,00:00:00,2018-10-05T00:00:00+00:00,1903.470000,1928.880000,1862.840000,1889.560000,48758,66.040000,-1.088282,1945.998000,1962.753000,1956.690000,1947.675958,1.404942,47.114395,0,test
AMZN,1440,2018-10-08,00:00:00,2018-10-08T00:00:00+00:00,1880.740000,1901.540000,1830.630000,1868.750000,42742,70.910000,-1.101315,1918.754000,1956.220000,1953.158000,1933.325784,1.376141,38.592757,1,test
AMZN,1440,2018-10-09,00:00:00,2018-10-09T00:00:00+00:00,1852.000000,1896.430000,1851.970000,1870.730000,37193,44.460000,0.105953,1898.100000,1945.996000,1947.370000,1921.944732,1.124210,40.885872,0,test
AMZN,1440,2018-10-10,00:00:00,2018-10-10T00:00:00+00:00,1863.050000,1863.390000,1733.970000,1735.000000,55254,129.420000,-7.255456,1854.878000,1921.921000,1934.621000,1887.954781,2.374856,24.502750,0,test
AMZN,1440,2018-10-11,00:00:00,2018-10-11T00:00:00+00:00,1722.730000,1754.000000,1685.070000,1730.980000,53642,68.930000,-0.231700,1819.004000,1893.813000,1921.720000,1859.413912,2.154404,26.168853,1,test
AMZN,1440,2018-10-12,00:00:00,2018-10-12T00:00:00+00:00,1789.980000,1808.080000,1742.060000,1788.560000,48213,66.020000,3.326439,1798.804000,1872.401000,1912.738500,1846.531382,2.631962,32.887248,0,test
AMZN,1440,2018-10-15,00:00:00,2018-10-15T00:00:00+00:00,1795.280000,1799.140000,1733.170000,1754.990000,34945,65.970000,-1.876929,1776.052000,1847.403000,1905.084500,1829.887495,2.605720,24.041347,1,test
AMZN,1440,2018-10-16,00:00:00,2018-10-16T00:00:00+00:00,1778.970000,1847.470000,1761.690000,1841.250000,38181,85.780000,4.915128,1770.156000,1834.128000,1900.172000,1831.953405,3.255640,36.639250,0,test
AMZN,1440,2018-10-17,00:00:00,2018-10-17T00:00:00+00:00,1831.110000,1844.440000,1806.970000,1831.500000,34765,37.470000,-0.529532,1789.456000,1822.167000,1895.498500,1831.870967,3.250678,31.064642,0,test
AMZN,1440,2018-10-18,00:00:00,2018-10-18T00:00:00+00:00,1818.850000,1829.120000,1767.790000,1770.980000,35686,61.330000,-3.304395,1797.456000,1808.230000,1886.773000,1820.799882,3.334891,28.055387,0,test
AMZN,1440,2018-10-19,00:00:00,2018-10-19T00:00:00+00:00,1786.000000,1808.980000,1752.990000,1763.070000,37642,55.990000,-0.446645,1792.358000,1795.581000,1879.167000,1810.303540,3.332848,27.330659,1,test
AMZN,1440,2018-10-22,00:00:00,2018-10-22T00:00:00+00:00,1783.740000,1809.000000,1755.470000,1790.970000,32388,53.530000,1.582467,1799.554000,1787.803000,1872.011500,1806.788351,3.398960,32.748318,0,test
AMZN,1440,2018-10-23,00:00:00,2018-10-23T00:00:00+00:00,1751.970000,1775.800000,1713.970000,1767.980000,37185,61.830000,-1.283662,1784.900000,1777.528000,1861.762000,1799.732287,3.405672,32.742145,0,test
AMZN,1440,2018-10-24,00:00:00,2018-10-24T00:00:00+00:00,1778.350000,1779.310000,1656.200000,1690.980000,39823,123.110000,-4.355253,1756.796000,1773.126000,1847.523500,1779.959144,2.844753,30.648718,0,test
AMZN,1440,2018-10-25,00:00:00,2018-10-25T00:00:00+00:00,1702.060000,1794.080000,1647.970000,1653.680000,44990,146.110000,-2.205821,1733.336000,1765.396000,1829.604500,1756.999300,2.913295,29.781252,0,test
AMZN,1440,2018-10-26,00:00:00,2018-10-26T00:00:00+00:00,1631.100000,1697.660000,1602.980000,1639.100000,52197,94.680000,-0.881670,1708.542000,1750.450000,1811.425500,1735.563063,2.599369,30.102757,0,test
AMZN,1440,2018-10-29,00:00:00,2018-10-29T00:00:00+00:00,1666.000000,1668.210000,1494.970000,1529.970000,55812,173.240000,-6.657922,1656.342000,1727.948000,1787.675500,1698.182506,3.185222,25.099380,1,test
AMZN,1440,2018-10-30,00:00:00,2018-10-30T00:00:00+00:00,1524.990000,1550.000000,1476.220000,1540.000000,52128,73.780000,0.655568,1610.746000,1697.823000,1765.975500,1669.422051,2.461938,32.543775,1,test
AMZN,1440,2018-10-31,00:00:00,2018-10-31T00:00:00+00:00,1560.480000,1623.450000,1559.370000,1599.480000,44319,64.080000,3.862338,1592.446000,1674.621000,1748.394000,1656.705314,3.028861,39.291531,1,test
AMZN,1440,2018-11-01,00:00:00,2018-11-01T00:00:00+00:00,1622.600000,1670.000000,1598.200000,1649.550000,42095,71.800000,3.130392,1591.620000,1662.478000,1735.354000,1655.404348,3.233181,38.539795,1,test
AMZN,1440,2018-11-02,00:00:00,2018-11-02T00:00:00+00:00,1683.700000,1696.890000,1651.680000,1665.420000,39007,45.210000,0.962081,1596.884000,1652.713000,1724.147000,1657.225376,3.273944,42.393723,0,test
AMZN,1440,2018-11-05,00:00:00,2018-11-05T00:00:00+00:00,1654.970000,1660.240000,1596.200000,1625.370000,32034,64.040000,-2.404799,1615.964000,1636.153000,1711.978000,1651.433489,3.232086,30.106159,1,test
AMZN,1440,2018-11-06,00:00:00,2018-11-06T00:00:00+00:00,1616.470000,1664.470000,1614.520000,1645.000000,31605,49.950000,1.207725,1636.964000,1623.855000,1700.691500,1650.263764,3.296144,33.120950,1,test
AMZN,1440,2018-11-07,00:00:00,2018-11-07T00:00:00+00:00,1667.980000,1760.000000,1662.970000,1754.970000,37640,97.030000,6.685106,1668.062000,1630.254000,1701.690000,1669.301261,3.742856,48.670067,0,test
AMZN,1440,2018-11-08,00:00:00,2018-11-08T00:00:00+00:00,1752.770000,1783.800000,1724.980000,1752.540000,38131,58.820000,-0.138464,1688.660000,1640.140000,1702.768000,1684.435577,3.636345,49.117248,0,test
AMZN,1440,2018-11-09,00:00:00,2018-11-09T00:00:00+00:00,1737.470000,1742.660000,1701.720000,1712.000000,39666,40.940000,-2.313214,1697.976000,1647.430000,1698.940000,1689.447291,3.729967,43.517166,0,test
AMZN,1440,2018-11-12,00:00:00,2018-11-12T00:00:00+00:00,1691.500000,1707.660000,1630.020000,1633.120000,40838,77.640000,-4.607477,1699.526000,1657.745000,1692.846500,1679.205965,3.327471,39.859540,1,test
AMZN,1440,2018-11-13,00:00:00,2018-11-13T00:00:00+00:00,1650.000000,1676.940000,1613.720000,1635.000000,38569,63.220000,0.115117,1697.526000,1667.245000,1682.534000,1671.168517,3.332728,45.254645,0,test
AMZN,1440,2018-11-14,00:00:00,2018-11-14T00:00:00+00:00,1644.220000,1671.800000,1590.970000,1597.380000,43550,80.830000,-2.300917,1666.008000,1667.035000,1670.828000,1657.752423,3.241269,45.230107,1,test
AMZN,1440,2018-11-15,00:00:00,2018-11-15T00:00:00+00:00,1590.000000,1624.880000,1546.250000,1610.020000,44404,78.630000,0.791296,1637.504000,1663.082000,1662.780000,1649.073801,3.072984,47.528136,0,test
AMZN,1440,2018-11-16,00:00:00,2018-11-16T00:00:00+00:00,1588.000000,1613.950000,1573.500000,1593.560000,39404,40.450000,-1.022348,1613.816000,1655.896000,1654.304500,1638.980382,3.053590,56.416103,0,test
AMZN,1440,2018-11-19,00:00:00,2018-11-19T00:00:00+00:00,1591.140000,1591.140000,1503.350000,1512.500000,41292,87.790000,-5.086724,1589.692000,1644.609000,1640.381000,1615.983949,3.352496,47.573158,0,test
AMZN,1440,2018-11-20,00:00:00,2018-11-20T00:00:00+00:00,1459.970000,1534.180000,1419.990000,1495.100000,47063,114.190000,-1.150413,1561.712000,1629.619000,1626.737000,1594.005049,3.288297,40.049571,1,test
AMZN,1440,2018-11-21,00:00:00,2018-11-21T00:00:00+00:00,1533.470000,1549.620000,1512.100000,1513.510000,33478,37.520000,1.231356,1544.938000,1605.473000,1617.863500,1579.369586,2.142688,36.198361,0,test
AMZN,1440,2018-11-23,00:00:00,2018-11-23T00:00:00+00:00,1518.010000,1535.760000,1501.160000,1501.160000,19950,34.600000,-0.815984,1523.166000,1580.335000,1610.237500,1565.149661,2.107089,33.215483,1,test
AMZN,1440,2018-11-26,00:00:00,2018-11-26T00:00:00+00:00,1533.000000,1584.240000,1524.170000,1566.080000,40032,60.070000,4.324656,1517.670000,1565.743000,1606.586500,1565.318814,2.769458,44.234621,1,test
AMZN,1440,2018-11-27,00:00:00,2018-11-27T00:00:00+00:00,1567.500000,1596.980000,1557.970000,1584.570000,37796,39.010000,1.180655,1532.084000,1560.888000,1609.316500,1568.819029,2.487940,44.110710,1,test
AMZN,1440,2018-11-28,00:00:00,2018-11-28T00:00:00+00:00,1608.600000,1681.380000,1601.230000,1676.100000,45640,80.150000,5.776330,1568.284000,1564.998000,1616.121500,1588.324660,3.143798,42.027052,0,test
AMZN,1440,2018-11-29,00:00:00,2018-11-29T00:00:00+00:00,1669.080000,1689.750000,1652.240000,1671.790000,42220,37.510000,-0.257145,1599.940000,1572.439000,1619.737000,1603.500177,3.020459,41.867913,1,test
AMZN,1440,2018-11-30,00:00:00,2018-11-30T00:00:00+00:00,1675.000000,1695.830000,1666.930000,1691.160000,40822,28.900000,1.158638,1637.940000,1580.553000,1621.817500,1619.438326,3.026661,47.807793,1,test
AMZN,1440,2018-12-03,00:00:00,2018-12-03T00:00:00+00:00,1769.000000,1778.040000,1748.270000,1770.510000,45961,29.770000,4.692046,1678.826000,1598.248000,1627.072000,1646.905903,3.232628,64.438092,0,test
AMZN,1440,2018-12-04,00:00:00,2018-12-04T00:00:00+00:00,1765.970000,1769.910000,1664.970000,1670.000000,46240,104.940000,-5.676895,1695.912000,1613.998000,1629.303500,1651.104830,3.361071,53.046551,1,test
AMZN,1440,2018-12-06,00:00:00,2018-12-06T00:00:00+00:00,1631.980000,1702.970000,1609.770000,1700.030000,45892,93.200000,1.798204,1700.698000,1634.491000,1632.055000,1660.000315,3.275183,59.054743,0,test
AMZN,1440,2018-12-07,00:00:00,2018-12-07T00:00:00+00:00,1705.970000,1718.500000,1625.520000,1628.440000,43893,92.980000,-4.211102,1692.028000,1645.984000,1625.728500,1654.262076,3.717753,51.471763,1,test
AMZN,1440,2018-12-10,00:00:00,2018-12-10T00:00:00+00:00,1628.980000,1657.220000,1590.220000,1641.030000,40649,67.000000,0.773133,1682.002000,1659.971000,1620.153000,1651.856244,3.674865,53.816469,0,test
AMZN,1440,2018-12-11,00:00:00,2018-12-11T00:00:00+00:00,1670.000000,1682.990000,1619.610000,1631.970000,40968,63.380000,-0.552092,1654.294000,1666.560000,1616.151500,1648.240563,3.497436,60.862687,1,test
AMZN,1440,2018-12-12,00:00:00,2018-12-12T00:00:00+00:00,1663.000000,1704.930000,1660.070000,1669.000000,46242,44.860000,2.269037,1654.094000,1675.003000,1617.945500,1652.015006,3.538762,65.266706,0,test
AMZN,1440,2018-12-13,00:00:00,2018-12-13T00:00:00+00:00,1683.790000,1691.330000,1641.490000,1655.500000,44928,49.840000,-0.808868,1645.188000,1672.943000,1618.970500,1652.648642,3.041506,62.573721,0,test
AMZN,1440,2018-12-14,00:00:00,2018-12-14T00:00:00+00:00,1633.000000,1642.050000,1584.980000,1591.560000,45063,57.070000,-3.862277,1637.812000,1664.920000,1618.679500,1641.541616,3.269735,57.335043,0,test
AMZN,1440,2018-12-17,00:00:00,2018-12-17T00:00:00+00:00,1574.970000,1577.000000,1504.980000,1523.780000,48741,72.020000,-4.258715,1614.362000,1648.182000,1614.367500,1620.130413,3.420377,46.583640,1,test
AMZN,1440,2018-12-18,00:00:00,2018-12-18T00:00:00+00:00,1541.000000,1567.310000,1523.470000,1532.000000,47671,43.840000,0.539448,1594.368000,1624.331000,1611.289500,1604.106702,2.861077,45.682561,0,test
AMZN,1440,2018-12-19,00:00:00,2018-12-19T00:00:00+00:00,1549.330000,1582.680000,1484.150000,1494.970000,45566,98.530000,-2.417102,1559.562000,1606.828000,1610.413000,1584.263665,2.479818,33.661669,0,test
AMZN,1440,2018-12-20,00:00:00,2018-12-20T00:00:00+00:00,1492.000000,1508.650000,1432.490000,1478.500000,54294,76.160000,-1.101694,1524.162000,1584.675000,1609.583000,1565.033908,2.267190,32.939079,0,test
AMZN,1440,2018-12-21,00:00:00,2018-12-21T00:00:00+00:00,1473.100000,1485.500000,1364.350000,1377.540000,52616,121.150000,-6.828542,1481.358000,1559.585000,1602.784500,1530.944106,2.735296,25.803166,0,test
AMZN,1440,2018-12-24,00:00:00,2018-12-24T00:00:00+00:00,1346.580000,1395.220000,1306.770000,1342.730000,25704,88.450000,-2.526968,1445.148000,1529.755000,1594.863000,1496.723360,2.610057,14.559584,1,test
AMZN,1440,2018-12-26,00:00:00,2018-12-26T00:00:00+00:00,1374.350000,1472.980000,1363.460000,1469.100000,47956,109.520000,9.411423,1432.568000,1513.468000,1590.014000,1491.700931,4.454803,34.039849,0,test
AMZN,1440,2018-12-27,00:00:00,2018-12-27T00:00:00+00:00,1450.280000,1466.470000,1390.220000,1457.860000,50585,76.250000,-0.765094,1425.146000,1492.354000,1583.678500,1485.548034,4.311582,30.169181,1,test
AMZN,1440,2018-12-28,00:00:00,2018-12-28T00:00:00+00:00,1469.970000,1513.240000,1448.970000,1477.950000,51519,64.270000,1.378047,1425.036000,1474.599000,1573.771000,1484.166573,4.391826,36.541523,1,test
AMZN,1440,2018-12-31,00:00:00,2018-12-31T00:00:00+00:00,1508.550000,1520.140000,1487.190000,1503.370000,40693,32.950000,1.719950,1450.202000,1465.780000,1565.350000,1487.658106,4.348235,37.965100,1,test
AMZN,1440,2019-01-02,00:00:00,2019-01-02T00:00:00+00:00,1467.540000,1553.040000,1460.770000,1505.000000,48669,92.270000,0.108423,1482.656000,1463.902000,1556.042000,1490.811177,4.141493,38.753565,0,test
AMZN,1440,2019-01-03,00:00:00,2019-01-03T00:00:00+00:00,1522.340000,1536.920000,1497.100000,1500.530000,45599,39.820000,-0.297010,1488.942000,1460.755000,1542.543000,1492.578236,4.136750,34.164270,1,test
AMZN,1440,2019-01-04,00:00:00,2019-01-04T00:00:00+00:00,1517.970000,1593.790000,1514.990000,1575.660000,48768,78.800000,5.006898,1512.502000,1468.824000,1537.826000,1507.684011,4.342134,43.274479,1,test
AMZN,1440,2019-01-07,00:00:00,2019-01-07T00:00:00+00:00,1598.260000,1634.140000,1589.220000,1629.030000,42949,44.920000,3.387152,1542.718000,1483.877000,1534.276000,1529.746918,4.377340,53.213606,1,test
AMZN,1440,2019-01-08,00:00:00,2019-01-08T00:00:00+00:00,1656.000000,1675.310000,1616.570000,1653.000000,45148,58.740000,1.471428,1572.644000,1511.423000,1535.504000,1552.156569,3.391340,61.983011,1,test
AMZN,1440,2019-01-09,00:00:00,2019-01-09T00:00:00+00:00,1667.080000,1669.320000,1641.370000,1656.600000,41645,27.950000,0.217786,1602.964000,1542.810000,1536.282500,1571.146284,3.092054,61.654445,0,test
AMZN,1440,2019-01-10,00:00:00,2019-01-10T00:00:00+00:00,1644.200000,1662.970000,1621.840000,1654.500000,38835,41.130000,-0.126766,1633.758000,1561.350000,1537.409000,1586.301505,1.815674,65.964814,0,test
AMZN,1440,2019-01-11,00:00:00,2019-01-11T00:00:00+00:00,1643.000000,1659.620000,1636.130000,1640.080000,39885,23.490000,-0.871562,1646.642000,1579.572000,1535.963000,1596.079413,1.828807,66.236585,0,test
AMZN,1440,2019-01-14,00:00:00,2019-01-14T00:00:00+00:00,1614.000000,1647.680000,1595.150000,1618.000000,37185,52.530000,-1.346276,1644.436000,1593.577000,1534.088000,1600.064975,1.994642,78.715070,1,test
AMZN,1440,2019-01-15,00:00:00,2019-01-15T00:00:00+00:00,1629.000000,1676.670000,1626.120000,1675.980000,38574,50.550000,3.583436,1649.032000,1610.838000,1538.309000,1613.867706,2.157364,87.709055,1,test
AMZN,1440,2019-01-16,00:00:00,2019-01-16T00:00:00+00:00,1683.090000,1704.370000,1675.480000,1678.020000,41568,28.890000,0.121720,1653.316000,1628.140000,1546.021000,1625.531760,2.156680,82.896643,1,test
AMZN,1440,2019-01-17,00:00:00,2019-01-17T00:00:00+00:00,1680.890000,1699.840000,1677.300000,1687.020000,37661,22.540000,0.536346,1659.820000,1646.789000,1553.772000,1636.711440,2.111702,86.339994,1,test
AMZN,1440,2019-01-18,00:00:00,2019-01-18T00:00:00+00:00,1705.970000,1716.040000,1691.470000,1694.820000,42175,24.570000,0.462354,1670.768000,1658.705000,1563.764500,1647.276633,1.636456,85.785948,0,test
AMZN,1440,2019-01-22,00:00:00,2019-01-22T00:00:00+00:00,1682.770000,1684.560000,1609.990000,1633.000000,38639,74.570000,-3.647585,1673.768000,1659.102000,1571.489500,1644.680881,1.869247,69.096373,1,test
AMZN,1440,2019-01-23,00:00:00,2019-01-23T00:00:00+00:00,1649.510000,1656.740000,1611.980000,1642.100000,36503,44.760000,0.557257,1666.992000,1658.012000,1584.717500,1644.211630,1.812975,69.761877,1,test
AMZN,1440,2019-01-24,00:00:00,2019-01-24T00:00:00+00:00,1647.350000,1656.980000,1631.420000,1649.990000,32678,25.560000,0.480482,1661.386000,1657.351000,1600.080500,1645.262243,1.819200,71.333143,1,test
AMZN,1440,2019-01-25,00:00:00,2019-01-25T00:00:00+00:00,1666.100000,1683.000000,1661.500000,1670.810000,38002,21.500000,1.261826,1658.144000,1658.982000,1610.166000,1649.907290,1.863042,66.073178,0,test
AMZN,1440,2019-01-28,00:00:00,2019-01-28T00:00:00+00:00,1656.960000,1662.250000,1614.070000,1633.730000,41878,48.180000,-2.219283,1645.926000,1658.347000,1618.959500,1646.965964,1.986874,50.840186,0,test
AMZN,1440,2019-01-29,00:00:00,2019-01-29T00:00:00+00:00,1638.230000,1639.420000,1584.970000,1612.870000,39136,54.450000,-1.276833,1641.900000,1657.834000,1625.705500,1640.766698,1.981843,42.745580,1,test
AMZN,1440,2019-01-30,00:00:00,2019-01-30T00:00:00+00:00,1616.530000,1685.610000,1616.530000,1684.040000,39652,69.080000,4.412631,1650.288000,1658.640000,1634.739000,1648.634571,2.158552,53.986518,1,test
AMZN,1440,2019-01-31,00:00:00,2019-01-31T00:00:00+00:00,1703.570000,1776.990000,1670.010000,1709.980000,51953,106.980000,1.540343,1662.286000,1661.836000,1644.988000,1659.788285,2.208449,57.538043,0,test
AMZN,1440,2019-02-01,00:00:00,2019-02-01T00:00:00+00:00,1638.980000,1672.000000,1624.340000,1624.580000,40974,47.660000,-4.994210,1653.040000,1655.592000,1651.190500,1653.386779,2.745141,48.234544,,test
