ticker,interval_minutes,date,time,timestamp_utc,open,high,low,close,volume,price_range,return_pct,sma_5,sma_10,sma_20,ema_10,volatility_10,rsi_14,target_up_next_bar,split
AMZN,240,2015-11-27,21:30:00,2015-11-27T21:30:00+00:00,672.589000,672.589000,671.879000,672.149000,6,0.710000,,,,,672.149000,,,0,train
AMZN,240,2015-11-30,13:30:00,2015-11-30T13:30:00+00:00,674.999000,680.999000,665.919000,667.139000,10428,15.080000,-0.745370,,,,671.238091,,,0,train
AMZN,240,2015-11-30,17:30:00,2015-11-30T17:30:00+00:00,667.169000,672.879000,664.469000,664.799000,10140,8.410000,-0.350751,,,,670.067347,0.279038,,1,train
AMZN,240,2015-11-30,21:30:00,2015-11-30T21:30:00+00:00,665.009000,665.189000,664.799000,664.969000,50,0.390000,0.025572,,,,669.140375,0.385507,,1,train
AMZN,240,2015-12-01,13:30:00,2015-12-01T13:30:00+00:00,669.979000,679.019000,667.739000,678.369000,9879,11.280000,2.015132,669.485000,,,670.818307,1.227050,,1,train
AMZN,240,2015-12-01,17:30:00,2015-12-01T17:30:00+00:00,678.369000,680.909000,676.999000,679.069000,11043,3.910000,0.103189,670.869000,,,672.318433,1.064319,,0,train
AMZN,240,2015-12-01,21:30:00,2015-12-01T21:30:00+00:00,678.609000,678.939000,678.589000,678.609000,12,0.350000,-0.067740,673.163000,,,673.462172,0.958663,,1,train
AMZN,240,2015-12-02,13:30:00,2015-12-02T13:30:00+00:00,678.999000,684.579000,676.969000,681.699000,9019,7.610000,0.455343,676.543000,,,674.959777,0.882068,,0,train
AMZN,240,2015-12-02,17:30:00,2015-12-02T17:30:00+00:00,681.699000,682.749000,674.099000,676.099000,9493,8.650000,-0.821477,678.769000,,,675.166909,0.893652,,1,train
AMZN,240,2015-12-02,21:30:00,2015-12-02T21:30:00+00:00,676.139000,677.519000,676.119000,676.699000,25,1.400000,0.088744,678.435000,673.960000,,675.445471,0.835945,,0,train
AMZN,240,2015-12-03,13:30:00,2015-12-03T13:30:00+00:00,679.779000,682.559000,670.199000,671.969000,11215,12.360000,-0.698981,677.015000,673.942000,,674.813385,0.825554,,0,train
AMZN,240,2015-12-03,17:30:00,2015-12-03T17:30:00+00:00,671.979000,673.589000,661.369000,666.899000,12923,12.220000,-0.754499,674.673000,673.918000,,673.374406,0.826475,,1,train
AMZN,240,2015-12-03,21:30:00,2015-12-03T21:30:00+00:00,666.739000,667.499000,666.359000,666.979000,22,1.140000,0.011996,671.729000,674.136000,,672.211605,0.817306,,1,train
AMZN,240,2015-12-04,13:30:00,2015-12-04T13:30:00+00:00,668.769000,674.189000,661.319000,670.379000,10485,12.870000,0.509761,670.585000,674.677000,,671.878404,0.830867,,1,train
AMZN,240,2015-12-04,17:30:00,2015-12-04T17:30:00+00:00,670.379000,674.149000,670.369000,672.209000,11256,3.780000,0.272980,669.687000,674.061000,,671.938512,0.496265,50.064544,0,train
AMZN,240,2015-12-04,21:30:00,2015-12-04T21:30:00+00:00,671.839000,671.839000,671.769000,671.799000,8,0.070000,-0.060993,669.653000,673.334000,,671.913147,0.491858,55.563515,0,train
AMZN,240,2015-12-07,13:30:00,2015-12-07T13:30:00+00:00,673.079000,675.379000,660.469000,665.409000,11648,14.910000,-0.951177,669.355000,672.014000,,670.730574,0.558895,50.664054,1,train
AMZN,240,2015-12-07,17:30:00,2015-12-07T17:30:00+00:00,665.419000,669.989000,661.979000,669.029000,12829,8.010000,0.544026,669.765000,670.747000,,670.421197,0.570932,54.110976,1,train
AMZN,240,2015-12-07,21:30:00,2015-12-07T21:30:00+00:00,669.029000,669.599000,669.009000,669.349000,26,0.590000,0.047831,669.559000,670.072000,,670.226252,0.527981,37.575758,1,train
AMZN,240,2015-12-08,13:30:00,2015-12-08T13:30:00+00:00,660.739000,674.239000,659.719000,672.279000,9334,14.520000,0.437739,669.573000,669.630000,671.795000,670.599479,0.552727,41.188684,1,train
AMZN,240,2015-12-08,17:30:00,2015-12-08T17:30:00+00:00,672.289000,679.719000,672.039000,676.719000,8520,7.680000,0.660440,670.557000,670.105000,672.023500,671.712119,0.546375,47.776994,0,train
AMZN,240,2015-12-08,21:30:00,2015-12-08T21:30:00+00:00,674.999000,676.309000,674.999000,676.309000,2,1.310000,-0.060586,672.737000,671.046000,672.482000,672.547916,0.468249,43.233743,0,train
AMZN,240,2015-12-09,13:30:00,2015-12-09T13:30:00+00:00,678.019000,678.659000,665.209000,665.849000,11589,13.450000,-1.546630,672.101000,670.933000,672.534500,671.329931,0.711998,38.532110,0,train
AMZN,240,2015-12-09,17:30:00,2015-12-09T17:30:00+00:00,665.879000,665.879000,655.539000,662.859000,14249,10.340000,-0.449051,670.803000,670.181000,672.429000,669.789762,0.697950,35.301614,1,train
AMZN,240,2015-12-09,21:30:00,2015-12-09T21:30:00+00:00,662.849000,663.999000,662.849000,663.189000,16,1.150000,0.049784,668.985000,669.279000,671.670000,668.589623,0.687818,39.714152,0,train
AMZN,240,2015-12-10,13:30:00,2015-12-10T13:30:00+00:00,665.429000,668.329000,659.509000,663.149000,10621,8.820000,-0.006031,666.271000,668.414000,670.874000,667.600419,0.688675,45.019920,0,train
AMZN,240,2015-12-10,17:30:00,2015-12-10T17:30:00+00:00,663.149000,666.139000,660.079000,661.789000,9624,6.060000,-0.205082,663.367000,668.052000,670.033000,666.543797,0.627178,43.334190,0,train
AMZN,240,2015-12-10,21:30:00,2015-12-10T21:30:00+00:00,661.679000,661.999000,661.669000,661.689000,6,0.330000,-0.015111,662.535000,667.318000,669.032500,665.661107,0.592000,37.805220,0,train
AMZN,240,2015-12-11,13:30:00,2015-12-11T13:30:00+00:00,655.079000,657.149000,642.809000,644.869000,10458,14.340000,-2.541980,658.937000,664.870000,667.471000,661.880724,0.964939,22.994864,0,train
AMZN,240,2015-12-11,17:30:00,2015-12-11T17:30:00+00:00,644.869000,647.999000,638.969000,640.009000,10819,9.030000,-0.753641,654.301000,661.643000,665.636500,657.904047,0.927264,21.136735,0,train
AMZN,240,2015-12-11,21:30:00,2015-12-11T21:30:00+00:00,639.529000,639.899000,638.999000,639.489000,57,0.900000,-0.081249,649.569000,657.920000,664.012500,654.555856,0.851905,23.658537,1,train
AMZN,240,2015-12-14,13:30:00,2015-12-14T13:30:00+00:00,636.999000,649.259000,635.269000,647.439000,7509,13.990000,1.243180,646.699000,655.033000,663.039500,653.261883,1.020144,29.833738,1,train
AMZN,240,2015-12-14,17:30:00,2015-12-14T17:30:00+00:00,647.439000,658.479000,643.969000,656.999000,7512,14.510000,1.476587,645.761000,654.148000,662.540500,653.941358,1.097674,40.162498,1,train
AMZN,240,2015-12-14,21:30:00,2015-12-14T21:30:00+00:00,657.649000,657.969000,656.989000,657.019000,14,0.980000,0.003044,648.191000,653.564000,661.872500,654.500930,1.092290,37.253592,1,train
AMZN,240,2015-12-15,13:30:00,2015-12-15T13:30:00+00:00,664.509000,671.339000,662.989000,668.189000,7669,8.350000,1.700103,653.827000,654.064000,661.671500,656.989670,1.230516,43.595134,0,train
AMZN,240,2015-12-15,17:30:00,2015-12-15T17:30:00+00:00,668.179000,669.559000,657.299000,659.599000,7026,12.260000,-1.285564,657.849000,653.709000,661.061500,657.464093,1.304958,38.825732,0,train
AMZN,240,2015-12-15,21:30:00,2015-12-15T21:30:00+00:00,659.299000,659.499000,658.609000,658.999000,21,0.890000,-0.090964,660.161000,653.430000,660.741000,657.743167,1.303910,44.723463,1,train
AMZN,240,2015-12-16,13:30:00,2015-12-16T13:30:00+00:00,663.329000,665.469000,659.269000,664.329000,7881,6.200000,0.808802,661.627000,653.694000,660.506000,658.940591,1.331025,51.092937,1,train
AMZN,240,2015-12-16,17:30:00,2015-12-16T17:30:00+00:00,664.319000,677.049000,659.969000,675.339000,9222,17.080000,1.657311,665.291000,656.741000,660.805500,661.922120,1.057488,57.795457,0,train
AMZN,240,2015-12-16,21:30:00,2015-12-16T21:30:00+00:00,675.689000,675.689000,674.969000,675.199000,24,0.720000,-0.020730,666.693000,660.260000,660.951500,664.336098,0.986442,57.721389,1,train
AMZN,240,2015-12-17,13:30:00,2015-12-17T13:30:00+00:00,677.729000,682.219000,670.579000,675.999000,9284,11.640000,0.118484,669.973000,663.911000,660.915500,666.456626,0.974391,59.171292,0,train
AMZN,240,2015-12-17,17:30:00,2015-12-17T17:30:00+00:00,675.959000,676.679000,668.909000,668.909000,8989,7.770000,-1.048818,671.955000,666.058000,660.545500,666.902512,1.061753,54.274213,1,train
AMZN,240,2015-12-17,21:30:00,2015-12-17T21:30:00+00:00,669.199000,669.499000,668.459000,668.969000,25,1.040000,0.008970,672.883000,667.255000,660.701500,667.278237,0.984561,67.799114,0,train
AMZN,240,2015-12-18,13:30:00,2015-12-18T13:30:00+00:00,667.469000,676.549000,665.359000,666.519000,9875,11.190000,-0.366235,671.119000,668.205000,660.884500,667.140194,0.998966,70.301731,0,train
AMZN,240,2015-12-18,17:30:00,2015-12-18T17:30:00+00:00,666.509000,669.579000,663.979000,664.719000,9324,5.600000,-0.270060,669.023000,667.858000,660.961000,666.699977,0.840604,68.949977,0,train
AMZN,240,2015-12-18,21:30:00,2015-12-18T21:30:00+00:00,664.739000,664.999000,664.289000,664.639000,37,0.710000,-0.012035,666.751000,668.362000,661.035500,666.325254,0.720286,64.650767,0,train
AMZN,240,2015-12-21,13:30:00,2015-12-21T13:30:00+00:00,665.999000,669.789000,661.469000,661.939000,7740,8.320000,-0.406236,665.357000,668.656000,661.043000,665.527753,0.735271,54.764660,1,train
AMZN,240,2015-12-21,17:30:00,2015-12-21T17:30:00+00:00,661.929000,664.849000,658.659000,664.599000,7365,6.190000,0.401850,664.483000,668.683000,661.188500,665.358889,0.698775,56.956681,1,train
AMZN,240,2015-12-21,21:30:00,2015-12-21T21:30:00+00:00,664.589000,665.649000,664.569000,665.629000,43,1.080000,0.154981,664.305000,667.712000,662.226500,665.408000,0.403456,47.113216,0,train
AMZN,240,2015-12-22,13:30:00,2015-12-22T13:30:00+00:00,663.519000,668.009000,659.139000,661.129000,5948,8.870000,-0.676052,663.587000,666.305000,663.282500,664.630000,0.433327,51.900621,1,train
AMZN,240,2015-12-22,17:30:00,2015-12-22T17:30:00+00:00,661.119000,664.129000,659.479000,662.979000,6446,4.650000,0.279824,663.255000,665.003000,664.457000,664.329818,0.449595,54.795181,1,train
AMZN,240,2015-12-22,21:30:00,2015-12-22T21:30:00+00:00,662.399000,663.499000,662.399000,663.149000,4,1.100000,0.025642,663.497000,664.427000,665.242500,664.115124,0.336646,48.376445,0,train
AMZN,240,2015-12-23,14:30:00,2015-12-23T14:30:00+00:00,665.979000,666.119000,656.469000,660.159000,9062,9.650000,-0.450879,662.609000,663.546000,665.400500,663.395829,0.353240,23.199153,1,train
AMZN,240,2015-12-23,18:30:00,2015-12-23T18:30:00+00:00,660.139000,664.799000,659.469000,663.569000,5187,5.330000,0.516542,662.197000,663.251000,665.728000,663.427314,0.395906,31.592276,0,train
AMZN,240,2015-12-24,14:30:00,2015-12-24T14:30:00+00:00,662.529000,664.539000,660.469000,662.529000,6428,4.070000,-0.156728,662.477000,663.032000,665.445000,663.263985,0.390287,28.840716,1,train
AMZN,240,2015-12-28,14:30:00,2015-12-28T14:30:00+00:00,665.549000,672.279000,665.049000,669.879000,7286,7.230000,1.109385,663.857000,663.556000,665.959000,664.466715,0.532104,51.511374,1,train
AMZN,240,2015-12-28,18:30:00,2015-12-28T18:30:00+00:00,669.889000,675.399000,669.569000,674.999000,4943,5.830000,0.764317,666.227000,664.862000,666.759000,666.381676,0.541956,58.115747,1,train
AMZN,240,2015-12-29,14:30:00,2015-12-29T14:30:00+00:00,677.989000,694.809000,677.969000,692.799000,11353,16.840000,2.637041,672.755000,667.682000,668.182500,671.184825,0.946113,75.028571,1,train
AMZN,240,2015-12-29,18:30:00,2015-12-29T18:30:00+00:00,692.889000,696.279000,692.159000,693.969000,6126,4.120000,0.168880,678.835000,670.516000,669.114000,675.327403,0.945690,78.195489,0,train
AMZN,240,2015-12-30,14:30:00,2015-12-30T14:30:00+00:00,691.549000,694.259000,686.289000,693.449000,9707,7.970000,-0.074931,685.019000,673.748000,670.026500,678.622239,0.885331,77.537756,0,train
AMZN,240,2015-12-30,18:30:00,2015-12-30T18:30:00+00:00,693.459000,695.259000,688.499000,689.069000,6429,6.760000,-0.631625,688.857000,676.357000,670.680000,680.521650,0.952794,75.125023,0,train
AMZN,240,2015-12-31,13:30:00,2015-12-31T13:30:00+00:00,686.479000,687.499000,682.469000,685.469000,6225,5.030000,-0.522444,690.951000,678.589000,671.508000,681.421168,0.991124,68.996905,0,train
AMZN,240,2015-12-31,17:30:00,2015-12-31T17:30:00+00:00,685.499000,685.859000,678.369000,679.219000,5218,7.490000,-0.911784,688.235000,680.495000,672.020500,681.020774,1.041230,61.296758,0,train
AMZN,240,2016-01-04,13:30:00,2016-01-04T13:30:00+00:00,659.489000,659.859000,635.749000,637.639000,12890,24.110000,-6.121737,676.969000,677.902000,670.576500,673.133179,2.270781,37.920395,1,train
AMZN,240,2016-01-04,17:30:00,2016-01-04T17:30:00+00:00,637.529000,640.639000,627.489000,638.229000,13246,13.150000,0.092529,665.925000,675.472000,669.252000,666.786964,2.274795,37.105345,0,train
AMZN,240,2016-01-04,21:30:00,2016-01-04T21:30:00+00:00,638.199000,638.399000,637.979000,638.049000,44,0.420000,-0.028203,655.721000,672.289000,667.922500,661.561880,2.221580,36.924359,0,train
AMZN,240,2016-01-05,13:30:00,2016-01-05T13:30:00+00:00,640.999000,646.499000,627.619000,630.589000,10330,18.880000,-1.169189,644.745000,667.848000,666.355000,655.930447,2.186781,35.281234,1,train
AMZN,240,2016-01-05,17:30:00,2016-01-05T17:30:00+00:00,630.739000,639.799000,627.979000,633.979000,9116,11.820000,0.537593,635.697000,661.966000,664.824000,651.939275,1.919991,35.268346,1,train
AMZN,240,2016-01-05,21:30:00,2016-01-05T21:30:00+00:00,633.999000,634.199000,633.779000,634.099000,24,0.420000,0.018928,634.989000,655.979000,663.247500,648.695589,1.911576,35.715004,0,train
AMZN,240,2016-01-06,13:30:00,2016-01-06T13:30:00+00:00,620.069000,639.279000,618.269000,632.189000,9329,21.010000,-0.301215,633.781000,649.853000,661.800500,645.694391,1.902290,29.967046,1,train
AMZN,240,2016-01-06,17:30:00,2016-01-06T17:30:00+00:00,632.069000,635.349000,623.979000,633.479000,10338,11.370000,0.204053,632.867000,644.294000,660.325500,643.473411,1.933668,26.994681,1,train
AMZN,240,2016-01-06,21:30:00,2016-01-06T21:30:00+00:00,633.499000,633.749000,633.179000,633.499000,24,0.570000,0.003157,633.449000,639.097000,658.843000,641.659881,1.949736,9.080872,0,train
AMZN,240,2016-01-07,13:30:00,2016-01-07T13:30:00+00:00,620.499000,629.499000,615.389000,620.999000,10538,14.110000,-1.973168,630.853000,633.275000,656.885000,637.903357,1.986991,6.456618,0,train
AMZN,240,2016-01-07,17:30:00,2016-01-07T17:30:00+00:00,620.989000,620.989000,605.149000,606.229000,11987,15.840000,-2.378426,625.279000,630.134000,654.018000,632.144383,0.991881,5.518156,1,train
AMZN,240,2016-01-07,21:30:00,2016-01-07T21:30:00+00:00,606.999000,607.499000,606.199000,607.499000,16,1.300000,0.209492,620.341000,627.061000,651.266500,627.663405,1.000291,7.036764,1,train
AMZN,240,2016-01-08,13:30:00,2016-01-08T13:30:00+00:00,619.099000,623.939000,610.229000,616.779000,9509,13.710000,1.527575,617.001000,624.934000,648.611500,625.684422,1.183844,15.863234,0,train
AMZN,240,2016-01-08,17:30:00,2016-01-08T17:30:00+00:00,616.799000,616.799000,605.969000,606.469000,9460,10.830000,-1.671587,611.595000,622.522000,645.185000,622.190709,1.232956,15.247922,1,train
AMZN,240,2016-01-08,21:30:00,2016-01-08T21:30:00+00:00,606.499000,608.329000,606.479000,606.999000,58,1.850000,0.087391,608.795000,619.824000,640.895000,619.428580,1.203500,25.919522,1,train
AMZN,240,2016-01-11,13:30:00,2016-01-11T13:30:00+00:00,612.999000,619.209000,605.199000,607.749000,8128,14.010000,0.123559,609.099000,617.189000,636.584000,617.305020,1.208257,26.105362,1,train
AMZN,240,2016-01-11,17:30:00,2016-01-11T17:30:00+00:00,607.449000,618.609000,597.979000,617.349000,10643,20.630000,1.579599,611.069000,615.705000,632.779000,617.313016,1.364547,35.860656,1,train
AMZN,240,2016-01-11,21:30:00,2016-01-11T21:30:00+00:00,617.289000,617.499000,617.269000,617.399000,30,0.230000,0.008099,611.193000,614.097000,629.195500,617.328650,1.359036,39.975680,1,train
AMZN,240,2016-01-12,13:30:00,2016-01-12T13:30:00+00:00,624.599000,625.819000,619.229000,620.589000,9360,6.590000,0.516684,614.017000,612.806000,625.951500,617.921441,1.379152,39.792651,0,train
AMZN,240,2016-01-12,17:30:00,2016-01-12T17:30:00+00:00,620.609000,622.199000,612.129000,615.999000,10461,10.070000,-0.739620,615.817000,612.306000,622.790500,617.571906,1.251942,37.082501,1,train
AMZN,240,2016-01-12,21:30:00,2016-01-12T21:30:00+00:00,615.999000,617.349000,615.979000,616.489000,31,1.370000,0.079546,617.565000,613.332000,621.733000,617.375014,0.955331,38.563520,0,train
AMZN,240,2016-01-13,13:30:00,2016-01-13T13:30:00+00:00,621.409000,623.399000,598.469000,601.769000,8614,24.930000,-2.387715,614.449000,612.759000,619.910000,614.537557,1.251243,30.681126,0,train
AMZN,240,2016-01-13,17:30:00,2016-01-13T17:30:00+00:00,601.739000,601.769000,579.129000,580.789000,12129,22.640000,-3.486388,607.127000,609.160000,617.047000,608.401456,1.509930,24.420072,1,train
AMZN,240,2016-01-13,21:30:00,2016-01-13T21:30:00+00:00,580.779000,581.999000,580.049000,581.839000,71,1.950000,0.180789,599.377000,606.697000,614.609500,603.571918,1.475602,28.619786,1,train
AMZN,240,2016-01-14,13:30:00,2016-01-14T13:30:00+00:00,582.999000,599.489000,569.869000,590.999000,12344,29.620000,1.574319,594.377000,605.097000,612.460500,601.285933,1.600250,41.142259,1,train
AMZN,240,2016-01-14,17:30:00,2016-01-14T17:30:00+00:00,590.999000,602.029000,588.679000,594.999000,11968,13.350000,0.676820,590.079000,603.822000,610.505500,600.142854,1.624182,42.953777,0,train
AMZN,240,2016-01-14,21:30:00,2016-01-14T21:30:00+00:00,594.749000,594.759000,592.979000,592.999000,29,1.780000,-0.336135,588.325000,601.387000,608.546000,598.843972,1.499151,35.396708,0,train
AMZN,240,2016-01-15,13:30:00,2016-01-15T13:30:00+00:00,580.999000,584.359000,567.519000,568.709000,11011,16.840000,-4.096128,585.909000,596.518000,605.307500,593.364886,1.888808,30.209644,1,train
AMZN,240,2016-01-15,17:30:00,2016-01-15T17:30:00+00:00,568.719000,574.899000,565.099000,569.999000,12930,9.800000,0.226830,583.541000,591.459000,602.132500,589.116543,1.868441,30.761231,1,train
AMZN,240,2016-01-15,21:30:00,2016-01-15T21:30:00+00:00,569.979000,571.049000,569.979000,570.269000,79,1.070000,0.047369,579.395000,586.886000,599.596000,585.689717,1.889166,30.413880,1,train
AMZN,240,2016-01-19,13:30:00,2016-01-19T13:30:00+00:00,578.099000,583.489000,570.219000,571.709000,8430,13.270000,0.252512,574.737000,582.408000,597.870000,583.147769,1.898395,23.925960,1,train
AMZN,240,2016-01-19,17:30:00,2016-01-19T17:30:00+00:00,571.909000,581.899000,566.379000,580.059000,11413,15.520000,1.460533,572.149000,580.237000,596.498000,582.586174,1.916054,30.515550,0,train
AMZN,240,2016-01-19,21:30:00,2016-01-19T21:30:00+00:00,580.069000,580.749000,577.029000,578.299000,86,3.720000,-0.303417,574.067000,579.988000,594.574000,581.806688,1.570321,27.598263,0,train
AMZN,240,2016-01-20,13:30:00,2016-01-20T13:30:00+00:00,562.649000,566.659000,547.119000,550.149000,10886,19.540000,-4.867724,570.097000,576.819000,591.758000,576.050745,2.185480,22.085630,1,train
AMZN,240,2016-01-20,17:30:00,2016-01-20T17:30:00+00:00,550.149000,577.999000,547.969000,571.889000,14238,30.030000,3.951657,570.421000,574.908000,590.002500,575.294064,2.540991,33.979885,0,train
AMZN,240,2016-01-20,21:30:00,2016-01-20T21:30:00+00:00,571.899000,571.999000,570.019000,570.029000,28,1.980000,-0.325238,570.085000,572.411000,588.116500,574.336780,2.517897,37.438658,1,train
AMZN,240,2016-01-21,13:30:00,2016-01-21T13:30:00+00:00,575.499000,588.739000,568.179000,588.059000,10533,20.560000,3.162997,571.685000,571.917000,586.652000,576.831729,2.759177,52.945944,0,train
AMZN,240,2016-01-21,17:30:00,2016-01-21T17:30:00+00:00,588.059000,588.209000,572.969000,573.199000,11464,15.240000,-2.526957,570.665000,572.366000,584.442000,576.171233,2.539303,46.851312,0,train
AMZN,240,2016-01-21,21:30:00,2016-01-21T21:30:00+00:00,573.579000,573.609000,571.849000,571.979000,32,1.760000,-0.212841,575.031000,572.564000,582.011500,575.409008,2.540820,42.642736,1,train
AMZN,240,2016-01-22,13:30:00,2016-01-22T13:30:00+00:00,586.299000,595.159000,583.969000,595.099000,11217,11.190000,4.042106,579.673000,575.047000,580.966500,578.989007,2.834941,50.033697,1,train
AMZN,240,2016-01-22,17:30:00,2016-01-22T17:30:00+00:00,595.099000,599.989000,593.419000,595.749000,10474,6.570000,0.109226,584.817000,577.451000,579.929500,582.036278,2.836487,50.935183,1,train
AMZN,240,2016-01-22,21:30:00,2016-01-22T21:30:00+00:00,595.749000,595.839000,595.479000,595.799000,32,0.360000,0.008393,586.365000,579.025000,579.631000,584.538591,2.816047,61.031029,1,train
AMZN,240,2016-01-25,13:30:00,2016-01-25T13:30:00+00:00,596.749000,608.009000,594.409000,600.979000,8288,13.600000,0.869421,591.921000,581.293000,580.640500,587.527757,2.812368,62.227660,0,train
AMZN,240,2016-01-25,17:30:00,2016-01-25T17:30:00+00:00,600.999000,606.419000,594.979000,596.749000,8615,11.440000,-0.703852,596.875000,585.953000,581.386000,589.204346,2.179316,60.134721,1,train
AMZN,240,2016-01-25,21:30:00,2016-01-25T21:30:00+00:00,596.749000,597.099000,595.349000,597.079000,18,1.750000,0.055300,597.271000,588.472000,581.690000,590.636102,1.889750,59.793098,1,train
AMZN,240,2016-01-26,13:30:00,2016-01-26T13:30:00+00:00,599.989000,604.199000,590.299000,597.149000,7760,13.900000,0.011724,597.551000,591.184000,581.797500,591.820265,1.877397,57.047423,1,train
AMZN,240,2016-01-26,17:30:00,2016-01-26T17:30:00+00:00,597.159000,603.329000,595.239000,600.009000,8565,8.090000,0.478942,598.393000,592.379000,582.148000,593.309126,1.626551,58.872088,0,train
AMZN,240,2016-01-26,21:30:00,2016-01-26T21:30:00+00:00,599.999000,601.969000,594.969000,594.999000,86,7.000000,-0.834987,597.197000,594.559000,583.462500,593.616376,1.379015,72.603568,1,train
AMZN,240,2016-01-27,13:30:00,2016-01-27T13:30:00+00:00,599.249000,602.729000,584.139000,595.719000,9886,18.590000,0.121009,596.991000,596.933000,584.748500,593.998671,1.366994,65.238522,0,train
AMZN,240,2016-01-27,17:30:00,2016-01-27T17:30:00+00:00,595.719000,596.229000,577.979000,590.999000,12593,18.250000,-0.792320,595.775000,596.523000,585.785000,593.453276,0.556741,62.936459,1,train
AMZN,240,2016-01-27,21:30:00,2016-01-27T21:30:00+00:00,590.979000,594.249000,590.169000,592.999000,265,4.080000,0.338410,594.945000,596.248000,586.849500,593.370681,0.569407,53.798831,1,train
AMZN,240,2016-01-28,13:30:00,2016-01-28T13:30:00+00:00,605.059000,624.309000,597.439000,624.059000,11038,26.870000,5.237783,599.755000,599.074000,589.049500,598.950375,1.766547,81.310022,0,train
AMZN,240,2016-01-28,17:30:00,2016-01-28T17:30:00+00:00,624.199000,637.999000,539.969000,552.979000,16065,98.030000,-11.389949,591.351000,594.274000,587.783500,590.591943,4.133272,43.711941,1,train
AMZN,240,2016-01-28,21:30:00,2016-01-28T21:30:00+00:00,552.969000,573.059000,550.989000,562.999000,1940,22.070000,1.812004,584.807000,590.899000,588.426000,585.575044,4.212061,38.367879,1,train
AMZN,240,2016-01-29,13:30:00,2016-01-29T13:30:00+00:00,567.469000,592.739000,566.469000,582.859000,15887,26.270000,3.527537,583.179000,589.477000,588.974500,585.081218,4.401438,45.899866,1,train
AMZN,240,2016-01-29,17:30:00,2016-01-29T17:30:00+00:00,582.849000,588.769000,580.159000,586.099000,12841,8.610000,0.555881,581.799000,588.372000,589.778000,585.266269,4.407005,46.975932,0,train
AMZN,240,2016-01-29,21:30:00,2016-01-29T21:30:00+00:00,586.069000,586.499000,582.149000,584.269000,94,4.350000,-0.312234,573.841000,586.798000,589.588500,585.084948,4.402665,44.679361,0,train
AMZN,240,2016-02-01,13:30:00,2016-02-01T13:30:00+00:00,576.799000,581.629000,570.309000,575.149000,10381,11.320000,-1.560925,578.275000,584.813000,589.686000,583.278412,4.420728,43.330040,1,train
AMZN,240,2016-02-01,17:30:00,2016-02-01T17:30:00+00:00,575.179000,576.999000,570.629000,576.499000,9319,6.370000,0.234722,580.975000,582.891000,589.912000,582.045791,4.421924,43.684792,0,train
AMZN,240,2016-02-01,21:30:00,2016-02-01T21:30:00+00:00,576.499000,576.499000,575.029000,575.049000,68,1.470000,-0.251518,579.413000,581.296000,588.909500,580.773648,4.417655,43.275316,0,train
AMZN,240,2016-02-02,13:30:00,2016-02-02T13:30:00+00:00,568.199000,570.679000,557.659000,558.819000,9217,13.020000,-2.822368,573.957000,577.878000,587.063000,576.781893,4.488877,38.409590,0,train
AMZN,240,2016-02-02,17:30:00,2016-02-02T17:30:00+00:00,558.819000,559.999000,550.039000,551.659000,11229,9.960000,-1.281274,567.435000,570.638000,584.856000,572.214095,4.011496,37.950400,1,train
AMZN,240,2016-02-02,21:30:00,2016-02-02T21:30:00+00:00,551.679000,552.149000,551.659000,552.079000,39,0.490000,0.076134,562.821000,570.548000,582.411000,568.553168,1.773302,37.846719,0,train
AMZN,240,2016-02-03,13:30:00,2016-02-03T13:30:00+00:00,553.329000,557.499000,522.999000,531.209000,11965,34.500000,-3.780256,553.763000,567.369000,579.134000,561.763320,2.004339,34.723287,1,train
AMZN,240,2016-02-03,17:30:00,2016-02-03T17:30:00+00:00,531.189000,536.599000,521.859000,531.799000,12217,14.740000,0.111067,545.113000,562.263000,575.870000,556.315261,1.442288,34.249537,1,train
AMZN,240,2016-02-03,21:30:00,2016-02-03T21:30:00+00:00,532.209000,533.249000,532.199000,532.499000,42,1.050000,0.131629,539.849000,556.903000,572.637500,551.985032,1.400230,22.071742,0,train
AMZN,240,2016-02-04,13:30:00,2016-02-04T13:30:00+00:00,525.479000,535.759000,518.999000,529.559000,10656,16.760000,-0.552114,535.429000,551.432000,569.115000,547.907572,1.390195,37.774066,1,train
AMZN,240,2016-02-04,17:30:00,2016-02-04T17:30:00+00:00,529.569000,538.739000,520.479000,529.969000,11031,18.260000,0.077423,531.007000,546.914000,565.863500,544.646013,1.409160,30.834397,1,train
AMZN,240,2016-02-04,21:30:00,2016-02-04T21:30:00+00:00,530.249000,531.499000,530.219000,530.249000,26,1.280000,0.052833,530.815000,542.289000,562.590000,542.028374,1.395345,10.497072,0,train
AMZN,240,2016-02-05,13:30:00,2016-02-05T13:30:00+00:00,524.989000,532.119000,501.779000,508.489000,11791,30.340000,-4.103732,526.153000,535.633000,558.464500,535.930306,1.714936,4.406063,0,train
AMZN,240,2016-02-05,17:30:00,2016-02-05T17:30:00+00:00,508.549000,511.329000,499.219000,502.179000,11100,12.110000,-1.240931,520.089000,529.969000,553.923500,529.793705,1.619919,4.185735,0,train
AMZN,240,2016-02-05,21:30:00,2016-02-05T21:30:00+00:00,502.179000,502.979000,501.179000,501.499000,83,1.800000,-0.135410,514.477000,524.953000,547.795500,524.649213,1.642188,4.621072,0,train
AMZN,240,2016-02-08,13:30:00,2016-02-08T13:30:00+00:00,484.889000,492.999000,475.219000,486.499000,12352,17.780000,-2.991033,505.783000,518.395000,544.471500,517.712811,1.716811,2.531646,1,train
AMZN,240,2016-02-08,17:30:00,2016-02-08T17:30:00+00:00,486.499000,491.999000,476.729000,487.509000,10735,15.270000,0.207606,497.235000,514.025000,540.697000,512.221209,1.513042,3.613819,0,train
AMZN,240,2016-02-08,21:30:00,2016-02-08T21:30:00+00:00,487.619000,488.089000,487.479000,487.479000,40,0.610000,-0.006154,493.033000,509.593000,535.928000,507.722625,1.505252,4.362845,0,train
AMZN,240,2016-02-09,13:30:00,2016-02-09T13:30:00+00:00,479.999000,498.229000,475.169000,480.639000,11027,23.060000,-1.403137,488.725000,504.407000,530.655000,502.798330,1.471224,4.380781,1,train
AMZN,240,2016-02-09,17:30:00,2016-02-09T17:30:00+00:00,480.629000,491.379000,473.979000,482.039000,10649,17.400000,0.291279,484.833000,499.655000,525.543500,499.023906,1.523597,5.569652,0,train
AMZN,240,2016-02-09,21:30:00,2016-02-09T21:30:00+00:00,481.999000,482.209000,481.179000,481.999000,56,1.030000,-0.008298,483.933000,494.858000,520.886000,495.928469,1.517559,7.570271,1,train
AMZN,240,2016-02-10,13:30:00,2016-02-10T13:30:00+00:00,489.449000,504.449000,485.189000,496.199000,9539,19.260000,2.946064,485.671000,491.453000,516.871000,495.977656,1.942767,25.139665,0,train
AMZN,240,2016-02-10,17:30:00,2016-02-10T17:30:00+00:00,496.199000,505.349000,485.919000,495.999000,12215,19.430000,-0.040306,487.375000,490.204000,512.918500,495.981537,1.517150,24.331927,0,train
AMZN,240,2016-02-10,21:30:00,2016-02-10T21:30:00+00:00,497.899000,497.899000,495.949000,495.979000,60,1.950000,-0.004032,490.443000,489.584000,509.776500,495.981076,1.476168,25.374010,1,train
AMZN,240,2016-02-11,13:30:00,2016-02-11T13:30:00+00:00,484.129000,500.959000,483.969000,495.989000,9870,16.990000,0.002016,493.233000,489.033000,506.993000,495.982516,1.476590,24.933609,1,train
AMZN,240,2016-02-11,17:30:00,2016-02-11T17:30:00+00:00,495.649000,509.109000,491.299000,504.099000,11373,17.810000,1.635117,497.653000,490.793000,504.594000,497.458241,1.161457,32.707314,0,train
AMZN,240,2016-02-11,21:30:00,2016-02-11T21:30:00+00:00,504.079000,504.099000,498.979000,499.999000,15,5.120000,-0.813332,498.413000,492.042000,503.033500,497.920197,1.219937,42.674720,1,train
AMZN,240,2016-02-12,13:30:00,2016-02-12T13:30:00+00:00,509.499000,516.579000,507.969000,508.329000,9053,8.610000,1.666003,500.879000,494.127000,501.860000,499.812707,1.291892,55.127564,0,train
AMZN,240,2016-02-12,17:30:00,2016-02-12T17:30:00+00:00,508.349000,509.679000,500.549000,506.849000,9244,9.130000,-0.291150,503.053000,496.748000,500.577500,501.092033,1.157739,54.401843,1,train
AMZN,240,2016-02-12,21:30:00,2016-02-12T21:30:00+00:00,506.859000,507.269000,506.719000,507.009000,17,0.550000,0.031568,505.257000,499.245000,499.450000,502.167845,1.166775,72.327455,1,train
AMZN,240,2016-02-16,13:30:00,2016-02-16T13:30:00+00:00,515.499000,524.129000,511.569000,513.859000,7842,12.560000,1.351061,507.209000,502.431000,498.644500,504.293509,1.178503,75.449102,1,train
AMZN,240,2016-02-16,17:30:00,2016-02-16T17:30:00+00:00,513.829000,521.119000,513.469000,520.499000,7255,7.650000,1.292183,511.309000,504.861000,498.157000,507.239962,0.904381,78.280233,0,train
AMZN,240,2016-02-16,21:30:00,2016-02-16T21:30:00+00:00,520.509000,520.509000,519.969000,520.169000,29,0.540000,-0.063401,513.677000,507.278000,498.741000,509.590696,0.905894,88.104878,1,train
AMZN,240,2016-02-17,13:30:00,2016-02-17T13:30:00+00:00,524.999000,536.069000,519.229000,535.189000,7239,16.840000,2.887523,519.345000,511.199000,500.391500,514.244933,1.159889,90.578714,0,train
AMZN,240,2016-02-17,17:30:00,2016-02-17T17:30:00+00:00,535.219000,537.209000,531.609000,533.119000,6957,5.600000,-0.386779,524.567000,514.912000,501.972500,517.676582,1.194483,87.855450,1,train
AMZN,240,2016-02-17,21:30:00,2016-02-17T21:30:00+00:00,533.749000,534.199000,533.099000,534.119000,32,1.100000,0.187575,528.619000,517.914000,504.353500,520.666112,1.159938,84.904271,1,train
AMZN,240,2016-02-18,13:30:00,2016-02-18T13:30:00+00:00,541.609000,541.979000,531.479000,536.359000,8355,10.500000,0.419382,531.791000,521.550000,506.796000,523.519365,1.055487,85.805536,0,train
AMZN,240,2016-02-18,17:30:00,2016-02-18T17:30:00+00:00,536.359000,536.439000,520.999000,525.059000,10245,15.440000,-2.106798,532.769000,523.223000,508.675000,523.799298,1.317360,71.496156,1,train
AMZN,240,2016-02-18,21:30:00,2016-02-18T21:30:00+00:00,525.059000,526.439000,525.059000,525.499000,12,1.380000,0.083800,530.831000,525.088000,510.918000,524.108335,1.302906,71.676216,1,train
AMZN,240,2016-02-19,13:30:00,2016-02-19T13:30:00+00:00,522.689000,531.709000,515.349000,530.319000,8774,16.360000,0.917223,530.271000,527.419000,513.332000,525.237547,1.307467,70.237728,1,train
AMZN,240,2016-02-19,17:30:00,2016-02-19T17:30:00+00:00,530.309000,535.839000,527.599000,534.799000,8009,8.240000,0.844775,530.407000,529.513000,515.972000,526.975993,1.278533,76.703499,0,train
AMZN,240,2016-02-19,21:30:00,2016-02-19T21:30:00+00:00,534.799000,534.799000,534.589000,534.619000,41,0.210000,-0.033658,530.059000,530.925000,517.893000,528.365631,1.244906,73.057358,1,train
AMZN,240,2016-02-22,13:30:00,2016-02-22T13:30:00+00:00,539.979000,560.229000,537.999000,557.609000,8178,22.230000,4.300259,536.569000,534.669000,520.973500,533.682607,1.768002,82.322975,1,train
AMZN,240,2016-02-22,17:30:00,2016-02-22T17:30:00+00:00,557.809000,560.549000,555.699000,558.599000,7581,4.850000,0.177544,543.189000,537.010000,524.104500,538.212860,1.596774,82.507876,0,train
AMZN,240,2016-02-22,21:30:00,2016-02-22T21:30:00+00:00,558.589000,558.599000,557.969000,557.989000,10,0.630000,-0.109202,548.723000,539.497000,527.204500,541.808522,1.583153,80.180550,0,train
AMZN,240,2016-02-23,13:30:00,2016-02-23T13:30:00+00:00,555.559000,558.929000,545.279000,553.949000,7955,13.650000,-0.724029,552.553000,541.480000,529.697000,544.015882,1.626745,73.720040,0,train
AMZN,240,2016-02-23,17:30:00,2016-02-23T17:30:00+00:00,553.929000,555.329000,547.999000,552.749000,10913,7.330000,-0.216626,556.179000,543.119000,532.334500,545.603721,1.637300,72.821519,0,train
AMZN,240,2016-02-23,21:30:00,2016-02-23T21:30:00+00:00,552.749000,552.749000,549.969000,552.419000,20,2.780000,-0.059702,555.141000,545.855000,534.539000,546.842863,1.413814,65.196684,0,train
AMZN,240,2016-02-24,13:30:00,2016-02-24T13:30:00+00:00,545.999000,545.999000,533.099000,538.239000,8693,12.900000,-2.566892,551.069000,547.129000,536.108500,545.278524,1.719672,53.720930,1,train
AMZN,240,2016-02-24,17:30:00,2016-02-24T17:30:00+00:00,538.209000,554.769000,533.989000,553.949000,10610,20.780000,2.918778,550.261000,549.492000,538.455500,546.854974,1.911373,61.872830,1,train
AMZN,240,2016-02-24,21:30:00,2016-02-24T21:30:00+00:00,553.949000,555.599000,553.919000,555.599000,41,1.680000,0.297861,550.591000,551.572000,540.542500,548.444797,1.906741,61.601544,0,train
AMZN,240,2016-02-25,13:30:00,2016-02-25T13:30:00+00:00,552.509000,558.979000,546.729000,548.689000,11739,12.250000,-1.243703,549.779000,552.979000,541.952000,548.489198,1.974404,65.045206,1,train
AMZN,240,2016-02-25,17:30:00,2016-02-25T17:30:00+00:00,548.659000,555.659000,545.289000,553.999000,9075,10.370000,0.967761,550.095000,552.618000,543.643500,549.490980,1.424674,67.086331,1,train
AMZN,240,2016-02-25,21:30:00,2016-02-25T21:30:00+00:00,553.999000,554.499000,553.649000,554.489000,20,0.850000,0.088448,553.345000,552.207000,544.608500,550.399711,1.423331,65.283926,0,train
AMZN,240,2016-02-26,13:30:00,2016-02-26T13:30:00+00:00,558.039000,562.009000,553.089000,554.399000,8564,8.920000,-0.016231,553.435000,551.848000,545.672500,551.126854,1.423312,63.122657,1,train
AMZN,240,2016-02-26,17:30:00,2016-02-26T17:30:00+00:00,554.479000,557.819000,553.989000,554.969000,8002,3.830000,0.102814,553.309000,551.950000,546.715000,551.825426,1.404042,63.554016,0,train
AMZN,240,2016-02-26,21:30:00,2016-02-26T21:30:00+00:00,554.949000,554.969000,553.489000,553.489000,27,1.480000,-0.266682,554.269000,552.024000,547.571500,552.127894,1.405097,46.153846,1,train
AMZN,240,2016-02-29,13:30:00,2016-02-29T13:30:00+00:00,552.379000,561.739000,552.209000,559.789000,7136,9.530000,1.138234,555.427000,552.761000,549.308000,553.520823,1.447752,51.010702,0,train
AMZN,240,2016-02-29,17:30:00,2016-02-29T17:30:00+00:00,559.779000,564.629000,552.269000,552.649000,9144,12.360000,-1.275481,555.059000,554.202000,550.665500,553.362309,1.218750,45.917431,0,train
AMZN,240,2016-02-29,21:30:00,2016-02-29T21:30:00+00:00,552.279000,552.649000,552.269000,552.299000,10,0.380000,-0.063331,554.639000,554.037000,551.764500,553.168980,0.787470,48.663102,1,train
AMZN,240,2016-03-01,13:30:00,2016-03-01T13:30:00+00:00,555.979000,571.499000,553.039000,570.999000,7767,18.460000,3.385847,557.845000,555.577000,553.574500,556.410802,1.340382,61.520010,1,train
AMZN,240,2016-03-01,17:30:00,2016-03-01T17:30:00+00:00,570.979000,579.549000,569.769000,579.149000,8795,9.780000,1.427323,562.977000,558.623000,555.801000,560.545020,1.266728,65.356774,1,train
AMZN,240,2016-03-01,21:30:00,2016-03-01T21:30:00+00:00,579.099000,580.489000,578.969000,580.299000,71,1.520000,0.198567,567.079000,561.253000,556.935500,564.136653,1.261810,78.418919,0,train
AMZN,240,2016-03-02,13:30:00,2016-03-02T13:30:00+00:00,581.999000,584.689000,573.739000,573.799000,7429,10.950000,-1.120112,571.309000,563.184000,557.695500,565.893443,1.356917,65.318722,1,train
AMZN,240,2016-03-02,17:30:00,2016-03-02T17:30:00+00:00,573.979000,580.559000,573.569000,579.109000,8486,6.990000,0.925411,576.671000,565.655000,558.751500,568.296272,1.361260,67.173119,1,train
AMZN,240,2016-03-02,21:30:00,2016-03-02T21:30:00+00:00,579.119000,579.379000,579.099000,579.119000,9,0.280000,0.001727,578.295000,568.070000,560.010000,570.264040,1.364457,74.719740,0,train
AMZN,240,2016-03-03,13:30:00,2016-03-03T13:30:00+00:00,577.999000,579.179000,573.089000,574.569000,5559,6.090000,-0.785676,577.379000,570.178000,561.101000,571.046760,1.403432,66.918901,1,train
AMZN,240,2016-03-03,17:30:00,2016-03-03T17:30:00+00:00,574.609000,578.959000,571.999000,576.539000,5632,6.960000,0.342866,576.627000,571.853000,562.307000,572.045349,1.378202,67.705155,1,train
AMZN,240,2016-03-03,21:30:00,2016-03-03T21:30:00+00:00,575.999000,576.599000,574.999000,576.599000,12,1.600000,0.010407,577.187000,574.248000,564.225000,572.873286,1.270249,67.834190,1,train
AMZN,240,2016-03-04,13:30:00,2016-03-04T13:30:00+00:00,577.999000,581.829000,571.099000,577.299000,6553,10.730000,0.121402,576.825000,576.748000,565.392500,573.677961,1.263566,67.901235,0,train
AMZN,240,2016-03-04,17:30:00,2016-03-04T17:30:00+00:00,577.309000,579.799000,573.969000,574.969000,7715,5.830000,-0.403604,575.995000,577.145000,566.361000,573.912695,0.748978,66.988295,0,train
AMZN,240,2016-03-04,21:30:00,2016-03-04T21:30:00+00:00,574.999000,574.999000,574.549000,574.689000,8,0.450000,-0.048698,576.019000,576.699000,567.661000,574.053842,0.578121,63.024476,0,train
AMZN,240,2016-03-07,13:30:00,2016-03-07T13:30:00+00:00,572.979000,573.679000,558.179000,562.469000,6804,15.500000,-2.126367,573.205000,574.916000,568.084500,571.947507,0.856165,57.883751,0,train
AMZN,240,2016-03-07,17:30:00,2016-03-07T17:30:00+00:00,562.429000,565.499000,555.509000,562.029000,7857,9.990000,-0.078227,570.291000,573.739000,568.461500,570.144142,0.808458,57.800224,0,train
AMZN,240,2016-03-07,21:30:00,2016-03-07T21:30:00+00:00,562.019000,562.199000,561.999000,562.019000,28,0.200000,-0.001779,567.235000,572.030000,568.842500,568.666843,0.711934,39.720696,1,train
AMZN,240,2016-03-08,13:30:00,2016-03-08T13:30:00+00:00,558.799000,569.889000,554.409000,568.079000,8702,15.480000,1.078255,565.857000,570.926000,569.498000,568.559963,0.833160,36.691512,0,train
AMZN,240,2016-03-08,17:30:00,2016-03-08T17:30:00+00:00,568.039000,571.059000,549.989000,559.999000,8939,21.070000,-1.422337,562.919000,569.469000,569.823500,567.003424,0.905035,29.080791,0,train
AMZN,240,2016-03-08,21:30:00,2016-03-08T21:30:00+00:00,559.969000,560.449000,559.059000,559.079000,19,1.390000,-0.164286,562.241000,567.723000,569.788000,565.562620,0.881859,32.859804,0,train
AMZN,240,2016-03-09,13:30:00,2016-03-09T13:30:00+00:00,564.099000,564.099000,550.229000,555.129000,9689,13.870000,-0.706519,560.861000,565.576000,569.912000,563.665598,0.882643,21.164021,1,train
AMZN,240,2016-03-09,17:30:00,2016-03-09T17:30:00+00:00,555.139000,559.609000,553.329000,558.619000,11012,6.280000,0.628683,560.181000,563.708000,570.228000,562.748035,0.927780,27.252552,1,train
AMZN,240,2016-03-09,21:30:00,2016-03-09T21:30:00+00:00,558.999000,558.999000,558.609000,558.999000,5,0.390000,0.068025,558.365000,562.111000,569.628000,562.066392,0.935269,30.961115,0,train
AMZN,240,2016-03-10,13:30:00,2016-03-10T13:30:00+00:00,565.979000,566.719000,554.719000,555.649000,7436,12.000000,-0.599286,557.495000,560.207000,568.453000,560.899593,0.936520,25.289804,1,train
AMZN,240,2016-03-10,17:30:00,2016-03-10T17:30:00+00:00,555.659000,559.369000,547.839000,558.089000,8551,11.530000,0.439126,557.297000,559.769000,567.342500,560.388576,0.715875,29.272116,0,train
AMZN,240,2016-03-10,21:30:00,2016-03-10T21:30:00+00:00,558.089000,558.089000,558.059000,558.059000,3,0.030000,-0.005375,557.883000,559.372000,566.555500,559.965017,0.716219,28.126421,1,train
AMZN,240,2016-03-11,13:30:00,2016-03-11T13:30:00+00:00,562.999000,568.199000,562.659000,565.409000,8125,5.540000,1.317065,559.241000,559.711000,565.870500,560.954832,0.840520,40.244898,1,train
AMZN,240,2016-03-11,17:30:00,2016-03-11T17:30:00+00:00,565.419000,569.929000,564.399000,568.999000,8353,5.530000,0.634939,561.241000,559.803000,565.364500,562.417408,0.791291,44.561269,0,train
AMZN,240,2016-03-11,21:30:00,2016-03-11T21:30:00+00:00,568.999000,568.999000,568.409000,568.479000,9,0.590000,-0.091389,563.807000,560.651000,565.060000,563.519516,0.613990,57.399655,1,train
AMZN,240,2016-03-14,12:30:00,2016-03-14T12:30:00+00:00,565.999000,573.589000,562.979000,573.499000,7955,10.610000,0.883058,566.889000,562.093000,564.908000,565.333967,0.642682,62.690861,0,train
AMZN,240,2016-03-14,16:30:00,2016-03-14T16:30:00+00:00,573.499000,576.739000,572.329000,573.349000,6840,4.410000,-0.026155,569.947000,563.915000,564.745500,566.791246,0.560070,62.497242,0,train
AMZN,240,2016-03-14,20:30:00,2016-03-14T20:30:00+00:00,573.349000,573.349000,572.859000,573.169000,6,0.490000,-0.031394,571.499000,565.370000,564.539000,567.950838,0.559182,56.451204,1,train
AMZN,240,2016-03-15,12:30:00,2016-03-15T12:30:00+00:00,570.159000,575.999000,566.939000,573.929000,7063,9.060000,0.132596,572.485000,566.863000,564.487000,569.037776,0.557102,71.677560,1,train
AMZN,240,2016-03-15,16:30:00,2016-03-15T16:30:00+00:00,573.969000,581.489000,573.549000,575.969000,8805,7.940000,0.355445,573.983000,568.895000,564.551000,570.297999,0.466988,75.398496,1,train
AMZN,240,2016-03-15,20:30:00,2016-03-15T20:30:00+00:00,576.269000,576.499000,575.759000,575.999000,17,0.740000,0.005209,574.483000,570.686000,565.227500,571.334544,0.478908,85.577907,0,train
AMZN,240,2016-03-16,12:30:00,2016-03-16T12:30:00+00:00,576.779000,577.749000,569.999000,574.109000,5202,7.750000,-0.328126,574.635000,572.291000,565.831500,571.838991,0.512757,77.930040,0,train
AMZN,240,2016-03-16,16:30:00,2016-03-16T16:30:00+00:00,574.109000,581.029000,568.559000,568.999000,9377,12.470000,-0.890075,573.801000,572.650000,566.180500,571.322629,0.493887,65.403574,1,train
AMZN,240,2016-03-16,20:30:00,2016-03-16T20:30:00+00:00,569.499000,570.699000,568.969000,569.879000,78,1.730000,0.154658,572.991000,572.738000,566.270500,571.060151,0.453982,73.724575,0,train
AMZN,240,2016-03-17,12:30:00,2016-03-17T12:30:00+00:00,568.009000,571.299000,554.979000,558.749000,8780,16.320000,-1.953046,569.547000,571.765000,566.208000,568.821760,0.772827,50.853154,1,train
AMZN,240,2016-03-17,16:30:00,2016-03-17T16:30:00+00:00,558.739000,562.199000,556.519000,559.009000,9136,5.680000,0.046533,566.149000,570.316000,566.204500,567.037622,0.686674,51.220766,0,train
AMZN,240,2016-03-17,20:30:00,2016-03-17T20:30:00+00:00,559.009000,559.009000,558.719000,558.799000,17,0.290000,-0.037566,563.087000,568.861000,566.388000,565.539690,0.686264,39.597104,0,train
AMZN,240,2016-03-18,12:30:00,2016-03-18T12:30:00+00:00,561.249000,561.999000,546.069000,553.489000,8111,15.930000,-0.950252,559.985000,566.893000,566.131500,563.348656,0.714015,26.843834,0,train
AMZN,240,2016-03-18,16:30:00,2016-03-18T16:30:00+00:00,553.519000,555.229000,547.299000,552.139000,9269,7.930000,-0.243907,556.437000,564.714000,565.788500,561.310537,0.695637,26.194639,1,train
AMZN,240,2016-03-18,20:30:00,2016-03-18T20:30:00+00:00,552.169000,553.499000,552.139000,552.179000,52,1.360000,0.007245,555.123000,562.335000,565.615000,559.650257,0.662427,13.667348,0,train
AMZN,240,2016-03-21,12:30:00,2016-03-21T12:30:00+00:00,551.039000,551.399000,538.439000,543.659000,9034,12.960000,-1.542978,552.053000,559.101000,564.893500,556.742756,0.729778,10.633784,1,train
AMZN,240,2016-03-21,16:30:00,2016-03-21T16:30:00+00:00,543.639000,555.039000,543.309000,553.869000,8459,11.730000,1.878015,551.067000,557.077000,564.684000,556.220255,1.067567,29.786343,0,train
AMZN,240,2016-03-21,20:30:00,2016-03-21T20:30:00+00:00,553.899000,553.979000,550.429000,550.429000,5,3.550000,-0.621085,550.455000,555.220000,563.935000,555.167299,1.055860,26.695756,1,train
AMZN,240,2016-03-22,12:30:00,2016-03-22T12:30:00+00:00,544.289000,559.129000,543.969000,557.709000,7047,15.160000,1.322605,551.569000,554.003000,563.370500,555.629427,1.173057,33.596838,1,train
AMZN,240,2016-03-22,16:30:00,2016-03-22T16:30:00+00:00,557.709000,562.619000,556.919000,559.989000,7477,5.700000,0.408815,553.131000,554.127000,562.946000,556.422076,1.009336,36.176826,0,train
AMZN,240,2016-03-22,20:30:00,2016-03-22T20:30:00+00:00,559.989000,560.459000,559.589000,559.599000,17,0.870000,-0.069644,556.319000,554.186000,562.251000,556.999699,1.009751,37.138805,1,train
AMZN,240,2016-03-23,12:30:00,2016-03-23T12:30:00+00:00,561.299000,570.069000,554.989000,567.169000,8707,15.080000,1.352754,558.979000,555.023000,561.942000,558.848663,1.093900,48.445728,1,train
AMZN,240,2016-03-23,16:30:00,2016-03-23T16:30:00+00:00,567.139000,572.299000,565.789000,568.999000,7842,6.510000,0.322655,562.693000,556.574000,561.733500,560.694179,1.022861,49.264460,1,train
AMZN,240,2016-03-23,20:30:00,2016-03-23T20:30:00+00:00,569.019000,569.049000,567.669000,569.009000,19,1.380000,0.001757,564.953000,558.261000,561.487500,562.205964,1.011731,60.533881,1,train
AMZN,240,2016-03-24,12:30:00,2016-03-24T12:30:00+00:00,566.249000,580.499000,564.969000,579.469000,7910,15.530000,1.838284,568.849000,560.990000,561.662500,565.344698,1.112340,67.368421,1,train
AMZN,240,2016-03-24,16:30:00,2016-03-24T16:30:00+00:00,579.499000,583.499000,576.839000,582.439000,8506,6.660000,0.512538,573.417000,564.868000,561.984500,568.452753,0.855332,69.169640,1,train
AMZN,240,2016-03-24,20:30:00,2016-03-24T20:30:00+00:00,582.439000,582.989000,582.339000,582.459000,26,0.650000,0.003434,576.475000,567.727000,562.402000,570.999343,0.768145,75.696292,0,train
AMZN,240,2016-03-28,12:30:00,2016-03-28T12:30:00+00:00,583.009000,584.569000,575.319000,580.339000,7744,9.250000,-0.363974,578.743000,570.718000,562.969000,572.697463,0.729515,74.676234,0,train
AMZN,240,2016-03-28,16:30:00,2016-03-28T16:30:00+00:00,580.359000,582.739000,579.219000,580.299000,6339,3.520000,-0.006893,581.001000,572.977000,563.490000,574.079560,0.689668,74.606230,0,train
AMZN,240,2016-03-28,20:30:00,2016-03-28T20:30:00+00:00,579.999000,580.499000,579.979000,580.009000,26,0.520000,-0.049974,581.109000,574.979000,564.553000,575.157640,0.704123,87.160090,1,train
AMZN,240,2016-03-29,12:30:00,2016-03-29T12:30:00+00:00,577.969000,590.449000,576.469000,589.969000,7325,13.980000,1.717215,582.615000,578.016000,566.101000,577.850615,0.804249,87.094122,1,train
AMZN,240,2016-03-29,16:30:00,2016-03-29T16:30:00+00:00,589.969000,595.639000,589.949000,593.819000,8245,5.690000,0.652577,584.887000,580.681000,567.852000,580.753958,0.753829,94.212350,0,train
AMZN,240,2016-03-29,20:30:00,2016-03-29T20:30:00+00:00,593.949000,593.949000,590.669000,591.999000,62,3.280000,-0.306491,587.219000,582.981000,569.777500,582.798511,0.792104,89.314377,1,train
AMZN,240,2016-03-30,12:30:00,2016-03-30T12:30:00+00:00,596.399000,603.089000,595.069000,596.999000,7054,8.020000,0.844596,590.559000,585.780000,572.020500,585.380418,0.789877,89.941722,1,train
AMZN,240,2016-03-30,16:30:00,2016-03-30T16:30:00+00:00,596.999000,600.789000,596.479000,598.069000,7425,4.310000,0.179230,594.171000,587.640000,574.315000,587.687433,0.632380,90.916826,0,train
AMZN,240,2016-03-30,20:30:00,2016-03-30T20:30:00+00:00,598.079000,598.349000,597.969000,597.999000,18,0.380000,-0.011704,595.777000,589.196000,577.032000,589.562263,0.636200,89.015439,0,train
AMZN,240,2016-03-31,12:30:00,2016-03-31T12:30:00+00:00,597.509000,600.109000,594.339000,596.519000,6365,5.770000,-0.247492,596.317000,590.602000,579.164500,590.827124,0.652439,85.137896,0,train
AMZN,240,2016-03-31,16:30:00,2016-03-31T16:30:00+00:00,596.539000,597.789000,592.169000,593.469000,7376,5.620000,-0.511300,596.611000,591.915000,581.316500,591.307465,0.669062,78.981043,1,train
AMZN,240,2016-03-31,20:30:00,2016-03-31T20:30:00+00:00,593.499000,593.779000,593.469000,593.779000,16,0.310000,0.052235,595.967000,593.263000,583.120000,591.756835,0.667033,72.324493,1,train
AMZN,240,2016-04-01,12:30:00,2016-04-01T12:30:00+00:00,590.959000,598.109000,586.839000,596.029000,6915,11.270000,0.378929,595.559000,594.865000,584.922000,592.533593,0.660655,71.688477,1,train
AMZN,240,2016-04-01,16:30:00,2016-04-01T16:30:00+00:00,596.019000,598.939000,595.759000,597.999000,5991,3.180000,0.330521,595.559000,595.668000,586.842000,593.527303,0.429260,73.347356,1,train
AMZN,240,2016-04-01,20:30:00,2016-04-01T20:30:00+00:00,597.979000,598.499000,597.969000,598.499000,17,0.530000,0.083612,595.955000,596.136000,588.408500,594.431248,0.389019,78.679722,0,train
AMZN,240,2016-04-04,12:30:00,2016-04-04T12:30:00+00:00,598.989000,599.499000,590.509000,593.129000,6214,8.990000,-0.897245,595.887000,596.249000,589.615000,594.194476,0.486692,67.342525,0,train
AMZN,240,2016-04-04,16:30:00,2016-04-04T16:30:00+00:00,593.109000,595.749000,590.979000,592.009000,5670,4.770000,-0.188829,595.533000,595.750000,590.765000,593.797116,0.392848,65.864622,1,train
AMZN,240,2016-04-04,20:30:00,2016-04-04T20:30:00+00:00,592.249000,592.999000,592.079000,592.109000,13,0.920000,0.016892,594.749000,595.154000,591.397000,593.490186,0.384054,53.826896,0,train
AMZN,240,2016-04-05,12:30:00,2016-04-05T12:30:00+00:00,588.469000,592.989000,586.259000,587.009000,6138,6.730000,-0.861328,592.551000,594.055000,591.625500,592.311789,0.450687,38.343033,0,train
AMZN,240,2016-04-05,16:30:00,2016-04-05T16:30:00+00:00,586.979000,590.829000,584.979000,585.499000,7794,5.850000,-0.257236,589.951000,592.953000,591.777500,591.073100,0.450849,38.754325,1,train
AMZN,240,2016-04-05,20:30:00,2016-04-05T20:30:00+00:00,585.989000,586.859000,585.979000,586.609000,16,0.880000,0.189582,588.647000,592.267000,592.091000,590.261445,0.449027,29.228309,1,train
AMZN,240,2016-04-06,12:30:00,2016-04-06T12:30:00+00:00,588.469000,598.299000,586.969000,598.299000,5673,11.330000,1.992810,589.905000,592.719000,592.991000,591.722819,0.806505,50.322762,1,train
AMZN,240,2016-04-06,16:30:00,2016-04-06T16:30:00+00:00,598.039000,602.309000,595.079000,602.129000,7734,7.230000,0.640148,591.909000,593.329000,594.097000,593.614852,0.821400,55.242447,1,train
AMZN,240,2016-04-06,20:30:00,2016-04-06T20:30:00+00:00,602.119000,602.199000,601.409000,602.199000,39,0.790000,0.011625,594.947000,593.749000,594.708500,595.175606,0.817849,57.477620,0,train
AMZN,240,2016-04-07,12:30:00,2016-04-07T12:30:00+00:00,598.989000,599.329000,590.219000,591.969000,6570,9.110000,-1.698774,596.241000,593.096000,594.616000,594.592587,0.991144,48.339238,0,train
AMZN,240,2016-04-07,16:30:00,2016-04-07T16:30:00+00:00,591.979000,594.309000,587.969000,591.409000,8097,6.340000,-0.094600,597.201000,592.924000,594.586500,594.013753,0.951589,47.390443,0,train
AMZN,240,2016-04-07,20:30:00,2016-04-07T20:30:00+00:00,591.399000,591.429000,589.489000,591.319000,8,1.940000,-0.015218,595.805000,592.855000,594.302500,593.523798,0.949850,44.554913,0,train
AMZN,240,2016-04-08,12:30:00,2016-04-08T12:30:00+00:00,594.999000,597.519000,588.969000,589.079000,6885,8.550000,-0.378814,593.195000,592.552000,593.853000,592.715653,0.956932,39.751838,1,train
AMZN,240,2016-04-08,16:30:00,2016-04-08T16:30:00+00:00,588.989000,596.249000,588.709000,592.789000,8753,7.540000,0.629797,591.313000,593.130000,593.592500,592.728989,0.931819,43.890434,1,train
AMZN,240,2016-04-08,20:30:00,2016-04-08T20:30:00+00:00,593.629000,593.749000,593.609000,593.749000,5,0.140000,0.161946,591.669000,593.955000,593.454000,592.914445,0.923256,50.732514,1,train
AMZN,240,2016-04-11,12:30:00,2016-04-11T12:30:00+00:00,595.979000,602.619000,593.979000,600.109000,7145,8.640000,1.071160,593.409000,595.305000,593.786000,594.222546,0.969061,58.515559,0,train
AMZN,240,2016-04-11,16:30:00,2016-04-11T16:30:00+00:00,600.209000,603.759000,591.239000,595.489000,8595,12.520000,-0.769860,594.243000,595.024000,593.871500,594.452810,0.788232,53.245008,1,train
AMZN,240,2016-04-11,20:30:00,2016-04-11T20:30:00+00:00,595.499000,595.519000,595.489000,595.519000,12,0.030000,0.005038,595.531000,594.363000,593.846000,594.646663,0.751699,59.051266,1,train
AMZN,240,2016-04-12,12:30:00,2016-04-12T12:30:00+00:00,595.999000,601.369000,592.319000,599.019000,6330,9.050000,0.587723,596.777000,594.045000,593.897000,595.441633,0.783279,63.795918,1,train
AMZN,240,2016-04-12,16:30:00,2016-04-12T16:30:00+00:00,599.099000,604.009000,598.619000,603.239000,7851,5.390000,0.704485,598.675000,595.172000,594.134000,596.859336,0.557348,65.956630,0,train
AMZN,240,2016-04-12,20:30:00,2016-04-12T20:30:00+00:00,603.229000,603.249000,602.579000,602.579000,14,0.670000,-0.109409,599.169000,596.289000,594.606500,597.899275,0.558208,55.209348,1,train
AMZN,240,2016-04-13,12:30:00,2016-04-13T12:30:00+00:00,606.189000,616.619000,605.309000,612.989000,7886,11.310000,1.727574,602.669000,598.456000,595.655500,600.642862,0.732366,61.393202,1,train
AMZN,240,2016-04-13,16:30:00,2016-04-13T16:30:00+00:00,612.979000,615.589000,609.979000,614.309000,9379,5.610000,0.215338,606.427000,600.979000,596.765500,603.127614,0.688274,62.379881,1,train
AMZN,240,2016-04-13,20:30:00,2016-04-13T20:30:00+00:00,614.279000,614.349000,613.469000,614.349000,10,0.880000,0.006511,609.493000,603.135000,598.132500,605.167866,0.695587,78.899793,1,train
AMZN,240,2016-04-14,12:30:00,2016-04-14T12:30:00+00:00,614.819000,624.209000,614.479000,623.999000,7350,9.730000,1.570768,613.645000,606.160000,600.057500,608.591709,0.787590,84.082828,0,train
AMZN,240,2016-04-14,16:30:00,2016-04-14T16:30:00+00:00,623.989000,624.109000,617.819000,619.999000,8017,6.290000,-0.641027,617.129000,608.149000,601.727000,610.665762,0.834562,77.726218,0,train
AMZN,240,2016-04-14,20:30:00,2016-04-14T20:30:00+00:00,618.999000,620.499000,618.969000,619.049000,22,1.530000,-0.153226,618.341000,610.505000,602.764500,612.189987,0.764096,79.714456,1,train
AMZN,240,2016-04-15,12:30:00,2016-04-15T12:30:00+00:00,619.249000,624.069000,618.109000,623.179000,6395,5.960000,0.667152,620.115000,613.271000,603.817000,614.187989,0.755538,79.882006,1,train
AMZN,240,2016-04-15,16:30:00,2016-04-15T16:30:00+00:00,623.199000,626.559000,621.609000,625.939000,8013,4.950000,0.442890,622.433000,615.963000,605.004000,616.324537,0.754153,80.569801,1,train
AMZN,240,2016-04-15,20:30:00,2016-04-15T20:30:00+00:00,626.049000,626.089000,625.929000,625.999000,14,0.160000,0.009586,622.833000,618.239000,606.705500,618.083530,0.759389,77.928803,1,train
AMZN,240,2016-04-18,12:30:00,2016-04-18T12:30:00+00:00,625.099000,637.239000,622.999000,630.129000,8903,14.240000,0.659745,624.859000,620.994000,608.641500,620.273615,0.743823,87.767117,1,train
AMZN,240,2016-04-18,16:30:00,2016-04-18T16:30:00+00:00,630.159000,636.259000,629.019000,631.589000,8487,7.240000,0.231699,627.367000,622.854000,610.655000,622.330958,0.593739,88.137027,1,train
AMZN,240,2016-04-18,20:30:00,2016-04-18T20:30:00+00:00,631.589000,633.099000,630.969000,632.669000,47,2.130000,0.170997,629.265000,624.690000,612.834500,624.210602,0.594614,87.497214,0,train
AMZN,240,2016-04-19,12:30:00,2016-04-19T12:30:00+00:00,636.599000,637.909000,620.729000,621.699000,9305,17.180000,-1.733924,628.417000,625.425000,614.280000,623.753947,0.876720,67.880666,1,train
AMZN,240,2016-04-19,16:30:00,2016-04-19T16:30:00+00:00,621.679000,628.329000,620.899000,626.999000,8850,7.430000,0.852503,628.617000,625.725000,615.942500,624.343957,0.767502,71.702808,0,train
AMZN,240,2016-04-19,20:30:00,2016-04-19T20:30:00+00:00,626.969000,627.679000,624.979000,624.979000,7,2.700000,-0.322170,627.587000,626.223000,617.186000,624.459419,0.741766,62.523501,1,train
AMZN,240,2016-04-20,12:30:00,2016-04-20T12:30:00+00:00,628.879000,635.359000,623.059000,634.729000,8405,12.300000,1.560052,628.215000,627.791000,619.148000,626.326616,0.868327,68.134991,0,train
AMZN,240,2016-04-20,16:30:00,2016-04-20T16:30:00+00:00,634.699000,636.399000,630.969000,632.489000,9096,5.430000,-0.352907,628.179000,628.722000,620.996500,627.447049,0.874275,65.504274,1,train
AMZN,240,2016-04-20,20:30:00,2016-04-20T20:30:00+00:00,632.499000,632.499000,632.079000,632.499000,12,0.420000,0.001581,630.339000,629.378000,622.670500,628.365586,0.869074,58.698322,0,train
AMZN,240,2016-04-21,12:30:00,2016-04-21T12:30:00+00:00,632.969000,637.569000,629.979000,631.509000,8890,7.590000,-0.156522,631.241000,629.929000,624.084000,628.937116,0.872738,62.551799,0,train
AMZN,240,2016-04-21,16:30:00,2016-04-21T16:30:00+00:00,631.529000,634.189000,617.489000,623.599000,11899,16.700000,-1.252555,630.965000,629.276000,625.135000,627.966549,0.941124,54.307896,1,train
AMZN,240,2016-04-21,20:30:00,2016-04-21T20:30:00+00:00,623.589000,625.999000,623.589000,625.369000,82,2.410000,0.283836,629.093000,628.654000,625.754000,627.494267,0.943308,52.170466,0,train
AMZN,240,2016-04-22,12:30:00,2016-04-22T12:30:00+00:00,623.999000,627.829000,611.549000,615.339000,10629,16.280000,-1.603853,625.663000,626.921000,625.805500,625.284219,1.048791,40.817741,1,train
AMZN,240,2016-04-22,16:30:00,2016-04-22T16:30:00+00:00,615.419000,622.149000,614.869000,619.889000,11047,7.280000,0.739430,623.141000,626.740000,626.082500,624.303270,0.953103,45.089214,1,train
AMZN,240,2016-04-22,20:30:00,2016-04-22T20:30:00+00:00,619.889000,619.999000,619.869000,619.979000,14,0.130000,0.014519,620.835000,626.038000,625.881500,623.517039,0.902889,41.275572,1,train
AMZN,240,2016-04-25,12:30:00,2016-04-25T12:30:00+00:00,618.299000,622.729000,614.969000,622.509000,8491,7.760000,0.408078,620.617000,625.791000,626.007000,623.333759,0.913191,42.336259,1,train
AMZN,240,2016-04-25,16:30:00,2016-04-25T16:30:00+00:00,622.519000,626.899000,622.029000,625.649000,8668,4.870000,0.504410,620.673000,624.883000,626.337000,623.754712,0.755633,44.274062,1,train
AMZN,240,2016-04-25,20:30:00,2016-04-25T20:30:00+00:00,625.639000,626.589000,625.639000,625.719000,8,0.950000,0.011188,622.749000,624.206000,626.464000,624.111855,0.753077,53.988095,0,train
AMZN,240,2016-04-26,12:30:00,2016-04-26T12:30:00+00:00,627.499000,627.499000,616.599000,619.729000,7442,10.900000,-0.957299,622.717000,622.929000,626.153500,623.314973,0.797723,42.885105,0,train
AMZN,240,2016-04-26,16:30:00,2016-04-26T16:30:00+00:00,619.719000,619.829000,610.979000,615.409000,9335,8.850000,-0.697079,621.803000,621.319000,625.624000,621.877523,0.812560,41.037647,0,train
AMZN,240,2016-04-26,20:30:00,2016-04-26T20:30:00+00:00,613.089000,614.019000,610.979000,611.499000,96,3.040000,-0.635350,619.601000,620.109000,624.692500,619.990519,0.749345,25.573081,0,train
AMZN,240,2016-04-27,12:30:00,2016-04-27T12:30:00+00:00,610.099000,615.489000,601.229000,607.609000,8457,14.260000,-0.636142,615.993000,618.333000,623.493500,617.739334,0.740693,24.715447,1,train
AMZN,240,2016-04-27,16:30:00,2016-04-27T16:30:00+00:00,607.589000,615.999000,602.009000,612.499000,9919,13.990000,0.804794,613.349000,618.049000,622.485000,616.786546,0.650364,31.508876,1,train
AMZN,240,2016-04-27,20:30:00,2016-04-27T20:30:00+00:00,612.499000,616.099000,612.489000,616.099000,71,3.610000,0.587756,612.623000,617.670000,622.205000,616.661537,0.631551,36.408538,1,train
AMZN,240,2016-04-28,12:30:00,2016-04-28T12:30:00+00:00,615.179000,626.619000,614.069000,618.689000,7595,12.550000,0.420387,613.279000,617.541000,621.789500,617.030167,0.649621,45.220946,1,train
AMZN,240,2016-04-28,16:30:00,2016-04-28T16:30:00+00:00,618.689000,679.569000,596.649000,671.999000,12503,82.920000,8.616607,625.379000,622.490000,624.140500,627.024500,2.817607,72.655719,1,train
AMZN,240,2016-04-28,20:30:00,2016-04-28T20:30:00+00:00,671.999000,679.099000,671.609000,673.019000,865,7.490000,0.151786,638.461000,627.227000,626.055000,635.387137,2.823943,80.713525,0,train
AMZN,240,2016-04-29,12:30:00,2016-04-29T12:30:00+00:00,675.110000,676.200000,654.280000,655.410000,12607,21.920000,-2.616419,647.043200,630.196100,627.201050,639.027657,3.017651,66.604961,1,train
AMZN,240,2016-04-29,16:30:00,2016-04-29T16:30:00+00:00,655.410000,660.480000,653.900000,659.780000,12566,6.580000,0.666758,655.779400,634.201200,628.565100,642.800810,2.973655,67.889859,0,train
AMZN,240,2016-04-29,20:30:00,2016-04-29T20:30:00+00:00,659.900000,659.900000,658.890000,658.910000,21,1.010000,-0.131862,663.823600,638.551300,629.935150,645.729754,2.950140,66.609478,1,train
AMZN,240,2016-05-02,12:30:00,2016-05-02T12:30:00+00:00,662.900000,677.710000,660.620000,677.390000,12043,17.090000,2.804632,664.901800,645.140400,632.624700,651.486162,2.974630,70.709820,1,train
AMZN,240,2016-05-02,16:30:00,2016-05-02T16:30:00+00:00,677.400000,685.250000,676.830000,683.800000,12730,8.420000,0.946279,667.058000,652.759500,635.546250,657.361406,2.915473,72.124578,0,train
AMZN,240,2016-05-02,20:30:00,2016-05-02T20:30:00+00:00,683.800000,684.120000,683.770000,683.800000,23,0.350000,0.000000,672.736000,659.889600,638.969300,662.168423,2.939373,75.573366,0,train
AMZN,240,2016-05-03,12:30:00,2016-05-03T12:30:00+00:00,678.900000,680.150000,672.380000,675.519000,10273,7.770000,-1.211027,675.883800,665.831600,641.750800,664.595800,3.030851,73.256984,0,train
AMZN,240,2016-05-03,16:30:00,2016-05-03T16:30:00+00:00,675.569000,678.909000,669.979000,671.319000,11213,8.930000,-0.621744,678.365600,671.094600,644.317800,665.818200,3.069319,73.092959,0,train
AMZN,240,2016-05-03,20:30:00,2016-05-03T20:30:00+00:00,670.019000,671.299000,670.019000,670.669000,25,1.280000,-0.096824,677.021400,670.961600,646.725800,666.700164,1.412382,74.968324,0,train
AMZN,240,2016-05-04,12:30:00,2016-05-04T12:30:00+00:00,666.049000,672.469000,662.099000,669.699000,8017,10.370000,-0.144632,674.201200,670.629600,648.928300,667.245407,1.411700,73.373652,1,train
AMZN,240,2016-05-04,16:30:00,2016-05-04T16:30:00+00:00,669.689000,673.869000,665.959000,669.999000,9474,7.910000,0.044796,671.441000,672.088500,651.142300,667.746060,1.085239,72.635646,1,train
AMZN,240,2016-05-04,20:30:00,2016-05-04T20:30:00+00:00,669.999000,670.999000,669.999000,670.999000,20,1.000000,0.149254,670.537000,673.210400,653.705800,668.337504,1.074148,72.265259,0,train
AMZN,240,2016-05-05,12:30:00,2016-05-05T12:30:00+00:00,674.749000,676.369000,665.229000,665.599000,7353,11.140000,-0.804770,669.393000,673.879300,656.215300,667.839594,1.115704,45.399655,0,train
AMZN,240,2016-05-05,16:30:00,2016-05-05T16:30:00+00:00,665.589000,666.519000,655.989000,659.099000,10871,10.530000,-0.976564,667.079000,672.050200,658.595300,666.250395,0.638336,40.724947,0,train
AMZN,240,2016-05-05,20:30:00,2016-05-05T20:30:00+00:00,658.969000,658.969000,657.969000,658.299000,25,1.000000,-0.121378,664.799000,669.500100,661.129800,664.804687,0.482213,52.480637,1,train
AMZN,240,2016-05-06,12:30:00,2016-05-06T12:30:00+00:00,655.989000,663.459000,654.179000,662.179000,7725,9.280000,0.589398,663.235000,667.338000,663.613800,664.327289,0.562864,52.077380,1,train
AMZN,240,2016-05-06,16:30:00,2016-05-06T16:30:00+00:00,662.209000,674.389000,661.899000,673.979000,8535,12.490000,1.781996,663.831000,667.184000,666.507800,666.082146,0.787125,60.971880,1,train
AMZN,240,2016-05-06,20:30:00,2016-05-06T20:30:00+00:00,673.929000,674.139000,673.709000,674.139000,21,0.430000,0.023740,665.539000,667.466000,669.280300,667.547028,0.758236,46.771663,1,train
AMZN,240,2016-05-09,12:30:00,2016-05-09T12:30:00+00:00,674.889000,682.669000,671.399000,682.499000,7724,11.270000,1.240100,670.219000,668.649000,669.805300,670.265569,0.843606,48.756238,0,train
AMZN,240,2016-05-09,16:30:00,2016-05-09T16:30:00+00:00,682.489000,686.689000,678.749000,678.889000,9254,7.940000,-0.528939,674.337000,669.568000,670.098800,671.833465,0.868338,45.608199,0,train
AMZN,240,2016-05-09,20:30:00,2016-05-09T20:30:00+00:00,679.379000,679.539000,677.909000,677.939000,44,1.630000,-0.139935,677.489000,670.362000,671.225250,672.943562,0.872538,52.490737,1,train
AMZN,240,2016-05-10,12:30:00,2016-05-10T12:30:00+00:00,694.269000,700.929000,690.859000,699.129000,9327,10.070000,3.125650,682.519000,673.175000,673.192700,677.704551,1.290624,71.206344,1,train
AMZN,240,2016-05-10,16:30:00,2016-05-10T16:30:00+00:00,699.119000,704.289000,698.019000,702.889000,8229,6.270000,0.537812,688.269000,676.904000,675.391650,682.283542,1.216910,73.456610,0,train
AMZN,240,2016-05-10,20:30:00,2016-05-10T20:30:00+00:00,702.889000,703.089000,702.859000,702.859000,23,0.230000,-0.004268,692.341000,681.280000,676.665100,686.024534,1.115742,74.475937,1,train
AMZN,240,2016-05-11,12:30:00,2016-05-11T12:30:00+00:00,702.639000,716.739000,701.529000,716.589000,9891,15.210000,1.953450,699.881000,687.109000,678.304550,691.581710,1.148702,78.699027,0,train
AMZN,240,2016-05-11,16:30:00,2016-05-11T16:30:00+00:00,716.579000,718.459000,711.089000,712.199000,10210,7.370000,-0.612625,706.733000,692.111000,679.724500,695.330308,1.239243,74.361400,1,train
AMZN,240,2016-05-11,20:30:00,2016-05-11T20:30:00+00:00,712.199000,712.539000,712.169000,712.389000,18,0.370000,0.026678,709.385000,695.952000,681.568000,698.431888,1.198536,79.483302,1,train
AMZN,240,2016-05-12,12:30:00,2016-05-12T12:30:00+00:00,718.369000,720.579000,711.359000,714.029000,8275,9.220000,0.230211,711.613000,699.941000,683.703500,701.267727,1.189978,86.870721,1,train
AMZN,240,2016-05-12,16:30:00,2016-05-12T16:30:00+00:00,714.029000,722.279000,713.859000,715.889000,8989,8.420000,0.260494,714.219000,703.280000,685.964500,703.926140,1.170011,88.113832,1,train
AMZN,240,2016-05-12,20:30:00,2016-05-12T20:30:00+00:00,715.889000,716.689000,715.859000,716.689000,20,0.830000,0.111749,714.239000,707.060000,688.314000,706.246660,1.125004,87.608666,0,train
AMZN,240,2016-05-13,12:30:00,2016-05-13T12:30:00+00:00,713.369000,718.629000,706.359000,709.249000,8700,12.270000,-1.038107,713.649000,710.191000,690.276500,706.792540,1.218112,75.891940,0,train
AMZN,240,2016-05-13,16:30:00,2016-05-13T16:30:00+00:00,709.229000,713.779000,708.149000,708.999000,8532,5.630000,-0.035249,712.971000,711.178000,692.176500,707.193715,0.780952,75.557185,1,train
AMZN,240,2016-05-13,20:30:00,2016-05-13T20:30:00+00:00,709.009000,710.019000,709.009000,709.949000,12,1.010000,0.133992,712.155000,711.884000,694.394000,707.694676,0.768612,72.577727,0,train
AMZN,240,2016-05-16,12:30:00,2016-05-16T12:30:00+00:00,712.049000,712.599000,700.369000,707.029000,8950,12.230000,-0.411297,710.383000,712.301000,696.790500,707.573644,0.785494,73.410982,1,train
AMZN,240,2016-05-16,16:30:00,2016-05-16T16:30:00+00:00,707.059000,713.089000,706.429000,709.109000,8107,6.660000,0.294189,708.867000,711.553000,699.331000,707.852799,0.441435,75.453209,1,train
AMZN,240,2016-05-16,20:30:00,2016-05-16T20:30:00+00:00,709.079000,710.749000,709.079000,710.609000,81,1.670000,0.211533,709.139000,711.394000,701.752500,708.353927,0.411868,63.818007,0,train
AMZN,240,2016-05-17,12:30:00,2016-05-17T12:30:00+00:00,709.779000,713.659000,701.351000,704.499000,6740,12.308000,-0.859826,708.239000,710.605000,703.278500,707.653031,0.488587,51.834131,0,train
AMZN,240,2016-05-17,16:30:00,2016-05-17T16:30:00+00:00,704.469000,706.219000,693.669000,695.089000,9088,12.550000,-1.335701,705.267000,708.711000,704.326000,705.368662,0.604531,42.706965,0,train
AMZN,240,2016-05-17,20:30:00,2016-05-17T20:30:00+00:00,694.959000,695.359000,694.859000,694.909000,69,0.500000,-0.025896,702.843000,706.613000,704.946500,703.466905,0.583181,22.708963,1,train
AMZN,240,2016-05-18,12:30:00,2016-05-18T12:30:00+00:00,692.089000,702.059000,688.589000,698.039000,8983,13.470000,0.450419,700.629000,704.748000,705.904000,702.480013,0.618237,31.591264,0,train
AMZN,240,2016-05-18,16:30:00,2016-05-18T16:30:00+00:00,698.009000,701.099000,689.599000,696.919000,9830,11.500000,-0.160449,697.891000,703.515000,706.853000,701.468920,0.554795,30.363036,0,train
AMZN,240,2016-05-18,20:30:00,2016-05-18T20:30:00+00:00,696.929000,697.329000,696.319000,696.829000,23,1.010000,-0.012914,696.357000,702.298000,706.738000,700.625298,0.555460,27.272727,0,train
AMZN,240,2016-05-19,12:30:00,2016-05-19T12:30:00+00:00,695.839000,697.599000,689.379000,692.029000,6518,8.220000,-0.688835,695.745000,700.506000,706.195000,699.062335,0.566006,20.745463,1,train
AMZN,240,2016-05-19,16:30:00,2016-05-19T16:30:00+00:00,692.019000,699.199000,691.099000,698.439000,7354,8.100000,0.926262,696.451000,699.647000,705.974000,698.949001,0.672666,30.329812,1,train
AMZN,240,2016-05-19,20:30:00,2016-05-19T20:30:00+00:00,698.849000,698.849000,698.429000,698.449000,11,0.420000,0.001432,696.533000,698.581000,705.067000,698.858092,0.658859,36.139630,1,train
AMZN,240,2016-05-20,12:30:00,2016-05-20T12:30:00+00:00,700.309000,706.989000,697.849000,705.469000,6995,9.140000,1.005084,698.243000,698.067000,704.730500,700.060075,0.748810,46.140389,0,train
AMZN,240,2016-05-20,16:30:00,2016-05-20T16:30:00+00:00,705.479000,705.899000,701.419000,702.279000,6368,4.480000,-0.452181,699.333000,697.845000,704.225000,700.463516,0.711189,42.005420,0,train
AMZN,240,2016-05-20,20:30:00,2016-05-20T20:30:00+00:00,702.289000,702.829000,702.059000,702.059000,19,0.770000,-0.031327,701.339000,698.542000,703.626500,700.753604,0.545204,44.510713,0,train
AMZN,240,2016-05-23,12:30:00,2016-05-23T12:30:00+00:00,703.499000,706.449000,696.649000,699.219000,5289,9.800000,-0.404524,701.495000,698.973000,702.793000,700.474585,0.567692,39.257006,0,train
AMZN,240,2016-05-23,16:30:00,2016-05-23T16:30:00+00:00,699.199000,700.439000,695.249000,695.909000,5481,5.190000,-0.473385,700.987000,698.760000,701.754000,699.644479,0.572838,34.636288,0,train
AMZN,240,2016-05-23,20:30:00,2016-05-23T20:30:00+00:00,695.909000,696.129000,695.879000,695.899000,7,0.250000,-0.001437,699.073000,698.658000,701.086500,698.963483,0.570990,39.698131,1,train
AMZN,240,2016-05-24,12:30:00,2016-05-24T12:30:00+00:00,699.399000,707.229000,696.649000,705.949000,7467,10.580000,1.444175,699.807000,699.570000,700.934000,700.233577,0.733776,62.812647,0,train
AMZN,240,2016-05-24,16:30:00,2016-05-24T16:30:00+00:00,705.949000,706.779000,702.419000,703.109000,7541,4.360000,-0.402295,700.017000,700.678000,700.592000,700.756381,0.703091,59.103020,1,train
AMZN,240,2016-05-24,20:30:00,2016-05-24T20:30:00+00:00,703.829000,704.439000,703.829000,703.999000,19,0.610000,0.126581,700.973000,701.234000,700.440500,701.345948,0.649866,56.962617,1,train
AMZN,240,2016-05-25,12:30:00,2016-05-25T12:30:00+00:00,706.849000,710.449000,705.309000,708.719000,6303,5.140000,0.670455,703.535000,702.261000,700.421000,702.686503,0.674703,62.715517,0,train
AMZN,240,2016-05-25,16:30:00,2016-05-25T16:30:00+00:00,708.729000,710.379000,705.629000,707.549000,7369,4.750000,-0.165087,705.865000,702.469000,700.268000,703.570593,0.607708,61.288964,0,train
AMZN,240,2016-05-25,20:30:00,2016-05-25T20:30:00+00:00,707.549000,707.949000,707.519000,707.549000,13,0.430000,0.000000,706.185000,702.996000,700.420500,704.293940,0.584118,68.181818,1,train
AMZN,240,2016-05-26,12:30:00,2016-05-26T12:30:00+00:00,708.329000,714.369000,707.619000,712.769000,5225,6.750000,0.737758,708.117000,704.067000,701.304500,705.834860,0.618018,67.269221,1,train
AMZN,240,2016-05-26,16:30:00,2016-05-26T16:30:00+00:00,712.759000,714.719000,712.159000,713.929000,5573,2.560000,0.162746,710.103000,705.538000,702.255500,707.306522,0.586358,68.151970,1,train
AMZN,240,2016-05-26,20:30:00,2016-05-26T20:30:00+00:00,713.929000,714.929000,713.929000,714.869000,12,1.000000,0.131666,711.333000,707.434000,703.097000,708.681518,0.537165,62.855580,0,train
AMZN,240,2016-05-27,12:30:00,2016-05-27T12:30:00+00:00,715.299000,716.309000,712.519000,714.399000,4446,3.790000,-0.065746,712.703000,709.284000,703.971000,709.721060,0.541152,67.907801,0,train
AMZN,240,2016-05-27,16:30:00,2016-05-27T16:30:00+00:00,714.369000,714.839000,710.949000,711.739000,5596,3.890000,-0.372341,713.541000,709.863000,704.716500,710.087958,0.382658,63.340684,0,train
AMZN,240,2016-05-27,20:30:00,2016-05-27T20:30:00+00:00,712.239000,712.249000,711.449000,711.449000,10,0.800000,-0.040745,713.277000,710.697000,705.687500,710.335420,0.347215,68.129262,1,train
AMZN,240,2016-05-31,12:30:00,2016-05-31T12:30:00+00:00,713.989000,724.049000,711.169000,721.989000,8645,12.880000,1.481484,714.889000,712.496000,706.865000,712.454253,0.553678,81.835937,1,train
AMZN,240,2016-05-31,16:30:00,2016-05-31T16:30:00+00:00,721.989000,723.869000,718.509000,722.599000,10233,5.360000,0.084489,716.435000,713.884000,708.072500,714.298752,0.535414,82.122233,0,train
AMZN,240,2016-05-31,20:30:00,2016-05-31T20:30:00+00:00,722.599000,722.779000,722.549000,722.589000,16,0.230000,-0.001384,718.073000,715.388000,708.928500,715.806070,0.525579,76.395939,1,train
AMZN,240,2016-06-01,12:30:00,2016-06-01T12:30:00+00:00,719.299000,726.269000,718.429000,723.289000,6386,7.840000,0.096874,720.383000,716.962000,709.979000,717.166603,0.522123,84.343091,0,train
AMZN,240,2016-06-01,16:30:00,2016-06-01T16:30:00+00:00,723.499000,725.509000,717.969000,718.989000,6898,7.540000,-0.594506,721.891000,717.584000,710.825500,717.497948,0.545213,72.857579,1,train
AMZN,240,2016-06-01,20:30:00,2016-06-01T20:30:00+00:00,718.999000,719.499000,718.989000,719.429000,10,0.510000,0.061197,721.379000,718.134000,711.836000,717.849048,0.544616,68.782883,1,train
AMZN,240,2016-06-02,12:30:00,2016-06-02T12:30:00+00:00,718.919000,722.039000,715.489000,720.139000,5206,6.550000,0.098689,720.887000,718.661000,713.047500,718.265403,0.544356,72.442068,1,train
AMZN,240,2016-06-02,16:30:00,2016-06-02T16:30:00+00:00,720.109000,728.359000,719.489000,728.009000,6526,8.870000,1.092845,721.971000,720.022000,714.653000,720.036966,0.627989,78.479955,1,train
AMZN,240,2016-06-02,20:30:00,2016-06-02T20:30:00+00:00,727.989000,728.249000,727.979000,728.249000,11,0.270000,0.032967,722.963000,721.673000,715.768000,721.530063,0.600075,75.016160,0,train
AMZN,240,2016-06-03,12:30:00,2016-06-03T12:30:00+00:00,725.999000,726.999000,718.389000,723.629000,8330,8.610000,-0.634398,723.891000,722.891000,716.794000,721.911688,0.656663,64.098837,1,train
AMZN,240,2016-06-03,16:30:00,2016-06-03T16:30:00+00:00,723.609000,725.939000,722.749000,725.489000,6605,3.190000,0.257038,725.103000,723.241000,717.868500,722.562108,0.474106,65.033975,0,train
AMZN,240,2016-06-03,20:30:00,2016-06-03T20:30:00+00:00,725.479000,725.559000,724.819000,725.489000,23,0.740000,0.000000,726.173000,723.530000,718.707000,723.094271,0.474164,65.911047,1,train
AMZN,240,2016-06-06,12:30:00,2016-06-06T12:30:00+00:00,728.499000,731.369000,725.039000,727.439000,6597,6.330000,0.268784,726.059000,724.015000,719.701500,723.884221,0.479155,72.993556,0,train
AMZN,240,2016-06-06,16:30:00,2016-06-06T16:30:00+00:00,727.439000,728.939000,724.059000,726.199000,6439,4.880000,-0.170461,725.649000,724.306000,720.634000,724.305090,0.484787,71.017384,0,train
AMZN,240,2016-06-06,20:30:00,2016-06-06T20:30:00+00:00,726.189000,726.199000,726.189000,726.199000,2,0.010000,0.000000,726.163000,725.027000,721.305500,724.649437,0.431712,58.574338,0,train
AMZN,240,2016-06-07,12:30:00,2016-06-07T12:30:00+00:00,729.249000,729.699000,720.529000,724.969000,6264,9.170000,-0.169375,726.059000,725.581000,721.857500,724.707540,0.440129,54.707986,0,train
AMZN,240,2016-06-07,16:30:00,2016-06-07T16:30:00+00:00,724.989000,726.059000,721.059000,721.069000,5836,5.000000,-0.537954,725.175000,725.674000,722.167500,724.045987,0.480898,47.384721,1,train
AMZN,240,2016-06-07,20:30:00,2016-06-07T20:30:00+00:00,721.089000,723.999000,721.059000,723.969000,23,2.940000,0.402181,724.481000,725.270000,722.646000,724.031989,0.336711,51.087652,1,train
AMZN,240,2016-06-08,12:30:00,2016-06-08T12:30:00+00:00,725.479000,729.269000,721.599000,728.249000,5466,7.670000,0.591186,724.891000,725.270000,723.471500,724.798719,0.394287,64.820743,0,train
AMZN,240,2016-06-08,16:30:00,2016-06-08T16:30:00+00:00,728.249000,728.759000,722.489000,726.649000,5467,6.270000,-0.219705,724.981000,725.572000,724.231500,725.135133,0.337835,61.141975,0,train
AMZN,240,2016-06-08,20:30:00,2016-06-08T20:30:00+00:00,726.629000,726.899000,726.629000,726.629000,11,0.270000,-0.002752,725.313000,725.686000,724.463500,725.406746,0.329358,60.233365,0,train
AMZN,240,2016-06-09,12:30:00,2016-06-09T12:30:00+00:00,722.999000,728.519000,722.169000,725.169000,6034,6.350000,-0.200928,726.133000,725.654000,724.592000,725.363519,0.336507,44.387352,1,train
AMZN,240,2016-06-09,16:30:00,2016-06-09T16:30:00+00:00,725.139000,728.499000,725.079000,727.979000,6274,3.420000,0.387496,726.935000,725.708000,724.861500,725.839061,0.349055,49.515608,0,train
AMZN,240,2016-06-09,20:30:00,2016-06-09T20:30:00+00:00,727.999000,728.579000,726.999000,727.639000,28,1.580000,-0.046705,726.813000,725.852000,725.079000,726.166323,0.344186,58.499364,0,train
AMZN,240,2016-06-10,12:30:00,2016-06-10T12:30:00+00:00,723.989000,724.649000,716.169000,717.819000,6627,8.480000,-1.349570,725.047000,725.014000,725.020500,724.648628,0.553805,37.844691,1,train
AMZN,240,2016-06-10,16:30:00,2016-06-10T16:30:00+00:00,717.819000,719.359000,714.189000,718.249000,7231,5.170000,0.059904,723.371000,724.342000,724.961500,723.485059,0.556027,38.680425,0,train
AMZN,240,2016-06-10,20:30:00,2016-06-10T20:30:00+00:00,718.259000,718.329000,717.989000,717.989000,40,0.340000,-0.036199,721.935000,724.034000,724.854000,722.485776,0.533463,34.400792,0,train
AMZN,240,2016-06-13,12:30:00,2016-06-13T12:30:00+00:00,712.509000,721.589000,711.129000,717.739000,6122,10.460000,-0.034819,719.887000,723.411000,724.340500,721.622725,0.510482,35.563140,0,train
AMZN,240,2016-06-13,16:30:00,2016-06-13T16:30:00+00:00,717.709000,719.939000,714.029000,714.029000,6293,5.910000,-0.516901,717.165000,721.989000,723.629500,720.242048,0.465641,31.566192,0,train
AMZN,240,2016-06-13,20:30:00,2016-06-13T20:30:00+00:00,714.969000,714.989000,714.009000,714.029000,7,0.980000,0.000000,716.407000,720.727000,723.149500,719.112403,0.469566,32.787917,1,train
AMZN,240,2016-06-14,12:30:00,2016-06-14T12:30:00+00:00,712.699000,720.399000,711.769000,717.279000,6242,8.630000,0.455164,716.213000,719.792000,722.739000,718.779057,0.508814,43.912624,1,train
AMZN,240,2016-06-14,16:30:00,2016-06-14T16:30:00+00:00,717.149000,719.339000,713.409000,718.979000,5653,5.930000,0.237007,716.411000,719.173000,722.413500,718.815410,0.520574,41.663882,0,train
AMZN,240,2016-06-14,20:30:00,2016-06-14T20:30:00+00:00,718.749000,719.149000,716.199000,718.049000,24,2.950000,-0.129350,716.473000,718.180000,721.944000,718.676063,0.493461,30.812641,0,train
AMZN,240,2016-06-15,12:30:00,2016-06-15T12:30:00+00:00,719.529000,721.999000,714.069000,718.049000,5616,7.930000,0.000000,717.277000,717.221000,721.536500,718.562051,0.494622,32.786229,0,train
AMZN,240,2016-06-15,16:30:00,2016-06-15T16:30:00+00:00,718.059000,721.009000,712.969000,714.699000,7459,8.040000,-0.466542,717.411000,716.909000,720.961500,717.859678,0.289136,28.929707,1,train
AMZN,240,2016-06-15,20:30:00,2016-06-15T20:30:00+00:00,714.679000,714.909000,714.669000,714.799000,23,0.240000,0.013992,716.915000,716.564000,720.453000,717.303191,0.287678,30.760668,0,train
AMZN,240,2016-06-16,12:30:00,2016-06-16T12:30:00+00:00,714.029000,714.359000,705.239000,709.249000,5911,9.120000,-0.776442,714.969000,715.690000,719.862000,715.838793,0.368310,18.457393,1,train
AMZN,240,2016-06-16,16:30:00,2016-06-16T16:30:00+00:00,709.229000,717.889000,709.179000,717.049000,6183,8.710000,1.099755,714.769000,715.621000,719.516000,716.058831,0.535075,35.746972,0,train
AMZN,240,2016-06-16,20:30:00,2016-06-16T20:30:00+00:00,717.049000,717.989000,717.019000,717.019000,14,0.970000,-0.004184,714.563000,715.920000,718.954500,716.233407,0.504627,48.538012,0,train
AMZN,240,2016-06-17,12:30:00,2016-06-17T12:30:00+00:00,717.999000,717.999000,703.259000,704.719000,6731,14.740000,-1.715436,712.567000,714.989000,717.858000,714.139878,0.751857,32.755544,0,train
AMZN,240,2016-06-17,16:30:00,2016-06-17T16:30:00+00:00,704.729000,706.349000,699.149000,704.269000,7508,7.200000,-0.063855,710.461000,713.688000,716.740000,712.345173,0.724498,32.597666,1,train
AMZN,240,2016-06-17,20:30:00,2016-06-17T20:30:00+00:00,704.279000,704.799000,704.219000,704.499000,95,0.580000,0.032658,709.511000,712.240000,715.706500,710.918596,0.714222,33.197970,1,train
AMZN,240,2016-06-20,12:30:00,2016-06-20T12:30:00+00:00,713.729000,721.129000,710.569000,718.319000,10797,10.560000,1.961678,709.765000,712.267000,715.223500,712.264124,0.990262,54.332458,0,train
AMZN,240,2016-06-20,16:30:00,2016-06-20T16:30:00+00:00,718.349000,719.429000,709.979000,712.989000,9321,9.450000,-0.742010,708.959000,711.761000,714.491000,712.395920,1.018343,49.051787,1,train
AMZN,240,2016-06-20,20:30:00,2016-06-20T20:30:00+00:00,713.899000,714.979000,713.769000,714.489000,42,1.210000,0.210382,710.913000,711.740000,714.324500,712.776480,1.011236,47.372387,1,train
AMZN,240,2016-06-21,12:30:00,2016-06-21T12:30:00+00:00,715.999000,718.059000,712.759000,717.099000,5378,5.300000,0.365296,713.479000,711.970000,714.267000,713.562393,1.017794,48.259259,0,train
AMZN,240,2016-06-21,16:30:00,2016-06-21T16:30:00+00:00,717.089000,717.419000,712.969000,714.579000,4862,4.450000,-0.351416,715.495000,712.503000,714.096500,713.747230,0.988514,46.878935,0,train
AMZN,240,2016-06-21,20:30:00,2016-06-21T20:30:00+00:00,714.579000,714.579000,714.549000,714.549000,3,0.030000,-0.004198,714.741000,712.253000,713.937000,713.893007,0.921242,46.853650,0,train
AMZN,240,2016-06-22,12:30:00,2016-06-22T12:30:00+00:00,716.309000,717.259000,707.279000,710.799000,5488,9.980000,-0.524807,714.303000,711.631000,713.775500,713.330460,0.934171,46.519100,0,train
AMZN,240,2016-06-22,16:30:00,2016-06-22T16:30:00+00:00,710.779000,713.939000,709.479000,710.099000,5211,4.460000,-0.098481,713.425000,712.169000,713.579000,712.742922,0.740013,45.849523,0,train
AMZN,240,2016-06-22,20:30:00,2016-06-22T20:30:00+00:00,710.099000,710.419000,709.779000,710.069000,42,0.640000,-0.004225,712.019000,712.749000,713.218500,712.256754,0.738978,50.802348,1,train
AMZN,240,2016-06-23,12:30:00,2016-06-23T12:30:00+00:00,714.479000,720.549000,712.469000,719.249000,5642,8.080000,1.292832,712.953000,714.224000,713.232000,713.528072,0.830890,52.096037,1,train
AMZN,240,2016-06-23,16:30:00,2016-06-23T16:30:00+00:00,719.239000,722.309000,716.719000,722.019000,5765,5.590000,0.385124,714.447000,714.594000,713.430500,715.071877,0.570451,54.527345,1,train
AMZN,240,2016-06-23,20:30:00,2016-06-23T20:30:00+00:00,722.019000,722.969000,722.019000,722.199000,41,0.950000,0.024930,716.727000,715.515000,713.638000,716.367717,0.498764,70.278422,0,train
AMZN,240,2016-06-24,12:30:00,2016-06-24T12:30:00+00:00,700.589000,712.009000,692.159000,701.279000,9333,19.850000,-2.896709,714.963000,714.194000,712.967000,713.624314,1.076267,47.648262,0,train
AMZN,240,2016-06-24,16:30:00,2016-06-24T16:30:00+00:00,701.279000,704.009000,695.229000,699.919000,10211,8.780000,-0.193931,712.933000,712.476000,712.223000,711.132439,1.059110,46.460587,0,train
AMZN,240,2016-06-24,20:30:00,2016-06-24T20:30:00+00:00,699.909000,699.999000,699.469000,699.569000,55,0.530000,-0.050006,708.997000,710.975000,711.739000,709.029995,1.059784,31.700176,0,train
AMZN,240,2016-06-27,12:30:00,2016-06-27T12:30:00+00:00,689.989000,695.279000,682.219000,691.259000,10256,13.060000,-1.187874,702.845000,708.646000,710.449500,705.798905,1.099963,29.957572,0,train
AMZN,240,2016-06-27,16:30:00,2016-06-27T16:30:00+00:00,691.269000,696.409000,686.969000,689.999000,10632,9.440000,-0.182276,696.405000,706.566000,709.098500,702.926195,1.098393,27.311469,0,train
AMZN,240,2016-06-27,20:30:00,2016-06-27T20:30:00+00:00,689.999000,690.019000,688.979000,688.999000,18,1.040000,-0.144928,693.949000,704.456000,708.312500,700.393978,1.097586,23.166539,1,train
AMZN,240,2016-06-28,12:30:00,2016-06-28T12:30:00+00:00,700.499000,706.279000,698.069000,705.149000,8356,8.210000,2.343980,694.995000,703.964000,708.356500,701.258527,1.381377,42.854978,1,train
AMZN,240,2016-06-28,16:30:00,2016-06-28T16:30:00+00:00,705.139000,707.959000,702.549000,707.099000,8811,5.410000,0.276537,696.501000,702.749000,708.486500,702.320432,1.306048,44.514799,1,train
AMZN,240,2016-06-28,20:30:00,2016-06-28T20:30:00+00:00,707.109000,707.639000,706.589000,707.109000,16,1.050000,0.001414,699.671000,701.258000,707.926000,703.191080,1.293750,47.124825,1,train
AMZN,240,2016-06-29,12:30:00,2016-06-29T12:30:00+00:00,712.549000,719.319000,712.519000,719.299000,7157,6.800000,1.723921,705.531000,700.968000,708.241500,706.119793,1.430980,56.079831,0,train
AMZN,240,2016-06-29,16:30:00,2016-06-29T16:30:00+00:00,719.299000,719.299000,714.429000,715.699000,6614,4.870000,-0.500487,710.871000,702.410000,708.302000,707.861467,1.046858,53.552947,1,train
AMZN,240,2016-06-29,20:30:00,2016-06-29T20:30:00+00:00,715.699000,716.669000,714.999000,716.369000,43,1.670000,0.093615,713.115000,704.055000,708.265500,709.408291,1.038488,47.963801,1,train
AMZN,240,2016-06-30,12:30:00,2016-06-30T12:30:00+00:00,716.019000,719.059000,712.479000,717.809000,6971,6.580000,0.201014,715.257000,705.879000,708.427000,710.935693,1.033792,46.966422,0,train
AMZN,240,2016-06-30,16:30:00,2016-06-30T16:30:00+00:00,717.779000,718.619000,714.499000,714.709000,9459,4.120000,-0.431870,716.777000,708.224000,708.435000,711.621749,0.939264,44.820910,1,train
AMZN,240,2016-06-30,20:30:00,2016-06-30T20:30:00+00:00,714.999000,715.999000,714.989000,715.849000,30,1.010000,0.159505,716.087000,710.809000,708.687500,712.390340,0.924325,63.868266,1,train
AMZN,240,2016-07-01,12:30:00,2016-07-01T12:30:00+00:00,717.039000,727.599000,715.469000,724.429000,6505,12.130000,1.198577,717.833000,714.352000,709.404000,714.579187,0.938330,70.510460,1,train
AMZN,240,2016-07-01,16:30:00,2016-07-01T16:30:00+00:00,724.479000,725.999000,723.109000,725.489000,5926,2.890000,0.146322,719.657000,716.386000,710.175000,716.562789,0.682734,71.435660,0,train
AMZN,240,2016-07-01,20:30:00,2016-07-01T20:30:00+00:00,725.489000,725.989000,724.499000,724.499000,7,1.490000,-0.136460,720.995000,718.126000,710.437500,718.005737,0.695794,81.275875,0,train
AMZN,240,2016-07-05,12:30:00,2016-07-05T12:30:00+00:00,722.099000,724.899000,720.239000,722.549000,7296,4.660000,-0.269152,722.563000,719.670000,710.464000,718.831785,0.711427,80.234070,1,train
AMZN,240,2016-07-05,16:30:00,2016-07-05T16:30:00+00:00,722.559000,729.439000,719.619000,728.369000,7323,9.820000,0.805482,725.067000,720.577000,710.772500,720.565824,0.532192,83.563512,1,train
AMZN,240,2016-07-05,20:30:00,2016-07-05T20:30:00+00:00,729.199000,729.399000,728.369000,729.179000,34,1.030000,0.111207,726.017000,721.925000,712.167500,722.131856,0.485177,77.741861,1,train
AMZN,240,2016-07-06,12:30:00,2016-07-06T12:30:00+00:00,725.019000,736.399000,722.519000,736.249000,8161,13.880000,0.969584,728.169000,723.913000,713.984000,724.698609,0.542024,80.094982,1,train
AMZN,240,2016-07-06,16:30:00,2016-07-06T16:30:00+00:00,736.209000,738.049000,733.789000,736.769000,8595,4.260000,0.070628,730.623000,725.809000,715.844000,726.893226,0.545570,80.302411,1,train
AMZN,240,2016-07-06,20:30:00,2016-07-06T20:30:00+00:00,736.749000,737.759000,735.979000,737.169000,20,1.780000,0.054291,733.547000,728.055000,718.139500,728.761548,0.496264,74.051144,0,train
AMZN,240,2016-07-07,12:30:00,2016-07-07T12:30:00+00:00,738.719000,739.849000,731.669000,734.529000,7171,8.180000,-0.358127,734.779000,729.923000,720.366000,729.810176,0.538979,76.015474,1,train
AMZN,240,2016-07-07,16:30:00,2016-07-07T16:30:00+00:00,734.509000,736.539000,731.729000,735.479000,5439,4.810000,0.129335,736.039000,731.028000,722.690000,730.840871,0.426180,76.199616,1,train
AMZN,240,2016-07-07,20:30:00,2016-07-07T20:30:00+00:00,735.509000,735.509000,735.499000,735.509000,5,0.010000,0.004079,735.891000,732.030000,724.208000,731.689622,0.428768,75.242442,1,train
AMZN,240,2016-07-08,12:30:00,2016-07-08T12:30:00+00:00,737.499000,744.469000,737.469000,743.099000,7091,7.000000,1.031938,737.157000,733.890000,726.008000,733.764054,0.499072,85.891277,1,train
AMZN,240,2016-07-08,16:30:00,2016-07-08T16:30:00+00:00,743.129000,745.979000,742.709000,745.499000,6041,3.270000,0.322972,738.823000,736.185000,727.927500,735.897681,0.463869,86.326881,0,train
AMZN,240,2016-07-08,20:30:00,2016-07-08T20:30:00+00:00,745.459000,745.579000,744.169000,744.179000,21,1.410000,-0.177063,740.753000,737.766000,729.171500,737.403375,0.452142,79.433681,1,train
AMZN,240,2016-07-11,12:30:00,2016-07-11T12:30:00+00:00,749.469000,755.489000,746.969000,754.469000,6609,8.520000,1.382732,744.551000,740.295000,731.110000,740.506216,0.580114,83.870968,0,train
AMZN,240,2016-07-11,16:30:00,2016-07-11T16:30:00+00:00,754.469000,755.799000,752.009000,753.749000,5766,3.790000,-0.095431,748.199000,742.045000,732.979000,742.913995,0.549248,84.403670,0,train
AMZN,240,2016-07-11,20:30:00,2016-07-11T20:30:00+00:00,753.739000,753.749000,752.479000,753.029000,29,1.270000,-0.095523,750.185000,743.671000,734.740000,744.753087,0.557279,86.918605,0,train
AMZN,240,2016-07-12,12:30:00,2016-07-12T12:30:00+00:00,758.159000,759.149000,746.569000,751.009000,7327,12.580000,-0.268250,751.287000,745.055000,736.555000,745.890526,0.576918,80.202775,0,train
AMZN,240,2016-07-12,16:30:00,2016-07-12T16:30:00+00:00,750.989000,753.589000,740.299000,747.559000,9293,13.290000,-0.459382,751.963000,746.358000,738.140500,746.193885,0.588337,72.906281,0,train
AMZN,240,2016-07-12,20:30:00,2016-07-12T20:30:00+00:00,747.559000,747.559000,747.539000,747.559000,7,0.020000,0.000000,750.581000,747.566000,739.297000,746.442087,0.590930,67.110439,0,train
AMZN,240,2016-07-13,12:30:00,2016-07-13T12:30:00+00:00,746.979000,756.699000,741.219000,744.009000,7876,15.480000,-0.474879,748.633000,748.416000,740.223000,745.999708,0.623879,60.033259,0,train
AMZN,240,2016-07-13,16:30:00,2016-07-13T16:30:00+00:00,743.999000,745.999000,741.969000,743.099000,5645,4.030000,-0.122310,746.647000,748.416000,741.153000,745.472306,0.536375,58.103307,0,train
AMZN,240,2016-07-13,20:30:00,2016-07-13T20:30:00+00:00,742.669000,742.979000,742.669000,742.879000,13,0.310000,-0.029606,745.021000,748.154000,742.169500,745.000796,0.524333,62.218320,0,train
AMZN,240,2016-07-14,12:30:00,2016-07-14T12:30:00+00:00,747.729000,748.849000,742.379000,742.489000,5621,6.470000,-0.052498,744.007000,747.985000,742.875500,744.544106,0.522030,60.428444,0,train
AMZN,240,2016-07-14,16:30:00,2016-07-14T16:30:00+00:00,742.469000,744.199000,738.979000,740.569000,6100,5.220000,-0.258590,742.609000,746.595000,743.445000,743.821359,0.172416,57.126761,0,train
AMZN,240,2016-07-14,20:30:00,2016-07-14T20:30:00+00:00,740.529000,740.699000,740.499000,740.549000,8,0.200000,-0.002701,741.917000,745.275000,743.660000,743.226385,0.180128,45.435016,0,train
AMZN,240,2016-07-15,12:30:00,2016-07-15T12:30:00+00:00,741.199000,745.969000,735.099000,736.089000,6280,10.870000,-0.602256,740.515000,743.581000,743.626000,741.928679,0.221404,34.311437,0,train
AMZN,240,2016-07-15,16:30:00,2016-07-15T16:30:00+00:00,736.109000,736.129000,734.019000,734.189000,5887,2.110000,-0.258121,738.777000,741.899000,743.477000,740.521464,0.221217,33.660451,0,train
AMZN,240,2016-07-15,20:30:00,2016-07-15T20:30:00+00:00,734.039000,734.699000,732.159000,733.999000,70,2.540000,-0.025879,737.079000,740.543000,743.450500,739.335562,0.212721,0.000000,1,train
AMZN,240,2016-07-18,12:30:00,2016-07-18T12:30:00+00:00,735.999000,741.499000,728.639000,739.099000,6064,12.860000,0.694824,736.785000,739.697000,743.631500,739.292550,0.348906,20.523139,0,train
AMZN,240,2016-07-18,16:30:00,2016-07-18T16:30:00+00:00,739.049000,739.199000,732.019000,734.969000,5118,7.180000,-0.558788,735.669000,738.793000,743.604500,738.506450,0.359421,18.046709,0,train
AMZN,240,2016-07-18,20:30:00,2016-07-18T20:30:00+00:00,734.489000,735.289000,733.979000,733.979000,27,1.310000,-0.134700,735.247000,737.881000,743.148500,737.683278,0.359446,18.729343,1,train
AMZN,240,2016-07-19,12:30:00,2016-07-19T12:30:00+00:00,733.059000,743.209000,732.039000,739.519000,5041,11.170000,0.754790,736.313000,737.545000,742.849500,738.017045,0.454949,36.289222,0,train
AMZN,240,2016-07-19,16:30:00,2016-07-19T16:30:00+00:00,739.479000,741.499000,737.999000,739.469000,4548,3.500000,-0.006761,737.407000,737.243000,742.614000,738.281037,0.455089,36.227443,1,train
AMZN,240,2016-07-19,20:30:00,2016-07-19T20:30:00+00:00,739.499000,740.399000,739.479000,740.199000,22,0.920000,0.098719,737.627000,737.206000,741.900500,738.629758,0.450002,42.824859,1,train
AMZN,240,2016-07-20,12:30:00,2016-07-20T12:30:00+00:00,742.329000,746.019000,740.489000,743.269000,4366,5.530000,0.414753,739.287000,737.478000,741.376500,739.473256,0.469103,50.296064,1,train
AMZN,240,2016-07-20,16:30:00,2016-07-20T16:30:00+00:00,743.229000,746.599000,741.979000,744.499000,4997,4.620000,0.165485,741.391000,738.319000,740.950000,740.387028,0.412098,52.725437,1,train
AMZN,240,2016-07-20,20:30:00,2016-07-20T20:30:00+00:00,745.819000,746.309000,745.779000,746.069000,17,0.530000,0.210880,742.701000,739.507000,740.703000,741.420114,0.391143,55.792880,0,train
AMZN,240,2016-07-21,12:30:00,2016-07-21T12:30:00+00:00,747.879000,749.209000,743.719000,744.349000,6039,5.490000,-0.230542,743.677000,740.542000,740.542500,741.952638,0.407057,56.156352,0,train
AMZN,240,2016-07-21,16:30:00,2016-07-21T16:30:00+00:00,744.349000,745.859000,742.769000,742.999000,5260,3.090000,-0.181367,744.237000,740.932000,740.314500,742.142886,0.366887,53.824539,1,train
AMZN,240,2016-07-21,20:30:00,2016-07-21T20:30:00+00:00,742.969000,743.699000,742.969000,743.389000,12,0.730000,0.052490,744.261000,741.774000,740.283500,742.369452,0.298049,63.054363,1,train
AMZN,240,2016-07-22,12:30:00,2016-07-22T12:30:00+00:00,742.969000,751.179000,742.969000,749.989000,6105,8.210000,0.887826,745.359000,743.375000,740.628000,743.754825,0.369855,74.188610,0,train
AMZN,240,2016-07-22,16:30:00,2016-07-22T16:30:00+00:00,749.999000,750.209000,743.479000,744.049000,5627,6.730000,-0.792012,744.955000,743.828000,740.686500,743.808311,0.437113,63.082531,1,train
AMZN,240,2016-07-22,20:30:00,2016-07-22T20:30:00+00:00,744.049000,744.899000,744.039000,744.249000,19,0.860000,0.026880,744.935000,744.306000,740.774500,743.888436,0.436654,57.684273,0,train
AMZN,240,2016-07-25,12:30:00,2016-07-25T12:30:00+00:00,746.999000,747.839000,738.169000,738.899000,5789,9.670000,-0.718845,744.115000,744.176000,740.691000,742.981266,0.501437,55.657933,1,train
AMZN,240,2016-07-25,16:30:00,2016-07-25T16:30:00+00:00,738.889000,741.239000,735.329000,738.999000,5403,5.910000,0.013534,743.237000,743.749000,740.613500,742.257218,0.478634,57.417258,0,train
AMZN,240,2016-07-25,20:30:00,2016-07-25T20:30:00+00:00,738.979000,739.629000,738.969000,738.969000,10,0.660000,-0.004060,741.033000,743.196000,740.757500,741.659360,0.472863,49.029298,0,train
AMZN,240,2016-07-26,12:30:00,2016-07-26T12:30:00+00:00,740.999000,742.769000,735.339000,735.719000,6065,7.430000,-0.439802,739.367000,742.161000,740.834000,740.579294,0.474146,44.053283,0,train
AMZN,240,2016-07-26,16:30:00,2016-07-26T16:30:00+00:00,735.839000,736.299000,732.479000,735.199000,5867,3.820000,-0.070679,737.557000,741.246000,740.894000,739.601059,0.473396,42.017880,1,train
AMZN,240,2016-07-26,20:30:00,2016-07-26T20:30:00+00:00,735.189000,737.989000,735.169000,737.679000,69,2.820000,0.337324,737.313000,740.714000,740.823000,739.251594,0.494201,40.904653,0,train
AMZN,240,2016-07-27,12:30:00,2016-07-27T12:30:00+00:00,739.569000,740.669000,734.479000,736.069000,7481,6.190000,-0.218252,736.727000,739.982000,740.878000,738.672940,0.494116,36.451302,1,train
AMZN,240,2016-07-27,16:30:00,2016-07-27T16:30:00+00:00,736.049000,743.519000,733.119000,742.099000,9170,10.400000,0.819217,737.353000,739.193000,741.284000,739.295860,0.479160,44.419455,0,train
AMZN,240,2016-07-27,20:30:00,2016-07-27T20:30:00+00:00,742.099000,742.479000,739.969000,739.969000,105,2.510000,-0.287024,738.203000,738.785000,741.306500,739.418249,0.421855,43.913285,1,train
AMZN,240,2016-07-28,12:30:00,2016-07-28T12:30:00+00:00,741.699000,749.699000,739.499000,747.639000,9701,10.200000,1.036530,740.691000,739.124000,741.715000,740.912931,0.545973,55.484634,1,train
AMZN,240,2016-07-28,16:30:00,2016-07-28T16:30:00+00:00,747.639000,783.999000,717.639000,764.469000,13222,66.360000,2.251086,746.049000,741.681000,742.928500,745.195853,0.821477,67.943480,1,train
AMZN,240,2016-07-28,20:30:00,2016-07-28T20:30:00+00:00,764.479000,769.609000,760.489000,768.019000,1141,9.120000,0.464375,752.439000,744.583000,744.166000,749.345516,0.813673,66.187825,0,train
AMZN,240,2016-07-29,12:30:00,2016-07-29T12:30:00+00:00,767.999000,769.739000,755.129000,763.589000,11422,14.610000,-0.576809,756.737000,747.045000,745.120500,751.935240,0.863064,68.032484,0,train
AMZN,240,2016-07-29,16:30:00,2016-07-29T16:30:00+00:00,763.609000,764.119000,755.549000,759.479000,9616,8.570000,-0.538248,760.639000,749.421000,745.791000,753.306833,0.873341,63.108969,1,train
AMZN,240,2016-07-29,20:30:00,2016-07-29T20:30:00+00:00,759.499000,759.679000,759.399000,759.579000,52,0.280000,0.013167,763.027000,751.859000,746.552500,754.447227,0.869549,69.568509,1,train
AMZN,240,2016-08-01,12:30:00,2016-08-01T12:30:00+00:00,757.989000,770.389000,757.049000,766.499000,8253,13.340000,0.911031,763.433000,754.741000,747.727500,756.638458,0.888789,73.047268,1,train
AMZN,240,2016-08-01,16:30:00,2016-08-01T16:30:00+00:00,766.479000,769.199000,766.229000,766.519000,9154,2.970000,0.002609,763.133000,757.786000,748.884000,758.434921,0.874696,73.093043,0,train
AMZN,240,2016-08-01,20:30:00,2016-08-01T20:30:00+00:00,766.519000,766.519000,766.489000,766.489000,11,0.030000,-0.003914,763.713000,760.225000,749.709000,759.899299,0.870586,77.263867,0,train
AMZN,240,2016-08-02,12:30:00,2016-08-02T12:30:00+00:00,765.109000,765.739000,756.969000,760.859000,9785,8.770000,-0.734518,763.989000,762.314000,750.549500,760.073790,0.915988,70.848229,0,train
AMZN,240,2016-08-02,16:30:00,2016-08-02T16:30:00+00:00,760.859000,763.059000,758.099000,760.269000,7928,4.960000,-0.077544,764.127000,763.577000,751.350500,760.109283,0.881181,68.935457,1,train
AMZN,240,2016-08-02,20:30:00,2016-08-02T20:30:00+00:00,759.969000,760.699000,759.569000,760.699000,15,1.130000,0.056559,762.967000,763.200000,752.440500,760.216504,0.493694,71.062083,0,train
AMZN,240,2016-08-03,12:30:00,2016-08-03T12:30:00+00:00,757.569000,758.699000,752.219000,753.409000,8057,6.480000,-0.958329,760.345000,761.739000,753.161000,758.978776,0.532962,59.467604,1,train
AMZN,240,2016-08-03,16:30:00,2016-08-03T16:30:00+00:00,753.399000,755.759000,752.489000,753.829000,6716,3.270000,0.055747,757.813000,760.763000,753.904000,758.042453,0.519396,61.944157,1,train
AMZN,240,2016-08-03,20:30:00,2016-08-03T20:30:00+00:00,753.829000,754.029000,752.789000,754.019000,18,1.240000,0.025205,756.445000,760.217000,754.819000,757.310916,0.500070,56.311832,1,train
AMZN,240,2016-08-04,12:30:00,2016-08-04T12:30:00+00:00,753.989000,764.689000,750.299000,762.609000,8261,14.390000,1.139229,756.913000,760.520000,756.189500,758.274204,0.630819,47.801418,0,train
AMZN,240,2016-08-04,16:30:00,2016-08-04T16:30:00+00:00,762.599000,763.309000,759.039000,760.299000,5218,4.270000,-0.302908,756.833000,759.900000,757.320500,758.642349,0.557457,40.599123,1,train
AMZN,240,2016-08-04,20:30:00,2016-08-04T20:30:00+00:00,760.279000,760.699000,759.519000,760.519000,16,1.180000,0.028936,758.255000,759.300000,758.543000,758.983558,0.557951,45.834464,1,train
AMZN,240,2016-08-05,12:30:00,2016-08-05T12:30:00+00:00,759.989000,768.369000,759.989000,767.409000,6693,8.380000,0.905960,760.971000,759.392000,759.808500,760.515457,0.639457,60.005047,0,train
AMZN,240,2016-08-05,16:30:00,2016-08-05T16:30:00+00:00,767.439000,767.609000,765.069000,765.109000,5407,2.540000,-0.299710,763.189000,759.817000,761.065500,761.350646,0.596240,56.610088,0,train
AMZN,240,2016-08-05,20:30:00,2016-08-05T20:30:00+00:00,765.059000,765.069000,765.059000,765.069000,2,0.010000,-0.005228,763.681000,760.297000,761.937000,762.026711,0.594860,47.954220,0,train
AMZN,240,2016-08-08,12:30:00,2016-08-08T12:30:00+00:00,766.999000,767.059000,760.999000,762.559000,6044,6.060000,-0.328075,764.133000,760.483000,761.841500,762.123491,0.607730,44.711538,1,train
AMZN,240,2016-08-08,16:30:00,2016-08-08T16:30:00+00:00,762.529000,766.609000,762.399000,764.539000,5214,4.210000,0.259652,764.937000,761.596000,761.667500,762.562674,0.501238,47.524752,1,train
AMZN,240,2016-08-08,20:30:00,2016-08-08T20:30:00+00:00,764.539000,766.559000,764.539000,766.139000,6,2.020000,0.209276,764.683000,762.827000,761.795000,763.212915,0.500453,57.466063,1,train
AMZN,240,2016-08-09,12:30:00,2016-08-09T12:30:00+00:00,767.499000,772.519000,762.969000,770.389000,4927,9.550000,0.554730,765.739000,764.464000,762.340500,764.517658,0.512104,62.967709,0,train
AMZN,240,2016-08-09,16:30:00,2016-08-09T16:30:00+00:00,770.369000,770.559000,766.469000,768.189000,4508,4.090000,-0.285570,766.363000,765.022000,762.771000,765.185175,0.415933,59.181172,0,train
AMZN,240,2016-08-09,20:30:00,2016-08-09T20:30:00+00:00,768.199000,768.309000,767.969000,767.969000,10,0.340000,-0.028639,767.445000,765.789000,762.844500,765.691325,0.396949,71.589561,0,train
AMZN,240,2016-08-10,12:30:00,2016-08-10T12:30:00+00:00,769.499000,772.029000,766.079000,767.169000,4349,5.950000,-0.104171,767.971000,766.454000,762.877000,765.959993,0.401841,69.560117,1,train
AMZN,240,2016-08-10,16:30:00,2016-08-10T16:30:00+00:00,767.169000,768.889000,766.049000,767.989000,3924,2.840000,0.106886,768.341000,766.512000,762.952000,766.328903,0.282931,70.112295,0,train
AMZN,240,2016-08-10,20:30:00,2016-08-10T20:30:00+00:00,766.049000,767.999000,766.039000,767.829000,7,1.960000,-0.020834,767.829000,766.784000,763.300500,766.601648,0.262226,59.923954,1,train
AMZN,240,2016-08-11,12:30:00,2016-08-11T12:30:00+00:00,770.499000,773.559000,769.019000,769.679000,4750,4.540000,0.240939,768.127000,767.245000,763.771000,767.161167,0.269403,68.150155,1,train
AMZN,240,2016-08-11,16:30:00,2016-08-11T16:30:00+00:00,769.759000,772.299000,769.569000,771.119000,4280,2.730000,0.187091,768.757000,768.101000,764.292000,767.880773,0.233757,69.586105,0,train
AMZN,240,2016-08-11,20:30:00,2016-08-11T20:30:00+00:00,771.109000,771.369000,770.769000,770.799000,19,0.600000,-0.041498,769.483000,768.727000,765.161500,768.411360,0.232004,58.272328,1,train
AMZN,240,2016-08-12,12:30:00,2016-08-12T12:30:00+00:00,771.499000,772.039000,768.269000,771.289000,5868,3.770000,0.063570,770.143000,769.242000,766.034500,768.934567,0.227644,66.541756,1,train
AMZN,240,2016-08-12,16:30:00,2016-08-12T16:30:00+00:00,771.289000,773.009000,770.509000,772.369000,6744,2.500000,0.140025,771.051000,769.440000,766.952000,769.559009,0.155227,68.509128,0,train
AMZN,240,2016-08-12,20:30:00,2016-08-12T20:30:00+00:00,772.399000,772.399000,771.719000,771.999000,44,0.680000,-0.047905,771.515000,769.821000,767.421500,770.002644,0.115326,76.848692,0,train
AMZN,240,2016-08-15,12:30:00,2016-08-15T12:30:00+00:00,771.469000,772.599000,767.669000,769.439000,5693,4.930000,-0.331607,771.179000,769.968000,767.878500,769.900163,0.166563,63.491189,0,train
AMZN,240,2016-08-15,16:30:00,2016-08-15T16:30:00+00:00,769.419000,769.799000,767.629000,768.329000,4624,2.170000,-0.144261,770.685000,770.084000,768.269000,769.614497,0.170304,56.196944,0,train
AMZN,240,2016-08-15,20:30:00,2016-08-15T20:30:00+00:00,768.719000,768.719000,768.319000,768.319000,9,0.400000,-0.001302,770.091000,770.117000,768.314500,769.378952,0.167244,42.293373,0,train
AMZN,240,2016-08-16,12:30:00,2016-08-16T12:30:00+00:00,767.329000,768.519000,763.789000,765.499000,5142,4.730000,-0.367035,768.717000,769.884000,768.334000,768.673506,0.204693,40.427046,0,train
AMZN,240,2016-08-16,16:30:00,2016-08-16T16:30:00+00:00,765.509000,766.079000,762.979000,763.469000,4929,3.100000,-0.265186,767.011000,769.263000,768.254000,767.727232,0.192406,35.813367,1,train
AMZN,240,2016-08-16,20:30:00,2016-08-16T20:30:00+00:00,763.979000,764.229000,763.489000,764.229000,6,0.740000,0.099546,765.969000,768.574000,768.337500,767.091190,0.180484,40.707965,0,train
AMZN,240,2016-08-17,12:30:00,2016-08-17T12:30:00+00:00,763.009000,764.389000,759.059000,760.629000,5271,5.330000,-0.471063,764.429000,767.557000,768.142000,765.916247,0.215496,30.215054,1,train
AMZN,240,2016-08-17,16:30:00,2016-08-17T16:30:00+00:00,760.599000,764.959000,760.109000,764.149000,5886,4.850000,0.462775,763.595000,766.843000,768.042500,765.594929,0.282437,41.621129,0,train
AMZN,240,2016-08-17,20:30:00,2016-08-17T20:30:00+00:00,764.159000,764.299000,762.619000,762.639000,16,1.680000,-0.197605,763.023000,765.870000,767.655000,765.057487,0.271508,33.718779,1,train
AMZN,240,2016-08-18,12:30:00,2016-08-18T12:30:00+00:00,763.989000,765.069000,760.519000,763.039000,5029,4.550000,0.052449,762.937000,764.974000,767.397500,764.690490,0.276538,30.369291,1,train
AMZN,240,2016-08-18,16:30:00,2016-08-18T16:30:00+00:00,763.179000,764.479000,760.549000,763.329000,4829,3.930000,0.038006,762.757000,764.363000,767.165500,764.442946,0.269170,31.824818,0,train
AMZN,240,2016-08-18,20:30:00,2016-08-18T20:30:00+00:00,763.359000,763.699000,762.979000,762.979000,11,0.720000,-0.045852,763.227000,763.828000,766.956000,764.176774,0.268332,29.642332,0,train
AMZN,240,2016-08-19,12:30:00,2016-08-19T12:30:00+00:00,760.409000,762.619000,756.859000,758.709000,5882,5.760000,-0.559648,762.139000,762.867000,766.492000,763.182633,0.307753,21.059322,0,train
AMZN,240,2016-08-19,16:30:00,2016-08-19T16:30:00+00:00,758.709000,759.439000,756.519000,756.519000,5713,2.920000,-0.288648,760.915000,761.969000,765.926500,761.971064,0.301855,19.551534,0,train
AMZN,240,2016-08-19,20:30:00,2016-08-19T20:30:00+00:00,756.509000,756.879000,756.509000,756.519000,10,0.370000,0.000000,759.611000,761.274000,765.268500,760.979779,0.299077,21.741032,1,train
AMZN,240,2016-08-22,12:30:00,2016-08-22T12:30:00+00:00,755.979000,758.989000,752.059000,758.259000,6290,6.930000,0.230001,758.597000,760.677000,764.625500,760.485092,0.310923,28.565347,1,train
AMZN,240,2016-08-22,16:30:00,2016-08-22T16:30:00+00:00,758.229000,759.649000,756.099000,758.719000,5267,3.550000,0.060665,757.745000,760.486000,764.021500,760.163985,0.280172,29.949875,1,train
AMZN,240,2016-08-22,20:30:00,2016-08-22T20:30:00+00:00,758.749000,758.749000,758.729000,758.749000,5,0.020000,0.003954,757.753000,759.946000,763.394500,759.906715,0.223240,34.042553,1,train
AMZN,240,2016-08-23,12:30:00,2016-08-23T12:30:00+00:00,762.249000,764.499000,760.969000,762.699000,4355,3.530000,0.520594,758.989000,759.952000,762.911000,760.414403,0.284883,48.331166,0,train
AMZN,240,2016-08-23,16:30:00,2016-08-23T16:30:00+00:00,762.699000,763.949000,760.529000,760.529000,5215,3.420000,-0.284516,759.791000,759.701000,762.337500,760.435239,0.297778,42.442810,1,train
AMZN,240,2016-08-23,20:30:00,2016-08-23T20:30:00+00:00,761.659000,761.659000,761.659000,761.659000,1,0.000000,0.148581,760.471000,759.534000,761.948500,760.657741,0.302701,52.339846,0,train
AMZN,240,2016-08-24,12:30:00,2016-08-24T12:30:00+00:00,762.999000,763.759000,758.619000,758.749000,5469,5.140000,-0.382061,760.477000,759.111000,761.469500,760.310697,0.323654,37.383178,0,train
AMZN,240,2016-08-24,16:30:00,2016-08-24T16:30:00+00:00,758.739000,760.449000,755.299000,756.669000,7396,5.150000,-0.274135,760.061000,758.907000,760.887000,759.648570,0.284415,36.413291,0,train
AMZN,240,2016-08-24,20:30:00,2016-08-24T20:30:00+00:00,756.699000,756.989000,756.669000,756.669000,16,0.320000,0.000000,758.855000,758.922000,760.445500,759.106830,0.269095,35.234121,1,train
AMZN,240,2016-08-25,12:30:00,2016-08-25T12:30:00+00:00,756.199000,758.749000,754.649000,758.149000,6236,4.100000,0.195594,758.379000,759.085000,760.179500,758.932679,0.275930,38.620387,1,train
AMZN,240,2016-08-25,16:30:00,2016-08-25T16:30:00+00:00,758.149000,760.519000,755.099000,759.219000,6342,5.420000,0.141133,757.891000,759.181000,759.929000,758.984738,0.269846,41.993186,1,train
AMZN,240,2016-08-25,20:30:00,2016-08-25T20:30:00+00:00,759.199000,759.399000,759.189000,759.319000,21,0.210000,0.013171,758.005000,759.241000,759.863500,759.045513,0.269331,51.579492,1,train
AMZN,240,2016-08-26,12:30:00,2016-08-26T12:30:00+00:00,756.499000,768.499000,756.499000,762.849000,8793,12.000000,0.464890,759.241000,759.651000,759.798500,759.737056,0.305528,65.326877,1,train
AMZN,240,2016-08-26,16:30:00,2016-08-26T16:30:00+00:00,762.849000,769.939000,761.979000,768.749000,8774,7.960000,0.773416,761.657000,760.256000,760.104000,761.375591,0.354874,73.032015,1,train
AMZN,240,2016-08-26,20:30:00,2016-08-26T20:30:00+00:00,768.979000,769.079000,768.749000,768.999000,9,0.330000,0.032520,763.827000,761.103000,760.402000,762.761665,0.332164,71.428571,1,train
AMZN,240,2016-08-29,12:30:00,2016-08-29T12:30:00+00:00,768.489000,774.189000,768.469000,772.919000,6606,5.720000,0.509754,766.567000,762.229000,760.881500,764.608454,0.355484,74.894811,0,train
AMZN,240,2016-08-29,16:30:00,2016-08-29T16:30:00+00:00,772.939000,774.949000,768.969000,770.669000,6146,5.980000,-0.291104,768.837000,763.421000,761.266000,765.710371,0.341312,69.388419,1,train
AMZN,240,2016-08-29,20:30:00,2016-08-29T20:30:00+00:00,770.679000,771.299000,770.679000,770.689000,12,0.620000,0.002595,770.405000,764.823000,761.865000,766.615576,0.312519,64.901156,0,train
AMZN,240,2016-08-30,12:30:00,2016-08-30T12:30:00+00:00,770.109000,771.669000,765.649000,767.699000,6053,6.020000,-0.387965,770.195000,765.926000,762.424000,766.812562,0.358609,62.975027,0,train
AMZN,240,2016-08-30,16:30:00,2016-08-30T16:30:00+00:00,767.699000,768.789000,765.259000,767.249000,5978,3.530000,-0.058617,769.845000,766.836000,762.960500,766.891915,0.363631,60.371058,0,train
AMZN,240,2016-08-30,20:30:00,2016-08-30T20:30:00+00:00,767.229000,767.419000,766.249000,766.269000,15,1.170000,-0.127729,768.515000,767.541000,763.361000,766.778658,0.371742,65.027978,0,train
AMZN,240,2016-08-31,12:30:00,2016-08-31T12:30:00+00:00,766.519000,767.449000,763.999000,764.999000,6336,3.450000,-0.165738,767.381000,768.109000,763.675000,766.455083,0.380224,67.203635,1,train
AMZN,240,2016-08-31,16:30:00,2016-08-31T16:30:00+00:00,764.979000,769.279000,763.979000,765.999000,6783,5.300000,0.130719,766.443000,768.424000,764.037500,766.372159,0.356089,68.504562,0,train
AMZN,240,2016-08-31,20:30:00,2016-08-31T20:30:00+00:00,769.119000,769.119000,765.969000,765.969000,35,3.150000,-0.003916,766.097000,768.146000,764.201000,766.298857,0.246660,66.456229,1,train
AMZN,240,2016-09-01,12:30:00,2016-09-01T12:30:00+00:00,769.589000,771.339000,766.739000,769.909000,6534,4.600000,0.514381,766.629000,768.237000,764.670000,766.955247,0.302311,70.071348,0,train
AMZN,240,2016-09-01,16:30:00,2016-09-01T16:30:00+00:00,769.879000,771.909000,765.969000,765.969000,6205,5.940000,-0.511749,766.569000,767.542000,764.885500,766.775929,0.287754,60.912373,1,train
AMZN,240,2016-09-01,20:30:00,2016-09-01T20:30:00+00:00,765.999000,765.999000,765.979000,765.999000,5,0.020000,0.003917,766.769000,767.075000,765.248000,766.634670,0.279850,55.839822,1,train
AMZN,240,2016-09-02,12:30:00,2016-09-02T12:30:00+00:00,768.699000,775.909000,768.669000,773.489000,7666,7.240000,0.977808,768.267000,767.355000,766.089000,767.880911,0.432520,58.298319,0,train
AMZN,240,2016-09-02,16:30:00,2016-09-02T16:30:00+00:00,773.499000,773.789000,771.469000,772.359000,7241,2.320000,-0.146091,769.545000,767.821000,766.873500,768.695109,0.412403,55.706522,0,train
AMZN,240,2016-09-02,20:30:00,2016-09-02T20:30:00+00:00,772.399000,772.399000,772.259000,772.289000,41,0.140000,-0.009063,770.021000,768.325000,767.580500,769.348544,0.411098,48.769050,1,train
AMZN,240,2016-09-06,12:30:00,2016-09-06T12:30:00+00:00,777.369000,786.529000,776.989000,786.519000,6174,9.540000,1.842574,774.131000,770.350000,768.945500,772.470445,0.687224,71.093958,1,train
AMZN,240,2016-09-06,16:30:00,2016-09-06T16:30:00+00:00,786.489000,789.429000,784.699000,788.589000,7440,4.730000,0.263185,778.649000,772.709000,770.409000,775.401091,0.670657,72.589601,0,train
AMZN,240,2016-09-06,20:30:00,2016-09-06T20:30:00+00:00,788.579000,788.869000,788.559000,788.589000,21,0.310000,0.000000,781.669000,774.968000,771.696000,777.798893,0.675712,78.514879,0,train
AMZN,240,2016-09-07,12:30:00,2016-09-07T12:30:00+00:00,788.509000,788.919000,784.439000,785.079000,5043,4.480000,-0.445099,784.213000,776.879000,772.512500,779.122549,0.710754,72.461577,0,train
AMZN,240,2016-09-07,16:30:00,2016-09-07T16:30:00+00:00,785.079000,786.759000,784.209000,784.599000,6133,2.550000,-0.061140,786.675000,778.348000,773.292500,780.118267,0.710177,73.386068,0,train
AMZN,240,2016-09-07,20:30:00,2016-09-07T20:30:00+00:00,784.599000,784.899000,784.579000,784.599000,11,0.320000,0.000000,786.291000,780.211000,773.876500,780.932946,0.671247,75.843882,0,train
AMZN,240,2016-09-08,12:30:00,2016-09-08T12:30:00+00:00,784.519000,786.269000,782.179000,782.419000,6771,4.090000,-0.277849,785.057000,781.853000,774.464000,781.203138,0.688083,70.997442,1,train
AMZN,240,2016-09-08,16:30:00,2016-09-08T16:30:00+00:00,782.439000,784.649000,781.389000,783.569000,6898,3.260000,0.146980,784.053000,782.861000,775.108000,781.633294,0.633675,71.879662,1,train
AMZN,240,2016-09-08,20:30:00,2016-09-08T20:30:00+00:00,783.579000,783.749000,783.579000,783.599000,4,0.170000,0.003829,783.757000,783.985000,775.903000,781.990695,0.628131,68.851556,0,train
AMZN,240,2016-09-09,12:30:00,2016-09-09T12:30:00+00:00,779.499000,780.849000,767.439000,768.179000,7921,13.410000,-1.967843,780.473000,783.574000,775.949500,779.479478,0.919715,52.312199,0,train
AMZN,240,2016-09-09,16:30:00,2016-09-09T16:30:00+00:00,768.119000,769.609000,759.499000,759.999000,9390,10.110000,-1.064856,775.553000,780.922000,775.636000,775.937573,0.684622,44.637111,0,train
AMZN,240,2016-09-09,20:30:00,2016-09-09T20:30:00+00:00,759.989000,760.199000,759.759000,759.849000,69,0.440000,-0.019737,771.039000,778.048000,775.378500,773.012378,0.662397,35.967078,1,train
AMZN,240,2016-09-12,12:30:00,2016-09-12T12:30:00+00:00,755.799000,769.369000,755.769000,766.059000,9239,13.600000,0.817268,767.537000,775.795000,775.381500,771.748127,0.756638,44.131893,1,train
AMZN,240,2016-09-12,16:30:00,2016-09-12T16:30:00+00:00,766.309000,772.579000,765.949000,770.589000,9029,6.630000,0.591338,764.935000,774.346000,775.612500,771.537377,0.802167,48.538012,1,train
AMZN,240,2016-09-12,20:30:00,2016-09-12T20:30:00+00:00,770.569000,770.789000,770.569000,770.789000,8,0.220000,0.025954,765.457000,772.965000,775.656500,771.401308,0.804110,32.169576,0,train
AMZN,240,2016-09-13,12:30:00,2016-09-13T12:30:00+00:00,765.969000,769.509000,758.979000,762.009000,8389,10.530000,-1.139093,765.859000,770.706000,775.458500,769.693616,0.855674,23.848878,0,train
AMZN,240,2016-09-13,16:30:00,2016-09-13T16:30:00+00:00,762.019000,763.309000,758.449000,761.499000,10710,4.860000,-0.066928,766.189000,768.614000,775.233500,768.203686,0.858557,23.611923,1,train
AMZN,240,2016-09-13,20:30:00,2016-09-13T20:30:00+00:00,761.259000,761.999000,761.239000,761.999000,18,0.760000,0.065660,765.377000,766.457000,774.659000,767.075561,0.854573,26.117550,1,train
AMZN,240,2016-09-14,12:30:00,2016-09-14T12:30:00+00:00,761.999000,767.379000,761.199000,765.199000,8396,6.180000,0.419948,764.299000,764.617000,774.301000,766.734368,0.879452,30.995298,0,train
AMZN,240,2016-09-14,16:30:00,2016-09-14T16:30:00+00:00,765.199000,766.059000,758.779000,759.599000,8450,7.280000,-0.731836,762.061000,763.759000,773.666500,765.437029,0.670766,27.930791,1,train
AMZN,240,2016-09-14,20:30:00,2016-09-14T20:30:00+00:00,759.599000,760.449000,758.989000,760.449000,11,1.460000,0.111901,761.749000,763.804000,772.363000,764.530114,0.582037,30.139215,1,train
AMZN,240,2016-09-15,12:30:00,2016-09-15T12:30:00+00:00,762.979000,768.519000,757.669000,767.619000,7785,10.850000,0.942864,762.973000,764.581000,771.314500,765.091730,0.652389,36.996576,1,train
AMZN,240,2016-09-15,16:30:00,2016-09-15T16:30:00+00:00,767.649000,770.749000,766.169000,769.249000,9328,4.580000,0.212345,764.423000,764.900000,770.347500,765.847597,0.605213,38.598443,0,train
AMZN,240,2016-09-15,20:30:00,2016-09-15T20:30:00+00:00,769.229000,769.299000,768.479000,768.999000,17,0.820000,-0.032499,765.183000,764.741000,769.543500,766.420579,0.573771,50.858459,1,train
AMZN,240,2016-09-16,12:30:00,2016-09-16T12:30:00+00:00,774.609000,780.099000,774.359000,779.619000,7530,5.740000,1.381016,769.187000,765.624000,769.294500,768.820292,0.725548,69.541833,0,train
AMZN,240,2016-09-16,16:30:00,2016-09-16T16:30:00+00:00,779.589000,780.329000,776.509000,778.209000,9246,3.820000,-0.180858,772.739000,767.244000,768.975000,770.527330,0.592376,67.839098,0,train
AMZN,240,2016-09-16,20:30:00,2016-09-16T20:30:00+00:00,778.049000,778.599000,778.019000,778.049000,24,0.580000,-0.020560,774.825000,768.899000,768.756500,771.894906,0.590126,63.201938,0,train
AMZN,240,2016-09-19,12:30:00,2016-09-19T12:30:00+00:00,780.749000,781.319000,772.809000,774.889000,7643,8.510000,-0.406144,775.953000,770.188000,768.322500,772.439287,0.621574,54.881926,0,train
AMZN,240,2016-09-19,16:30:00,2016-09-19T16:30:00+00:00,774.889000,776.549000,770.719000,774.519000,7479,5.830000,-0.047749,777.057000,771.120000,767.868500,772.817417,0.618232,54.218503,1,train
AMZN,240,2016-09-19,20:30:00,2016-09-19T20:30:00+00:00,774.519000,775.149000,774.489000,775.149000,15,0.660000,0.081341,776.163000,772.675000,768.217000,773.241341,0.542116,68.219634,1,train
AMZN,240,2016-09-20,12:30:00,2016-09-20T12:30:00+00:00,777.859000,780.359000,776.219000,778.369000,8427,4.140000,0.415404,776.195000,774.467000,769.135500,774.173643,0.544866,71.756513,1,train
AMZN,240,2016-09-20,16:30:00,2016-09-20T16:30:00+00:00,778.359000,781.179000,776.859000,779.799000,9924,4.320000,0.183717,776.545000,775.685000,770.133000,775.196435,0.484780,72.418136,0,train
AMZN,240,2016-09-20,20:30:00,2016-09-20T20:30:00+00:00,779.799000,779.799000,779.769000,779.769000,3,0.030000,-0.003847,777.521000,776.737000,770.818500,776.027810,0.486933,69.942513,1,train
AMZN,240,2016-09-21,12:30:00,2016-09-21T12:30:00+00:00,782.999000,783.269000,778.979000,780.179000,6019,4.290000,0.052580,778.653000,777.855000,771.298000,776.782572,0.484379,82.833440,1,train
AMZN,240,2016-09-21,16:30:00,2016-09-21T16:30:00+00:00,780.169000,790.569000,779.779000,789.399000,8828,10.790000,1.181780,781.503000,778.833000,772.228500,779.076468,0.428824,86.451775,0,train
AMZN,240,2016-09-21,20:30:00,2016-09-21T20:30:00+00:00,789.379000,789.649000,788.509000,788.509000,23,1.140000,-0.112744,783.531000,779.863000,773.553500,780.791474,0.423929,81.244391,1,train
AMZN,240,2016-09-22,12:30:00,2016-09-22T12:30:00+00:00,797.599000,805.419000,796.199000,804.599000,7121,9.220000,2.040560,788.491000,782.518000,775.708500,785.120115,0.731087,86.907496,0,train
AMZN,240,2016-09-22,16:30:00,2016-09-22T16:30:00+00:00,804.599000,805.789000,800.639000,804.189000,7497,5.150000,-0.050957,793.375000,785.448000,777.818000,788.587185,0.698805,86.618106,0,train
AMZN,240,2016-09-22,20:30:00,2016-09-22T20:30:00+00:00,804.199000,804.499000,804.009000,804.009000,10,0.490000,-0.022383,798.141000,788.397000,779.758500,791.391151,0.697149,82.424887,1,train
AMZN,240,2016-09-23,12:30:00,2016-09-23T12:30:00+00:00,802.659000,807.539000,802.089000,805.689000,6876,5.450000,0.208953,801.399000,791.451000,782.063000,793.990760,0.692296,86.272439,0,train
AMZN,240,2016-09-23,16:30:00,2016-09-23T16:30:00+00:00,805.679000,806.359000,803.179000,805.639000,7627,3.180000,-0.006206,804.825000,794.178000,784.322500,796.108622,0.703280,86.523696,0,train
AMZN,240,2016-09-23,20:30:00,2016-09-23T20:30:00+00:00,805.619000,805.619000,804.669000,805.499000,8,0.950000,-0.017378,805.005000,796.748000,786.216500,797.815963,0.711302,94.043165,0,train
AMZN,240,2016-09-26,12:30:00,2016-09-26T12:30:00+00:00,802.499000,805.819000,798.039000,800.359000,7236,7.780000,-0.638114,804.239000,798.807000,787.772000,798.278334,0.769946,82.692308,0,train
AMZN,240,2016-09-26,16:30:00,2016-09-26T16:30:00+00:00,800.349000,801.079000,797.139000,798.499000,8373,3.940000,-0.232396,803.137000,800.639000,789.247000,798.318455,0.783775,78.650307,1,train
AMZN,240,2016-09-26,20:30:00,2016-09-26T20:30:00+00:00,798.469000,798.999000,798.469000,798.999000,18,0.530000,0.062617,801.799000,801.599000,790.216000,798.442190,0.710011,77.123324,1,train
AMZN,240,2016-09-27,12:30:00,2016-09-27T12:30:00+00:00,803.499000,815.109000,799.969000,813.899000,9006,15.140000,1.864833,803.451000,804.138000,792.000500,801.252519,0.889669,83.106796,1,train
AMZN,240,2016-09-27,16:30:00,2016-09-27T16:30:00+00:00,813.899000,816.519000,813.249000,814.999000,9259,3.270000,0.135152,805.351000,805.178000,793.848000,803.751879,0.653028,83.507704,1,train
AMZN,240,2016-09-27,20:30:00,2016-09-27T20:30:00+00:00,815.049000,815.589000,814.999000,815.589000,6,0.590000,0.072393,808.397000,806.318000,795.883000,805.904083,0.650381,83.563981,1,train
AMZN,240,2016-09-28,12:30:00,2016-09-28T12:30:00+00:00,816.499000,825.319000,815.219000,825.319000,8210,10.100000,1.193003,813.761000,808.449000,798.423000,809.434068,0.725336,83.721367,1,train
AMZN,240,2016-09-28,16:30:00,2016-09-28T16:30:00+00:00,825.329000,829.939000,824.729000,828.499000,8771,5.210000,0.385306,819.661000,810.730000,801.090500,812.900419,0.725985,85.994599,1,train
AMZN,240,2016-09-28,20:30:00,2016-09-28T20:30:00+00:00,828.989000,828.989000,828.469000,828.779000,15,0.520000,0.033796,822.637000,813.044000,803.611000,815.787434,0.724329,80.422748,1,train
AMZN,240,2016-09-29,12:30:00,2016-09-29T12:30:00+00:00,827.989000,837.169000,827.969000,831.799000,10053,9.200000,0.364391,825.997000,815.674000,806.211000,818.698628,0.716587,82.597403,0,train
AMZN,240,2016-09-29,16:30:00,2016-09-29T16:30:00+00:00,831.779000,832.349000,824.579000,829.019000,11710,7.770000,-0.334215,828.683000,818.540000,808.673500,820.575059,0.676573,77.819800,0,train
AMZN,240,2016-09-29,20:30:00,2016-09-29T20:30:00+00:00,829.039000,829.519000,829.009000,829.009000,27,0.510000,-0.001206,829.421000,821.591000,811.115000,822.108503,0.657985,76.940850,1,train
AMZN,240,2016-09-30,12:30:00,2016-09-30T12:30:00+00:00,830.999000,839.729000,830.969000,839.469000,8015,8.760000,1.261747,831.615000,825.638000,813.618500,825.264957,0.701997,81.504936,0,train
AMZN,240,2016-09-30,16:30:00,2016-09-30T16:30:00+00:00,839.479000,839.829000,836.499000,837.009000,8180,3.330000,-0.293042,833.261000,827.949000,816.043500,827.400237,0.550252,78.128906,1,train
AMZN,240,2016-09-30,20:30:00,2016-09-30T20:30:00+00:00,837.009000,837.469000,836.979000,837.309000,19,0.490000,0.035842,834.363000,830.180000,817.679000,829.201831,0.554074,86.105140,0,train
AMZN,240,2016-10-03,12:30:00,2016-10-03T12:30:00+00:00,835.559000,839.699000,831.179000,834.159000,7679,8.520000,-0.376205,835.391000,832.037000,819.177500,830.103134,0.589068,83.987800,1,train
AMZN,240,2016-10-03,16:30:00,2016-10-03T16:30:00+00:00,834.179000,837.269000,831.969000,836.209000,6727,5.300000,0.245757,836.831000,833.126000,820.787500,831.213292,0.483088,84.447325,0,train
AMZN,240,2016-10-03,20:30:00,2016-10-03T20:30:00+00:00,836.199000,836.209000,836.189000,836.209000,18,0.020000,0.000000,836.179000,833.897000,822.313500,832.121602,0.475972,78.522117,0,train
AMZN,240,2016-10-04,12:30:00,2016-10-04T12:30:00+00:00,838.399000,841.749000,831.629000,835.129000,8655,10.120000,-0.129154,835.803000,834.532000,823.788000,832.668402,0.481013,75.748273,0,train
AMZN,240,2016-10-04,16:30:00,2016-10-04T16:30:00+00:00,835.159000,836.339000,830.279000,833.489000,7991,6.060000,-0.196377,835.039000,834.701000,825.187500,832.817601,0.476503,72.296961,1,train
AMZN,240,2016-10-04,20:30:00,2016-10-04T20:30:00+00:00,833.489000,834.199000,833.489000,833.599000,18,0.710000,0.013198,834.927000,835.159000,826.849500,832.959674,0.460083,63.564875,1,train
AMZN,240,2016-10-05,12:30:00,2016-10-05T12:30:00+00:00,837.079000,843.699000,835.949000,842.339000,8870,7.750000,1.048466,836.153000,836.492000,829.041500,834.665006,0.555428,69.179601,1,train
AMZN,240,2016-10-05,16:30:00,2016-10-05T16:30:00+00:00,842.349000,845.549000,841.989000,842.749000,7354,3.560000,0.048674,837.461000,836.820000,831.229000,836.134823,0.398662,69.290251,1,train
AMZN,240,2016-10-05,20:30:00,2016-10-05T20:30:00+00:00,842.749000,843.599000,842.719000,843.509000,40,0.880000,0.090181,839.137000,837.470000,832.709500,837.475582,0.381155,67.245950,1,train
AMZN,240,2016-10-06,12:30:00,2016-10-06T12:30:00+00:00,841.979000,847.059000,840.519000,845.079000,7883,6.540000,0.186127,841.455000,838.247000,834.213500,838.858022,0.382268,74.526573,0,train
AMZN,240,2016-10-06,16:30:00,2016-10-06T16:30:00+00:00,845.109000,845.599000,841.439000,841.909000,7135,4.160000,-0.375113,843.117000,839.022000,835.529500,839.412745,0.382119,67.966574,0,train
AMZN,240,2016-10-06,20:30:00,2016-10-06T20:30:00+00:00,841.729000,841.999000,841.599000,841.599000,12,0.400000,-0.036821,842.969000,839.561000,836.343500,839.810246,0.380024,54.135922,0,train
AMZN,240,2016-10-07,12:30:00,2016-10-07T12:30:00+00:00,842.149000,845.759000,837.399000,838.099000,6473,8.360000,-0.415875,842.039000,839.750000,836.823500,839.499110,0.409528,52.034341,1,train
AMZN,240,2016-10-07,16:30:00,2016-10-07T16:30:00+00:00,838.089000,842.279000,837.689000,839.189000,6481,4.590000,0.130056,841.175000,840.156000,837.344000,839.442727,0.407000,53.408267,0,train
AMZN,240,2016-10-07,20:30:00,2016-10-07T20:30:00+00:00,839.189000,839.189000,838.729000,838.999000,25,0.460000,-0.022641,839.959000,840.707000,837.704000,839.362049,0.398979,59.829407,1,train
AMZN,240,2016-10-10,12:30:00,2016-10-10T12:30:00+00:00,841.179000,845.009000,840.169000,843.579000,5694,4.840000,0.545889,840.293000,841.705000,838.432000,840.128768,0.425717,63.572744,0,train
AMZN,240,2016-10-10,16:30:00,2016-10-10T16:30:00+00:00,843.549000,843.949000,841.219000,841.749000,5915,2.730000,-0.216933,840.323000,841.646000,839.069000,840.423355,0.283275,59.558316,0,train
AMZN,240,2016-10-10,20:30:00,2016-10-10T20:30:00+00:00,841.749000,841.979000,841.539000,841.539000,8,0.440000,-0.024948,841.011000,841.525000,839.172500,840.626200,0.282633,61.401636,0,train
AMZN,240,2016-10-11,12:30:00,2016-10-11T12:30:00+00:00,839.969000,841.009000,832.209000,833.179000,7592,8.800000,-0.993418,839.809000,840.492000,838.981000,839.272163,0.414984,49.554981,0,train
AMZN,240,2016-10-11,16:30:00,2016-10-11T16:30:00+00:00,833.069000,833.959000,828.399000,831.299000,8476,5.560000,-0.225642,838.269000,839.114000,838.680500,837.822497,0.401171,46.857923,0,train
AMZN,240,2016-10-11,20:30:00,2016-10-11T20:30:00+00:00,831.239000,831.239000,830.229000,830.229000,15,1.010000,-0.128714,835.599000,837.946000,838.484000,836.441861,0.394240,29.070169,1,train
AMZN,240,2016-10-12,12:30:00,2016-10-12T12:30:00+00:00,831.019000,837.599000,827.999000,836.719000,6990,9.600000,0.781712,834.593000,837.458000,838.509500,836.492250,0.490911,41.388175,0,train
AMZN,240,2016-10-12,16:30:00,2016-10-12T16:30:00+00:00,836.749000,837.179000,832.809000,833.489000,7462,4.370000,-0.386032,832.983000,836.997000,838.373500,835.946205,0.488572,36.632871,0,train
AMZN,240,2016-10-12,20:30:00,2016-10-12T20:30:00+00:00,833.519000,833.749000,832.999000,832.999000,22,0.750000,-0.058789,832.947000,836.378000,838.267000,835.410349,0.484296,33.406593,0,train
AMZN,240,2016-10-13,12:30:00,2016-10-13T12:30:00+00:00,828.879000,829.499000,821.169000,825.219000,7760,8.330000,-0.933975,831.731000,835.000000,837.853500,833.557377,0.554442,29.651305,0,train
AMZN,240,2016-10-13,16:30:00,2016-10-13T16:30:00+00:00,825.219000,831.699000,824.679000,825.009000,6429,7.020000,-0.025448,830.687000,833.143000,837.424000,832.003126,0.499908,29.723784,1,train
AMZN,240,2016-10-13,20:30:00,2016-10-13T20:30:00+00:00,824.979000,829.269000,824.979000,828.509000,11,4.290000,0.424238,829.045000,831.819000,836.732500,831.367831,0.540027,38.279149,0,train
AMZN,240,2016-10-14,12:30:00,2016-10-14T12:30:00+00:00,832.979000,835.999000,823.289000,825.599000,6043,12.710000,-0.351233,827.467000,830.225000,835.875000,830.318952,0.541011,34.097824,0,train
AMZN,240,2016-10-14,16:30:00,2016-10-14T16:30:00+00:00,825.619000,826.069000,822.039000,822.429000,5798,4.030000,-0.383964,825.353000,829.150000,834.821000,828.884416,0.470095,31.874863,0,train
AMZN,240,2016-10-14,20:30:00,2016-10-14T20:30:00+00:00,822.429000,822.999000,822.399000,822.419000,17,0.600000,-0.001216,824.793000,828.262000,833.688000,827.708885,0.470314,24.282936,0,train
AMZN,240,2016-10-17,12:30:00,2016-10-17T12:30:00+00:00,819.999000,822.319000,812.229000,812.679000,7463,10.090000,-1.184311,822.327000,826.507000,832.226500,824.976179,0.581268,20.366972,1,train
AMZN,240,2016-10-17,16:30:00,2016-10-17T16:30:00+00:00,812.649000,821.489000,811.649000,816.499000,6448,9.840000,0.470050,819.925000,824.485000,830.971500,823.434874,0.527986,26.224839,1,train
AMZN,240,2016-10-17,20:30:00,2016-10-17T20:30:00+00:00,816.489000,817.499000,815.969000,816.999000,61,1.530000,0.061237,818.205000,822.836000,829.916500,822.264715,0.533446,31.941964,1,train
AMZN,240,2016-10-18,12:30:00,2016-10-18T12:30:00+00:00,821.469000,822.649000,814.969000,821.539000,5863,7.680000,0.555692,818.027000,821.690000,829.034000,822.132767,0.584277,39.717657,0,train
AMZN,240,2016-10-18,16:30:00,2016-10-18T16:30:00+00:00,821.539000,823.149000,815.969000,817.599000,4824,7.180000,-0.479588,817.063000,820.928000,827.964000,821.308446,0.530604,37.452811,1,train
AMZN,240,2016-10-18,20:30:00,2016-10-18T20:30:00+00:00,817.599000,817.699000,817.479000,817.679000,13,0.220000,0.009785,818.063000,820.195000,826.669000,820.648546,0.531208,28.324226,0,train
AMZN,240,2016-10-19,12:30:00,2016-10-19T12:30:00+00:00,819.979000,820.729000,815.139000,817.459000,6276,5.590000,-0.026905,818.255000,819.090000,825.454500,820.068629,0.501187,30.408213,0,train
AMZN,240,2016-10-19,16:30:00,2016-10-19T16:30:00+00:00,817.439000,819.659000,815.469000,816.219000,5236,4.190000,-0.151690,818.099000,818.152000,824.188500,819.368696,0.495474,29.860778,1,train
AMZN,240,2016-10-19,20:30:00,2016-10-19T20:30:00+00:00,816.229000,817.119000,816.219000,816.539000,23,0.900000,0.039205,817.099000,817.563000,823.356500,818.854206,0.487780,37.309942,0,train
AMZN,240,2016-10-20,12:30:00,2016-10-20T12:30:00+00:00,814.969000,814.999000,803.109000,813.299000,7770,11.890000,-0.396797,816.239000,816.651000,822.456500,817.844169,0.497457,34.273435,0,train
AMZN,240,2016-10-20,16:30:00,2016-10-20T16:30:00+00:00,813.279000,815.599000,807.979000,811.589000,6878,7.620000,-0.210255,815.021000,816.542000,821.524500,816.706865,0.331469,26.128668,0,train
AMZN,240,2016-10-20,20:30:00,2016-10-20T20:30:00+00:00,811.579000,812.699000,811.119000,811.139000,89,1.580000,-0.055447,813.757000,816.006000,820.245500,815.694526,0.284756,28.077623,1,train
AMZN,240,2016-10-21,12:30:00,2016-10-21T12:30:00+00:00,809.999000,817.749000,807.969000,817.259000,7834,9.780000,0.754495,813.965000,816.032000,819.434000,815.978976,0.385574,42.805455,1,train
AMZN,240,2016-10-21,16:30:00,2016-10-21T16:30:00+00:00,817.259000,819.399000,815.409000,818.979000,7357,3.990000,0.210460,814.453000,815.776000,818.733000,816.524435,0.343874,45.430393,0,train
AMZN,240,2016-10-21,20:30:00,2016-10-21T20:30:00+00:00,818.979000,818.979000,816.509000,817.389000,28,2.470000,-0.194144,815.271000,815.755000,818.341500,816.681628,0.312925,57.985758,1,train
AMZN,240,2016-10-24,12:30:00,2016-10-24T12:30:00+00:00,822.799000,834.599000,822.169000,831.389000,7241,12.430000,1.712771,819.231000,817.126000,818.660500,819.355696,0.626456,68.767330,1,train
AMZN,240,2016-10-24,16:30:00,2016-10-24T16:30:00+00:00,831.459000,838.239000,829.989000,837.699000,6764,8.250000,0.758971,824.543000,819.150000,819.120000,822.690842,0.648182,72.757256,1,train
AMZN,240,2016-10-24,20:30:00,2016-10-24T20:30:00+00:00,837.689000,838.099000,837.419000,837.999000,24,0.680000,0.035812,828.691000,821.328000,819.740000,825.474144,0.638007,69.956353,0,train
AMZN,240,2016-10-25,12:30:00,2016-10-25T12:30:00+00:00,838.999000,842.739000,833.699000,837.359000,6856,9.040000,-0.076372,832.367000,823.410000,820.486500,827.635027,0.643585,76.041118,0,train
AMZN,240,2016-10-25,16:30:00,2016-10-25T16:30:00+00:00,837.479000,837.529000,832.979000,834.969000,6500,4.550000,-0.285421,835.883000,825.577000,821.114000,828.968476,0.631930,71.478261,0,train
AMZN,240,2016-10-25,20:30:00,2016-10-25T20:30:00+00:00,834.999000,834.999000,831.489000,832.999000,75,3.510000,-0.235937,836.205000,827.718000,822.130000,829.701299,0.634125,68.500000,0,train
AMZN,240,2016-10-26,12:30:00,2016-10-26T12:30:00+00:00,833.489000,833.749000,824.069000,824.579000,6657,9.680000,-1.010806,833.581000,829.062000,822.534000,828.769972,0.748926,58.499390,0,train
AMZN,240,2016-10-26,16:30:00,2016-10-26T16:30:00+00:00,824.549000,825.839000,819.969000,823.999000,7859,5.870000,-0.070339,830.781000,829.736000,822.884000,827.902522,0.721967,57.544498,1,train
AMZN,240,2016-10-26,20:30:00,2016-10-26T20:30:00+00:00,823.989000,824.899000,823.749000,824.489000,61,1.150000,0.059466,828.207000,830.287000,823.031500,827.281882,0.720618,61.983294,1,train
AMZN,240,2016-10-27,12:30:00,2016-10-27T12:30:00+00:00,829.329000,831.219000,819.149000,825.039000,9136,12.070000,0.066708,826.221000,831.052000,823.403500,826.874085,0.714715,64.770481,0,train
AMZN,240,2016-10-27,16:30:00,2016-10-27T16:30:00+00:00,825.039000,825.099000,744.989000,782.989000,10799,80.110000,-5.096729,816.219000,826.212000,821.669000,818.894979,1.643300,33.845977,0,train
AMZN,240,2016-10-27,20:30:00,2016-10-27T20:30:00+00:00,783.499000,791.949000,774.119000,777.499000,1148,17.830000,-0.701159,806.803000,820.192000,819.671000,811.368437,1.573975,27.017341,1,train
AMZN,240,2016-10-28,12:30:00,2016-10-28T12:30:00+00:00,773.999000,789.139000,772.269000,785.519000,16642,16.870000,1.031513,799.107000,814.944000,818.136000,806.668540,1.657201,31.971983,0,train
AMZN,240,2016-10-28,16:30:00,2016-10-28T16:30:00+00:00,785.509000,786.719000,774.989000,775.999000,13683,11.730000,-1.211938,789.409000,808.808000,816.109000,801.092260,1.653807,29.454979,1,train
AMZN,240,2016-10-28,20:30:00,2016-10-28T20:30:00+00:00,775.999000,776.759000,775.749000,776.469000,79,1.010000,0.060567,779.695000,802.958000,814.267500,796.615303,1.668059,18.509174,1,train
AMZN,240,2016-10-31,12:30:00,2016-10-31T12:30:00+00:00,780.269000,793.619000,779.539000,793.019000,11032,14.080000,2.131444,781.701000,798.960000,813.339000,795.961430,1.895448,27.073071,0,train
AMZN,240,2016-10-31,16:30:00,2016-10-31T16:30:00+00:00,793.019000,793.619000,786.529000,789.819000,9025,7.090000,-0.403521,784.165000,795.484000,812.273000,794.844625,1.886048,25.991628,1,train
AMZN,240,2016-10-31,20:30:00,2016-10-31T20:30:00+00:00,789.799000,791.459000,789.799000,790.619000,32,1.660000,0.101289,785.185000,792.146000,810.941000,794.076329,1.890292,26.746269,0,train
AMZN,240,2016-11-01,12:30:00,2016-11-01T12:30:00+00:00,792.989000,800.519000,786.259000,786.799000,10389,14.260000,-0.483166,787.345000,788.377000,809.332000,792.753178,1.883534,26.371039,0,train
AMZN,240,2016-11-01,16:30:00,2016-11-01T16:30:00+00:00,786.779000,787.429000,776.669000,784.469000,10807,10.760000,-0.296137,788.945000,784.320000,807.686000,791.246964,1.875943,26.278229,1,train
AMZN,240,2016-11-01,20:30:00,2016-11-01T20:30:00+00:00,784.499000,785.299000,784.469000,784.999000,21,0.830000,0.067562,787.341000,784.521000,805.366500,790.110971,0.946406,29.036017,0,train
AMZN,240,2016-11-02,12:30:00,2016-11-02T12:30:00+00:00,783.089000,784.499000,772.569000,773.939000,8222,11.930000,-1.408919,784.165000,784.165000,802.178500,787.170612,1.029912,26.134630,0,train
AMZN,240,2016-11-02,16:30:00,2016-11-02T16:30:00+00:00,773.909000,774.749000,762.469000,767.489000,11647,12.280000,-0.833399,779.539000,782.362000,798.653000,783.592137,0.981824,24.287261,0,train
AMZN,240,2016-11-02,20:30:00,2016-11-02T20:30:00+00:00,767.459000,767.459000,765.549000,765.559000,39,1.910000,-0.251469,775.291000,781.318000,795.063000,780.313385,0.919858,23.498485,1,train
AMZN,240,2016-11-03,12:30:00,2016-11-03T12:30:00+00:00,765.689000,776.199000,764.499000,768.139000,8988,11.700000,0.337009,772.025000,780.485000,791.721500,778.099861,0.930368,39.793814,0,train
AMZN,240,2016-11-03,16:30:00,2016-11-03T16:30:00+00:00,768.139000,769.799000,763.969000,766.729000,7669,5.830000,-0.183561,768.371000,777.856000,788.408000,776.032431,0.501528,42.158148,1,train
AMZN,240,2016-11-03,20:30:00,2016-11-03T20:30:00+00:00,766.749000,766.889000,766.719000,766.749000,11,0.170000,0.002608,766.933000,775.549000,785.516500,774.344535,0.511741,34.531070,0,train
AMZN,240,2016-11-04,12:30:00,2016-11-04T12:30:00+00:00,765.729000,768.389000,753.299000,759.999000,8140,15.090000,-0.880340,765.435000,772.487000,782.316500,771.736256,0.521375,36.183074,0,train
AMZN,240,2016-11-04,16:30:00,2016-11-04T16:30:00+00:00,760.019000,762.169000,753.489000,755.029000,7922,8.680000,-0.653948,763.329000,769.310000,778.843500,768.698573,0.527419,32.820513,0,train
AMZN,240,2016-11-04,20:30:00,2016-11-04T20:30:00+00:00,755.009000,755.199000,754.029000,754.649000,67,1.170000,-0.050329,760.631000,766.328000,775.324000,766.144105,0.538921,8.500973,1,train
AMZN,240,2016-11-07,13:30:00,2016-11-07T13:30:00+00:00,768.699000,787.429000,767.469000,783.839000,9892,19.960000,3.868023,764.053000,766.212000,775.366500,769.361359,1.455129,45.859873,1,train
AMZN,240,2016-11-07,17:30:00,2016-11-07T17:30:00+00:00,783.869000,787.389000,782.149000,785.249000,8858,5.240000,0.179884,767.753000,767.343000,775.754000,772.250021,1.369053,46.313332,1,train
AMZN,240,2016-11-07,21:30:00,2016-11-07T21:30:00+00:00,785.249000,785.699000,785.229000,785.369000,21,0.470000,0.015282,772.827000,769.131000,775.746500,774.635290,1.326731,48.965717,1,train
AMZN,240,2016-11-08,13:30:00,2016-11-08T13:30:00+00:00,783.999000,791.519000,778.989000,790.659000,7198,12.530000,0.673569,779.953000,771.641000,776.479500,777.548692,1.321024,54.293245,0,train
AMZN,240,2016-11-08,17:30:00,2016-11-08T17:30:00+00:00,790.689000,790.969000,783.729000,787.999000,7219,7.240000,-0.336428,786.623000,773.627000,777.056000,779.448748,1.337733,52.021019,0,train
AMZN,240,2016-11-08,21:30:00,2016-11-08T21:30:00+00:00,787.749000,787.999000,787.739000,787.999000,21,0.260000,0.000000,787.455000,775.754000,776.805000,781.003339,1.332165,61.130462,0,train
AMZN,240,2016-11-09,13:30:00,2016-11-09T13:30:00+00:00,765.099000,777.429000,760.069000,769.829000,14843,17.360000,-2.305840,784.371000,776.062000,775.805500,778.971641,1.565502,51.562500,1,train
AMZN,240,2016-11-09,17:30:00,2016-11-09T17:30:00+00:00,769.799000,772.579000,762.999000,771.089000,11336,9.580000,0.163673,781.515000,777.171000,774.829000,777.538434,1.530922,53.725913,0,train
AMZN,240,2016-11-09,21:30:00,2016-11-09T21:30:00+00:00,771.089000,771.499000,770.219000,770.249000,21,1.280000,-0.108937,777.433000,778.693000,774.001500,776.213082,1.508444,51.455775,0,train
AMZN,240,2016-11-10,13:30:00,2016-11-10T13:30:00+00:00,777.819000,779.389000,717.539000,733.659000,15969,61.850000,-4.750412,766.565000,776.594000,771.461000,768.475976,2.180887,34.640037,1,train
AMZN,240,2016-11-10,17:30:00,2016-11-10T17:30:00+00:00,733.659000,748.599000,731.069000,741.049000,13596,17.530000,1.007280,757.175000,772.315000,769.263500,763.489253,1.717646,38.828030,1,train
AMZN,240,2016-11-10,21:30:00,2016-11-10T21:30:00+00:00,741.049000,742.999000,741.039000,742.969000,33,1.960000,0.259092,751.803000,768.087000,767.715000,759.758298,1.721545,42.272439,0,train
AMZN,240,2016-11-11,13:30:00,2016-11-11T13:30:00+00:00,740.329000,742.999000,728.679000,738.219000,12330,14.320000,-0.639327,745.229000,763.372000,766.251500,755.842062,1.710568,42.357006,1,train
AMZN,240,2016-11-11,17:30:00,2016-11-11T17:30:00+00:00,738.239000,742.929000,732.639000,738.529000,10958,10.290000,0.041993,738.885000,758.159000,764.900000,752.694233,1.669330,42.666060,0,train
AMZN,240,2016-11-14,13:30:00,2016-11-14T13:30:00+00:00,742.009000,746.349000,714.069000,714.089000,11590,32.280000,-3.309281,734.971000,750.768000,762.197500,745.675099,1.857992,16.833096,1,train
AMZN,240,2016-11-14,17:30:00,2016-11-14T17:30:00+00:00,714.089000,724.149000,710.079000,718.929000,11485,14.070000,0.677787,730.547000,743.861000,759.807500,740.812172,1.908742,19.460306,1,train
AMZN,240,2016-11-15,13:30:00,2016-11-15T13:30:00+00:00,728.999000,744.539000,725.859000,741.389000,11330,18.680000,3.124092,730.231000,741.017000,758.539500,740.917050,2.211562,33.203483,1,train
AMZN,240,2016-11-15,17:30:00,2016-11-15T17:30:00+00:00,741.369000,746.499000,736.469000,743.649000,10170,10.030000,0.304833,731.317000,738.273000,757.722000,741.413768,2.215676,31.620924,1,train
AMZN,240,2016-11-16,13:30:00,2016-11-16T13:30:00+00:00,738.399000,749.709000,735.589000,746.729000,8299,14.120000,0.414174,732.957000,735.921000,757.307000,742.380174,2.227860,33.917855,0,train
AMZN,240,2016-11-16,17:30:00,2016-11-16T17:30:00+00:00,746.719000,747.699000,742.619000,745.699000,6731,5.080000,-0.137935,739.279000,737.125000,756.859500,742.983597,1.586145,33.647750,1,train
AMZN,240,2016-11-17,13:30:00,2016-11-17T13:30:00+00:00,747.039000,757.466000,746.469000,755.829000,9413,10.997000,1.358457,746.659000,738.603000,755.459000,745.319125,1.610341,44.229184,1,train
AMZN,240,2016-11-17,17:30:00,2016-11-17T17:30:00+00:00,755.819000,757.499000,753.049000,756.389000,9099,4.450000,0.074091,749.659000,739.945000,754.016000,747.331829,1.610769,43.905473,1,train
AMZN,240,2016-11-18,13:30:00,2016-11-18T13:30:00+00:00,760.479000,767.649000,757.589000,760.999000,11075,10.060000,0.609475,753.129000,742.223000,752.797500,749.816769,1.587493,46.281258,0,train
AMZN,240,2016-11-18,17:30:00,2016-11-18T17:30:00+00:00,760.999000,764.679000,759.759000,760.249000,9092,4.920000,-0.098555,755.833000,744.395000,751.277000,751.713539,1.590804,65.017508,1,train
AMZN,240,2016-11-21,13:30:00,2016-11-21T13:30:00+00:00,763.499000,776.489000,763.499000,774.929000,11180,12.990000,1.930946,761.679000,750.479000,750.623500,755.934532,1.035216,67.678981,1,train
AMZN,240,2016-11-21,17:30:00,2016-11-21T17:30:00+00:00,775.023000,780.294000,774.189000,779.989000,9692,6.105000,0.652963,766.511000,756.585000,750.223000,760.308071,1.035640,68.704527,1,train
AMZN,240,2016-11-22,13:30:00,2016-11-22T13:30:00+00:00,785.229000,792.399000,784.549000,789.234000,11917,7.850000,1.185273,773.080000,761.369500,751.193250,765.567331,0.676120,74.655647,0,train
AMZN,240,2016-11-22,17:30:00,2016-11-22T17:30:00+00:00,789.139000,789.951000,780.979000,785.319000,9980,8.972000,-0.496051,777.944000,765.536500,751.904750,769.158544,0.760947,71.852232,0,train
AMZN,240,2016-11-23,13:30:00,2016-11-23T13:30:00+00:00,781.969000,781.999000,772.969000,775.879000,8760,9.030000,-1.202059,781.070000,768.451500,752.186250,770.380445,0.942755,83.559635,1,train
AMZN,240,2016-11-23,17:30:00,2016-11-23T17:30:00+00:00,775.859000,781.439000,775.499000,779.999000,7924,5.940000,0.531011,782.084000,771.881500,754.503250,772.129273,0.924881,83.430042,1,train
AMZN,240,2016-11-23,21:30:00,2016-11-23T21:30:00+00:00,780.279000,780.349000,780.259000,780.279000,22,0.090000,0.035897,782.142000,774.326500,756.464750,773.611042,0.874449,78.115963,0,train
AMZN,240,2016-11-25,13:30:00,2016-11-25T13:30:00+00:00,785.279000,786.429000,777.739000,780.089000,7912,8.690000,-0.024350,780.313000,776.696500,758.320750,774.788852,0.878100,77.157550,0,train
AMZN,240,2016-11-25,17:30:00,2016-11-25T17:30:00+00:00,780.079000,780.459000,779.469000,780.069000,1406,0.990000,-0.002564,779.263000,778.603500,760.413250,775.748879,0.876426,76.034671,0,train
AMZN,240,2016-11-28,13:30:00,2016-11-28T13:30:00+00:00,776.789000,777.029000,765.349000,766.399000,8561,11.680000,-1.752409,777.367000,779.218500,761.806750,774.048901,1.081761,63.499413,1,train
AMZN,240,2016-11-28,17:30:00,2016-11-28T17:30:00+00:00,766.379000,769.899000,764.199000,766.749000,8619,5.700000,0.045668,774.717000,778.400500,764.439750,772.721646,0.867547,58.162655,0,train
AMZN,240,2016-11-28,21:30:00,2016-11-28T21:30:00+00:00,766.749000,766.979000,766.719000,766.749000,20,0.260000,0.000000,772.011000,777.076500,766.830750,771.635711,0.828028,57.809438,1,train
AMZN,240,2016-11-29,13:30:00,2016-11-29T13:30:00+00:00,768.989000,770.999000,763.059000,767.199000,7638,7.940000,0.058689,769.433000,774.873000,768.121250,770.829036,0.688306,54.986328,0,train
AMZN,240,2016-11-29,17:30:00,2016-11-29T17:30:00+00:00,767.179000,768.059000,761.299000,762.499000,7972,6.760000,-0.612618,765.919000,772.591000,769.063750,769.314484,0.693328,51.701452,1,train
AMZN,240,2016-11-29,21:30:00,2016-11-29T21:30:00+00:00,762.499000,762.699000,762.469000,762.679000,10,0.230000,0.023607,765.175000,771.271000,769.861250,768.108032,0.618976,38.134444,0,train
AMZN,240,2016-11-30,13:30:00,2016-11-30T13:30:00+00:00,764.479000,767.859000,750.689000,752.709000,8830,17.170000,-1.307234,762.367000,768.542000,770.211750,765.308208,0.659396,25.871219,0,train
AMZN,240,2016-11-30,17:30:00,2016-11-30T17:30:00+00:00,752.719000,754.859000,750.229000,751.049000,8831,4.630000,-0.220537,759.227000,765.619000,769.972750,762.715625,0.647447,10.991930,0,train
AMZN,240,2016-11-30,21:30:00,2016-11-30T21:30:00+00:00,751.019000,751.139000,750.969000,750.979000,21,0.170000,-0.009320,755.983000,762.708000,769.702250,760.581693,0.648379,11.929047,0,train
AMZN,240,2016-12-01,13:30:00,2016-12-01T13:30:00+00:00,751.799000,754.099000,737.979000,742.349000,9237,16.120000,-1.149167,751.953000,758.936000,768.769750,757.266658,0.675490,12.147212,1,train
AMZN,240,2016-12-01,17:30:00,2016-12-01T17:30:00+00:00,742.499000,743.879000,739.229000,743.179000,8144,4.650000,0.111807,748.053000,756.614000,767.916250,754.705266,0.530853,5.097561,0,train
AMZN,240,2016-12-01,21:30:00,2016-12-01T21:30:00+00:00,743.199000,743.989000,742.999000,743.019000,33,0.990000,-0.021529,746.115000,754.241000,766.320750,752.580490,0.526314,4.427593,0,train
AMZN,240,2016-12-02,14:30:00,2016-12-02T14:30:00+00:00,742.469000,748.349000,736.679000,740.489000,7998,11.670000,-0.340503,744.003000,751.615000,764.345750,750.382037,0.514728,4.187876,0,train
AMZN,240,2016-12-02,17:30:00,2016-12-02T17:30:00+00:00,740.579000,741.569000,737.879000,740.319000,7419,3.690000,-0.022958,741.871000,748.927000,761.900000,748.552394,0.508189,4.173392,1,train
AMZN,240,2016-12-05,13:30:00,2016-12-05T13:30:00+00:00,744.199000,759.999000,741.969000,756.289000,9078,18.030000,2.157178,744.659000,748.306000,760.448500,749.959050,0.931006,38.931465,1,train
AMZN,240,2016-12-05,17:30:00,2016-12-05T17:30:00+00:00,756.279000,761.359000,755.789000,759.239000,8711,5.570000,0.390063,747.871000,747.962000,759.616500,751.646313,0.942584,42.220841,0,train
AMZN,240,2016-12-05,21:30:00,2016-12-05T21:30:00+00:00,758.879000,759.889000,758.879000,758.879000,11,1.010000,-0.047416,751.043000,748.579000,758.560500,752.961347,0.832313,41.908287,1,train
AMZN,240,2016-12-06,13:30:00,2016-12-06T13:30:00+00:00,762.649000,767.959000,756.979000,761.439000,9859,10.980000,0.337340,755.233000,749.618000,757.618500,754.502739,0.828263,44.324005,1,train
AMZN,240,2016-12-06,17:30:00,2016-12-06T17:30:00+00:00,761.459000,765.689000,759.639000,764.229000,8181,6.050000,0.366411,760.015000,750.943000,756.825500,756.271150,0.829231,51.771452,0,train
AMZN,240,2016-12-06,21:30:00,2016-12-06T21:30:00+00:00,764.179000,764.249000,764.159000,764.159000,10,0.090000,-0.009160,761.589000,753.124000,756.030000,757.705304,0.693784,51.518883,0,train
AMZN,240,2016-12-07,13:30:00,2016-12-07T13:30:00+00:00,760.999000,765.879000,755.759000,763.119000,8200,10.120000,-0.136097,762.365000,755.118000,755.866000,758.689613,0.705277,63.081176,1,train
AMZN,240,2016-12-07,17:30:00,2016-12-07T17:30:00+00:00,763.129000,770.399000,762.519000,766.969000,8942,7.880000,0.504508,763.983000,757.513000,755.877000,760.194956,0.700942,68.961410,0,train
AMZN,240,2016-12-07,21:30:00,2016-12-07T21:30:00+00:00,766.999000,770.199000,766.969000,766.969000,22,3.230000,0.000000,765.089000,760.161000,755.888000,761.426600,0.673009,69.076593,1,train
AMZN,240,2016-12-08,13:30:00,2016-12-08T13:30:00+00:00,770.349000,773.289000,767.069000,768.829000,6990,6.220000,0.242513,766.009000,763.012000,755.969500,762.772491,0.661627,87.677860,0,train
AMZN,240,2016-12-08,17:30:00,2016-12-08T17:30:00+00:00,768.809000,769.049000,765.089000,766.639000,7505,3.960000,-0.284849,766.505000,764.047000,756.176500,763.475493,0.264507,82.136986,1,train
AMZN,240,2016-12-08,21:30:00,2016-12-08T21:30:00+00:00,766.659000,766.669000,766.639000,766.669000,14,0.030000,0.003913,767.215000,764.790000,756.376000,764.056130,0.251202,82.513060,1,train
AMZN,240,2016-12-09,13:30:00,2016-12-09T13:30:00+00:00,768.969000,770.769000,765.299000,767.109000,7398,5.470000,0.057391,767.243000,765.613000,757.096000,764.611198,0.246618,88.827305,1,train
AMZN,240,2016-12-09,17:30:00,2016-12-09T17:30:00+00:00,767.129000,768.589000,766.239000,768.509000,7398,2.350000,0.182503,767.551000,766.320000,757.969000,765.319889,0.235231,89.693044,0,train
AMZN,240,2016-12-12,13:30:00,2016-12-12T13:30:00+00:00,765.989000,767.469000,757.139000,758.059000,8304,10.330000,-1.359776,765.397000,765.703000,758.323000,763.999727,0.498313,52.950984,1,train
AMZN,240,2016-12-12,17:30:00,2016-12-12T17:30:00+00:00,758.059000,761.029000,757.979000,759.159000,8270,3.050000,0.145107,763.901000,765.203000,759.163500,763.119595,0.503112,49.857854,1,train
AMZN,240,2016-12-12,21:30:00,2016-12-12T21:30:00+00:00,759.169000,759.179000,759.159000,759.169000,5,0.020000,0.001317,762.401000,764.808000,759.963000,762.401305,0.502815,50.521770,1,train
AMZN,240,2016-12-13,13:30:00,2016-12-13T13:30:00+00:00,762.799000,782.299000,761.969000,780.789000,12484,20.330000,2.847851,765.137000,766.190000,761.851500,765.744522,1.044552,70.651014,0,train
AMZN,240,2016-12-13,17:30:00,2016-12-13T17:30:00+00:00,780.779000,781.009000,770.969000,774.439000,8901,10.040000,-0.813280,766.323000,766.937000,763.549000,767.325336,1.091060,60.126959,0,train
AMZN,240,2016-12-13,21:30:00,2016-12-13T21:30:00+00:00,774.439000,774.449000,774.309000,774.339000,27,0.140000,-0.012913,769.579000,767.488000,765.250000,768.600548,1.090401,60.091197,0,train
AMZN,240,2016-12-14,13:30:00,2016-12-14T13:30:00+00:00,777.169000,780.689000,769.779000,773.779000,9371,10.910000,-0.072320,772.503000,768.202000,766.124500,769.542085,1.084627,60.668535,0,train
AMZN,240,2016-12-14,17:30:00,2016-12-14T17:30:00+00:00,773.999000,774.339000,762.839000,769.099000,12441,11.500000,-0.604824,774.489000,768.445000,766.617500,769.461524,1.107338,52.096869,0,train
AMZN,240,2016-12-14,21:30:00,2016-12-14T21:30:00+00:00,769.079000,770.479000,769.079000,769.099000,31,1.400000,0.000000,772.151000,768.644000,767.128500,769.395610,1.107369,52.096869,0,train
AMZN,240,2016-12-15,13:30:00,2016-12-15T13:30:00+00:00,767.019000,768.999000,761.629000,765.179000,12309,7.370000,-0.509687,770.299000,768.311000,767.315500,768.628954,1.118451,46.546831,0,train
AMZN,240,2016-12-15,17:30:00,2016-12-15T17:30:00+00:00,765.129000,766.609000,760.019000,760.999000,8332,6.590000,-0.546277,767.631000,768.605000,767.154000,767.241690,1.038333,44.857768,1,train
AMZN,240,2016-12-15,21:30:00,2016-12-15T21:30:00+00:00,760.879000,761.499000,760.879000,761.009000,9,0.620000,0.001314,765.077000,768.790000,766.996500,766.108473,1.037765,44.837650,0,train
AMZN,240,2016-12-16,13:30:00,2016-12-16T13:30:00+00:00,763.499000,765.309000,753.979000,755.909000,8408,11.330000,-0.670163,762.439000,768.464000,766.636000,764.254024,1.061223,40.585071,1,train
AMZN,240,2016-12-16,17:30:00,2016-12-16T17:30:00+00:00,756.039000,758.949000,755.769000,757.729000,7793,3.180000,0.240770,760.165000,766.158000,766.174000,763.067656,0.365981,41.001669,1,train
AMZN,240,2016-12-19,13:30:00,2016-12-19T13:30:00+00:00,759.499000,770.349000,756.049000,768.849000,8881,14.300000,1.467543,760.899000,765.599000,766.268000,764.118809,0.627186,58.907050,0,train
AMZN,240,2016-12-19,17:30:00,2016-12-19T17:30:00+00:00,768.829000,769.249000,764.269000,765.509000,6615,4.980000,-0.434416,761.801000,764.716000,766.102000,764.371571,0.636962,55.054928,1,train
AMZN,240,2016-12-19,21:30:00,2016-12-19T21:30:00+00:00,765.509000,767.169000,765.479000,766.989000,12,1.690000,0.193335,762.997000,764.037000,766.119500,764.847467,0.644335,56.082763,1,train
AMZN,240,2016-12-20,13:30:00,2016-12-20T13:30:00+00:00,767.999000,774.239000,767.469000,771.499000,9046,6.770000,0.588014,766.115000,764.277000,766.361000,766.056837,0.648066,40.152639,0,train
AMZN,240,2016-12-20,17:30:00,2016-12-20T17:30:00+00:00,771.489000,773.699000,768.969000,769.999000,6833,4.730000,-0.194427,768.569000,764.367000,766.505500,766.773594,0.652072,44.754253,1,train
AMZN,240,2016-12-20,21:30:00,2016-12-20T21:30:00+00:00,769.669000,770.979000,769.649000,770.979000,25,1.330000,0.127273,768.995000,764.947000,766.629000,767.538213,0.625859,46.111111,0,train
AMZN,240,2016-12-21,13:30:00,2016-12-21T13:30:00+00:00,769.999000,770.019000,765.549000,767.309000,5670,4.470000,-0.476018,769.355000,765.578000,767.091500,767.496538,0.618432,43.014468,1,train
AMZN,240,2016-12-21,17:30:00,2016-12-21T17:30:00+00:00,767.309000,771.189000,766.969000,769.799000,5958,4.220000,0.324511,769.917000,766.457000,767.623500,767.915167,0.622046,50.793291,0,train
AMZN,240,2016-12-21,21:30:00,2016-12-21T21:30:00+00:00,769.799000,769.799000,769.789000,769.789000,2,0.010000,-0.001299,769.575000,767.845000,768.154500,768.255864,0.561009,50.781781,0,train
AMZN,240,2016-12-22,13:30:00,2016-12-22T13:30:00+00:00,770.179000,770.999000,763.769000,763.789000,8527,7.230000,-0.779434,768.333000,768.451000,767.304500,767.443707,0.637052,48.495997,1,train
AMZN,240,2016-12-22,17:30:00,2016-12-22T17:30:00+00:00,763.789000,766.339000,762.989000,765.079000,5667,3.350000,0.168895,767.153000,768.074000,766.836500,767.013760,0.417721,54.709141,1,train
AMZN,240,2016-12-22,21:30:00,2016-12-22T21:30:00+00:00,765.089000,765.089000,765.089000,765.089000,3,0.000000,0.001307,766.709000,768.032000,766.374000,766.663804,0.395089,54.709141,0,train
AMZN,240,2016-12-23,13:30:00,2016-12-23T13:30:00+00:00,764.769000,766.049000,757.939000,761.009000,7303,8.110000,-0.533271,764.951000,767.434000,765.735500,765.635658,0.420596,56.028369,0,train
AMZN,240,2016-12-23,17:30:00,2016-12-23T17:30:00+00:00,760.999000,761.749000,759.589000,760.259000,5445,2.160000,-0.098553,763.045000,766.310000,765.293500,764.658084,0.350013,53.068154,1,train
AMZN,240,2016-12-27,13:30:00,2016-12-27T13:30:00+00:00,761.999000,774.419000,760.969000,770.979000,6790,13.450000,1.410046,764.483000,766.408000,765.387500,765.807341,0.602256,52.608376,0,train
AMZN,240,2016-12-27,17:30:00,2016-12-27T17:30:00+00:00,770.999000,773.689000,769.989000,770.719000,5877,3.700000,-0.033723,765.611000,766.382000,765.664500,766.700370,0.601052,56.900662,1,train
AMZN,240,2016-12-27,21:30:00,2016-12-27T21:30:00+00:00,770.729000,770.889000,770.479000,770.889000,14,0.410000,0.022057,766.771000,766.740000,766.159000,767.461939,0.577563,55.351262,1,train
AMZN,240,2016-12-28,13:30:00,2016-12-28T13:30:00+00:00,775.109000,779.889000,773.169000,775.599000,9403,6.720000,0.610983,769.689000,767.320000,766.888500,768.941405,0.599487,55.594978,0,train
AMZN,240,2016-12-28,17:30:00,2016-12-28T17:30:00+00:00,775.799000,775.799000,770.469000,771.779000,8169,5.330000,-0.492523,771.993000,767.519000,767.682000,769.457331,0.626122,52.284394,0,train
AMZN,240,2016-12-28,21:30:00,2016-12-28T21:30:00+00:00,770.469000,771.779000,770.469000,771.769000,16,1.310000,-0.001296,772.151000,768.317000,768.384000,769.877635,0.559491,51.039747,0,train
AMZN,240,2016-12-29,13:30:00,2016-12-29T13:30:00+00:00,772.499000,773.239000,760.749000,763.519000,9614,12.490000,-1.068973,770.711000,768.161000,768.117500,768.721519,0.669921,45.548508,1,train
AMZN,240,2016-12-29,17:30:00,2016-12-29T17:30:00+00:00,763.519000,765.039000,761.349000,764.999000,7120,3.690000,0.193839,769.533000,768.152000,768.092000,768.044698,0.673308,44.225217,0,train
AMZN,240,2016-12-29,21:30:00,2016-12-29T21:30:00+00:00,764.549000,764.549000,764.539000,764.539000,2,0.010000,-0.060131,767.321000,768.505000,767.969500,767.407298,0.647742,43.751488,0,train
AMZN,240,2016-12-30,13:30:00,2016-12-30T13:30:00+00:00,767.299000,767.499000,755.489000,756.879000,8975,12.010000,-1.001911,764.341000,768.167000,767.238500,765.493062,0.728444,42.088390,0,train
AMZN,240,2016-12-30,17:30:00,2016-12-30T17:30:00+00:00,756.879000,757.279000,748.239000,750.099000,10497,9.040000,-0.895784,760.007000,766.079000,766.243500,762.694142,0.564087,34.764036,0,train
AMZN,240,2017-01-03,13:30:00,2017-01-03T13:30:00+00:00,757.319000,758.549000,748.229000,748.989000,10481,10.320000,-0.147980,757.101000,763.906000,765.144000,760.202298,0.559849,33.983287,1,train
AMZN,240,2017-01-03,17:30:00,2017-01-03T17:30:00+00:00,748.999000,754.109000,747.669000,752.489000,9598,6.440000,0.467297,754.599000,762.066000,764.403000,758.799880,0.602954,41.425121,1,train
AMZN,240,2017-01-03,21:30:00,2017-01-03T21:30:00+00:00,752.479000,753.499000,751.969000,753.499000,13,1.530000,0.134221,752.391000,759.856000,763.588000,757.836084,0.544207,43.231878,1,train
AMZN,240,2017-01-04,13:30:00,2017-01-04T13:30:00+00:00,754.979000,759.339000,754.089000,756.089000,8875,5.250000,0.343730,752.233000,758.287000,762.903000,757.518432,0.572678,32.193255,1,train
AMZN,240,2017-01-04,17:30:00,2017-01-04T17:30:00+00:00,756.049000,759.679000,755.749000,757.489000,9075,3.930000,0.185163,753.711000,756.859000,762.588000,757.513081,0.582944,34.598370,0,train
AMZN,240,2017-01-04,21:30:00,2017-01-04T21:30:00+00:00,757.019000,757.499000,756.259000,756.349000,28,1.240000,-0.150497,755.183000,756.142000,762.151500,757.301430,0.493731,33.447177,1,train
AMZN,240,2017-01-05,13:30:00,2017-01-05T13:30:00+00:00,755.669000,775.949000,755.669000,775.109000,13012,20.280000,2.480336,759.707000,757.153000,762.652500,760.539170,0.955211,49.577368,1,train
AMZN,240,2017-01-05,17:30:00,2017-01-05T17:30:00+00:00,775.149000,782.369000,774.599000,781.219000,11868,7.770000,0.788276,765.251000,758.821000,763.663000,764.299139,0.973414,57.832725,0,train
AMZN,240,2017-01-05,21:30:00,2017-01-05T21:30:00+00:00,781.489000,781.499000,780.969000,780.969000,25,0.530000,-0.032001,770.227000,761.230000,764.698500,767.330023,0.882145,57.603306,1,train
AMZN,240,2017-01-06,13:30:00,2017-01-06T13:30:00+00:00,779.999000,795.319000,778.349000,795.179000,12156,16.970000,1.819534,777.765000,765.738000,765.908500,772.393473,0.885161,73.818838,1,train
AMZN,240,2017-01-06,17:30:00,2017-01-06T17:30:00+00:00,795.209000,799.309000,794.329000,796.129000,11085,4.980000,0.119470,785.721000,770.452000,767.179000,776.709023,0.864219,73.608373,1,train
AMZN,240,2017-01-09,13:30:00,2017-01-09T13:30:00+00:00,797.339000,801.189000,791.739000,796.659000,8704,9.450000,0.066572,790.031000,774.869000,768.467500,780.336292,0.880985,74.333333,0,train
AMZN,240,2017-01-09,17:30:00,2017-01-09T17:30:00+00:00,796.679000,799.529000,794.969000,796.549000,7558,4.560000,-0.013808,793.097000,779.174000,769.515000,783.284057,0.890416,83.934987,0,train
AMZN,240,2017-01-09,21:30:00,2017-01-09T21:30:00+00:00,796.859000,796.879000,795.679000,795.789000,15,1.200000,-0.095412,796.061000,783.144000,770.715500,785.557683,0.912851,93.572382,1,train
AMZN,240,2017-01-10,13:30:00,2017-01-10T13:30:00+00:00,796.849000,797.219000,789.559000,796.199000,7156,7.660000,0.051521,796.265000,787.015000,771.937000,787.492468,0.919201,95.631162,0,train
AMZN,240,2017-01-10,17:30:00,2017-01-10T17:30:00+00:00,796.179000,797.989000,793.499000,795.749000,6955,4.490000,-0.056519,796.189000,790.955000,773.548500,788.993656,0.912227,94.433032,0,train
AMZN,240,2017-01-10,21:30:00,2017-01-10T21:30:00+00:00,795.749000,795.999000,794.999000,794.999000,12,1.000000,-0.094251,795.857000,792.944000,775.048500,790.085536,0.607715,92.854192,0,train
AMZN,240,2017-01-11,13:30:00,2017-01-11T13:30:00+00:00,794.239000,796.309000,789.469000,794.389000,8700,6.840000,-0.076730,795.425000,794.261000,776.541000,790.867984,0.584550,91.236003,1,train
AMZN,240,2017-01-11,17:30:00,2017-01-11T17:30:00+00:00,794.419000,799.439000,791.519000,798.709000,8447,7.920000,0.543814,796.009000,796.035000,778.632500,792.293624,0.590894,91.754457,0,train
AMZN,240,2017-01-11,21:30:00,2017-01-11T21:30:00+00:00,798.699000,798.739000,797.469000,798.529000,26,1.270000,-0.022536,796.475000,796.370000,781.054000,793.427328,0.190625,93.574380,1,train
AMZN,240,2017-01-12,13:30:00,2017-01-12T13:30:00+00:00,796.569000,808.479000,794.989000,804.649000,10033,13.490000,0.766409,798.255000,797.222000,783.837000,795.467632,0.298827,91.303132,1,train
AMZN,240,2017-01-12,17:30:00,2017-01-12T17:30:00+00:00,804.649000,814.009000,804.549000,812.999000,10433,9.460000,1.037720,801.855000,798.856000,786.862500,798.655154,0.418218,91.815789,1,train
AMZN,240,2017-01-12,21:30:00,2017-01-12T21:30:00+00:00,813.249000,813.619000,812.999000,813.099000,33,0.620000,0.012300,805.597000,800.511000,789.842500,801.281308,0.416786,92.443857,1,train
AMZN,240,2017-01-13,13:30:00,2017-01-13T13:30:00+00:00,814.079000,821.589000,811.289000,817.259000,10340,10.300000,0.511623,809.307000,802.658000,792.901000,804.186343,0.412086,89.712230,0,train
AMZN,240,2017-01-13,17:30:00,2017-01-13T17:30:00+00:00,817.259000,820.469000,816.219000,817.129000,8005,4.250000,-0.015907,813.027000,804.751000,795.883000,806.539553,0.416537,88.917717,0,train
AMZN,240,2017-01-17,13:30:00,2017-01-17T13:30:00+00:00,815.299000,815.659000,803.469000,809.479000,10071,12.190000,-0.936205,813.993000,806.124000,798.539500,807.073998,0.559356,68.797654,0,train
AMZN,240,2017-01-17,17:30:00,2017-01-17T17:30:00+00:00,809.489000,812.979000,806.969000,809.099000,9099,6.010000,-0.046944,813.213000,807.534000,800.239000,807.442180,0.557043,68.257201,0,train
AMZN,240,2017-01-17,21:30:00,2017-01-17T21:30:00+00:00,809.069000,809.449000,807.979000,807.979000,12,1.470000,-0.138426,812.189000,808.893000,801.577000,807.539784,0.560501,67.549669,0,train
AMZN,240,2017-01-18,13:30:00,2017-01-18T13:30:00+00:00,806.989000,811.499000,804.229000,806.509000,9059,7.270000,-0.181935,810.039000,809.673000,802.854000,807.352368,0.553837,64.403465,1,train
AMZN,240,2017-01-18,17:30:00,2017-01-18T17:30:00+00:00,806.499000,810.739000,804.489000,810.109000,7299,6.250000,0.446368,808.635000,810.831000,803.600500,807.853574,0.562227,68.438624,1,train
AMZN,240,2017-01-18,21:30:00,2017-01-18T21:30:00+00:00,810.110000,810.899000,810.060000,810.249000,66,0.839000,0.017282,808.789000,811.391000,804.306500,808.289106,0.518511,69.893034,1,train
AMZN,240,2017-01-19,13:30:00,2017-01-19T13:30:00+00:00,809.970000,813.559000,807.579000,810.529000,7393,5.980000,0.034557,809.075000,811.144000,805.000000,808.696360,0.392288,71.236842,0,train
AMZN,240,2017-01-19,17:30:00,2017-01-19T17:30:00+00:00,810.489000,811.229000,807.289000,809.099000,6808,3.940000,-0.176428,809.299000,810.744000,805.627500,808.769567,0.394574,64.796354,0,train
AMZN,240,2017-01-19,21:30:00,2017-01-19T21:30:00+00:00,809.089000,809.089000,808.989000,808.999000,3,0.100000,-0.012359,809.797000,809.918000,806.288000,808.811282,0.343383,64.944333,1,train
AMZN,240,2017-01-20,13:30:00,2017-01-20T13:30:00+00:00,811.109000,815.829000,808.789000,810.579000,8245,7.040000,0.195303,809.891000,809.263000,807.007000,809.132685,0.355481,59.724500,0,train
AMZN,240,2017-01-20,17:30:00,2017-01-20T17:30:00+00:00,810.619000,812.149000,806.269000,808.039000,7836,5.880000,-0.313356,809.449000,809.119000,807.621500,808.933833,0.215953,39.951378,1,train
AMZN,240,2017-01-23,13:30:00,2017-01-23T13:30:00+00:00,806.499000,812.659000,804.999000,811.579000,7985,7.660000,0.438098,809.659000,809.367000,808.450500,809.414773,0.258841,47.297297,1,train
AMZN,240,2017-01-23,17:30:00,2017-01-23T17:30:00+00:00,811.669000,818.439000,811.669000,816.819000,8221,6.770000,0.645655,811.203000,810.251000,809.572000,810.760996,0.314598,49.246575,1,train
AMZN,240,2017-01-23,21:30:00,2017-01-23T21:30:00+00:00,818.289000,818.289000,816.839000,817.879000,16,1.450000,0.129772,812.979000,811.388000,810.530500,812.055178,0.297512,51.244607,0,train
AMZN,240,2017-01-24,13:30:00,2017-01-24T13:30:00+00:00,819.249000,822.569000,814.449000,817.749000,7710,8.120000,-0.015895,814.413000,812.152000,811.491500,813.090419,0.280108,68.288368,1,train
AMZN,240,2017-01-24,17:30:00,2017-01-24T17:30:00+00:00,817.739000,823.879000,817.209000,821.969000,7061,6.670000,0.516051,817.199000,813.324000,812.357500,814.704706,0.307905,74.328922,0,train
AMZN,240,2017-01-24,21:30:00,2017-01-24T21:30:00+00:00,821.999000,822.079000,821.969000,821.969000,9,0.110000,0.000000,819.277000,814.468000,812.806000,816.025487,0.309461,77.615476,1,train
AMZN,240,2017-01-25,13:30:00,2017-01-25T13:30:00+00:00,826.259000,834.579000,825.199000,834.479000,8889,9.380000,1.521955,822.809000,817.006000,813.875000,819.380671,0.514328,88.452021,1,train
AMZN,240,2017-01-25,17:30:00,2017-01-25T17:30:00+00:00,834.529000,837.369000,833.729000,836.279000,8037,3.640000,0.215703,826.489000,819.734000,814.826000,822.453095,0.503359,87.850738,1,train
AMZN,240,2017-01-25,21:30:00,2017-01-25T21:30:00+00:00,836.059000,836.519000,835.979000,836.489000,32,0.540000,0.025111,830.237000,822.325000,815.794000,825.005077,0.511358,87.875289,1,train
AMZN,240,2017-01-26,13:30:00,2017-01-26T13:30:00+00:00,836.349000,843.769000,833.049000,842.289000,9187,10.720000,0.693374,834.301000,825.750000,817.434500,828.147609,0.471137,89.541833,0,train
AMZN,240,2017-01-26,17:30:00,2017-01-26T17:30:00+00:00,842.319000,843.329000,832.989000,837.999000,7154,10.340000,-0.509326,837.507000,828.392000,818.879500,829.938771,0.554334,83.589028,0,train
AMZN,240,2017-01-26,21:30:00,2017-01-26T21:30:00+00:00,837.959000,837.999000,834.969000,834.969000,117,3.030000,-0.361576,837.605000,830.207000,820.229000,830.853358,0.579955,78.258977,1,train
AMZN,240,2017-01-27,13:30:00,2017-01-27T13:30:00+00:00,837.059000,839.109000,829.209000,836.139000,8505,9.900000,0.140125,837.577000,832.033000,821.710500,831.814384,0.579782,78.063241,0,train
AMZN,240,2017-01-27,17:30:00,2017-01-27T17:30:00+00:00,836.199000,836.399000,831.479000,835.429000,6747,4.920000,-0.084914,837.365000,833.801000,822.976500,832.471587,0.583336,81.331503,0,train
AMZN,240,2017-01-30,13:30:00,2017-01-30T13:30:00+00:00,830.999000,833.039000,816.309000,827.639000,10303,16.730000,-0.932455,834.435000,834.368000,823.846000,831.592935,0.673351,66.743119,1,train
AMZN,240,2017-01-30,17:30:00,2017-01-30T17:30:00+00:00,827.649000,830.979000,826.139000,829.749000,7316,4.840000,0.254942,832.785000,835.146000,824.807000,831.257674,0.675196,64.421147,0,train
AMZN,240,2017-01-30,21:30:00,2017-01-30T21:30:00+00:00,829.999000,830.379000,829.539000,829.549000,30,0.840000,-0.024104,831.701000,834.653000,825.829500,830.947006,0.452888,63.270412,0,train
AMZN,240,2017-01-31,13:30:00,2017-01-31T13:30:00+00:00,824.199000,826.249000,819.539000,820.199000,8722,6.710000,-1.127118,828.513000,833.045000,826.389500,828.992823,0.551051,52.303064,1,train
AMZN,240,2017-01-31,17:30:00,2017-01-31T17:30:00+00:00,820.229000,823.239000,819.969000,821.999000,8346,3.270000,0.219459,825.827000,831.596000,826.960500,827.721219,0.562882,50.029545,1,train
AMZN,240,2017-01-31,21:30:00,2017-01-31T21:30:00+00:00,821.999000,824.249000,821.969000,824.249000,86,2.280000,0.273723,825.149000,829.792000,827.771000,827.089906,0.503625,52.150132,1,train
AMZN,240,2017-02-01,13:30:00,2017-02-01T13:30:00+00:00,830.229000,833.069000,824.859000,826.149000,8871,8.210000,0.230513,824.429000,828.607000,828.499500,826.918832,0.509907,40.179203,1,train
AMZN,240,2017-02-01,17:30:00,2017-02-01T17:30:00+00:00,826.139000,834.819000,826.039000,834.159000,9757,8.780000,0.969559,825.351000,828.526000,829.366500,828.235227,0.609910,47.819827,1,train
AMZN,240,2017-02-01,21:30:00,2017-02-01T21:30:00+00:00,834.189000,834.819000,833.969000,834.499000,55,0.850000,0.040760,828.211000,828.362000,830.197500,829.374094,0.608035,47.958974,1,train
AMZN,240,2017-02-02,13:30:00,2017-02-02T13:30:00+00:00,838.099000,842.399000,828.189000,838.879000,11029,14.210000,0.524866,831.587000,828.707000,831.254000,831.102259,0.630728,46.397634,0,train
AMZN,240,2017-02-02,17:30:00,2017-02-02T17:30:00+00:00,838.999000,841.009000,801.999000,808.479000,12472,39.010000,-3.623884,828.433000,826.791000,830.579500,826.988939,1.305994,29.901961,0,train
AMZN,240,2017-02-02,21:30:00,2017-02-02T21:30:00+00:00,808.499000,809.999000,801.309000,804.999000,1036,8.690000,-0.430438,824.203000,824.316000,829.731000,822.990768,1.295887,29.719854,1,train
AMZN,240,2017-02-03,13:30:00,2017-02-03T13:30:00+00:00,803.499000,817.819000,802.479000,813.169000,16727,15.340000,1.014908,820.005000,822.678000,828.665500,821.204992,1.360055,35.801706,0,train
AMZN,240,2017-02-03,17:30:00,2017-02-03T17:30:00+00:00,813.179000,814.789000,807.879000,810.069000,12445,6.910000,-0.381225,815.119000,821.665000,827.355000,819.180266,1.322944,34.774256,0,train
AMZN,240,2017-02-06,13:30:00,2017-02-06T13:30:00+00:00,808.259000,810.479000,802.969000,806.179000,9483,7.510000,-0.480206,808.579000,820.083000,825.839500,816.816400,1.321722,36.482741,1,train
AMZN,240,2017-02-06,17:30:00,2017-02-06T17:30:00+00:00,806.219000,807.819000,805.589000,806.799000,7361,2.230000,0.076906,808.243000,818.338000,824.065000,814.995054,1.315564,35.267685,0,train
AMZN,240,2017-02-06,21:30:00,2017-02-06T21:30:00+00:00,806.789000,807.099000,806.629000,806.629000,4,0.470000,-0.021071,808.569000,816.386000,822.496500,813.473954,1.308680,35.281274,1,train
AMZN,240,2017-02-07,13:30:00,2017-02-07T13:30:00+00:00,808.489000,816.049000,805.959000,812.489000,9806,10.090000,0.726480,808.433000,814.219000,821.372500,813.294871,1.285964,44.816458,0,train
AMZN,240,2017-02-07,17:30:00,2017-02-07T17:30:00+00:00,812.379000,812.789000,810.789000,812.029000,8174,2.000000,-0.056616,808.825000,811.972000,820.167000,813.064713,1.283840,43.174038,1,train
AMZN,240,2017-02-07,21:30:00,2017-02-07T21:30:00+00:00,812.029000,812.249000,812.019000,812.249000,10,0.230000,0.027093,810.039000,809.309000,819.008000,812.916401,1.259225,41.549296,1,train
AMZN,240,2017-02-08,13:30:00,2017-02-08T13:30:00+00:00,812.349000,819.959000,812.069000,818.659000,8047,7.890000,0.789167,812.411000,810.327000,818.559000,813.960510,0.536664,45.040392,1,train
AMZN,240,2017-02-08,17:30:00,2017-02-08T17:30:00+00:00,818.699000,821.329000,817.409000,819.349000,7412,3.920000,0.084284,814.955000,811.762000,818.039000,814.940236,0.500798,39.140636,1,train
AMZN,240,2017-02-08,21:30:00,2017-02-08T21:30:00+00:00,819.349000,819.999000,819.349000,819.779000,6,0.650000,0.052481,816.413000,812.423000,817.550500,815.820011,0.405497,39.220855,1,train
AMZN,240,2017-02-09,13:30:00,2017-02-09T13:30:00+00:00,820.499000,824.939000,819.679000,821.989000,6725,5.260000,0.269585,818.405000,813.615000,817.640000,816.941645,0.373936,37.225836,0,train
AMZN,240,2017-02-09,17:30:00,2017-02-09T17:30:00+00:00,821.999000,824.559000,820.069000,820.529000,6461,4.490000,-0.177618,820.061000,815.050000,817.566500,817.593892,0.326837,66.209309,0,train
AMZN,240,2017-02-09,21:30:00,2017-02-09T21:30:00+00:00,820.539000,820.669000,819.969000,819.989000,27,0.700000,-0.065811,820.327000,816.369000,817.353500,818.029366,0.334718,71.895998,1,train
AMZN,240,2017-02-10,13:30:00,2017-02-10T13:30:00+00:00,823.369000,827.259000,822.709000,826.749000,7517,4.550000,0.824401,821.807000,818.381000,817.383500,819.614754,0.385970,70.688605,1,train
AMZN,240,2017-02-10,17:30:00,2017-02-10T17:30:00+00:00,826.739000,827.919000,826.169000,827.159000,6069,1.750000,0.049592,823.283000,819.848000,817.033500,820.986435,0.350313,78.360438,1,train
AMZN,240,2017-02-13,13:30:00,2017-02-13T13:30:00+00:00,831.000000,842.920000,828.480000,841.510000,9733,14.440000,1.734975,827.187200,822.796100,817.384050,824.717992,0.591297,93.520731,0,train
AMZN,240,2017-02-13,17:30:00,2017-02-13T17:30:00+00:00,841.540000,841.920000,835.600000,836.000000,8227,6.320000,-0.654775,830.281400,825.171200,817.240100,826.769266,0.668125,82.102416,1,train
AMZN,240,2017-02-13,21:30:00,2017-02-13T21:30:00+00:00,836.060000,836.160000,836.000000,836.120000,35,0.160000,0.014354,833.507600,826.917300,818.622150,828.469400,0.648526,82.456913,0,train
AMZN,240,2017-02-14,13:30:00,2017-02-14T13:30:00+00:00,836.000000,837.840000,831.470000,835.910000,8114,6.370000,-0.025116,835.339800,828.573400,820.167700,829.822236,0.651855,79.437420,1,train
AMZN,240,2017-02-14,17:30:00,2017-02-14T17:30:00+00:00,835.890000,838.200000,834.410000,836.010000,6444,3.790000,0.011963,837.110000,830.196500,821.309750,830.947284,0.653014,80.416529,0,train
AMZN,240,2017-02-14,21:30:00,2017-02-14T21:30:00+00:00,836.390000,836.630000,835.980000,836.010000,17,0.650000,0.000000,836.010000,831.598600,822.606800,831.867778,0.655298,80.306625,1,train
AMZN,240,2017-02-15,13:30:00,2017-02-15T13:30:00+00:00,836.980000,841.460000,832.110000,839.370000,8502,9.350000,0.401909,836.684000,833.482700,824.266350,833.231818,0.646591,78.645127,1,train
AMZN,240,2017-02-15,17:30:00,2017-02-15T17:30:00+00:00,839.360000,842.760000,839.130000,842.190000,7301,3.630000,0.335966,837.898000,835.702800,826.035900,834.860579,0.638660,79.833338,1,train
AMZN,240,2017-02-15,21:30:00,2017-02-15T21:30:00+00:00,842.030000,842.250000,842.000000,842.250000,6,0.250000,0.007124,839.166000,837.252900,827.816950,836.204110,0.611449,79.636517,0,train
AMZN,240,2017-02-16,13:30:00,2017-02-16T13:30:00+00:00,841.300000,844.880000,839.360000,842.250000,8191,5.520000,0.000000,840.414000,838.762000,829.305000,837.303363,0.612892,78.375956,1,train
AMZN,240,2017-02-16,17:30:00,2017-02-16T17:30:00+00:00,842.250000,844.930000,841.120000,843.690000,6863,3.810000,0.170971,841.950000,838.980000,830.888050,838.464569,0.284119,82.455649,1,train
AMZN,240,2017-02-16,21:30:00,2017-02-16T21:30:00+00:00,843.700000,844.500000,842.180000,844.500000,11,2.320000,0.096007,842.976000,839.830000,832.500600,839.561920,0.153199,84.089455,1,train
AMZN,240,2017-02-17,13:30:00,2017-02-17T13:30:00+00:00,840.970000,847.060000,840.650000,845.650000,7578,6.410000,0.136175,843.668000,840.783000,833.850150,840.668844,0.150332,81.147622,0,train
AMZN,240,2017-02-17,17:30:00,2017-02-17T17:30:00+00:00,845.650000,847.110000,843.380000,845.050000,7794,3.730000,-0.070951,844.228000,841.697000,835.135200,841.465418,0.155634,79.299728,1,train
AMZN,240,2017-02-21,13:30:00,2017-02-21T13:30:00+00:00,848.040000,857.860000,847.230000,856.570000,8069,10.630000,1.363233,847.092000,843.753000,836.974750,844.211705,0.421547,77.184116,0,train
AMZN,240,2017-02-21,17:30:00,2017-02-21T17:30:00+00:00,856.600000,857.410000,854.480000,855.700000,7360,2.930000,-0.101568,849.494000,845.722000,838.660300,846.300486,0.429233,92.714657,0,train
AMZN,240,2017-02-21,21:30:00,2017-02-21T21:30:00+00:00,855.700000,855.700000,855.480000,855.490000,10,0.220000,-0.024541,851.692000,847.334000,840.408350,847.971307,0.431861,91.835853,1,train
AMZN,240,2017-02-22,13:30:00,2017-02-22T13:30:00+00:00,856.000000,857.590000,852.140000,856.500000,7085,5.450000,0.118061,853.862000,848.765000,842.233900,849.521978,0.429237,92.985386,0,train
AMZN,240,2017-02-22,17:30:00,2017-02-22T17:30:00+00:00,856.490000,858.310000,854.480000,854.520000,6162,3.830000,-0.231173,855.756000,849.992000,843.622450,850.430710,0.445555,85.830430,1,train
AMZN,240,2017-02-22,21:30:00,2017-02-22T21:30:00+00:00,854.510000,855.000000,854.490000,855.000000,22,0.510000,0.056172,855.442000,851.267000,845.014500,851.261490,0.443866,86.088940,0,train
AMZN,240,2017-02-23,13:30:00,2017-02-23T13:30:00+00:00,857.210000,860.780000,847.790000,851.600000,9354,12.990000,-0.397661,854.622000,852.058000,845.519000,851.323037,0.476296,73.206831,0,train
AMZN,240,2017-02-23,17:30:00,2017-02-23T17:30:00+00:00,851.710000,852.760000,848.970000,850.470000,7808,3.790000,-0.132691,853.618000,852.655000,846.242500,851.167939,0.481669,66.788321,0,train
AMZN,240,2017-02-23,21:30:00,2017-02-23T21:30:00+00:00,850.490000,850.500000,850.470000,850.470000,9,0.030000,0.000000,852.412000,853.137000,846.960000,851.041041,0.481563,66.707317,0,train
AMZN,240,2017-02-24,13:30:00,2017-02-24T13:30:00+00:00,845.390000,846.000000,837.810000,841.460000,8761,8.190000,-1.059414,849.800000,852.778000,847.237500,849.299034,0.598255,48.824755,1,train
AMZN,240,2017-02-24,17:30:00,2017-02-24T17:30:00+00:00,841.440000,845.100000,841.210000,845.100000,6993,3.890000,0.432581,847.820000,851.631000,847.692000,848.535573,0.392578,51.968724,1,train
AMZN,240,2017-02-27,13:30:00,2017-02-27T13:30:00+00:00,845.210000,850.760000,839.640000,850.230000,7495,11.120000,0.607029,847.546000,851.084000,848.403000,848.843651,0.457645,57.139297,0,train
AMZN,240,2017-02-27,17:30:00,2017-02-27T17:30:00+00:00,850.210000,852.500000,847.680000,847.720000,7050,4.820000,-0.295214,846.996000,850.307000,848.820500,848.639351,0.463079,52.494577,0,train
AMZN,240,2017-02-27,21:30:00,2017-02-27T21:30:00+00:00,847.750000,848.400000,847.440000,847.470000,22,0.960000,-0.029491,846.396000,849.404000,849.084500,848.426741,0.458028,52.941176,0,train
AMZN,240,2017-02-28,13:30:00,2017-02-28T13:30:00+00:00,850.000000,853.880000,842.010000,843.410000,7905,11.870000,-0.479073,846.786000,848.293000,849.142500,847.514607,0.472109,30.463183,1,train
AMZN,240,2017-02-28,17:30:00,2017-02-28T17:30:00+00:00,843.410000,847.590000,842.780000,844.760000,8128,4.810000,0.160065,846.718000,847.269000,849.268000,847.013769,0.477765,33.987119,0,train
AMZN,240,2017-02-28,21:30:00,2017-02-28T21:30:00+00:00,844.800000,844.810000,842.040000,843.300000,27,2.770000,-0.172830,845.332000,846.439000,849.248500,846.338538,0.468413,32.787348,1,train
AMZN,240,2017-03-01,13:30:00,2017-03-01T13:30:00+00:00,851.180000,854.710000,848.970000,853.690000,7431,5.740000,1.232065,846.526000,846.761000,849.708000,847.675168,0.628341,46.863139,0,train
AMZN,240,2017-03-01,17:30:00,2017-03-01T17:30:00+00:00,853.700000,854.310000,850.990000,852.500000,7484,3.320000,-0.139395,847.532000,846.964000,850.050500,848.552410,0.630858,47.704545,0,train
AMZN,240,2017-03-01,21:30:00,2017-03-01T21:30:00+00:00,852.330000,852.520000,852.180000,852.500000,9,0.340000,0.000000,849.350000,848.068000,850.423000,849.270154,0.504748,47.127757,0,train
AMZN,240,2017-03-02,13:30:00,2017-03-02T13:30:00+00:00,853.220000,854.650000,848.200000,848.950000,6947,6.450000,-0.416422,850.188000,848.453000,850.042000,849.211944,0.519673,46.965880,0,train
AMZN,240,2017-03-02,17:30:00,2017-03-02T17:30:00+00:00,848.940000,849.920000,847.230000,848.000000,6340,2.690000,-0.111903,851.128000,848.230000,849.657000,848.991590,0.481895,47.160267,1,train
AMZN,240,2017-03-02,21:30:00,2017-03-02T21:30:00+00:00,847.980000,848.740000,847.980000,848.690000,22,0.760000,0.081368,850.128000,848.327000,849.317000,848.936756,0.473085,47.985514,1,train
AMZN,240,2017-03-03,13:30:00,2017-03-03T13:30:00+00:00,847.980000,851.590000,845.500000,849.760000,6404,6.090000,0.126077,849.580000,848.556000,848.980000,849.086437,0.474110,61.451435,0,train
AMZN,240,2017-03-03,17:30:00,2017-03-03T17:30:00+00:00,849.730000,850.750000,848.000000,849.360000,6253,2.750000,-0.047072,848.952000,849.151000,848.722000,849.136175,0.441321,56.454545,0,train
AMZN,240,2017-03-06,13:30:00,2017-03-06T13:30:00+00:00,845.000000,848.070000,841.090000,842.600000,7983,6.980000,-0.795893,847.682000,848.935000,848.102000,847.947780,0.516982,38.983540,1,train
AMZN,240,2017-03-06,17:30:00,2017-03-06T17:30:00+00:00,842.620000,846.630000,842.480000,845.850000,5746,4.150000,0.385711,847.252000,849.190000,847.814500,847.566365,0.529192,47.356517,1,train
AMZN,240,2017-03-06,21:30:00,2017-03-06T21:30:00+00:00,845.870000,846.290000,845.850000,845.870000,11,0.440000,0.002364,846.688000,848.408000,847.584500,847.257935,0.321207,47.723392,0,train
AMZN,240,2017-03-07,13:30:00,2017-03-07T13:30:00+00:00,845.340000,848.350000,843.470000,845.310000,7771,4.880000,-0.066204,845.798000,847.689000,847.326500,846.903765,0.320828,53.002528,1,train
AMZN,240,2017-03-07,17:30:00,2017-03-07T17:30:00+00:00,845.360000,847.660000,843.690000,845.880000,6902,3.970000,0.067431,845.102000,847.027000,847.547500,846.717626,0.323492,51.814647,1,train
AMZN,240,2017-03-07,21:30:00,2017-03-07T21:30:00+00:00,845.900000,846.040000,845.890000,845.900000,8,0.150000,0.002364,845.762000,846.722000,847.587500,846.568967,0.301064,54.418763,1,train
AMZN,240,2017-03-08,13:30:00,2017-03-08T13:30:00+00:00,846.270000,852.930000,846.270000,850.590000,7421,6.660000,0.554439,846.710000,846.981000,847.605500,847.300064,0.351765,43.465430,0,train
AMZN,240,2017-03-08,17:30:00,2017-03-08T17:30:00+00:00,850.570000,851.390000,848.960000,850.040000,5930,2.430000,-0.064661,847.544000,847.116000,847.721500,847.798234,0.352475,44.670711,1,train
AMZN,240,2017-03-08,21:30:00,2017-03-08T21:30:00+00:00,850.350000,850.350000,850.000000,850.050000,9,0.350000,0.001176,848.492000,847.145000,847.850500,848.207646,0.350366,44.694673,1,train
AMZN,240,2017-03-09,13:30:00,2017-03-09T13:30:00+00:00,849.220000,856.120000,849.200000,853.130000,5483,6.920000,0.362332,849.942000,847.522000,848.336500,849.102619,0.367252,59.239611,0,train
AMZN,240,2017-03-09,17:30:00,2017-03-09T17:30:00+00:00,853.110000,854.380000,850.330000,852.600000,6236,4.050000,-0.062124,851.282000,848.522000,848.728500,849.738507,0.227189,60.360360,1,train
AMZN,240,2017-03-09,21:30:00,2017-03-09T21:30:00+00:00,852.590000,853.290000,852.570000,853.000000,10,0.720000,0.046915,851.764000,849.237000,849.213500,850.331506,0.207266,59.835691,1,train
AMZN,240,2017-03-10,13:30:00,2017-03-10T13:30:00+00:00,855.800000,857.010000,852.000000,854.470000,7245,5.010000,0.172333,852.650000,850.097000,849.252500,851.083959,0.206759,60.555805,0,train
AMZN,240,2017-03-10,17:30:00,2017-03-10T17:30:00+00:00,854.460000,854.480000,851.720000,852.140000,6705,2.760000,-0.272684,853.068000,850.780000,849.234500,851.275967,0.233887,55.734323,1,train
AMZN,240,2017-03-13,12:30:00,2017-03-13T12:30:00+00:00,851.810000,855.560000,850.990000,854.460000,6700,4.570000,0.272256,853.334000,851.638000,849.332500,851.854882,0.241438,79.949495,0,train
AMZN,240,2017-03-13,16:30:00,2017-03-13T16:30:00+00:00,854.470000,855.320000,851.990000,854.000000,5861,3.330000,-0.053835,853.614000,852.448000,849.585000,852.244903,0.244628,73.956496,1,train
AMZN,240,2017-03-13,20:30:00,2017-03-13T20:30:00+00:00,854.000000,854.260000,854.000000,854.260000,4,0.260000,0.030445,853.866000,852.815000,849.898000,852.611284,0.184046,74.318841,0,train
AMZN,240,2017-03-14,12:30:00,2017-03-14T12:30:00+00:00,852.000000,853.500000,847.540000,849.310000,6465,5.960000,-0.579449,852.834000,852.742000,849.929000,852.011051,0.269656,59.242144,1,train
AMZN,240,2017-03-14,16:30:00,2017-03-14T16:30:00+00:00,849.310000,852.400000,848.930000,851.750000,5345,3.470000,0.287292,852.756000,852.912000,850.028500,851.963587,0.285483,62.484049,0,train
AMZN,240,2017-03-14,20:30:00,2017-03-14T20:30:00+00:00,851.750000,851.890000,851.730000,851.740000,5,0.160000,-0.001174,852.212000,852.773000,850.147500,851.922935,0.259016,62.425532,0,train
AMZN,240,2017-03-15,12:30:00,2017-03-15T12:30:00+00:00,853.600000,854.220000,846.980000,849.960000,6287,7.240000,-0.208984,851.404000,852.509000,850.515500,851.566038,0.265991,48.470131,1,train
AMZN,240,2017-03-15,16:30:00,2017-03-15T16:30:00+00:00,849.970000,854.050000,849.740000,851.990000,7997,4.310000,0.238835,850.950000,852.408000,850.822500,851.643122,0.278826,54.417762,1,train
AMZN,240,2017-03-15,20:30:00,2017-03-15T20:30:00+00:00,852.000000,852.030000,852.000000,852.030000,2,0.030000,0.004695,851.494000,852.164000,851.130500,851.713463,0.271489,54.479638,1,train
AMZN,240,2017-03-16,12:30:00,2017-03-16T12:30:00+00:00,855.390000,856.000000,850.480000,852.330000,5964,5.520000,0.035210,851.610000,852.183000,851.481500,851.825561,0.257803,47.929607,1,train
AMZN,240,2017-03-16,16:30:00,2017-03-16T16:30:00+00:00,852.350000,853.950000,851.520000,852.510000,6887,2.430000,0.021119,851.764000,851.988000,851.813000,851.950004,0.240242,49.762783,0,train
AMZN,240,2017-03-16,20:30:00,2017-03-16T20:30:00+00:00,853.020000,853.020000,852.000000,852.200000,6,1.020000,-0.036363,852.212000,851.808000,852.128000,851.995458,0.240053,47.881356,1,train
AMZN,240,2017-03-17,12:30:00,2017-03-17T12:30:00+00:00,850.010000,853.410000,848.210000,852.300000,5955,5.200000,0.011734,852.274000,851.612000,852.213500,852.050829,0.239682,43.803541,1,train
AMZN,240,2017-03-17,16:30:00,2017-03-17T16:30:00+00:00,852.270000,853.760000,852.060000,852.380000,6512,1.700000,0.009386,852.344000,851.919000,852.330500,852.110679,0.138814,50.786370,1,train
AMZN,240,2017-03-20,12:30:00,2017-03-20T12:30:00+00:00,851.500000,857.630000,850.970000,855.900000,5916,6.660000,0.412961,853.058000,852.334000,852.623000,852.799646,0.166917,54.374241,1,train
AMZN,240,2017-03-20,16:30:00,2017-03-20T16:30:00+00:00,855.960000,857.000000,854.680000,856.650000,5839,2.320000,0.087627,853.886000,852.825000,852.799000,853.499710,0.166328,57.910448,0,train
AMZN,240,2017-03-20,20:30:00,2017-03-20T20:30:00+00:00,856.650000,856.650000,856.000000,856.080000,13,0.650000,-0.066538,854.662000,853.437000,852.973000,853.968854,0.145790,55.334115,0,train
AMZN,240,2017-03-21,12:30:00,2017-03-21T12:30:00+00:00,858.900000,862.540000,847.280000,849.740000,11735,15.260000,-0.740585,854.150000,853.212000,852.810000,853.199971,0.284325,51.165312,0,train
AMZN,240,2017-03-21,16:30:00,2017-03-21T16:30:00+00:00,849.840000,850.260000,841.210000,841.980000,12649,9.050000,-0.913221,852.070000,852.207000,852.185500,851.159977,0.398523,29.448885,0,train
AMZN,240,2017-03-21,20:30:00,2017-03-21T20:30:00+00:00,841.980000,842.200000,841.470000,841.550000,60,0.730000,-0.051070,849.200000,851.129000,851.656000,849.412708,0.395766,28.937578,1,train
AMZN,240,2017-03-22,12:30:00,2017-03-22T12:30:00+00:00,840.200000,849.070000,838.990000,846.740000,8700,10.080000,0.616719,847.218000,850.552000,851.270000,848.926761,0.460045,44.166667,1,train
AMZN,240,2017-03-22,16:30:00,2017-03-22T16:30:00+00:00,846.760000,849.270000,844.500000,847.500000,7392,4.770000,0.089756,845.502000,850.082000,850.945000,848.667350,0.462698,41.473604,0,train
AMZN,240,2017-03-22,20:30:00,2017-03-22T20:30:00+00:00,847.490000,847.490000,847.490000,847.490000,1,0.000000,-0.001180,845.052000,849.601000,850.606500,848.453286,0.462511,41.368821,1,train
AMZN,240,2017-03-23,12:30:00,2017-03-23T12:30:00+00:00,849.420000,850.830000,844.770000,849.550000,7613,6.060000,0.243071,846.566000,849.318000,850.618500,848.652689,0.471967,45.046329,0,train
AMZN,240,2017-03-23,16:30:00,2017-03-23T16:30:00+00:00,849.480000,850.350000,845.100000,846.700000,7812,5.250000,-0.335472,847.596000,848.398000,850.366000,848.297655,0.452462,40.546697,0,train
AMZN,240,2017-03-23,20:30:00,2017-03-23T20:30:00+00:00,846.680000,846.700000,846.660000,846.670000,10,0.040000,-0.003543,847.582000,847.400000,850.112500,848.001717,0.449008,40.919540,1,train
AMZN,240,2017-03-24,12:30:00,2017-03-24T12:30:00+00:00,850.000000,851.710000,847.730000,849.450000,6371,3.980000,0.328345,847.972000,846.737000,850.087000,848.265041,0.470701,45.698762,0,train
AMZN,240,2017-03-24,16:30:00,2017-03-24T16:30:00+00:00,849.460000,850.770000,843.470000,845.640000,9007,7.300000,-0.448526,847.602000,846.327000,849.769500,847.787761,0.432439,40.857298,0,train
AMZN,240,2017-03-27,12:30:00,2017-03-27T12:30:00+00:00,838.960000,844.590000,833.390000,843.560000,9104,11.200000,-0.245968,846.404000,846.485000,849.346000,847.019077,0.321185,32.580463,1,train
AMZN,240,2017-03-27,16:30:00,2017-03-27T16:30:00+00:00,843.570000,850.140000,843.250000,846.900000,8192,6.890000,0.395941,846.444000,847.020000,849.074500,846.997427,0.340823,37.174428,0,train
AMZN,240,2017-03-27,20:30:00,2017-03-27T20:30:00+00:00,846.900000,846.900000,845.980000,846.000000,12,0.920000,-0.106270,846.310000,846.946000,848.749000,846.816077,0.282162,36.854460,1,train
AMZN,240,2017-03-28,12:30:00,2017-03-28T12:30:00+00:00,847.990000,856.710000,847.000000,855.180000,8910,9.710000,1.085106,847.456000,847.714000,848.898000,848.336790,0.447655,56.605148,1,train
AMZN,240,2017-03-28,16:30:00,2017-03-28T16:30:00+00:00,855.180000,858.360000,854.120000,857.800000,8265,4.240000,0.306368,849.888000,848.745000,849.173000,850.057374,0.451158,71.947836,0,train
AMZN,240,2017-03-28,20:30:00,2017-03-28T20:30:00+00:00,857.970000,858.000000,857.080000,857.770000,20,0.920000,-0.003497,852.730000,849.567000,849.442500,851.459669,0.450538,72.755331,1,train
AMZN,240,2017-03-29,12:30:00,2017-03-29T12:30:00+00:00,859.250000,870.870000,858.970000,870.680000,9644,11.900000,1.505065,857.486000,851.965000,850.181500,854.954275,0.603950,77.606089,1,train
AMZN,240,2017-03-29,16:30:00,2017-03-29T16:30:00+00:00,870.730000,876.420000,868.480000,875.030000,10569,7.940000,0.499610,863.292000,854.801000,851.100500,858.604407,0.598517,79.318424,0,train
AMZN,240,2017-03-29,20:30:00,2017-03-29T20:30:00+00:00,875.020000,875.100000,874.290000,874.800000,24,0.810000,-0.026285,867.216000,857.336000,852.036500,861.549060,0.609145,78.948484,0,train
AMZN,240,2017-03-30,12:30:00,2017-03-30T12:30:00+00:00,874.560000,876.950000,871.630000,874.290000,10253,5.320000,-0.058299,870.514000,860.201000,853.264000,863.865595,0.567193,77.115300,1,train
AMZN,240,2017-03-30,16:30:00,2017-03-30T16:30:00+00:00,874.300000,876.970000,872.860000,875.000000,8342,4.110000,0.081209,873.960000,863.345000,854.915000,865.890032,0.538665,82.543698,0,train
AMZN,240,2017-03-30,20:30:00,2017-03-30T20:30:00+00:00,874.970000,876.730000,874.970000,874.990000,15,1.760000,-0.001143,874.822000,866.154000,856.587000,867.544572,0.550866,82.581684,1,train
AMZN,240,2017-03-31,12:30:00,2017-03-31T12:30:00+00:00,876.500000,890.170000,875.990000,888.750000,9674,14.180000,1.572589,877.566000,870.429000,858.687500,871.400104,0.650556,86.094783,0,train
AMZN,240,2017-03-31,16:30:00,2017-03-31T16:30:00+00:00,888.760000,890.140000,886.540000,886.540000,8371,3.600000,-0.248664,879.914000,873.565000,860.639500,874.152812,0.653094,88.701741,1,train
AMZN,240,2017-04-03,12:30:00,2017-04-03T12:30:00+00:00,888.000000,892.640000,885.500000,887.780000,11149,7.140000,0.139870,882.612000,876.563000,862.654000,876.630483,0.656801,92.519231,1,train
AMZN,240,2017-04-03,16:30:00,2017-04-03T16:30:00+00:00,887.780000,893.420000,887.410000,891.550000,9099,6.010000,0.424655,885.922000,879.941000,864.754000,879.343122,0.645339,92.580584,0,train
AMZN,240,2017-04-03,20:30:00,2017-04-03T20:30:00+00:00,891.440000,891.440000,891.410000,891.430000,7,0.030000,-0.013460,889.210000,882.016000,866.990500,881.540736,0.519991,93.978703,1,train
AMZN,240,2017-04-04,12:30:00,2017-04-04T12:30:00+00:00,889.780000,902.840000,889.300000,902.420000,9948,13.540000,1.232851,891.944000,884.755000,869.778000,885.336966,0.605759,94.182566,1,train
AMZN,240,2017-04-04,16:30:00,2017-04-04T16:30:00+00:00,902.480000,908.460000,902.430000,906.710000,11804,6.030000,0.475388,895.978000,887.946000,872.641000,889.222972,0.595470,94.358788,1,train
AMZN,240,2017-04-04,20:30:00,2017-04-04T20:30:00+00:00,906.710000,906.980000,906.680000,906.730000,28,0.300000,0.002206,899.768000,891.190000,875.695500,892.406068,0.591032,94.412192,1,train
AMZN,240,2017-04-05,12:30:00,2017-04-05T12:30:00+00:00,910.500000,923.720000,907.980000,921.910000,13109,15.740000,1.674148,905.840000,895.881000,879.613000,897.770419,0.708560,94.633211,0,train
AMZN,240,2017-04-05,16:30:00,2017-04-05T16:30:00+00:00,921.910000,922.630000,905.820000,908.100000,13009,16.810000,-1.497977,909.174000,899.192000,882.673000,899.648525,0.949421,74.734480,0,train
AMZN,240,2017-04-05,20:30:00,2017-04-05T20:30:00+00:00,908.010000,908.500000,907.730000,907.730000,45,0.770000,-0.040744,910.236000,901.090000,885.759500,901.117884,0.856004,74.578295,0,train
AMZN,240,2017-04-06,12:30:00,2017-04-06T12:30:00+00:00,912.520000,916.990000,897.550000,899.930000,12593,19.440000,-0.859286,908.880000,902.429000,887.997000,900.901905,0.912646,67.259020,0,train
AMZN,240,2017-04-06,16:30:00,2017-04-06T16:30:00+00:00,899.940000,900.840000,894.480000,897.510000,10778,6.360000,-0.268910,907.036000,903.402000,889.982500,900.285195,0.922439,64.811159,1,train
AMZN,240,2017-04-06,20:30:00,2017-04-06T20:30:00+00:00,897.510000,899.750000,897.480000,899.750000,35,2.270000,0.249579,902.604000,904.222000,892.081500,900.187887,0.917513,65.827154,0,train
AMZN,240,2017-04-07,12:30:00,2017-04-07T12:30:00+00:00,897.230000,901.000000,889.260000,895.860000,9272,11.740000,-0.432342,900.156000,904.665000,893.340500,899.400998,0.932474,55.201170,0,train
AMZN,240,2017-04-07,16:30:00,2017-04-07T16:30:00+00:00,895.900000,899.980000,894.500000,894.870000,7885,5.480000,-0.110508,897.584000,903.910000,894.332500,898.577181,0.835405,56.204380,1,train
AMZN,240,2017-04-10,12:30:00,2017-04-10T12:30:00+00:00,898.120000,908.420000,897.230000,903.790000,9599,11.190000,0.996793,898.356000,903.618000,895.782000,899.524966,0.888559,60.700441,1,train
AMZN,240,2017-04-10,16:30:00,2017-04-10T16:30:00+00:00,903.800000,907.620000,903.330000,906.470000,9277,4.290000,0.296529,900.148000,903.592000,897.391000,900.787699,0.894551,60.119371,1,train
AMZN,240,2017-04-10,20:30:00,2017-04-10T20:30:00+00:00,906.470000,907.200000,906.470000,907.180000,7,0.730000,0.078326,901.634000,902.119000,899.000000,901.949936,0.679298,60.597497,0,train
AMZN,240,2017-04-11,12:30:00,2017-04-11T12:30:00+00:00,907.370000,910.820000,897.270000,902.980000,10756,13.550000,-0.462973,903.058000,901.607000,900.399500,902.137220,0.510461,50.414692,0,train
AMZN,240,2017-04-11,16:30:00,2017-04-11T16:30:00+00:00,903.000000,903.900000,899.210000,902.540000,7875,4.690000,-0.048728,904.592000,901.088000,901.089000,902.210453,0.510442,46.725302,0,train
AMZN,240,2017-04-11,20:30:00,2017-04-11T20:30:00+00:00,902.550000,902.740000,902.080000,902.100000,12,0.660000,-0.048751,904.254000,901.305000,901.867000,902.190371,0.426131,46.387892,0,train
AMZN,240,2017-04-12,12:30:00,2017-04-12T12:30:00+00:00,901.360000,904.000000,898.740000,899.560000,8575,5.260000,-0.281565,902.872000,901.510000,902.456000,901.712121,0.427118,28.279883,0,train
AMZN,240,2017-04-12,16:30:00,2017-04-12T16:30:00+00:00,899.580000,900.520000,895.250000,895.980000,9212,5.270000,-0.397972,900.632000,901.133000,902.677500,900.669917,0.438006,35.298399,1,train
AMZN,240,2017-04-12,20:30:00,2017-04-12T20:30:00+00:00,896.100000,896.420000,895.980000,895.990000,22,0.440000,0.001116,899.234000,901.146000,902.905500,899.819023,0.415877,35.633872,0,train
AMZN,240,2017-04-13,12:30:00,2017-04-13T12:30:00+00:00,893.990000,894.760000,888.650000,890.260000,9372,6.110000,-0.639516,896.778000,900.685000,902.297500,898.081019,0.462808,37.535447,0,train
AMZN,240,2017-04-13,16:30:00,2017-04-13T16:30:00+00:00,890.290000,890.480000,883.850000,884.840000,10317,6.630000,-0.608811,893.326000,898.790000,901.204000,895.673561,0.313449,34.840871,0,train
AMZN,240,2017-04-13,20:30:00,2017-04-13T20:30:00+00:00,884.860000,885.000000,884.570000,884.600000,48,0.430000,-0.027124,890.334000,896.603000,900.097500,893.660186,0.268711,30.962553,1,train
AMZN,240,2017-04-17,12:30:00,2017-04-17T12:30:00+00:00,888.000000,896.800000,886.970000,896.210000,8194,9.830000,1.312458,890.380000,895.506000,898.812500,894.123789,0.559287,50.368344,1,train
AMZN,240,2017-04-17,16:30:00,2017-04-17T16:30:00+00:00,896.240000,902.290000,895.980000,900.980000,7708,6.310000,0.532241,891.378000,895.306000,898.456500,895.370373,0.579687,55.956327,1,train
AMZN,240,2017-04-17,20:30:00,2017-04-17T20:30:00+00:00,901.000000,902.750000,900.970000,902.720000,28,1.780000,0.193123,893.870000,895.324000,898.206000,896.706669,0.583419,48.787123,1,train
AMZN,240,2017-04-18,12:30:00,2017-04-18T12:30:00+00:00,899.000000,909.370000,898.970000,903.750000,8654,10.400000,0.114100,897.652000,895.489000,898.397000,897.987274,0.584071,46.796985,0,train
AMZN,240,2017-04-18,16:30:00,2017-04-18T16:30:00+00:00,903.750000,905.700000,901.320000,902.670000,7879,4.380000,-0.119502,901.266000,895.800000,898.655000,898.838679,0.576985,44.734999,0,train
AMZN,240,2017-04-18,20:30:00,2017-04-18T20:30:00+00:00,902.340000,902.340000,901.910000,901.990000,10,0.430000,-0.075332,902.422000,896.401000,898.767000,899.411646,0.558754,48.740778,1,train
AMZN,240,2017-04-19,12:30:00,2017-04-19T12:30:00+00:00,908.270000,910.230000,903.890000,904.630000,7895,6.340000,0.292686,903.152000,897.265000,899.205500,900.360438,0.562455,52.517466,0,train
AMZN,240,2017-04-19,16:30:00,2017-04-19T16:30:00+00:00,904.660000,905.450000,897.300000,898.800000,8556,8.150000,-0.644462,902.368000,898.119000,899.402000,900.076722,0.563177,46.481876,1,train
AMZN,240,2017-04-19,20:30:00,2017-04-19T20:30:00+00:00,898.780000,899.200000,898.770000,899.200000,15,0.430000,0.044504,901.458000,899.555000,899.172500,899.917318,0.507335,49.597855,1,train
AMZN,240,2017-04-20,12:30:00,2017-04-20T12:30:00+00:00,902.510000,903.230000,895.000000,903.230000,9261,8.230000,0.448176,901.570000,901.418000,899.010500,900.519624,0.509878,58.018138,0,train
AMZN,240,2017-04-20,16:30:00,2017-04-20T16:30:00+00:00,903.200000,905.210000,900.970000,901.410000,7256,4.240000,-0.201499,901.454000,901.938000,898.722000,900.681510,0.343816,55.763505,1,train
AMZN,240,2017-04-20,20:30:00,2017-04-20T20:30:00+00:00,901.410000,901.740000,901.400000,901.530000,9,0.340000,0.013312,900.834000,901.993000,898.649500,900.835781,0.300826,63.607824,0,train
AMZN,240,2017-04-21,12:30:00,2017-04-21T12:30:00+00:00,903.490000,904.590000,897.870000,899.770000,8734,6.720000,-0.195224,901.028000,901.698000,898.511000,900.642003,0.299120,69.774834,0,train
AMZN,240,2017-04-21,16:30:00,2017-04-21T16:30:00+00:00,899.760000,900.500000,896.730000,898.380000,8720,3.770000,-0.154484,900.864000,901.161000,898.325000,900.230730,0.296559,67.712082,1,train
AMZN,240,2017-04-24,12:30:00,2017-04-24T12:30:00+00:00,909.500000,909.580000,905.400000,908.670000,8847,4.180000,1.145395,901.952000,901.761000,898.780500,901.765142,0.480613,66.577967,0,train
AMZN,240,2017-04-24,16:30:00,2017-04-24T16:30:00+00:00,908.670000,909.450000,903.830000,906.900000,7930,5.620000,-0.194790,903.050000,902.252000,899.326500,902.698753,0.486006,58.559861,1,train
AMZN,240,2017-04-24,20:30:00,2017-04-24T20:30:00+00:00,906.910000,906.910000,906.890000,906.910000,5,0.020000,0.001103,904.126000,902.480000,899.872500,903.464434,0.478881,56.377473,1,train
AMZN,240,2017-04-25,12:30:00,2017-04-25T12:30:00+00:00,905.490000,909.350000,902.970000,908.160000,8250,6.380000,0.137831,905.804000,903.416000,900.767500,904.318173,0.417054,56.667675,0,train
AMZN,240,2017-04-25,16:30:00,2017-04-25T16:30:00+00:00,908.170000,908.790000,906.050000,907.090000,7473,2.740000,-0.117821,907.546000,904.205000,901.880000,904.822142,0.422766,56.684815,0,train
AMZN,240,2017-04-25,20:30:00,2017-04-25T20:30:00+00:00,907.120000,907.500000,906.990000,906.990000,21,0.510000,-0.011024,907.210000,904.581000,902.999500,905.216298,0.403837,57.697044,1,train
AMZN,240,2017-04-26,12:30:00,2017-04-26T12:30:00+00:00,908.600000,915.500000,907.520000,908.780000,8506,7.980000,0.197356,907.586000,905.318000,903.628000,905.864244,0.396718,56.560228,0,train
AMZN,240,2017-04-26,16:30:00,2017-04-26T16:30:00+00:00,908.800000,913.870000,908.320000,908.340000,7663,5.550000,-0.048417,907.872000,905.999000,903.996000,906.314381,0.398385,68.178354,1,train
AMZN,240,2017-04-26,20:30:00,2017-04-26T20:30:00+00:00,908.330000,909.290000,908.330000,909.010000,22,0.960000,0.073761,908.042000,906.923000,904.310500,906.804494,0.386955,68.502452,1,train
AMZN,240,2017-04-27,12:30:00,2017-04-27T12:30:00+00:00,911.110000,921.290000,909.970000,920.040000,9084,11.320000,1.213408,910.632000,909.089000,905.125000,909.210949,0.508538,75.082065,1,train
AMZN,240,2017-04-27,16:30:00,2017-04-27T16:30:00+00:00,920.060000,964.430000,908.970000,957.700000,11958,55.460000,4.093300,920.774000,913.992000,907.876500,918.027140,1.311850,90.583994,0,train
AMZN,240,2017-04-27,20:30:00,2017-04-27T20:30:00+00:00,957.670000,962.950000,947.980000,951.510000,1010,14.970000,-0.646340,929.320000,918.453000,910.352500,924.114933,1.347040,83.134447,0,train
AMZN,240,2017-04-28,12:30:00,2017-04-28T12:30:00+00:00,948.770000,949.600000,931.550000,932.770000,14257,18.050000,-1.969501,934.206000,921.039000,911.759500,925.688582,1.554555,67.857143,0,train
AMZN,240,2017-04-28,16:30:00,2017-04-28T16:30:00+00:00,932.780000,935.190000,924.350000,925.030000,10944,10.840000,-0.829787,937.410000,922.726000,913.071000,925.568840,1.594827,63.493671,1,train
AMZN,240,2017-05-01,12:30:00,2017-05-01T12:30:00+00:00,928.490000,949.420000,927.770000,948.560000,10662,21.650000,2.543701,943.114000,926.873000,915.539000,929.749051,1.751152,67.809626,1,train
AMZN,240,2017-05-01,16:30:00,2017-05-01T16:30:00+00:00,948.580000,954.190000,946.470000,948.950000,10831,7.720000,0.041115,941.364000,931.069000,917.825000,933.240132,1.749665,69.008227,1,train
AMZN,240,2017-05-01,20:30:00,2017-05-01T20:30:00+00:00,948.950000,949.650000,948.920000,949.260000,17,0.730000,0.032668,940.914000,935.117000,920.217500,936.152835,1.753255,69.092057,0,train
AMZN,240,2017-05-02,12:30:00,2017-05-02T12:30:00+00:00,950.230000,951.000000,941.360000,944.570000,9735,9.640000,-0.494069,943.274000,938.740000,922.369500,937.683229,1.772897,65.920420,1,train
AMZN,240,2017-05-02,16:30:00,2017-05-02T16:30:00+00:00,944.590000,946.860000,941.560000,945.400000,7672,5.300000,0.087871,947.348000,942.379000,924.651000,939.086278,1.772609,66.786434,0,train
AMZN,240,2017-05-02,20:30:00,2017-05-02T20:30:00+00:00,945.400000,945.400000,942.590000,944.020000,40,2.810000,-0.145970,946.440000,944.777000,926.933000,939.983319,1.755962,66.045585,0,train
AMZN,240,2017-05-03,12:30:00,2017-05-03T12:30:00+00:00,944.470000,945.930000,935.830000,939.740000,9388,10.100000,-0.453380,944.598000,942.981000,928.486500,939.939079,1.135334,63.131999,1,train
AMZN,240,2017-05-03,16:30:00,2017-05-03T16:30:00+00:00,939.770000,942.070000,936.870000,940.250000,9391,5.200000,0.054270,942.796000,941.855000,930.154000,939.995610,1.125162,63.526918,0,train
AMZN,240,2017-05-03,20:30:00,2017-05-03T20:30:00+00:00,940.000000,940.000000,938.670000,938.790000,32,1.330000,-0.155278,941.640000,942.457000,931.748000,939.776408,0.920209,62.540003,0,train
AMZN,240,2017-05-04,12:30:00,2017-05-04T12:30:00+00:00,944.050000,945.000000,934.220000,935.830000,8545,10.780000,-0.315299,939.726000,943.537000,933.131500,939.058879,0.877837,57.133821,1,train
AMZN,240,2017-05-04,16:30:00,2017-05-04T16:30:00+00:00,935.860000,939.530000,935.590000,936.270000,7169,3.940000,0.047017,938.176000,942.308000,934.590500,938.551810,0.221322,35.411845,0,train
AMZN,240,2017-05-04,20:30:00,2017-05-04T20:30:00+00:00,936.510000,937.320000,936.270000,936.270000,13,1.050000,0.000000,937.482000,941.040000,936.054500,938.136936,0.218147,38.670830,0,train
AMZN,240,2017-05-05,12:30:00,2017-05-05T12:30:00+00:00,938.500000,940.870000,930.510000,932.800000,8612,10.360000,-0.370620,935.992000,939.394000,937.255500,937.166584,0.221124,50.028852,1,train
AMZN,240,2017-05-05,16:30:00,2017-05-05T16:30:00+00:00,932.840000,934.140000,930.370000,934.030000,7903,3.770000,0.131861,935.040000,938.340000,938.540000,936.596296,0.208879,59.894459,1,train
AMZN,240,2017-05-08,12:30:00,2017-05-08T12:30:00+00:00,938.490000,946.040000,938.470000,942.440000,8305,7.570000,0.900399,936.362000,938.044000,940.211500,937.658788,0.381748,39.920949,1,train
AMZN,240,2017-05-08,16:30:00,2017-05-08T16:30:00+00:00,942.440000,949.500000,942.230000,947.480000,7537,7.270000,0.534782,938.604000,938.390000,941.583500,939.444463,0.417895,47.900600,1,train
AMZN,240,2017-05-08,20:30:00,2017-05-08T20:30:00+00:00,947.250000,948.050000,947.220000,947.790000,53,0.830000,0.032718,940.908000,939.195000,941.088000,940.961833,0.381120,47.900600,1,train
AMZN,240,2017-05-09,12:30:00,2017-05-09T12:30:00+00:00,952.670000,957.810000,951.220000,953.600000,9555,6.590000,0.613005,945.068000,940.530000,941.192500,943.259682,0.415371,62.496540,0,train
AMZN,240,2017-05-09,16:30:00,2017-05-09T16:30:00+00:00,953.630000,953.740000,950.160000,951.800000,7661,3.580000,-0.188758,948.622000,941.831000,942.144000,944.812467,0.418158,58.625337,1,train
AMZN,240,2017-05-09,20:30:00,2017-05-09T20:30:00+00:00,952.080000,952.480000,951.480000,952.310000,8,1.000000,0.053583,950.596000,943.479000,943.508000,946.175655,0.388925,61.440795,0,train
AMZN,240,2017-05-10,12:30:00,2017-05-10T12:30:00+00:00,951.000000,953.500000,944.970000,949.570000,9100,8.530000,-0.287721,951.014000,944.809000,943.558500,946.792808,0.414750,64.168348,0,train
AMZN,240,2017-05-10,16:30:00,2017-05-10T16:30:00+00:00,949.560000,950.500000,946.970000,947.520000,7329,3.530000,-0.215887,950.960000,945.934000,943.487000,946.925025,0.428354,60.033122,1,train
AMZN,240,2017-05-10,20:30:00,2017-05-10T20:30:00+00:00,947.490000,948.000000,946.970000,947.730000,28,1.030000,0.022163,949.786000,947.427000,943.410500,947.071384,0.395047,62.778731,0,train
AMZN,240,2017-05-11,12:30:00,2017-05-11T12:30:00+00:00,944.100000,946.970000,940.670000,945.520000,7881,6.300000,-0.233189,948.530000,948.576000,943.458000,946.789314,0.414294,64.154251,1,train
AMZN,240,2017-05-11,16:30:00,2017-05-11T16:30:00+00:00,945.530000,950.170000,945.130000,946.190000,7282,5.040000,0.070860,947.306000,948.951000,943.497500,946.680348,0.311715,64.393500,1,train
AMZN,240,2017-05-11,20:30:00,2017-05-11T20:30:00+00:00,946.220000,946.620000,946.220000,946.620000,4,0.400000,0.045445,946.716000,948.865000,943.627500,946.669376,0.259470,64.832330,1,train
AMZN,240,2017-05-12,12:30:00,2017-05-12T12:30:00+00:00,950.630000,960.500000,949.920000,959.170000,10376,10.580000,1.325770,949.046000,950.003000,944.599000,948.942216,0.496434,79.986354,1,train
AMZN,240,2017-05-12,16:30:00,2017-05-12T16:30:00+00:00,959.240000,962.760000,958.480000,961.340000,8284,4.280000,0.226237,951.768000,950.777000,945.653500,951.196359,0.468057,80.405255,0,train
AMZN,240,2017-05-15,12:30:00,2017-05-15T12:30:00+00:00,962.390000,963.000000,956.050000,958.030000,10468,6.950000,-0.344311,954.270000,951.400000,946.615500,952.438839,0.480470,69.580507,0,train
AMZN,240,2017-05-15,16:30:00,2017-05-15T16:30:00+00:00,957.990000,958.810000,956.020000,957.470000,6818,2.790000,-0.058453,956.526000,951.916000,947.697500,953.353596,0.482103,64.138126,1,train
AMZN,240,2017-05-15,20:30:00,2017-05-15T20:30:00+00:00,957.720000,957.790000,957.720000,957.750000,10,0.070000,0.029244,958.752000,952.734000,948.771500,954.152942,0.467251,64.107649,1,train
AMZN,240,2017-05-16,12:30:00,2017-05-16T12:30:00+00:00,959.970000,968.980000,959.970000,968.870000,10094,9.010000,1.161055,960.692000,954.869000,950.401500,956.828771,0.561521,68.800788,0,train
AMZN,240,2017-05-16,16:30:00,2017-05-16T16:30:00+00:00,968.880000,969.850000,965.220000,965.370000,8770,4.630000,-0.361246,961.498000,956.633000,952.030000,958.381721,0.589274,66.036398,1,train
AMZN,240,2017-05-16,20:30:00,2017-05-16T20:30:00+00:00,965.370000,965.470000,965.340000,965.440000,29,0.130000,0.007251,962.980000,958.625000,953.600500,959.665045,0.574995,65.679484,0,train
AMZN,240,2017-05-17,12:30:00,2017-05-17T12:30:00+00:00,959.970000,960.230000,951.090000,955.220000,12165,9.140000,-1.058585,962.530000,959.528000,954.239500,958.856855,0.702249,55.724417,0,train
AMZN,240,2017-05-17,16:30:00,2017-05-17T16:30:00+00:00,955.230000,958.880000,943.990000,945.000000,12944,14.890000,-1.069911,959.980000,959.366000,954.115500,956.337427,0.793973,47.809458,1,train
AMZN,240,2017-05-17,20:30:00,2017-05-17T20:30:00+00:00,944.990000,945.270000,944.970000,945.050000,41,0.300000,0.005291,955.216000,957.954000,953.978500,954.285167,0.641507,47.663877,1,train
AMZN,240,2017-05-18,12:30:00,2017-05-18T12:30:00+00:00,942.970000,959.510000,942.280000,953.920000,11780,17.230000,0.938575,952.926000,957.212000,953.994500,954.218773,0.721978,56.560450,1,train
AMZN,240,2017-05-18,16:30:00,2017-05-18T16:30:00+00:00,953.910000,962.480000,953.710000,958.510000,9852,8.770000,0.481172,951.540000,957.260000,954.330000,954.998996,0.734855,59.066824,0,train
AMZN,240,2017-05-18,20:30:00,2017-05-18T20:30:00+00:00,958.000000,958.500000,958.000000,958.500000,12,0.500000,-0.001043,952.196000,957.363000,954.639500,955.635542,0.734507,58.797393,1,train
AMZN,240,2017-05-19,12:30:00,2017-05-19T12:30:00+00:00,963.300000,968.830000,960.990000,965.510000,9662,7.840000,0.731351,956.298000,958.139000,955.436500,957.430898,0.768962,55.114553,0,train
AMZN,240,2017-05-19,16:30:00,2017-05-19T16:30:00+00:00,965.540000,968.300000,959.710000,959.710000,9711,8.590000,-0.600719,959.230000,957.223000,956.046000,957.845280,0.692659,48.757811,1,train
AMZN,240,2017-05-22,12:30:00,2017-05-22T12:30:00+00:00,961.470000,970.680000,961.470000,970.060000,9148,9.210000,1.078451,962.458000,957.692000,957.162500,960.066139,0.775345,58.279422,1,train
AMZN,240,2017-05-22,16:30:00,2017-05-22T16:30:00+00:00,970.070000,971.310000,967.360000,970.990000,8255,3.950000,0.095870,964.954000,958.247000,958.436000,962.052295,0.775293,59.257738,1,train
AMZN,240,2017-05-22,20:30:00,2017-05-22T20:30:00+00:00,970.540000,972.550000,970.520000,971.050000,30,2.030000,0.006179,967.464000,959.830000,959.679000,963.688242,0.670648,59.134615,0,train
AMZN,240,2017-05-23,12:30:00,2017-05-23T12:30:00+00:00,974.650000,975.020000,966.640000,968.460000,7644,8.380000,-0.266722,968.054000,962.176000,960.771000,964.555834,0.541842,49.681033,1,train
AMZN,240,2017-05-23,16:30:00,2017-05-23T16:30:00+00:00,968.490000,972.360000,967.720000,971.480000,6975,4.640000,0.311835,970.408000,964.819000,961.386500,965.814773,0.535290,54.789152,0,train
AMZN,240,2017-05-23,20:30:00,2017-05-23T20:30:00+00:00,971.490000,971.760000,971.380000,971.400000,15,0.380000,-0.008235,970.676000,966.567000,961.889500,966.830269,0.486917,54.670846,1,train
AMZN,240,2017-05-24,12:30:00,2017-05-24T12:30:00+00:00,972.500000,975.550000,970.170000,974.130000,5921,5.380000,0.281038,971.304000,968.129000,962.694500,968.157493,0.477309,66.790979,1,train
AMZN,240,2017-05-24,16:30:00,2017-05-24T16:30:00+00:00,974.160000,980.880000,973.190000,980.490000,7122,7.690000,0.652890,973.192000,970.328000,963.845500,970.399767,0.496767,83.832221,1,train
AMZN,240,2017-05-24,20:30:00,2017-05-24T20:30:00+00:00,980.500000,980.650000,980.080000,980.650000,26,0.570000,0.016318,975.630000,971.842000,964.990500,972.263446,0.466856,83.866058,1,train
AMZN,240,2017-05-25,12:30:00,2017-05-25T12:30:00+00:00,983.380000,998.400000,982.130000,998.160000,11144,16.270000,1.785550,980.966000,975.687000,966.455000,976.971910,0.621081,86.143791,0,train
AMZN,240,2017-05-25,16:30:00,2017-05-25T16:30:00+00:00,998.160000,998.880000,991.750000,993.500000,9989,7.130000,-0.466859,985.386000,978.031000,967.861500,979.977017,0.624461,78.553942,1,train
AMZN,240,2017-05-25,20:30:00,2017-05-25T20:30:00+00:00,993.470000,994.000000,993.470000,994.000000,17,0.530000,0.050327,989.360000,980.332000,969.289500,982.526651,0.625800,78.740285,0,train
AMZN,240,2017-05-26,12:30:00,2017-05-26T12:30:00+00:00,991.970000,998.570000,991.250000,993.280000,8911,7.320000,-0.072435,991.918000,982.555000,971.192500,984.481805,0.629493,75.031549,1,train
AMZN,240,2017-05-26,16:30:00,2017-05-26T16:30:00+00:00,993.280000,995.680000,989.280000,995.420000,7046,6.400000,0.215448,994.872000,985.251000,973.713500,986.470568,0.605361,84.462459,1,train
AMZN,240,2017-05-30,12:30:00,2017-05-30T12:30:00+00:00,997.090000,1001.000000,995.440000,997.510000,9922,5.560000,0.209962,994.742000,987.854000,976.336500,988.477737,0.605559,81.515499,0,train
AMZN,240,2017-05-30,16:30:00,2017-05-30T16:30:00+00:00,997.530000,999.910000,995.490000,996.010000,9558,4.420000,-0.150374,995.244000,990.315000,978.441000,989.847240,0.614327,78.354488,1,train
AMZN,240,2017-05-30,20:30:00,2017-05-30T20:30:00+00:00,996.020000,996.150000,995.990000,996.150000,14,0.160000,0.014056,995.674000,992.517000,980.323000,990.993196,0.618719,78.393665,0,train
AMZN,240,2017-05-31,12:30:00,2017-05-31T12:30:00+00:00,999.110000,1000.490000,982.480000,991.860000,10467,18.010000,-0.430658,995.390000,993.654000,981.991000,991.150797,0.630323,75.490196,1,train
AMZN,240,2017-05-31,16:30:00,2017-05-31T16:30:00+00:00,991.870000,996.000000,989.220000,994.800000,8542,6.780000,0.296413,995.266000,995.069000,983.455500,991.814288,0.631568,75.447403,0,train
AMZN,240,2017-05-31,20:30:00,2017-05-31T20:30:00+00:00,994.770000,995.000000,994.670000,994.700000,23,0.330000,-0.010052,994.704000,994.723000,985.205000,992.338963,0.258335,75.414485,1,train
AMZN,240,2017-06-01,12:30:00,2017-06-01T12:30:00+00:00,996.540000,998.710000,991.350000,995.430000,7881,7.360000,0.073389,994.588000,994.916000,986.473500,992.900970,0.209778,74.292883,1,train
AMZN,240,2017-06-01,16:30:00,2017-06-01T16:30:00+00:00,995.460000,996.920000,993.070000,996.080000,6569,3.850000,0.065298,994.574000,995.124000,987.728000,993.478975,0.210075,70.443221,1,train
AMZN,240,2017-06-01,20:30:00,2017-06-01T20:30:00+00:00,996.100000,996.480000,996.100000,996.100000,8,0.380000,0.002008,995.422000,995.406000,988.980500,993.955525,0.207697,70.334298,1,train
AMZN,240,2017-06-02,12:30:00,2017-06-02T12:30:00+00:00,998.650000,1007.170000,995.650000,1005.970000,10849,11.520000,0.990864,997.656000,996.461000,990.856000,996.139975,0.368063,62.866557,1,train
AMZN,240,2017-06-02,16:30:00,2017-06-02T16:30:00+00:00,1005.970000,1008.220000,1004.480000,1006.200000,9980,3.740000,0.022864,999.956000,997.330000,992.592000,997.969071,0.366950,74.498457,1,train
AMZN,240,2017-06-05,12:30:00,2017-06-05T12:30:00+00:00,1005.590000,1012.440000,1003.480000,1011.070000,7631,8.960000,0.483999,1003.084000,998.836000,994.575500,1000.351058,0.376004,78.177616,0,train
AMZN,240,2017-06-05,16:30:00,2017-06-05T16:30:00+00:00,1011.200000,1013.110000,1009.990000,1010.970000,6758,3.120000,-0.009891,1006.062000,1000.318000,996.417500,1002.281775,0.377046,79.811257,1,train
AMZN,240,2017-06-05,20:30:00,2017-06-05T20:30:00+00:00,1010.990000,1010.990000,1010.960000,1010.990000,5,0.030000,0.001978,1009.040000,1002.231000,997.942500,1003.865088,0.324357,78.257713,1,train
AMZN,240,2017-06-06,12:30:00,2017-06-06T12:30:00+00:00,1008.300000,1016.160000,1007.970000,1013.000000,7884,8.190000,0.198815,1010.446000,1004.051000,999.560000,1005.525981,0.322318,78.194394,0,train
AMZN,240,2017-06-06,16:30:00,2017-06-06T16:30:00+00:00,1013.010000,1013.470000,1001.200000,1003.110000,8383,12.270000,-0.976308,1009.828000,1004.892000,999.807500,1005.086712,0.488340,59.899610,0,train
AMZN,240,2017-06-06,20:30:00,2017-06-06T20:30:00+00:00,1003.100000,1003.270000,1002.490000,1003.000000,39,0.780000,-0.010966,1008.214000,1005.649000,1000.282500,1004.707310,0.489297,59.559029,1,train
AMZN,240,2017-06-07,12:30:00,2017-06-07T12:30:00+00:00,1006.100000,1008.820000,1001.970000,1006.810000,8488,6.850000,0.379860,1007.382000,1006.722000,1000.923000,1005.089617,0.498495,71.145686,1,train
AMZN,240,2017-06-07,16:30:00,2017-06-07T16:30:00+00:00,1006.830000,1010.340000,1002.610000,1010.070000,7767,7.730000,0.323795,1007.198000,1008.119000,1001.762500,1005.995141,0.501248,71.404542,0,train
AMZN,240,2017-06-07,20:30:00,2017-06-07T20:30:00+00:00,1010.070000,1010.070000,1008.470000,1008.500000,27,1.600000,-0.155435,1006.298000,1008.372000,1002.416500,1006.450570,0.407473,68.578352,1,train
AMZN,240,2017-06-08,12:30:00,2017-06-08T12:30:00+00:00,1011.280000,1014.020000,1006.260000,1008.810000,9516,7.760000,0.030739,1007.438000,1008.633000,1002.981500,1006.879557,0.407474,68.218954,1,train
AMZN,240,2017-06-08,16:30:00,2017-06-08T16:30:00+00:00,1008.760000,1010.610000,1007.590000,1009.970000,6819,3.020000,0.114987,1008.832000,1008.523000,1003.679500,1007.441456,0.377027,68.654311,0,train
AMZN,240,2017-06-08,20:30:00,2017-06-08T20:30:00+00:00,1009.990000,1010.200000,1009.950000,1009.950000,16,0.250000,-0.001980,1009.460000,1008.421000,1004.369500,1007.897555,0.377036,68.600591,0,train
AMZN,240,2017-06-09,12:30:00,2017-06-09T12:30:00+00:00,1010.750000,1012.500000,992.270000,997.420000,9188,20.230000,-1.240655,1006.930000,1007.064000,1004.647500,1005.992545,0.541677,39.283028,0,train
AMZN,240,2017-06-09,16:30:00,2017-06-09T16:30:00+00:00,997.430000,999.460000,927.890000,976.160000,18211,71.570000,-2.131499,1000.462000,1003.380000,1003.715500,1000.568446,0.815015,25.344714,0,train
AMZN,240,2017-06-12,12:30:00,2017-06-12T12:30:00+00:00,967.200000,975.790000,944.970000,962.120000,19067,30.820000,-1.438289,991.124000,999.281000,1002.086500,993.577819,0.864969,15.080611,1,train
AMZN,240,2017-06-12,16:30:00,2017-06-12T16:30:00+00:00,962.110000,968.500000,958.170000,963.060000,15057,10.330000,0.097701,981.742000,995.287000,1000.468000,988.029125,0.871240,16.227266,1,train
AMZN,240,2017-06-12,20:30:00,2017-06-12T20:30:00+00:00,963.070000,964.000000,962.000000,963.500000,20,2.000000,0.045688,972.452000,990.956000,998.839000,983.569284,0.843896,16.720392,1,train
AMZN,240,2017-06-13,12:30:00,2017-06-13T12:30:00+00:00,974.000000,983.000000,966.070000,975.680000,13111,16.930000,1.264141,968.104000,987.517000,997.818000,982.134869,0.979413,27.109912,1,train
AMZN,240,2017-06-13,16:30:00,2017-06-13T16:30:00+00:00,975.340000,984.320000,974.000000,980.840000,11302,10.320000,0.528862,969.040000,984.751000,996.561500,981.899438,1.017037,35.499414,1,train
AMZN,240,2017-06-13,20:30:00,2017-06-13T20:30:00+00:00,980.820000,981.600000,980.820000,981.590000,26,0.780000,0.076465,972.934000,982.029000,995.331000,981.843177,1.018656,36.174609,1,train
AMZN,240,2017-06-14,12:30:00,2017-06-14T12:30:00+00:00,980.990000,990.050000,980.970000,984.200000,11917,9.080000,0.265895,977.162000,979.452000,993.987500,982.271690,1.026059,35.169881,0,train
AMZN,240,2017-06-14,16:30:00,2017-06-14T16:30:00+00:00,984.200000,987.020000,966.760000,976.500000,14500,20.260000,-0.782361,979.762000,976.107000,992.264000,981.222292,1.034457,29.193009,1,train
AMZN,240,2017-06-14,20:30:00,2017-06-14T20:30:00+00:00,976.500000,977.000000,975.990000,976.950000,26,1.010000,0.046083,980.016000,974.060000,990.562000,980.445511,0.987764,30.169705,0,train
AMZN,240,2017-06-15,12:30:00,2017-06-15T12:30:00+00:00,962.240000,966.200000,950.770000,957.190000,12718,15.430000,-2.022621,975.286000,972.163000,987.771500,976.217237,0.964467,23.929293,1,train
AMZN,240,2017-06-15,16:30:00,2017-06-15T16:30:00+00:00,957.190000,965.630000,954.970000,961.260000,10160,10.660000,0.425203,971.220000,972.077000,985.679000,973.497739,0.872521,26.101462,1,train
AMZN,240,2017-06-15,20:30:00,2017-06-15T20:30:00+00:00,961.230000,963.400000,961.230000,963.100000,19,2.170000,0.191415,967.000000,972.081000,983.684000,971.607241,0.874254,27.417333,1,train
AMZN,240,2017-06-16,12:30:00,2017-06-16T12:30:00+00:00,966.600000,999.320000,945.970000,994.140000,19914,53.350000,3.222926,970.528000,975.145000,983.050500,975.704106,1.342879,48.658377,0,train
AMZN,240,2017-06-16,16:30:00,2017-06-16T16:30:00+00:00,994.170000,999.620000,984.960000,987.460000,14489,14.660000,-0.671938,972.630000,976.323000,981.920000,977.841542,1.331408,55.248003,1,train
AMZN,240,2017-06-19,12:30:00,2017-06-19T12:30:00+00:00,996.300000,1012.630000,990.480000,995.750000,11977,22.150000,0.839528,980.342000,977.814000,981.282500,981.097625,1.345352,66.499853,0,train
AMZN,240,2017-06-19,16:30:00,2017-06-19T16:30:00+00:00,995.770000,997.260000,989.870000,994.190000,9199,7.390000,-0.156666,986.928000,979.074000,980.551500,983.478057,1.348958,65.180923,0,train
AMZN,240,2017-06-19,20:30:00,2017-06-19T20:30:00+00:00,994.170000,994.720000,993.970000,994.000000,17,0.750000,-0.019111,993.108000,980.054000,979.753000,985.391137,1.348913,64.910051,1,train
AMZN,240,2017-06-20,12:30:00,2017-06-20T12:30:00+00:00,996.080000,1004.740000,991.990000,995.750000,10844,12.750000,0.176056,993.430000,981.979000,979.043000,987.274567,1.312232,60.925422,0,train
AMZN,240,2017-06-20,16:30:00,2017-06-20T16:30:00+00:00,995.730000,998.070000,991.970000,993.020000,9266,6.100000,-0.274165,994.542000,983.586000,978.823000,988.319191,1.320372,56.810557,0,train
AMZN,240,2017-06-20,20:30:00,2017-06-20T20:30:00+00:00,993.000000,993.250000,992.970000,992.980000,19,0.280000,-0.004028,993.988000,987.165000,979.664000,989.166611,1.080194,56.419795,1,train
AMZN,240,2017-06-21,12:30:00,2017-06-21T12:30:00+00:00,995.000000,998.450000,992.630000,996.020000,7236,5.820000,0.306149,994.354000,990.641000,981.359000,990.412682,1.080210,56.630020,1,train
AMZN,240,2017-06-21,16:30:00,2017-06-21T16:30:00+00:00,995.880000,1003.250000,993.980000,1003.250000,7930,9.270000,0.725889,996.204000,994.656000,983.368500,992.746740,1.084101,65.084019,0,train
AMZN,240,2017-06-21,20:30:00,2017-06-21T20:30:00+00:00,1003.240000,1003.500000,1001.970000,1002.300000,38,1.530000,-0.094692,997.514000,995.472000,985.308500,994.483696,0.453212,64.214422,0,train
AMZN,240,2017-06-22,12:30:00,2017-06-22T12:30:00+00:00,1000.840000,1006.760000,997.060000,1001.570000,8245,9.700000,-0.072832,999.224000,996.883000,986.603000,995.772115,0.375266,81.636727,0,train
AMZN,240,2017-06-22,16:30:00,2017-06-22T16:30:00+00:00,1001.600000,1004.690000,1000.580000,1001.500000,6362,4.110000,-0.006989,1000.928000,997.458000,987.636000,996.813549,0.285279,80.420321,0,train
AMZN,240,2017-06-22,20:30:00,2017-06-22T20:30:00+00:00,1001.550000,1001.930000,1001.470000,1001.470000,46,0.460000,-0.002996,1002.018000,998.186000,988.630000,997.660176,0.276435,79.822789,1,train
AMZN,240,2017-06-23,12:30:00,2017-06-23T12:30:00+00:00,1002.250000,1003.920000,997.990000,1002.990000,6008,5.930000,0.151777,1001.966000,999.085000,989.569500,998.629235,0.275365,62.711864,1,train
AMZN,240,2017-06-23,16:30:00,2017-06-23T16:30:00+00:00,1003.110000,1004.280000,999.250000,1003.430000,7222,5.030000,0.043869,1002.192000,999.853000,990.916000,999.502101,0.273967,77.948897,0,train
AMZN,240,2017-06-26,12:30:00,2017-06-26T12:30:00+00:00,1009.000000,1010.470000,993.300000,996.930000,9252,17.170000,-0.647778,1001.264000,1000.244000,991.915000,999.034447,0.343785,52.203137,0,train
AMZN,240,2017-06-26,16:30:00,2017-06-26T16:30:00+00:00,996.910000,999.930000,991.970000,993.830000,6958,7.960000,-0.310955,999.730000,1000.329000,993.747000,998.088184,0.361387,49.364407,0,train
AMZN,240,2017-06-26,20:30:00,2017-06-26T20:30:00+00:00,993.850000,993.850000,993.490000,993.500000,10,0.360000,-0.033205,998.136000,1000.077000,995.359000,997.253968,0.346004,49.121574,0,train
AMZN,240,2017-06-27,12:30:00,2017-06-27T12:30:00+00:00,988.960000,998.510000,986.200000,990.090000,8167,12.310000,-0.343231,995.556000,998.761000,996.708500,995.951429,0.235950,40.604250,0,train
AMZN,240,2017-06-27,16:30:00,2017-06-27T16:30:00+00:00,990.110000,990.240000,975.970000,977.290000,10685,14.270000,-1.292812,990.328000,996.260000,995.866000,992.558442,0.435164,30.430455,0,train
AMZN,240,2017-06-27,20:30:00,2017-06-27T20:30:00+00:00,977.180000,977.230000,976.780000,976.860000,28,0.450000,-0.043999,986.314000,993.789000,995.336000,989.704180,0.436572,30.137999,1,train
AMZN,240,2017-06-28,12:30:00,2017-06-28T12:30:00+00:00,983.450000,984.550000,969.190000,982.560000,12716,15.360000,0.583502,984.060000,991.895000,994.676500,988.405238,0.507121,34.435708,1,train
AMZN,240,2017-06-28,16:30:00,2017-06-28T16:30:00+00:00,982.530000,990.410000,982.090000,990.110000,9800,8.320000,0.768401,983.382000,990.759000,994.472500,988.715195,0.590476,34.917355,1,train
AMZN,240,2017-06-28,20:30:00,2017-06-28T20:30:00+00:00,990.000000,991.000000,989.970000,991.000000,26,1.030000,0.089889,983.564000,989.560000,994.322500,989.130614,0.587717,37.011494,0,train
AMZN,240,2017-06-29,12:30:00,2017-06-29T12:30:00+00:00,984.800000,987.250000,970.000000,975.780000,13196,17.250000,-1.535822,983.262000,986.795000,993.324000,986.703229,0.733423,27.763407,0,train
AMZN,240,2017-06-29,16:30:00,2017-06-29T16:30:00+00:00,975.770000,978.620000,965.200000,974.980000,12094,13.420000,-0.081986,982.886000,984.600000,992.422000,984.571733,0.723362,27.418256,0,train
AMZN,240,2017-06-29,20:30:00,2017-06-29T20:30:00+00:00,975.000000,975.890000,972.020000,973.240000,38,3.870000,-0.178465,981.022000,982.541000,991.435000,982.511418,0.722724,26.642396,1,train
AMZN,240,2017-06-30,12:30:00,2017-06-30T12:30:00+00:00,975.200000,983.040000,971.550000,977.470000,9535,11.490000,0.434631,978.494000,980.938000,990.507500,981.594797,0.749842,29.790941,0,train
AMZN,240,2017-06-30,16:30:00,2017-06-30T16:30:00+00:00,977.480000,977.630000,967.600000,967.880000,7811,10.030000,-0.981104,973.870000,978.717000,988.739000,979.101197,0.793048,25.411537,0,train
AMZN,240,2017-07-03,12:30:00,2017-07-03T12:30:00+00:00,970.000000,974.160000,952.970000,955.920000,11623,21.190000,-1.235690,969.898000,976.580000,986.420000,974.886434,0.784654,23.627010,0,train
AMZN,240,2017-07-03,16:30:00,2017-07-03T16:30:00+00:00,955.910000,955.960000,950.970000,953.750000,2302,4.990000,-0.227006,965.652000,974.269000,984.029000,971.043446,0.782273,23.913043,1,train
AMZN,240,2017-07-03,20:30:00,2017-07-03T20:30:00+00:00,954.140000,954.950000,953.720000,954.080000,33,1.230000,0.034600,961.820000,971.421000,981.658000,967.959183,0.736257,24.342619,1,train
AMZN,240,2017-07-05,12:30:00,2017-07-05T12:30:00+00:00,957.500000,970.250000,955.070000,969.010000,10783,15.180000,1.564858,960.128000,969.311000,980.035000,968.150241,0.890538,38.068825,1,train
AMZN,240,2017-07-05,16:30:00,2017-07-05T16:30:00+00:00,969.000000,974.760000,968.000000,971.250000,9420,6.760000,0.231164,960.802000,967.336000,978.448000,968.713833,0.896950,46.117254,1,train
AMZN,240,2017-07-05,20:30:00,2017-07-05T20:30:00+00:00,971.640000,972.550000,970.970000,972.000000,73,1.580000,0.077220,964.018000,966.958000,976.876500,969.311318,0.764838,46.888604,0,train
AMZN,240,2017-07-06,12:30:00,2017-07-06T12:30:00+00:00,961.800000,968.950000,958.990000,968.180000,10321,9.960000,-0.393004,966.904000,966.278000,975.439000,969.105624,0.773186,40.566780,0,train
AMZN,240,2017-07-06,16:30:00,2017-07-06T16:30:00+00:00,968.180000,974.000000,963.970000,963.970000,9366,10.030000,-0.434836,968.882000,965.351000,973.946000,968.171874,0.781488,32.066411,1,train
AMZN,240,2017-07-06,20:30:00,2017-07-06T20:30:00+00:00,963.980000,965.300000,963.980000,963.980000,25,1.320000,0.001037,967.876000,964.002000,972.470000,967.409715,0.760718,31.236111,1,train
AMZN,240,2017-07-07,12:30:00,2017-07-07T12:30:00+00:00,966.000000,978.170000,965.970000,977.420000,8613,12.200000,1.394220,969.110000,964.956000,971.836500,969.229767,0.834845,51.167758,1,train
AMZN,240,2017-07-07,16:30:00,2017-07-07T16:30:00+00:00,977.400000,979.860000,976.090000,978.340000,7527,3.770000,0.094125,970.378000,967.198000,971.889000,970.886173,0.691896,52.388399,1,train
AMZN,240,2017-07-10,12:30:00,2017-07-10T12:30:00+00:00,985.030000,998.250000,983.020000,997.140000,10773,15.230000,1.921622,976.170000,971.537000,972.903000,975.659596,0.848616,63.672769,0,train
AMZN,240,2017-07-10,16:30:00,2017-07-10T16:30:00+00:00,997.490000,999.310000,995.030000,995.600000,8161,4.280000,-0.154442,982.496000,975.689000,973.555000,979.285124,0.860892,60.701216,1,train
AMZN,240,2017-07-10,20:30:00,2017-07-10T20:30:00+00:00,996.180000,996.180000,995.520000,995.750000,26,0.660000,0.015066,988.850000,978.363000,973.837000,982.278738,0.768470,68.513352,0,train
AMZN,240,2017-07-11,12:30:00,2017-07-11T12:30:00+00:00,995.800000,995.800000,983.500000,989.320000,9269,12.300000,-0.645744,991.230000,980.170000,973.753000,983.558967,0.822209,73.946085,1,train
AMZN,240,2017-07-11,16:30:00,2017-07-11T16:30:00+00:00,989.320000,995.740000,987.830000,994.390000,6896,7.910000,0.512473,994.440000,982.409000,974.683500,985.528246,0.827226,77.973568,0,train
AMZN,240,2017-07-11,20:30:00,2017-07-11T20:30:00+00:00,994.390000,994.490000,994.360000,994.390000,9,0.130000,0.000000,993.890000,985.030000,975.654000,987.139474,0.803272,77.873047,1,train
AMZN,240,2017-07-12,12:30:00,2017-07-12T12:30:00+00:00,996.250000,1004.810000,996.240000,1004.110000,9956,8.570000,0.977484,995.592000,989.044000,977.197500,990.225024,0.789549,76.154993,1,train
AMZN,240,2017-07-12,16:30:00,2017-07-12T16:30:00+00:00,1004.130000,1008.470000,1003.480000,1005.230000,8545,4.990000,0.111542,997.488000,993.169000,978.585500,992.953202,0.783918,75.750227,0,train
AMZN,240,2017-07-12,20:30:00,2017-07-12T20:30:00+00:00,1005.250000,1005.540000,1005.070000,1005.130000,34,0.470000,-0.009948,1000.650000,995.940000,980.448000,995.167165,0.713110,75.355886,0,train
AMZN,240,2017-07-13,12:30:00,2017-07-13T12:30:00+00:00,1004.480000,1006.800000,997.490000,1001.240000,9407,9.310000,-0.387015,1002.020000,998.230000,982.714000,996.271317,0.742823,75.275229,0,train
AMZN,240,2017-07-13,16:30:00,2017-07-13T16:30:00+00:00,1001.250000,1001.890000,995.770000,999.220000,7536,6.120000,-0.201750,1002.986000,998.438000,984.987500,996.807441,0.454295,77.883246,1,train
AMZN,240,2017-07-13,20:30:00,2017-07-13T20:30:00+00:00,999.250000,999.510000,999.030000,999.370000,36,0.480000,0.015012,1002.038000,998.815000,987.252000,997.273361,0.450133,77.932123,1,train
AMZN,240,2017-07-14,12:30:00,2017-07-14T12:30:00+00:00,997.470000,1004.430000,996.750000,1002.480000,7351,7.680000,0.311196,1001.488000,999.488000,988.925500,998.220022,0.458075,73.632591,0,train
AMZN,240,2017-07-14,16:30:00,2017-07-14T16:30:00+00:00,1002.470000,1003.280000,1000.290000,1001.180000,6836,2.990000,-0.129678,1000.698000,1000.674000,990.422000,998.758200,0.393160,71.385768,1,train
AMZN,240,2017-07-17,12:30:00,2017-07-17T12:30:00+00:00,1005.010000,1014.580000,1002.970000,1010.990000,9354,11.610000,0.979844,1002.648000,1002.334000,992.371500,1000.982164,0.466034,65.593335,0,train
AMZN,240,2017-07-17,16:30:00,2017-07-17T16:30:00+00:00,1010.970000,1012.230000,997.970000,1010.070000,7823,14.260000,-0.091000,1004.818000,1003.902000,994.466000,1002.634498,0.470517,66.522037,0,train
AMZN,240,2017-07-17,20:30:00,2017-07-17T20:30:00+00:00,1009.970000,1011.200000,1008.960000,1009.970000,83,2.240000,-0.009900,1006.938000,1004.488000,996.766000,1003.968225,0.372793,66.255144,1,train
AMZN,240,2017-07-18,12:30:00,2017-07-18T12:30:00+00:00,1005.500000,1023.970000,1002.630000,1022.720000,9678,21.340000,1.262414,1010.986000,1006.237000,999.703000,1007.377639,0.533766,83.359968,1,train
AMZN,240,2017-07-18,16:30:00,2017-07-18T16:30:00+00:00,1022.440000,1025.960000,1020.720000,1024.650000,8590,5.240000,0.188712,1015.680000,1008.189000,1002.064500,1010.518068,0.529845,82.246377,0,train
AMZN,240,2017-07-18,20:30:00,2017-07-18T20:30:00+00:00,1024.440000,1024.960000,1024.270000,1024.270000,19,0.690000,-0.037086,1018.336000,1010.492000,1004.361000,1013.018419,0.497812,81.585624,1,train
AMZN,240,2017-07-19,12:30:00,2017-07-19T12:30:00+00:00,1026.000000,1030.000000,1022.200000,1028.860000,8599,7.800000,0.448124,1022.094000,1013.456000,1005.947000,1015.898707,0.477363,79.345506,0,train
AMZN,240,2017-07-19,16:30:00,2017-07-19T16:30:00+00:00,1028.830000,1031.480000,1025.170000,1026.620000,8535,6.310000,-0.217717,1025.424000,1016.181000,1007.498000,1017.848033,0.497703,74.705475,0,train
AMZN,240,2017-07-19,20:30:00,2017-07-19T20:30:00+00:00,1026.380000,1026.380000,1025.820000,1026.230000,7,0.560000,-0.037989,1026.126000,1018.556000,1009.022000,1019.372027,0.506697,74.208352,1,train
AMZN,240,2017-07-20,12:30:00,2017-07-20T12:30:00+00:00,1029.980000,1034.690000,1025.380000,1031.010000,8222,9.310000,0.465783,1027.398000,1021.539000,1011.106500,1021.488022,0.493830,83.472004,0,train
AMZN,240,2017-07-20,16:30:00,2017-07-20T16:30:00+00:00,1030.990000,1031.320000,1022.520000,1027.500000,7503,8.800000,-0.340443,1028.044000,1023.190000,1012.762000,1022.581109,0.466141,80.765883,0,train
AMZN,240,2017-07-20,20:30:00,2017-07-20T20:30:00+00:00,1027.490000,1028.710000,1024.970000,1027.500000,54,3.740000,0.000000,1027.772000,1024.933000,1014.417500,1023.475453,0.461494,80.702903,0,train
AMZN,240,2017-07-21,12:30:00,2017-07-21T12:30:00+00:00,1019.970000,1024.000000,1010.970000,1023.720000,7389,13.030000,-0.367883,1027.192000,1026.308000,1015.398000,1023.519916,0.490182,72.848537,1,train
AMZN,240,2017-07-21,16:30:00,2017-07-21T16:30:00+00:00,1023.730000,1025.960000,1022.970000,1025.110000,6570,2.990000,0.135779,1026.968000,1026.547000,1016.392000,1023.809022,0.292051,75.692506,1,train
AMZN,240,2017-07-24,12:30:00,2017-07-24T12:30:00+00:00,1026.050000,1035.850000,1024.970000,1034.950000,7911,10.880000,0.959897,1027.756000,1027.577000,1017.883000,1025.834654,0.415981,75.708155,0,train
AMZN,240,2017-07-24,16:30:00,2017-07-24T16:30:00+00:00,1035.150000,1042.970000,1033.010000,1034.730000,9282,9.960000,-0.021257,1029.202000,1028.623000,1019.557500,1027.451990,0.415428,76.862745,0,train
AMZN,240,2017-07-24,20:30:00,2017-07-24T20:30:00+00:00,1034.550000,1035.230000,1033.970000,1034.200000,86,1.260000,-0.051221,1030.542000,1029.157000,1021.306500,1028.678901,0.398942,76.149363,1,train
AMZN,240,2017-07-25,12:30:00,2017-07-25T12:30:00+00:00,1041.210000,1041.700000,1032.320000,1036.570000,8027,9.380000,0.229163,1033.112000,1030.152000,1023.166500,1030.113646,0.390245,69.262865,1,train
AMZN,240,2017-07-25,16:30:00,2017-07-25T16:30:00+00:00,1036.560000,1043.300000,1035.980000,1040.000000,6691,7.320000,0.330899,1036.090000,1031.529000,1025.042500,1031.911165,0.393469,70.493992,0,train
AMZN,240,2017-07-25,20:30:00,2017-07-25T20:30:00+00:00,1040.000000,1040.250000,1039.190000,1039.480000,50,1.060000,-0.050000,1036.996000,1032.376000,1026.957500,1033.287317,0.378684,70.231445,1,train
AMZN,240,2017-07-26,12:30:00,2017-07-26T12:30:00+00:00,1042.750000,1052.870000,1042.750000,1051.120000,8462,10.120000,1.119791,1040.274000,1034.738000,1028.964000,1036.529623,0.468389,74.932796,1,train
AMZN,240,2017-07-26,16:30:00,2017-07-26T16:30:00+00:00,1051.130000,1054.650000,1047.300000,1054.000000,8437,7.350000,0.273993,1044.234000,1037.388000,1031.160500,1039.706055,0.461499,80.234099,1,train
AMZN,240,2017-07-26,20:30:00,2017-07-26T20:30:00+00:00,1054.000000,1055.500000,1052.470000,1055.000000,84,3.030000,0.094877,1047.920000,1040.516000,1033.412000,1042.486772,0.412611,81.346699,1,train
AMZN,240,2017-07-27,12:30:00,2017-07-27T12:30:00+00:00,1070.980000,1082.650000,1062.690000,1066.830000,13675,19.960000,1.121327,1053.286000,1044.688000,1035.617500,1046.912814,0.480554,83.830752,0,train
AMZN,240,2017-07-27,16:30:00,2017-07-27T16:30:00+00:00,1067.100000,1069.050000,1001.040000,1021.190000,20951,68.010000,-4.278095,1049.628000,1043.312000,1035.444500,1042.235939,1.524381,46.681393,0,train
AMZN,240,2017-07-27,20:30:00,2017-07-27T20:30:00+00:00,1022.590000,1026.980000,1011.950000,1015.100000,1425,15.030000,-0.596363,1042.424000,1041.349000,1034.986000,1037.302132,1.530948,43.871095,1,train
AMZN,240,2017-07-28,12:30:00,2017-07-28T12:30:00+00:00,1009.000000,1020.020000,1000.880000,1020.020000,15327,19.140000,0.484681,1035.628000,1039.931000,1034.544000,1034.159926,1.545291,48.191593,0,train
AMZN,240,2017-07-28,16:30:00,2017-07-28T16:30:00+00:00,1019.910000,1032.550000,1018.770000,1019.980000,11549,13.780000,-0.003921,1028.624000,1038.272000,1034.212000,1031.581757,1.541075,47.459138,0,train
AMZN,240,2017-07-31,12:30:00,2017-07-31T12:30:00+00:00,1020.590000,1021.270000,994.520000,998.160000,12788,26.750000,-2.139258,1014.890000,1034.088000,1032.808500,1025.505074,1.649530,33.711148,0,train
AMZN,240,2017-07-31,16:30:00,2017-07-31T16:30:00+00:00,998.170000,998.300000,986.970000,987.870000,11476,11.330000,-1.030897,1008.226000,1028.927000,1030.651500,1018.662334,1.655736,30.951220,0,train
AMZN,240,2017-07-31,20:30:00,2017-07-31T20:30:00+00:00,987.970000,988.200000,987.170000,987.200000,51,1.030000,-0.067823,1002.646000,1022.535000,1028.636500,1012.941909,1.567238,30.916031,1,train
AMZN,240,2017-08-01,12:30:00,2017-08-01T12:30:00+00:00,990.280000,1005.980000,990.170000,999.610000,11743,15.810000,1.257091,998.564000,1017.096000,1027.242000,1010.517926,1.657381,36.124043,0,train
AMZN,240,2017-08-01,16:30:00,2017-08-01T16:30:00+00:00,999.580000,1001.460000,991.670000,995.510000,9235,9.790000,-0.410160,993.670000,1011.147000,1025.831500,1007.789212,1.644347,33.380650,1,train
AMZN,240,2017-08-01,20:30:00,2017-08-01T20:30:00+00:00,995.510000,999.500000,995.430000,999.000000,149,4.070000,0.350574,993.838000,1004.364000,1024.526000,1006.191173,1.572966,35.206841,0,train
AMZN,240,2017-08-02,12:30:00,2017-08-02T12:30:00+00:00,1000.700000,1003.480000,981.780000,985.290000,10275,21.700000,-1.372372,993.322000,1000.774000,1022.043000,1002.390960,0.985685,26.301390,1,train
AMZN,240,2017-08-02,16:30:00,2017-08-02T16:30:00+00:00,985.260000,998.480000,985.260000,995.480000,9335,13.220000,1.034213,994.978000,998.812000,1020.080500,1001.134422,1.072014,29.986320,0,train
AMZN,240,2017-08-02,20:30:00,2017-08-02T20:30:00+00:00,995.510000,995.800000,993.500000,995.000000,28,2.300000,-0.048218,994.056000,996.310000,1018.120500,1000.019072,1.047731,29.406919,0,train
AMZN,240,2017-08-03,12:30:00,2017-08-03T12:30:00+00:00,997.980000,999.270000,984.600000,988.230000,9419,14.670000,-0.680402,992.600000,993.135000,1015.703500,997.875605,1.052402,22.052340,0,train
AMZN,240,2017-08-03,16:30:00,2017-08-03T16:30:00+00:00,988.170000,989.810000,985.050000,986.470000,8062,4.760000,-0.178096,990.094000,991.966000,1013.027000,995.801858,0.833827,32.054993,1,train
AMZN,240,2017-08-03,20:30:00,2017-08-03T20:30:00+00:00,986.930000,987.200000,986.470000,986.920000,52,0.730000,0.045617,990.420000,991.871000,1010.399000,994.186975,0.769387,34.533480,0,train
AMZN,240,2017-08-04,12:30:00,2017-08-04T12:30:00+00:00,988.510000,991.480000,981.980000,986.500000,8191,9.500000,-0.042557,988.624000,991.801000,1007.168000,992.789343,0.769206,30.646651,1,train
AMZN,240,2017-08-04,16:30:00,2017-08-04T16:30:00+00:00,986.480000,987.380000,983.430000,987.180000,6864,3.950000,0.068931,987.060000,990.558000,1003.827000,991.769463,0.632269,31.201284,1,train
AMZN,240,2017-08-07,12:30:00,2017-08-07T12:30:00+00:00,989.500000,994.920000,987.370000,991.500000,9220,7.550000,0.437610,987.714000,990.157000,1000.652000,991.720469,0.646206,45.225122,1,train
AMZN,240,2017-08-07,16:30:00,2017-08-07T16:30:00+00:00,991.490000,993.810000,987.900000,991.990000,7550,5.910000,0.049420,988.818000,989.456000,996.910000,991.769475,0.632942,53.436770,0,train
AMZN,240,2017-08-07,20:30:00,2017-08-07T20:30:00+00:00,991.790000,992.000000,991.790000,991.950000,18,0.210000,-0.004032,989.824000,990.122000,995.448000,991.802298,0.437495,54.004384,1,train
AMZN,240,2017-08-08,12:30:00,2017-08-08T12:30:00+00:00,993.210000,996.190000,988.200000,995.130000,8377,7.990000,0.320581,991.550000,990.087000,994.449500,992.407335,0.298565,45.527157,0,train
AMZN,240,2017-08-08,16:30:00,2017-08-08T16:30:00+00:00,995.130000,995.160000,985.760000,989.050000,8071,9.400000,-0.610975,991.924000,989.492000,992.901000,991.796910,0.355600,43.795620,0,train
AMZN,240,2017-08-08,20:30:00,2017-08-08T20:30:00+00:00,989.020000,989.060000,987.260000,987.260000,45,1.800000,-0.180982,991.076000,989.395000,991.265000,990.972017,0.287179,38.343924,0,train
AMZN,240,2017-08-09,12:30:00,2017-08-09T12:30:00+00:00,982.780000,987.930000,980.990000,983.580000,8265,6.940000,-0.372749,989.394000,989.106000,990.536000,989.628014,0.305869,47.879990,0,train
AMZN,240,2017-08-09,16:30:00,2017-08-09T16:30:00+00:00,983.590000,984.500000,975.280000,980.990000,8959,9.220000,-0.263324,987.202000,988.513000,990.192000,988.057466,0.313023,27.864345,1,train
AMZN,240,2017-08-09,20:30:00,2017-08-09T20:30:00+00:00,981.090000,981.200000,980.980000,981.200000,16,0.220000,0.021407,984.416000,987.983000,989.892000,986.810654,0.314067,28.743068,0,train
AMZN,240,2017-08-10,12:30:00,2017-08-10T12:30:00+00:00,977.990000,979.010000,958.470000,958.850000,13131,20.540000,-2.277823,978.376000,985.150000,987.854000,981.726899,0.765220,19.421316,0,train
AMZN,240,2017-08-10,16:30:00,2017-08-10T16:30:00+00:00,958.880000,963.660000,954.700000,956.000000,13666,8.960000,-0.297231,972.124000,981.600000,985.878500,977.049281,0.721842,18.990434,0,train
AMZN,240,2017-08-10,20:30:00,2017-08-10T20:30:00+00:00,955.250000,955.970000,954.670000,954.700000,73,1.300000,-0.135983,966.348000,977.871000,983.663500,972.985775,0.712433,17.767107,1,train
AMZN,240,2017-08-11,12:30:00,2017-08-11T12:30:00+00:00,955.020000,969.680000,951.480000,967.670000,12506,18.200000,1.358542,963.684000,975.443000,982.782500,972.019271,0.898385,34.943227,1,train
AMZN,240,2017-08-11,16:30:00,2017-08-11T16:30:00+00:00,967.680000,969.150000,964.770000,967.980000,7521,4.380000,0.032036,961.040000,972.728000,981.407500,971.284858,0.882740,34.555985,1,train
AMZN,240,2017-08-14,12:30:00,2017-08-14T12:30:00+00:00,975.320000,985.280000,972.090000,981.520000,9398,13.190000,1.398789,965.574000,971.975000,980.733500,973.145793,1.015908,43.009246,1,train
AMZN,240,2017-08-14,16:30:00,2017-08-14T16:30:00+00:00,981.510000,984.790000,980.100000,982.600000,6994,4.690000,0.110033,970.894000,971.509000,980.452000,974.864740,1.016599,43.476449,1,train
AMZN,240,2017-08-14,20:30:00,2017-08-14T20:30:00+00:00,982.870000,982.900000,982.600000,982.900000,24,0.300000,0.030531,976.534000,971.441000,980.273500,976.325696,1.010026,43.735290,1,train
AMZN,240,2017-08-15,12:30:00,2017-08-15T12:30:00+00:00,986.790000,991.590000,982.020000,985.350000,8398,9.570000,0.249262,980.070000,971.877000,980.195000,977.966479,1.008313,43.160839,0,train
AMZN,240,2017-08-15,16:30:00,2017-08-15T16:30:00+00:00,985.550000,986.380000,982.110000,982.590000,6952,4.270000,-0.280104,982.992000,972.016000,979.999500,978.807119,1.013722,45.262540,0,train
AMZN,240,2017-08-15,20:30:00,2017-08-15T20:30:00+00:00,982.550000,982.550000,982.110000,982.520000,12,0.440000,-0.007124,983.192000,974.383000,979.766500,979.482188,0.619968,46.433945,1,train
AMZN,240,2017-08-16,12:30:00,2017-08-16T12:30:00+00:00,980.000000,986.350000,973.240000,986.010000,9886,13.110000,0.355209,983.874000,977.384000,979.492000,980.669063,0.590072,51.833409,0,train
AMZN,240,2017-08-16,16:30:00,2017-08-16T16:30:00+00:00,986.010000,986.250000,975.110000,978.010000,9280,11.140000,-0.811351,982.896000,979.715000,978.793000,980.185597,0.678896,47.921317,0,train
AMZN,240,2017-08-16,20:30:00,2017-08-16T20:30:00+00:00,977.980000,978.650000,977.980000,977.990000,14,0.670000,-0.002045,981.424000,980.747000,978.095000,979.786398,0.555795,47.754931,0,train
AMZN,240,2017-08-17,12:30:00,2017-08-17T12:30:00+00:00,974.500000,977.910000,963.720000,964.540000,11284,14.190000,-1.375270,977.814000,980.403000,976.565500,977.014325,0.728400,54.545455,0,train
AMZN,240,2017-08-17,16:30:00,2017-08-17T16:30:00+00:00,964.550000,967.900000,959.790000,960.470000,11077,8.110000,-0.421963,973.404000,978.298000,975.136500,974.006266,0.531675,53.502586,0,train
AMZN,240,2017-08-17,20:30:00,2017-08-17T20:30:00+00:00,960.030000,960.210000,956.970000,959.020000,132,3.240000,-0.150968,968.006000,975.940000,973.724500,971.281490,0.520213,53.377111,1,train
AMZN,240,2017-08-18,12:30:00,2017-08-18T12:30:00+00:00,962.590000,965.260000,954.600000,963.980000,11755,10.660000,0.517195,965.200000,974.048000,972.744500,969.953947,0.568958,46.702413,0,train
AMZN,240,2017-08-18,16:30:00,2017-08-18T16:30:00+00:00,964.000000,965.000000,958.330000,958.470000,8177,6.670000,-0.571589,961.296000,971.360000,971.618500,967.865956,0.557199,42.224039,0,train
AMZN,240,2017-08-21,12:30:00,2017-08-21T12:30:00+00:00,959.190000,961.000000,945.420000,953.710000,11077,15.580000,-0.496625,959.130000,968.472000,970.244000,965.292146,0.561617,23.448539,0,train
AMZN,240,2017-08-21,16:30:00,2017-08-21T16:30:00+00:00,953.410000,953.930000,947.820000,952.000000,8458,6.110000,-0.179300,957.436000,965.420000,969.901500,962.875392,0.554354,21.132075,1,train
AMZN,240,2017-08-21,20:30:00,2017-08-21T20:30:00+00:00,952.700000,953.010000,952.360000,952.360000,21,0.650000,0.037815,956.104000,962.055000,969.719500,960.963503,0.519812,21.221259,1,train
AMZN,240,2017-08-22,12:30:00,2017-08-22T12:30:00+00:00,957.500000,967.770000,955.020000,965.860000,8507,12.750000,1.417531,956.480000,960.840000,970.277500,961.853775,0.732265,34.799563,1,train
AMZN,240,2017-08-22,16:30:00,2017-08-22T16:30:00+00:00,965.910000,967.650000,963.990000,966.170000,8994,3.660000,0.032096,958.020000,959.658000,970.202500,962.638543,0.732969,36.685047,1,train
AMZN,240,2017-08-22,20:30:00,2017-08-22T20:30:00+00:00,966.150000,967.220000,966.150000,966.190000,31,1.070000,0.002070,960.516000,959.823000,970.113000,963.284263,0.585209,36.747281,0,train
AMZN,240,2017-08-23,12:30:00,2017-08-23T12:30:00+00:00,958.450000,961.710000,954.160000,956.990000,8422,7.550000,-0.952194,961.514000,959.475000,968.886500,962.139851,0.649998,28.446227,1,train
AMZN,240,2017-08-23,16:30:00,2017-08-23T16:30:00+00:00,957.000000,959.400000,954.860000,957.200000,7261,4.540000,0.021944,962.482000,959.293000,967.616500,961.241696,0.648852,32.521418,1,train
AMZN,240,2017-08-23,20:30:00,2017-08-23T20:30:00+00:00,957.170000,960.390000,957.170000,958.890000,101,3.220000,0.176557,961.088000,958.784000,966.416000,960.814115,0.626232,34.395425,0,train
AMZN,240,2017-08-24,12:30:00,2017-08-24T12:30:00+00:00,960.270000,961.600000,941.110000,945.450000,13028,20.490000,-1.401621,956.944000,957.482000,964.421000,958.020640,0.746361,34.401046,1,train
AMZN,240,2017-08-24,16:30:00,2017-08-24T16:30:00+00:00,945.450000,958.500000,944.190000,953.000000,11242,14.310000,0.798562,954.306000,957.411000,962.941500,957.107796,0.787708,44.224525,1,train
AMZN,240,2017-08-24,20:30:00,2017-08-24T20:30:00+00:00,953.000000,953.990000,952.730000,953.990000,17,1.260000,0.103882,953.706000,957.610000,961.515000,956.540924,0.785820,46.083165,0,train
AMZN,240,2017-08-25,12:30:00,2017-08-25T12:30:00+00:00,955.500000,957.440000,947.120000,949.070000,9367,10.320000,-0.515729,952.080000,957.281000,959.668000,955.182574,0.803998,38.382422,0,train
AMZN,240,2017-08-25,16:30:00,2017-08-25T16:30:00+00:00,949.100000,950.290000,944.100000,945.030000,8158,6.190000,-0.425680,949.308000,955.198000,958.019000,953.336652,0.626539,39.282297,1,train
AMZN,240,2017-08-28,12:30:00,2017-08-28T12:30:00+00:00,947.470000,952.830000,942.220000,947.750000,8929,10.610000,0.287822,949.768000,953.356000,956.507000,952.320897,0.642799,45.087372,0,train
AMZN,240,2017-08-28,16:30:00,2017-08-28T16:30:00+00:00,947.750000,948.850000,944.320000,945.450000,7444,4.530000,-0.242680,948.258000,951.282000,955.552500,951.071643,0.639305,44.653061,1,train
AMZN,240,2017-08-28,20:30:00,2017-08-28T20:30:00+00:00,945.510000,946.020000,945.480000,946.010000,21,0.540000,0.059231,946.662000,950.184000,954.829500,950.151344,0.587619,44.833198,1,train
AMZN,240,2017-08-29,12:30:00,2017-08-29T12:30:00+00:00,938.490000,953.170000,936.220000,953.020000,9796,16.950000,0.741007,947.452000,949.766000,954.529500,950.672918,0.647061,38.318777,1,train
AMZN,240,2017-08-29,16:30:00,2017-08-29T16:30:00+00:00,953.030000,955.900000,951.280000,953.590000,7709,4.620000,0.059810,949.164000,949.236000,954.010000,951.203297,0.643727,38.609200,1,train
AMZN,240,2017-08-29,20:30:00,2017-08-29T20:30:00+00:00,953.600000,953.900000,953.580000,953.900000,11,0.320000,0.032509,950.394000,950.081000,953.781500,951.693606,0.436383,38.929923,1,train
AMZN,240,2017-08-30,12:30:00,2017-08-30T12:30:00+00:00,956.980000,964.350000,955.140000,962.990000,9525,9.210000,0.952930,953.902000,951.080000,954.245500,953.747496,0.465965,55.415162,1,train
AMZN,240,2017-08-30,16:30:00,2017-08-30T16:30:00+00:00,962.990000,969.230000,962.880000,967.500000,9651,6.350000,0.468333,958.200000,952.431000,955.020500,956.247951,0.479886,58.626466,0,train
AMZN,240,2017-08-30,20:30:00,2017-08-30T20:30:00+00:00,967.500000,967.500000,967.130000,967.150000,12,0.370000,-0.036176,961.026000,954.239000,955.760000,958.230142,0.428043,57.076765,1,train
AMZN,240,2017-08-31,12:30:00,2017-08-31T12:30:00+00:00,973.010000,979.830000,972.250000,979.760000,10091,7.580000,1.303831,966.260000,957.712000,956.455000,962.144662,0.495808,79.819225,1,train
AMZN,240,2017-08-31,16:30:00,2017-08-31T16:30:00+00:00,979.750000,981.000000,977.720000,980.000000,9011,3.280000,0.024496,971.480000,960.937000,957.146500,965.391087,0.507089,76.881720,0,train
AMZN,240,2017-08-31,20:30:00,2017-08-31T20:30:00+00:00,980.000000,981.000000,979.970000,980.000000,21,1.030000,0.000000,974.882000,964.392000,957.837000,968.047253,0.481459,76.416819,1,train
AMZN,240,2017-09-01,12:30:00,2017-09-01T12:30:00+00:00,984.010000,984.500000,976.790000,981.590000,8177,7.710000,0.162245,977.700000,967.950000,959.067000,970.509570,0.475358,85.424837,0,train
AMZN,240,2017-09-01,16:30:00,2017-09-01T16:30:00+00:00,981.560000,981.910000,977.890000,978.250000,6793,4.020000,-0.340264,979.920000,970.473000,960.119500,971.916921,0.503934,86.747788,0,train
AMZN,240,2017-09-05,12:30:00,2017-09-05T12:30:00+00:00,974.250000,976.570000,962.270000,963.360000,11217,14.300000,-1.522106,976.640000,971.450000,960.343000,970.361117,0.758646,63.604671,1,train
AMZN,240,2017-09-05,16:30:00,2017-09-05T16:30:00+00:00,963.360000,966.250000,960.330000,965.470000,10580,5.920000,0.219025,973.734000,972.607000,961.344000,969.471823,0.758970,67.506121,0,train
AMZN,240,2017-09-05,20:30:00,2017-09-05T20:30:00+00:00,965.490000,965.980000,965.220000,965.240000,16,0.760000,-0.023823,970.782000,972.832000,961.956000,968.702401,0.700963,66.912929,0,train
AMZN,240,2017-09-06,12:30:00,2017-09-06T12:30:00+00:00,968.000000,971.560000,960.470000,963.450000,8845,11.090000,-0.185446,967.154000,972.427000,962.429000,967.747419,0.685392,60.100717,1,train
AMZN,240,2017-09-06,16:30:00,2017-09-06T16:30:00+00:00,963.430000,971.280000,962.580000,968.000000,8198,8.700000,0.472261,965.104000,972.512000,963.375500,967.793343,0.704291,62.956303,0,train
AMZN,240,2017-09-06,20:30:00,2017-09-06T20:30:00+00:00,968.440000,968.440000,968.000000,968.000000,4,0.440000,0.000000,966.032000,971.336000,964.524000,967.830917,0.539856,62.748644,1,train
AMZN,240,2017-09-07,12:30:00,2017-09-07T12:30:00+00:00,971.000000,980.440000,970.970000,978.400000,9811,9.470000,1.074380,968.618000,971.176000,966.056500,969.752568,0.659722,63.610669,1,train
AMZN,240,2017-09-07,16:30:00,2017-09-07T16:30:00+00:00,978.370000,980.410000,977.020000,978.980000,7921,3.390000,0.059280,971.366000,971.074000,967.733000,971.430283,0.660132,60.895976,1,train
AMZN,240,2017-09-07,20:30:00,2017-09-07T20:30:00+00:00,979.000000,980.000000,978.990000,979.480000,11,1.010000,0.051074,974.572000,970.863000,969.406500,972.893868,0.657870,61.669506,0,train
AMZN,240,2017-09-08,12:30:00,2017-09-08T12:30:00+00:00,976.760000,979.400000,971.490000,972.160000,7521,7.910000,-0.747335,975.404000,970.254000,970.363500,972.760437,0.691646,42.006731,0,train
AMZN,240,2017-09-08,16:30:00,2017-09-08T16:30:00+00:00,972.190000,973.590000,963.410000,965.630000,8425,10.180000,-0.671700,974.930000,970.481000,970.965500,971.463994,0.523867,36.652424,1,train
AMZN,240,2017-09-11,12:30:00,2017-09-11T12:30:00+00:00,973.250000,981.510000,972.990000,977.000000,7697,8.520000,1.177470,974.650000,971.634000,972.120500,972.470541,0.638492,47.699387,0,train
AMZN,240,2017-09-11,16:30:00,2017-09-11T16:30:00+00:00,976.960000,979.900000,976.320000,976.990000,6245,3.580000,-0.001024,974.252000,972.809000,972.820500,973.292261,0.637959,46.384785,0,train
AMZN,240,2017-09-11,20:30:00,2017-09-11T20:30:00+00:00,976.990000,976.990000,976.980000,976.980000,2,0.010000,-0.001024,973.752000,974.162000,973.294500,973.962759,0.630679,48.946757,1,train
AMZN,240,2017-09-12,12:30:00,2017-09-12T12:30:00+00:00,981.810000,984.500000,975.530000,980.550000,8281,8.970000,0.365412,975.430000,975.417000,973.964500,975.160439,0.625332,67.551562,1,train
AMZN,240,2017-09-12,16:30:00,2017-09-12T16:30:00+00:00,980.540000,983.500000,977.330000,983.280000,7616,6.170000,0.278415,978.960000,976.945000,974.140500,976.636723,0.625067,67.957249,0,train
AMZN,240,2017-09-12,20:30:00,2017-09-12T20:30:00+00:00,983.270000,983.450000,982.970000,982.980000,12,0.480000,-0.030510,980.156000,977.403000,974.289500,977.790046,0.536571,67.861458,1,train
AMZN,240,2017-09-13,12:30:00,2017-09-13T12:30:00+00:00,982.480000,989.620000,979.170000,987.060000,9277,10.450000,0.415064,982.170000,978.211000,974.642500,979.475492,0.549052,72.723773,1,train
AMZN,240,2017-09-13,16:30:00,2017-09-13T16:30:00+00:00,987.080000,1000.490000,986.980000,999.010000,9355,13.510000,1.210666,986.576000,980.164000,975.513500,983.027221,0.653870,76.124684,1,train
AMZN,240,2017-09-13,20:30:00,2017-09-13T20:30:00+00:00,999.010000,1000.000000,998.990000,999.970000,44,1.010000,0.096095,990.460000,982.945000,976.599500,986.107726,0.566755,76.504726,0,train
AMZN,240,2017-09-14,12:30:00,2017-09-14T12:30:00+00:00,997.130000,998.190000,988.570000,989.670000,9984,9.620000,-1.030031,991.738000,985.349000,977.915000,986.755412,0.640425,59.358910,1,train
AMZN,240,2017-09-14,16:30:00,2017-09-14T16:30:00+00:00,989.640000,995.300000,987.590000,991.470000,8584,7.710000,0.181879,993.436000,986.796000,979.215000,987.612610,0.551033,60.166043,0,train
AMZN,240,2017-09-14,20:30:00,2017-09-14T20:30:00+00:00,991.120000,991.350000,991.020000,991.050000,39,0.330000,-0.042361,994.234000,988.202000,980.505500,988.237590,0.552433,59.429503,0,train
AMZN,240,2017-09-15,12:30:00,2017-09-15T12:30:00+00:00,990.520000,996.170000,984.080000,990.820000,10540,12.090000,-0.023208,992.596000,989.586000,981.874000,988.707119,0.553125,67.194987,0,train
AMZN,240,2017-09-15,16:30:00,2017-09-15T16:30:00+00:00,990.790000,991.190000,984.970000,986.560000,7769,6.220000,-0.429947,989.914000,990.187000,982.802000,988.316734,0.574234,70.128871,0,train
AMZN,240,2017-09-18,12:30:00,2017-09-18T12:30:00+00:00,988.970000,992.600000,981.480000,981.510000,8152,11.120000,-0.511880,988.282000,990.010000,983.477500,987.079146,0.595232,54.937596,0,train
AMZN,240,2017-09-18,16:30:00,2017-09-18T16:30:00+00:00,981.520000,982.750000,968.100000,974.310000,10263,14.650000,-0.733564,984.850000,989.143000,983.273000,984.757483,0.637127,47.465002,1,train
AMZN,240,2017-09-18,20:30:00,2017-09-18T20:30:00+00:00,974.300000,974.800000,974.300000,974.500000,17,0.500000,0.019501,981.540000,987.887000,983.049000,982.892486,0.614385,47.662142,0,train
AMZN,240,2017-09-19,12:30:00,2017-09-19T12:30:00+00:00,977.080000,978.000000,967.430000,970.930000,10193,10.570000,-0.366342,977.562000,985.079000,982.621500,980.717489,0.397032,40.931373,0,train
AMZN,240,2017-09-19,16:30:00,2017-09-19T16:30:00+00:00,970.900000,971.960000,967.820000,969.700000,8635,4.140000,-0.126683,974.190000,982.052000,982.498500,978.714309,0.379185,36.825766,0,train
AMZN,240,2017-09-19,20:30:00,2017-09-19T20:30:00+00:00,969.670000,969.680000,968.120000,968.120000,21,1.560000,-0.162937,971.512000,979.897000,982.623000,976.788071,0.281967,35.933359,0,train
AMZN,240,2017-09-20,12:30:00,2017-09-20T12:30:00+00:00,970.500000,974.650000,964.570000,967.360000,8716,10.080000,-0.078503,970.122000,977.486000,982.141000,975.073876,0.251112,30.101010,1,train
AMZN,240,2017-09-20,16:30:00,2017-09-20T16:30:00+00:00,967.350000,973.330000,962.170000,971.970000,9175,11.160000,0.476555,969.616000,975.578000,981.890000,974.509535,0.336779,17.931689,1,train
AMZN,240,2017-09-20,20:30:00,2017-09-20T20:30:00+00:00,972.000000,973.000000,971.990000,973.000000,27,1.010000,0.105970,970.030000,973.796000,981.691000,974.235074,0.346386,18.067724,0,train
AMZN,240,2017-09-21,12:30:00,2017-09-21T12:30:00+00:00,970.970000,971.900000,962.000000,967.050000,10470,9.900000,-0.611511,969.500000,971.845000,981.016000,972.928697,0.365147,20.142555,0,train
AMZN,240,2017-09-21,16:30:00,2017-09-21T16:30:00+00:00,967.060000,969.140000,964.470000,964.700000,7540,4.670000,-0.243007,968.816000,970.164000,980.087000,971.432570,0.349090,15.170440,0,train
AMZN,240,2017-09-21,20:30:00,2017-09-21T20:30:00+00:00,964.500000,964.510000,964.220000,964.300000,11,0.290000,-0.041464,968.204000,969.163000,979.153000,970.135739,0.288797,15.178339,0,train
AMZN,240,2017-09-22,12:30:00,2017-09-22T12:30:00+00:00,963.000000,965.260000,957.540000,958.290000,8953,7.720000,-0.623250,965.468000,967.542000,977.714500,967.981969,0.327478,13.193030,0,train
AMZN,240,2017-09-22,16:30:00,2017-09-22T16:30:00+00:00,958.260000,959.560000,954.370000,954.470000,7878,5.190000,-0.398627,961.762000,965.896000,975.487500,965.525247,0.329811,13.325714,0,train
AMZN,240,2017-09-25,12:30:00,2017-09-25T12:30:00+00:00,950.400000,950.400000,935.020000,936.520000,13554,15.380000,-1.880625,955.656000,962.578000,972.315000,960.251566,0.631972,10.291262,1,train
AMZN,240,2017-09-25,16:30:00,2017-09-25T16:30:00+00:00,936.550000,940.850000,932.860000,939.750000,11552,7.990000,0.344894,950.666000,959.741000,969.819000,956.524008,0.667688,17.198178,1,train
AMZN,240,2017-09-25,20:30:00,2017-09-25T20:30:00+00:00,939.730000,940.990000,939.720000,940.550000,42,1.270000,0.085129,945.916000,957.060000,967.273000,953.619643,0.675541,18.145994,0,train
AMZN,240,2017-09-26,12:30:00,2017-09-26T12:30:00+00:00,943.730000,948.420000,931.690000,935.590000,11531,16.730000,-0.527351,941.376000,953.422000,964.500000,950.341526,0.623436,17.684711,1,train
AMZN,240,2017-09-26,16:30:00,2017-09-26T16:30:00+00:00,935.560000,943.750000,932.970000,938.620000,9140,10.780000,0.323860,938.206000,949.984000,961.890000,948.210340,0.645679,22.485836,1,train
AMZN,240,2017-09-26,20:30:00,2017-09-26T20:30:00+00:00,938.610000,939.000000,938.540000,939.000000,11,0.460000,0.040485,938.702000,947.179000,959.512000,946.535732,0.650049,23.661360,1,train
AMZN,240,2017-09-27,12:30:00,2017-09-27T12:30:00+00:00,946.000000,950.850000,943.270000,947.200000,9117,7.580000,0.873269,940.192000,945.429000,957.796500,946.656508,0.747879,33.928571,1,train
AMZN,240,2017-09-27,16:30:00,2017-09-27T16:30:00+00:00,947.400000,955.200000,946.300000,951.220000,7888,8.900000,0.424409,942.326000,944.121000,956.642000,947.486234,0.771626,33.301143,1,train
AMZN,240,2017-09-27,20:30:00,2017-09-27T20:30:00+00:00,951.250000,951.440000,951.220000,951.290000,32,0.220000,0.007359,945.466000,943.421000,955.481500,948.177828,0.752716,32.254373,1,train
AMZN,240,2017-09-28,12:30:00,2017-09-28T12:30:00+00:00,948.980000,958.520000,948.980000,956.260000,8685,9.540000,0.522448,948.994000,943.600000,954.748000,949.647314,0.764397,41.036717,1,train
AMZN,240,2017-09-28,16:30:00,2017-09-28T16:30:00+00:00,956.280000,958.490000,953.470000,956.410000,6461,5.020000,0.015686,952.476000,945.589000,954.083500,950.876893,0.377346,42.852216,1,train
AMZN,240,2017-09-28,20:30:00,2017-09-28T20:30:00+00:00,957.280000,957.280000,955.980000,956.450000,20,1.300000,0.004182,954.326000,947.259000,953.500000,951.890185,0.379291,43.189311,1,train
AMZN,240,2017-09-29,12:30:00,2017-09-29T12:30:00+00:00,958.670000,964.170000,957.980000,963.960000,7002,6.190000,0.785195,956.874000,949.600000,953.330000,954.084697,0.422596,54.794521,0,train
AMZN,240,2017-09-29,16:30:00,2017-09-29T16:30:00+00:00,964.070000,964.680000,959.100000,960.420000,8435,5.580000,-0.367235,958.700000,952.083000,952.752500,955.236570,0.391918,55.055225,0,train
AMZN,240,2017-10-02,12:30:00,2017-10-02T12:30:00+00:00,964.480000,967.130000,952.100000,955.990000,8133,15.030000,-0.461257,958.646000,953.820000,951.902000,955.373558,0.452346,71.475844,1,train
AMZN,240,2017-10-02,16:30:00,2017-10-02T16:30:00+00:00,955.990000,959.160000,954.270000,958.550000,6270,4.890000,0.267785,959.074000,955.775000,951.477000,955.951093,0.450012,71.047918,0,train
AMZN,240,2017-10-02,20:30:00,2017-10-02T20:30:00+00:00,958.070000,958.500000,957.980000,958.030000,14,0.520000,-0.054249,959.390000,956.858000,951.143500,956.329076,0.388908,69.693556,1,train
AMZN,240,2017-10-03,12:30:00,2017-10-03T12:30:00+00:00,959.100000,960.810000,950.260000,960.130000,8423,10.550000,0.219200,958.624000,957.749000,950.935000,957.020153,0.375933,79.552023,0,train
AMZN,240,2017-10-03,16:30:00,2017-10-03T16:30:00+00:00,960.390000,963.450000,954.650000,957.040000,7457,8.800000,-0.321831,957.948000,958.324000,950.872500,957.023761,0.398112,72.150072,0,train
AMZN,240,2017-10-03,20:30:00,2017-10-03T20:30:00+00:00,957.040000,957.300000,957.020000,957.040000,8,0.280000,0.000000,958.158000,958.402000,951.001000,957.026714,0.363612,71.893204,1,train
AMZN,240,2017-10-04,12:30:00,2017-10-04T12:30:00+00:00,953.000000,967.560000,952.870000,966.540000,8819,14.690000,0.992644,959.756000,959.415000,952.502000,958.756402,0.478712,72.752941,0,train
AMZN,240,2017-10-04,16:30:00,2017-10-04T16:30:00+00:00,966.550000,966.940000,960.470000,965.430000,6646,6.470000,-0.114843,961.236000,960.313000,953.786000,959.969784,0.482997,67.946451,0,train
AMZN,240,2017-10-04,20:30:00,2017-10-04T20:30:00+00:00,965.420000,965.420000,964.820000,964.820000,12,0.600000,-0.063184,962.174000,960.399000,954.999500,960.851641,0.418393,66.857712,1,train
AMZN,240,2017-10-05,12:30:00,2017-10-05T12:30:00+00:00,969.620000,976.780000,969.020000,975.550000,8204,7.760000,1.112125,965.876000,961.912000,956.997500,963.524070,0.519602,71.017651,1,train
AMZN,240,2017-10-05,16:30:00,2017-10-05T16:30:00+00:00,975.540000,981.390000,975.240000,980.290000,7672,6.150000,0.485880,970.526000,964.342000,959.081000,966.572421,0.478990,73.652932,0,train
AMZN,240,2017-10-05,20:30:00,2017-10-05T20:30:00+00:00,980.280000,980.300000,979.620000,980.010000,14,0.680000,-0.028563,973.220000,966.488000,961.131500,969.015617,0.487029,73.225552,1,train
AMZN,240,2017-10-06,12:30:00,2017-10-06T12:30:00+00:00,978.030000,993.030000,975.930000,992.790000,9102,17.100000,1.304068,978.692000,969.964000,963.411000,973.338232,0.581462,75.745669,0,train
AMZN,240,2017-10-06,16:30:00,2017-10-06T16:30:00+00:00,992.800000,995.550000,986.570000,989.350000,8400,8.980000,-0.346498,983.598000,972.886000,965.317500,976.249463,0.622589,75.881195,1,train
AMZN,240,2017-10-09,12:30:00,2017-10-09T12:30:00+00:00,992.020000,998.300000,987.970000,992.220000,7681,10.330000,0.290089,986.932000,976.404000,967.364000,979.153197,0.583296,83.342536,0,train
AMZN,240,2017-10-09,16:30:00,2017-10-09T16:30:00+00:00,992.290000,992.690000,987.470000,990.050000,7689,5.220000,-0.218701,988.884000,979.705000,969.053500,981.134434,0.602219,79.199110,0,train
AMZN,240,2017-10-09,20:30:00,2017-10-09T20:30:00+00:00,990.070000,990.070000,990.040000,990.040000,18,0.030000,-0.001010,990.890000,982.055000,970.735000,982.753628,0.563541,79.955081,0,train
AMZN,240,2017-10-10,12:30:00,2017-10-10T12:30:00+00:00,993.980000,997.750000,980.050000,981.830000,11413,17.700000,-0.829259,988.698000,983.695000,972.004000,982.585695,0.652119,68.223043,1,train
AMZN,240,2017-10-10,16:30:00,2017-10-10T16:30:00+00:00,981.710000,987.780000,981.690000,986.590000,8254,6.090000,0.484809,988.146000,985.872000,973.135500,983.313751,0.653324,74.138213,1,train
AMZN,240,2017-10-10,20:30:00,2017-10-10T20:30:00+00:00,986.610000,987.330000,986.600000,986.600000,13,0.730000,0.001014,987.022000,986.977000,974.444500,983.911251,0.575603,74.142437,1,train
AMZN,240,2017-10-11,12:30:00,2017-10-11T12:30:00+00:00,988.400000,993.440000,986.570000,991.000000,7237,6.870000,0.445976,987.212000,988.048000,976.195000,985.200114,0.572872,71.792587,1,train
AMZN,240,2017-10-11,16:30:00,2017-10-11T16:30:00+00:00,991.000000,995.420000,988.980000,994.320000,6566,6.440000,0.335015,988.068000,989.479000,977.983500,986.858275,0.574622,74.764272,1,train
AMZN,240,2017-10-11,20:30:00,2017-10-11T20:30:00+00:00,994.350000,994.680000,993.970000,994.680000,35,0.710000,0.036206,990.638000,989.668000,979.816000,988.280407,0.405968,75.705923,1,train
AMZN,240,2017-10-12,12:30:00,2017-10-12T12:30:00+00:00,993.870000,1008.400000,992.220000,1005.040000,10644,16.180000,1.041541,994.328000,991.237000,982.061500,991.327606,0.494470,75.550165,0,train
AMZN,240,2017-10-12,16:30:00,2017-10-12T16:30:00+00:00,1005.040000,1006.260000,998.740000,1000.380000,7872,7.520000,-0.463663,997.084000,992.053000,984.228500,992.973496,0.528474,67.430158,0,train
AMZN,240,2017-10-12,20:30:00,2017-10-12T20:30:00+00:00,999.980000,1000.050000,999.980000,1000.040000,10,0.070000,-0.033987,998.892000,993.052000,986.378500,994.258315,0.519909,67.360028,1,train
AMZN,240,2017-10-13,12:30:00,2017-10-13T12:30:00+00:00,1005.000000,1008.240000,1002.500000,1005.840000,6704,5.740000,0.579977,1001.196000,994.632000,988.343500,996.364076,0.539262,62.867285,0,train
AMZN,240,2017-10-13,16:30:00,2017-10-13T16:30:00+00:00,1005.810000,1006.340000,1001.060000,1002.840000,6756,5.280000,-0.298258,1002.828000,996.733000,990.214000,997.541516,0.449772,63.417545,0,train
AMZN,240,2017-10-16,12:30:00,2017-10-16T12:30:00+00:00,1005.970000,1009.490000,1001.010000,1002.000000,7215,8.480000,-0.083762,1002.220000,998.274000,992.073000,998.352150,0.447506,60.136816,1,train
AMZN,240,2017-10-16,16:30:00,2017-10-16T16:30:00+00:00,1001.970000,1006.350000,1001.840000,1005.240000,5774,4.510000,0.323353,1003.192000,1000.138000,993.557500,999.604486,0.446710,65.402555,0,train
AMZN,240,2017-10-16,20:30:00,2017-10-16T20:30:00+00:00,1006.090000,1007.290000,1005.220000,1005.220000,42,2.070000,-0.001990,1004.228000,1001.560000,994.804000,1000.625489,0.440409,65.389294,1,train
AMZN,240,2017-10-17,12:30:00,2017-10-17T12:30:00+00:00,1004.620000,1011.360000,1001.980000,1008.950000,6851,9.380000,0.371063,1004.850000,1003.023000,996.251000,1002.139036,0.442295,80.240856,0,train
AMZN,240,2017-10-17,16:30:00,2017-10-17T16:30:00+00:00,1008.960000,1009.200000,1004.790000,1008.820000,6405,4.410000,-0.012885,1006.046000,1004.437000,997.052500,1003.353757,0.443931,77.642378,0,train
AMZN,240,2017-10-17,20:30:00,2017-10-17T20:30:00+00:00,1007.990000,1008.490000,1007.970000,1008.000000,17,0.520000,-0.081283,1007.246000,1004.733000,997.985000,1004.198528,0.314217,76.084837,0,train
AMZN,240,2017-10-18,12:30:00,2017-10-18T12:30:00+00:00,1008.440000,1011.410000,1004.370000,1006.220000,6676,7.040000,-0.176587,1007.442000,1005.317000,998.685000,1004.566069,0.274754,69.817708,0,train
AMZN,240,2017-10-18,16:30:00,2017-10-18T16:30:00+00:00,1006.230000,1007.080000,995.030000,997.290000,8292,12.050000,-0.887480,1005.856000,1005.042000,999.047000,1003.243147,0.407294,53.374233,1,train
AMZN,240,2017-10-18,20:30:00,2017-10-18T20:30:00+00:00,997.300000,998.280000,997.280000,997.600000,57,1.000000,0.031084,1003.586000,1004.218000,999.425000,1002.217120,0.349294,53.321201,0,train
AMZN,240,2017-10-19,12:30:00,2017-10-19T12:30:00+00:00,988.720000,991.250000,980.190000,988.920000,10335,11.060000,-0.870088,999.606000,1002.826000,999.779500,999.799462,0.426881,30.936613,0,train
AMZN,240,2017-10-19,16:30:00,2017-10-19T16:30:00+00:00,988.920000,989.100000,981.640000,986.540000,7903,7.460000,-0.240667,995.314000,1001.280000,999.777000,997.388651,0.427514,32.700000,0,train
AMZN,240,2017-10-19,20:30:00,2017-10-19T20:30:00+00:00,986.540000,986.650000,985.770000,986.290000,23,0.880000,-0.025341,991.328000,999.385000,999.761500,995.370714,0.397361,32.773741,1,train
AMZN,240,2017-10-20,12:30:00,2017-10-20T12:30:00+00:00,993.000000,994.490000,987.990000,989.520000,8626,6.500000,0.327490,989.774000,997.815000,999.687500,994.306948,0.427170,28.146760,0,train
AMZN,240,2017-10-20,16:30:00,2017-10-20T16:30:00+00:00,989.670000,989.950000,981.990000,982.880000,7723,7.960000,-0.671032,986.830000,995.208000,999.115500,992.229321,0.410982,25.646657,0,train
AMZN,240,2017-10-23,12:30:00,2017-10-23T12:30:00+00:00,985.770000,986.830000,969.200000,972.720000,10079,17.630000,-1.033697,983.590000,991.598000,998.017500,988.682172,0.465726,20.894632,0,train
AMZN,240,2017-10-23,16:30:00,2017-10-23T16:30:00+00:00,972.690000,973.700000,962.500000,965.740000,9012,11.200000,-0.717575,979.430000,987.372000,996.052500,984.510868,0.466462,13.452998,1,train
AMZN,240,2017-10-23,20:30:00,2017-10-23T20:30:00+00:00,965.750000,965.900000,965.570000,965.880000,44,0.330000,0.014497,975.348000,983.338000,994.327500,981.123437,0.481504,13.681684,1,train
AMZN,240,2017-10-24,12:30:00,2017-10-24T12:30:00+00:00,970.100000,979.690000,964.970000,977.060000,9570,14.720000,1.157494,972.856000,981.315000,993.178500,980.384631,0.657128,24.119461,0,train
AMZN,240,2017-10-24,16:30:00,2017-10-24T16:30:00+00:00,977.030000,979.560000,974.970000,974.990000,8042,4.590000,-0.211860,971.278000,979.054000,991.636000,979.403789,0.651991,23.383163,1,train
AMZN,240,2017-10-24,20:30:00,2017-10-24T20:30:00+00:00,975.550000,976.000000,975.000000,975.370000,50,1.000000,0.038975,971.808000,977.699000,990.262500,978.670373,0.614683,24.148312,0,train
AMZN,240,2017-10-25,12:30:00,2017-10-25T12:30:00+00:00,977.290000,984.130000,966.130000,971.500000,11861,18.000000,-0.396773,972.960000,976.195000,988.737500,977.366668,0.619594,23.374233,1,train
AMZN,240,2017-10-25,16:30:00,2017-10-25T16:30:00+00:00,971.480000,979.510000,970.320000,973.490000,9893,9.190000,0.204838,974.482000,974.915000,987.150000,976.661820,0.629018,29.574322,1,train
AMZN,240,2017-10-25,20:30:00,2017-10-25T20:30:00+00:00,973.510000,974.990000,973.480000,974.000000,30,1.510000,0.052389,973.870000,973.363000,985.589000,976.177852,0.612649,29.815258,0,train
AMZN,240,2017-10-26,12:30:00,2017-10-26T12:30:00+00:00,978.000000,982.520000,968.520000,972.720000,10822,14.000000,-0.131417,973.416000,972.347000,983.777500,975.549152,0.585432,34.136310,1,train
AMZN,240,2017-10-26,16:30:00,2017-10-26T16:30:00+00:00,972.570000,1054.490000,970.850000,1053.990000,14014,83.640000,8.354922,989.140000,980.474000,986.036000,989.811124,2.685916,75.952289,0,train
AMZN,240,2017-10-26,20:30:00,2017-10-26T20:30:00+00:00,1053.980000,1054.770000,1043.480000,1048.300000,1336,11.290000,-0.539853,1004.500000,988.730000,988.051000,1000.445465,2.675056,72.900510,1,train
AMZN,240,2017-10-27,12:30:00,2017-10-27T12:30:00+00:00,1051.740000,1100.040000,1050.470000,1100.040000,24163,49.570000,4.935610,1029.810000,1002.146000,992.742000,1018.553563,2.942660,80.048940,1,train
AMZN,240,2017-10-27,16:30:00,2017-10-27T16:30:00+00:00,1100.040000,1105.540000,1093.010000,1100.960000,20227,12.530000,0.083633,1055.202000,1014.536000,997.925500,1033.536551,2.969790,83.135032,1,train
AMZN,240,2017-10-30,12:30:00,2017-10-30T12:30:00+00:00,1098.560000,1122.510000,1093.530000,1106.190000,17709,28.980000,0.475040,1081.896000,1027.656000,1003.355000,1046.746269,2.940299,88.519481,1,train
AMZN,240,2017-10-30,16:30:00,2017-10-30T16:30:00+00:00,1106.080000,1114.590000,1106.080000,1111.180000,11815,8.510000,0.451098,1093.334000,1041.237000,1009.468000,1058.461493,2.923380,92.461754,0,train
AMZN,240,2017-10-30,20:30:00,2017-10-30T20:30:00+00:00,1111.180000,1111.180000,1109.980000,1110.020000,41,1.200000,-0.104394,1105.678000,1055.089000,1015.642000,1067.835767,2.905387,91.833062,0,train
AMZN,240,2017-10-31,12:30:00,2017-10-31T12:30:00+00:00,1113.210000,1113.220000,1101.090000,1103.660000,9737,12.130000,-0.572963,1106.402000,1068.106000,1021.510500,1074.349264,2.950352,87.800072,1,train
AMZN,240,2017-10-31,16:30:00,2017-10-31T16:30:00+00:00,1103.650000,1109.520000,1103.170000,1105.830000,8576,6.350000,0.196619,1107.376000,1081.289000,1027.326000,1080.073034,2.943919,89.042731,1,train
AMZN,240,2017-10-31,20:30:00,2017-10-31T20:30:00+00:00,1105.840000,1106.980000,1105.820000,1106.010000,21,1.160000,0.016277,1107.340000,1094.618000,1033.482500,1084.788846,2.936217,89.029637,0,train
AMZN,240,2017-11-01,12:30:00,2017-11-01T12:30:00+00:00,1108.580000,1109.670000,1099.090000,1101.790000,13121,10.580000,-0.381552,1105.462000,1099.398000,1039.936000,1087.879965,1.617014,88.843838,0,train
AMZN,240,2017-11-01,16:30:00,2017-11-01T16:30:00+00:00,1101.770000,1104.580000,1096.760000,1101.000000,14196,7.820000,-0.071702,1103.658000,1104.668000,1046.699000,1090.265426,1.591557,88.288992,0,train
AMZN,240,2017-11-01,20:30:00,2017-11-01T20:30:00+00:00,1101.000000,1101.500000,1099.460000,1099.470000,46,2.040000,-0.138965,1102.820000,1104.611000,1053.378500,1091.938985,0.330667,87.447024,0,train
AMZN,240,2017-11-02,12:30:00,2017-11-02T12:30:00+00:00,1099.200000,1101.650000,1086.860000,1093.170000,14537,14.790000,-0.573003,1100.288000,1103.832000,1059.184000,1092.162806,0.373591,84.902927,0,train
AMZN,240,2017-11-02,16:30:00,2017-11-02T16:30:00+00:00,1093.500000,1096.480000,1087.990000,1091.200000,8674,8.490000,-0.180210,1097.326000,1102.333000,1064.994500,1091.987750,0.321076,69.951743,1,train
AMZN,240,2017-11-02,20:30:00,2017-11-02T20:30:00+00:00,1091.200000,1095.480000,1091.170000,1094.220000,149,4.310000,0.276760,1095.812000,1100.637000,1070.937000,1092.393614,0.288771,75.347759,1,train
AMZN,240,2017-11-03,12:30:00,2017-11-03T12:30:00+00:00,1094.030000,1095.980000,1088.470000,1095.250000,10195,7.510000,0.094131,1094.662000,1099.160000,1077.124500,1092.912957,0.299145,43.992977,1,train
AMZN,240,2017-11-03,16:30:00,2017-11-03T16:30:00+00:00,1095.240000,1112.560000,1094.390000,1111.540000,11608,18.170000,1.487332,1097.076000,1099.948000,1084.027000,1096.299692,0.559237,59.576394,1,train
AMZN,240,2017-11-06,13:30:00,2017-11-06T13:30:00+00:00,1108.960000,1123.180000,1106.970000,1120.690000,11526,16.210000,0.823182,1102.580000,1101.434000,1091.361500,1100.734293,0.607681,62.254902,0,train
AMZN,240,2017-11-06,17:30:00,2017-11-06T17:30:00+00:00,1120.680000,1125.310000,1118.240000,1118.740000,9075,7.070000,-0.174000,1108.088000,1102.707000,1098.662500,1104.008058,0.614758,56.735567,1,train
AMZN,240,2017-11-06,21:30:00,2017-11-06T21:30:00+00:00,1118.720000,1119.740000,1118.720000,1119.740000,15,1.020000,0.089386,1113.192000,1104.502000,1101.950000,1106.868411,0.589927,58.684775,0,train
AMZN,240,2017-11-07,13:30:00,2017-11-07T13:30:00+00:00,1122.460000,1130.450000,1117.520000,1119.650000,13011,12.930000,-0.008038,1118.072000,1106.367000,1105.517500,1109.192336,0.587448,66.089756,1,train
AMZN,240,2017-11-07,17:30:00,2017-11-07T17:30:00+00:00,1119.640000,1124.460000,1118.980000,1123.250000,9757,5.480000,0.321529,1120.414000,1108.745000,1106.678000,1111.748275,0.578549,67.038341,1,train
AMZN,240,2017-11-07,21:30:00,2017-11-07T21:30:00+00:00,1123.250000,1123.590000,1123.220000,1123.390000,23,0.370000,0.012464,1120.954000,1111.767000,1107.799500,1113.864953,0.516122,67.012529,1,train
AMZN,240,2017-11-08,13:30:00,2017-11-08T13:30:00+00:00,1122.000000,1128.780000,1119.040000,1128.410000,10077,9.740000,0.446862,1122.888000,1115.488000,1108.910500,1116.509507,0.492315,75.655359,1,train
AMZN,240,2017-11-08,17:30:00,2017-11-08T17:30:00+00:00,1128.420000,1135.410000,1127.270000,1132.490000,8224,8.140000,0.361571,1125.438000,1119.315000,1109.976000,1119.415051,0.491893,78.539061,0,train
AMZN,240,2017-11-08,21:30:00,2017-11-08T21:30:00+00:00,1132.480000,1132.500000,1131.980000,1131.990000,25,0.520000,-0.044151,1127.906000,1122.989000,1111.074500,1121.701405,0.501591,80.033247,0,train
AMZN,240,2017-11-09,13:30:00,2017-11-09T13:30:00+00:00,1125.800000,1128.930000,1117.980000,1119.070000,14314,10.950000,-1.141353,1127.070000,1123.742000,1111.845000,1121.222968,0.517182,71.313364,1,train
AMZN,240,2017-11-09,17:30:00,2017-11-09T17:30:00+00:00,1119.200000,1129.490000,1115.740000,1128.650000,12240,13.750000,0.856068,1128.122000,1124.538000,1112.986000,1122.573337,0.522588,77.387743,0,train
AMZN,240,2017-11-09,21:30:00,2017-11-09T21:30:00+00:00,1128.650000,1128.750000,1125.580000,1125.600000,20,3.170000,-0.270234,1127.560000,1125.224000,1113.965500,1123.123640,0.528475,72.938596,1,train
AMZN,240,2017-11-10,13:30:00,2017-11-10T13:30:00+00:00,1126.490000,1130.810000,1124.030000,1125.770000,9978,6.780000,0.015103,1126.216000,1125.827000,1115.164500,1123.604796,0.528576,72.594018,0,train
AMZN,240,2017-11-10,17:30:00,2017-11-10T17:30:00+00:00,1125.790000,1128.350000,1124.230000,1124.780000,7981,4.120000,-0.087940,1124.774000,1126.340000,1116.353500,1123.818470,0.530236,62.672282,1,train
AMZN,240,2017-11-13,13:30:00,2017-11-13T13:30:00+00:00,1121.380000,1139.240000,1119.990000,1138.800000,10034,19.250000,1.246466,1128.720000,1127.895000,1118.320000,1126.542384,0.650484,65.855367,0,train
AMZN,240,2017-11-13,17:30:00,2017-11-13T17:30:00+00:00,1138.780000,1139.500000,1126.370000,1128.050000,7458,13.130000,-0.943976,1128.600000,1128.361000,1120.064000,1126.816496,0.735938,57.062661,0,train
AMZN,240,2017-11-13,21:30:00,2017-11-13T21:30:00+00:00,1127.970000,1128.690000,1127.470000,1127.990000,34,1.220000,-0.005319,1129.078000,1128.319000,1121.903500,1127.029860,0.722187,56.349084,1,train
AMZN,240,2017-11-14,13:30:00,2017-11-14T13:30:00+00:00,1134.000000,1137.880000,1123.870000,1135.270000,12610,14.010000,0.645396,1130.978000,1128.597000,1123.956000,1128.528068,0.743305,60.823171,1,train
AMZN,240,2017-11-14,17:30:00,2017-11-14T17:30:00+00:00,1135.260000,1137.000000,1127.970000,1135.730000,9179,9.030000,0.040519,1133.168000,1128.971000,1125.980000,1129.837510,0.742886,59.040858,1,train
AMZN,240,2017-11-14,21:30:00,2017-11-14T21:30:00+00:00,1135.740000,1136.280000,1135.720000,1135.750000,13,0.560000,0.001761,1132.558000,1130.639000,1127.190500,1130.912508,0.619360,58.969521,0,train
AMZN,240,2017-11-15,13:30:00,2017-11-15T13:30:00+00:00,1130.970000,1131.000000,1121.490000,1127.220000,12331,9.510000,-0.751046,1132.392000,1130.496000,1127.517000,1130.241143,0.624219,49.178290,0,train
AMZN,240,2017-11-15,17:30:00,2017-11-15T17:30:00+00:00,1127.210000,1128.880000,1123.070000,1126.390000,9407,5.810000,-0.073632,1132.072000,1130.575000,1127.899500,1129.540935,0.618211,45.589936,0,train
AMZN,240,2017-11-15,21:30:00,2017-11-15T21:30:00+00:00,1126.390000,1126.540000,1125.850000,1126.300000,42,0.690000,-0.007990,1130.278000,1130.628000,1128.227500,1128.951674,0.618228,45.861818,1,train
AMZN,240,2017-11-16,13:30:00,2017-11-16T13:30:00+00:00,1130.970000,1137.840000,1129.010000,1137.410000,7563,8.830000,0.986416,1130.614000,1131.891000,1129.115500,1130.489552,0.689276,63.698835,0,train
AMZN,240,2017-11-16,17:30:00,2017-11-16T17:30:00+00:00,1137.370000,1138.060000,1135.080000,1136.630000,7186,2.980000,-0.068577,1130.790000,1131.674000,1129.784500,1131.605997,0.563073,56.862745,1,train
AMZN,240,2017-11-16,21:30:00,2017-11-16T21:30:00+00:00,1136.630000,1136.950000,1136.480000,1136.890000,20,0.470000,0.022875,1132.724000,1132.558000,1130.459500,1132.566725,0.459895,60.198735,1,train
AMZN,240,2017-11-17,13:30:00,2017-11-17T13:30:00+00:00,1138.500000,1138.680000,1132.790000,1136.910000,8727,5.890000,0.001759,1134.828000,1133.450000,1130.884500,1133.356411,0.459756,60.090580,0,train
AMZN,240,2017-11-17,17:30:00,2017-11-17T17:30:00+00:00,1136.910000,1136.920000,1125.740000,1129.200000,7940,11.180000,-0.678154,1135.408000,1132.843000,1130.720000,1132.600700,0.469238,53.569121,0,train
AMZN,240,2017-11-20,13:30:00,2017-11-20T13:30:00+00:00,1132.000000,1133.300000,1125.120000,1125.610000,10426,8.180000,-0.317924,1133.048000,1131.831000,1130.401000,1131.329664,0.474990,37.191688,1,train
AMZN,240,2017-11-20,17:30:00,2017-11-20T17:30:00+00:00,1125.620000,1127.420000,1122.480000,1125.980000,7015,4.940000,0.032871,1130.918000,1130.854000,1130.746500,1130.356998,0.475747,47.482364,1,train
AMZN,240,2017-11-20,21:30:00,2017-11-20T21:30:00+00:00,1126.000000,1126.420000,1125.950000,1126.010000,27,0.470000,0.002664,1128.742000,1130.733000,1130.614500,1129.566634,0.414299,47.590068,1,train
AMZN,240,2017-11-21,13:30:00,2017-11-21T13:30:00+00:00,1131.690000,1138.450000,1128.180000,1136.500000,9272,10.270000,0.931608,1128.660000,1131.744000,1131.159500,1130.827246,0.508402,51.388575,1,train
AMZN,240,2017-11-21,17:30:00,2017-11-21T17:30:00+00:00,1136.490000,1139.850000,1136.360000,1138.460000,7290,3.490000,0.172459,1130.512000,1132.960000,1131.794000,1132.215020,0.507718,52.981000,1,train
AMZN,240,2017-11-21,21:30:00,2017-11-21T21:30:00+00:00,1138.460000,1138.580000,1137.610000,1138.580000,23,0.970000,0.010541,1133.106000,1133.077000,1132.484000,1133.372289,0.403295,53.083460,1,train
AMZN,240,2017-11-22,13:30:00,2017-11-22T13:30:00+00:00,1142.860000,1153.840000,1140.970000,1152.290000,11246,12.870000,1.204131,1138.368000,1134.643000,1133.158500,1136.811873,0.549650,74.544743,1,train
AMZN,240,2017-11-22,17:30:00,2017-11-22T17:30:00+00:00,1152.310000,1160.220000,1151.990000,1156.000000,9137,8.230000,0.321968,1144.366000,1136.554000,1134.556000,1140.300623,0.550809,77.442076,1,train
AMZN,240,2017-11-22,21:30:00,2017-11-22T21:30:00+00:00,1156.700000,1156.700000,1155.990000,1156.190000,43,0.710000,0.016436,1148.304000,1138.482000,1135.966000,1143.189601,0.550336,77.650324,1,train
AMZN,240,2017-11-24,14:30:00,2017-11-24T14:30:00+00:00,1164.100000,1186.700000,1161.970000,1186.410000,18037,24.730000,2.613757,1157.894000,1144.203000,1138.523000,1151.047855,0.875403,83.488245,1,train
AMZN,240,2017-11-27,13:30:00,2017-11-27T13:30:00+00:00,1196.000000,1213.220000,1191.110000,1196.680000,19445,22.110000,0.865637,1169.514000,1151.310000,1141.570500,1159.344609,0.831619,86.327889,0,train
AMZN,240,2017-11-27,17:30:00,2017-11-27T17:30:00+00:00,1196.680000,1204.490000,1193.610000,1196.270000,12822,10.880000,-0.034261,1178.310000,1158.339000,1144.596500,1166.058316,0.837113,85.857488,0,train
AMZN,240,2017-11-27,21:30:00,2017-11-27T21:30:00+00:00,1196.300000,1196.500000,1196.100000,1196.100000,38,0.400000,-0.014211,1186.330000,1165.348000,1148.040500,1171.520441,0.838490,85.678119,1,train
AMZN,240,2017-11-28,13:30:00,2017-11-28T13:30:00+00:00,1204.170000,1206.250000,1194.970000,1200.470000,13244,11.280000,0.365354,1195.186000,1171.745000,1151.744500,1176.783997,0.833373,94.761965,0,train
AMZN,240,2017-11-28,17:30:00,2017-11-28T17:30:00+00:00,1200.470000,1201.400000,1188.500000,1194.250000,14943,12.900000,-0.518130,1196.754000,1177.324000,1155.142000,1179.959634,0.894693,91.731518,0,train
AMZN,240,2017-11-28,21:30:00,2017-11-28T21:30:00+00:00,1194.250000,1194.250000,1190.500000,1192.330000,114,3.750000,-0.160770,1195.884000,1182.699000,1157.888000,1182.208791,0.906312,89.593030,0,train
AMZN,240,2017-11-29,13:30:00,2017-11-29T13:30:00+00:00,1193.230000,1198.850000,1145.160000,1153.070000,24732,53.690000,-3.292713,1187.244000,1182.777000,1158.710000,1176.910829,1.451185,60.998212,1,train
AMZN,240,2017-11-29,17:30:00,2017-11-29T17:30:00+00:00,1153.040000,1166.700000,1152.480000,1161.130000,19532,14.220000,0.699004,1180.250000,1183.290000,1159.922000,1174.041588,1.464843,60.212290,0,train
AMZN,240,2017-11-29,21:30:00,2017-11-29T21:30:00+00:00,1161.000000,1161.210000,1160.900000,1161.030000,55,0.310000,-0.008612,1172.362000,1183.774000,1161.128000,1171.675844,1.464936,59.504759,1,train
AMZN,240,2017-11-30,13:30:00,2017-11-30T13:30:00+00:00,1170.380000,1178.340000,1160.030000,1174.490000,17751,18.310000,1.159315,1168.410000,1182.582000,1163.392500,1172.187509,1.236702,63.595063,1,train
AMZN,240,2017-11-30,17:30:00,2017-11-30T17:30:00+00:00,1174.480000,1176.730000,1169.180000,1175.510000,13087,7.550000,0.086846,1165.046000,1180.465000,1165.887500,1172.791598,1.193321,59.725247,0,train
AMZN,240,2017-11-30,21:30:00,2017-11-30T21:30:00+00:00,1175.010000,1175.500000,1174.990000,1175.500000,40,0.510000,-0.000851,1169.532000,1178.388000,1168.363500,1173.284035,1.193796,58.428423,0,train
AMZN,240,2017-12-01,13:30:00,2017-12-01T13:30:00+00:00,1176.490000,1178.900000,1151.830000,1160.190000,16913,27.070000,-1.302425,1169.344000,1174.797000,1170.072500,1170.903301,1.243759,51.529052,1,train
AMZN,240,2017-12-01,17:30:00,2017-12-01T17:30:00+00:00,1160.390000,1164.500000,1157.640000,1161.500000,12451,6.860000,0.112913,1169.438000,1170.900000,1171.322500,1169.193610,1.231315,37.776033,0,train
AMZN,240,2017-12-04,13:30:00,2017-12-04T13:30:00+00:00,1169.400000,1174.970000,1127.970000,1143.480000,19924,47.000000,-1.551442,1163.236000,1165.823000,1171.573500,1164.518408,1.291441,25.738781,0,train
AMZN,240,2017-12-04,17:30:00,2017-12-04T17:30:00+00:00,1143.480000,1154.500000,1128.120000,1133.970000,15281,26.380000,-0.831672,1154.928000,1159.987000,1171.343000,1158.964152,1.293564,23.766212,0,train
AMZN,240,2017-12-04,21:30:00,2017-12-04T21:30:00+00:00,1134.090000,1134.100000,1132.530000,1132.970000,45,1.570000,-0.088186,1146.422000,1157.977000,1170.377000,1154.237943,0.840511,23.601238,1,train
AMZN,240,2017-12-05,13:30:00,2017-12-05T13:30:00+00:00,1133.680000,1158.740000,1124.640000,1150.530000,17460,34.100000,1.549909,1144.490000,1156.917000,1170.103500,1153.563771,0.971420,31.191624,0,train
AMZN,240,2017-12-05,17:30:00,2017-12-05T17:30:00+00:00,1150.550000,1152.980000,1137.360000,1141.980000,15107,15.620000,-0.743136,1140.586000,1155.012000,1169.393000,1151.457631,0.992343,30.653638,0,train
AMZN,240,2017-12-05,21:30:00,2017-12-05T21:30:00+00:00,1142.490000,1142.940000,1140.970000,1140.970000,16,1.970000,-0.088443,1140.084000,1151.660000,1167.121000,1149.550789,0.879985,30.861529,1,train
AMZN,240,2017-12-06,13:30:00,2017-12-06T13:30:00+00:00,1135.880000,1152.890000,1135.870000,1145.000000,17172,17.020000,0.353208,1142.290000,1148.609000,1164.537000,1148.723373,0.896391,45.922183,1,train
AMZN,240,2017-12-06,17:30:00,2017-12-06T17:30:00+00:00,1144.970000,1155.700000,1142.980000,1152.360000,13801,12.720000,0.642795,1146.168000,1146.295000,1162.341500,1149.384578,0.939080,45.536896,1,train
AMZN,240,2017-12-06,21:30:00,2017-12-06T21:30:00+00:00,1152.010000,1153.130000,1151.980000,1152.990000,19,1.150000,0.054670,1146.660000,1145.575000,1160.186000,1150.040109,0.855548,45.930350,1,train
AMZN,240,2017-12-07,13:30:00,2017-12-07T13:30:00+00:00,1160.330000,1163.010000,1150.970000,1157.770000,13676,12.040000,0.414574,1149.818000,1145.202000,1158.051000,1151.445544,0.867515,40.721421,1,train
AMZN,240,2017-12-07,17:30:00,2017-12-07T17:30:00+00:00,1157.760000,1160.980000,1154.680000,1159.770000,8100,6.300000,0.172746,1153.578000,1146.831000,1156.327000,1152.959081,0.682971,41.359245,1,train
AMZN,240,2017-12-07,21:30:00,2017-12-07T21:30:00+00:00,1160.000000,1160.090000,1159.350000,1160.000000,17,0.740000,0.019832,1156.578000,1149.434000,1154.710500,1154.239248,0.595317,41.511501,1,train
AMZN,240,2017-12-08,13:30:00,2017-12-08T13:30:00+00:00,1165.300000,1172.560000,1164.380000,1168.090000,11004,8.180000,0.697414,1159.724000,1152.946000,1155.461500,1156.757567,0.600651,54.697907,0,train
AMZN,240,2017-12-08,17:30:00,2017-12-08T17:30:00+00:00,1168.090000,1168.740000,1157.080000,1161.320000,9786,11.660000,-0.579579,1161.390000,1154.025000,1155.471000,1157.587100,0.475661,49.899486,1,train
AMZN,240,2017-12-11,13:30:00,2017-12-11T13:30:00+00:00,1163.000000,1169.660000,1156.970000,1165.330000,11087,12.690000,0.345297,1162.902000,1156.360000,1155.686000,1158.994900,0.377017,64.464451,1,train
AMZN,240,2017-12-11,17:30:00,2017-12-11T17:30:00+00:00,1165.320000,1168.820000,1165.020000,1168.220000,7526,3.800000,0.247998,1164.592000,1159.085000,1155.372500,1160.672191,0.362839,74.851255,0,train
AMZN,240,2017-12-11,21:30:00,2017-12-11T21:30:00+00:00,1168.420000,1169.050000,1167.970000,1168.000000,48,1.080000,-0.018832,1166.192000,1161.385000,1154.997000,1162.004520,0.368616,75.708205,1,train
AMZN,240,2017-12-12,13:30:00,2017-12-12T13:30:00+00:00,1167.970000,1173.190000,1164.480000,1168.020000,10175,8.710000,0.001712,1166.178000,1162.951000,1154.623000,1163.098244,0.337417,67.286025,0,train
AMZN,240,2017-12-12,17:30:00,2017-12-12T17:30:00+00:00,1168.010000,1170.420000,1161.570000,1164.790000,9645,8.850000,-0.276536,1166.872000,1164.131000,1154.853000,1163.405836,0.361629,75.193285,0,train
AMZN,240,2017-12-12,21:30:00,2017-12-12T21:30:00+00:00,1164.280000,1165.260000,1163.980000,1164.000000,29,1.280000,-0.067823,1166.606000,1164.754000,1154.978000,1163.513866,0.347258,75.560488,0,train
AMZN,240,2017-12-13,13:30:00,2017-12-13T13:30:00+00:00,1166.260000,1170.720000,1161.280000,1163.670000,12127,9.440000,-0.028351,1165.696000,1165.144000,1155.987500,1163.542254,0.345450,72.575574,1,train
AMZN,240,2017-12-13,17:30:00,2017-12-13T17:30:00+00:00,1163.660000,1165.090000,1160.240000,1163.770000,10160,4.850000,0.008594,1164.850000,1165.521000,1157.477500,1163.583662,0.345520,66.735113,0,train
AMZN,240,2017-12-13,21:30:00,2017-12-13T21:30:00+00:00,1163.550000,1163.910000,1163.550000,1163.580000,8,0.360000,-0.016326,1163.962000,1165.070000,1159.008000,1163.582996,0.254839,65.735513,1,train
AMZN,240,2017-12-14,13:30:00,2017-12-14T13:30:00+00:00,1162.200000,1177.700000,1162.060000,1176.940000,12881,15.640000,1.148181,1166.392000,1166.632000,1160.328500,1166.011542,0.394548,72.697135,0,train
AMZN,240,2017-12-14,17:30:00,2017-12-14T17:30:00+00:00,1176.950000,1177.410000,1169.290000,1174.280000,11387,8.120000,-0.226010,1168.448000,1167.527000,1161.943500,1167.514898,0.401910,66.915365,0,train
AMZN,240,2017-12-14,21:30:00,2017-12-14T21:30:00+00:00,1174.270000,1174.280000,1173.480000,1173.500000,27,0.800000,-0.066424,1170.414000,1168.055000,1163.570000,1168.603099,0.399359,65.538674,1,train
AMZN,240,2017-12-15,13:30:00,2017-12-15T13:30:00+00:00,1175.600000,1182.520000,1169.170000,1177.660000,12962,13.350000,0.354495,1173.192000,1169.021000,1165.203000,1170.249808,0.409953,62.110858,1,train
AMZN,240,2017-12-15,17:30:00,2017-12-15T17:30:00+00:00,1177.640000,1179.380000,1175.110000,1178.150000,11077,4.270000,0.041608,1176.106000,1170.034000,1166.492500,1171.686207,0.409266,75.323503,1,train
AMZN,240,2017-12-18,13:30:00,2017-12-18T13:30:00+00:00,1188.980000,1194.720000,1180.870000,1191.180000,12920,13.850000,1.105971,1178.954000,1172.673000,1168.402000,1175.230533,0.496892,80.591716,0,train
AMZN,240,2017-12-18,17:30:00,2017-12-18T17:30:00+00:00,1191.170000,1192.870000,1188.120000,1191.000000,9616,4.750000,-0.015111,1182.298000,1175.373000,1170.063500,1178.097708,0.493705,78.806272,0,train
AMZN,240,2017-12-18,21:30:00,2017-12-18T21:30:00+00:00,1190.820000,1191.500000,1190.560000,1190.580000,31,0.940000,-0.035264,1185.714000,1178.064000,1171.604000,1180.367216,0.494113,78.409663,0,train
AMZN,240,2017-12-19,13:30:00,2017-12-19T13:30:00+00:00,1191.990000,1192.840000,1179.140000,1182.470000,16028,13.700000,-0.681181,1186.676000,1179.934000,1172.727500,1180.749540,0.570666,65.105582,1,train
AMZN,240,2017-12-19,17:30:00,2017-12-19T17:30:00+00:00,1182.480000,1187.410000,1179.770000,1186.090000,10709,7.640000,0.306139,1188.264000,1182.185000,1173.627500,1181.720533,0.568640,72.086271,1,train
AMZN,240,2017-12-19,21:30:00,2017-12-19T21:30:00+00:00,1186.090000,1186.520000,1185.970000,1186.430000,27,0.550000,0.028666,1187.314000,1183.134000,1174.883000,1182.576800,0.459469,73.477078,0,train
AMZN,240,2017-12-20,13:30:00,2017-12-20T13:30:00+00:00,1190.470000,1191.950000,1175.980000,1181.520000,11947,15.970000,-0.413847,1185.418000,1183.858000,1175.692500,1182.384654,0.476935,67.048711,0,train
AMZN,240,2017-12-20,17:30:00,2017-12-20T17:30:00+00:00,1181.510000,1182.170000,1171.220000,1172.090000,8550,10.950000,-0.798124,1181.720000,1183.717000,1175.886000,1180.512899,0.549518,56.744488,1,train
AMZN,240,2017-12-20,21:30:00,2017-12-20T21:30:00+00:00,1172.100000,1174.400000,1170.000000,1174.400000,62,4.400000,0.197084,1180.106000,1183.391000,1176.206000,1179.401463,0.540069,58.479624,1,train
AMZN,240,2017-12-21,13:30:00,2017-12-21T13:30:00+00:00,1175.990000,1178.500000,1167.630000,1175.870000,11507,10.870000,0.125170,1178.062000,1183.163000,1176.598500,1178.759379,0.541881,48.969370,0,train
AMZN,240,2017-12-21,17:30:00,2017-12-21T17:30:00+00:00,1175.870000,1179.100000,1171.970000,1174.530000,8524,7.130000,-0.113958,1175.682000,1181.498000,1177.085500,1177.990401,0.371135,50.247084,1,train
AMZN,240,2017-12-21,21:30:00,2017-12-21T21:30:00+00:00,1174.790000,1174.790000,1174.770000,1174.780000,4,0.020000,0.021285,1174.334000,1179.876000,1177.624500,1177.406692,0.372671,51.278466,0,train
AMZN,240,2017-12-22,13:30:00,2017-12-22T13:30:00+00:00,1172.000000,1174.120000,1168.280000,1169.770000,8960,5.840000,-0.426463,1173.870000,1177.795000,1177.929500,1176.018202,0.381307,42.251031,0,train
AMZN,240,2017-12-22,17:30:00,2017-12-22T17:30:00+00:00,1169.760000,1171.490000,1167.830000,1168.210000,6453,3.660000,-0.133360,1172.632000,1176.369000,1178.151500,1174.598529,0.337414,40.438630,1,train
AMZN,240,2017-12-26,13:30:00,2017-12-26T13:30:00+00:00,1164.700000,1174.510000,1160.520000,1174.170000,10458,13.990000,0.510182,1172.292000,1175.177000,1178.681000,1174.520615,0.370632,31.062124,1,train
AMZN,240,2017-12-26,17:30:00,2017-12-26T17:30:00+00:00,1174.200000,1178.150000,1174.170000,1176.090000,8294,3.980000,0.163520,1172.604000,1174.143000,1178.638500,1174.805957,0.378222,34.019293,1,train
AMZN,240,2017-12-26,21:30:00,2017-12-26T21:30:00+00:00,1176.010000,1176.380000,1176.010000,1176.250000,12,0.370000,0.013604,1172.898000,1173.616000,1178.737000,1175.068511,0.360919,34.554861,1,train
AMZN,240,2017-12-27,13:30:00,2017-12-27T13:30:00+00:00,1178.030000,1187.000000,1175.470000,1183.210000,9910,11.530000,0.591711,1175.586000,1174.728000,1179.222500,1176.548781,0.300909,50.817860,0,train
AMZN,240,2017-12-27,17:30:00,2017-12-27T17:30:00+00:00,1183.200000,1183.570000,1180.220000,1182.260000,7556,3.350000,-0.080290,1178.396000,1175.514000,1179.452500,1177.587185,0.303217,45.501527,0,train
AMZN,240,2017-12-27,21:30:00,2017-12-27T21:30:00+00:00,1182.260000,1182.550000,1182.230000,1182.260000,17,0.320000,0.000000,1180.014000,1176.153000,1179.658000,1178.436788,0.303138,45.062752,1,train
AMZN,240,2017-12-28,13:30:00,2017-12-28T13:30:00+00:00,1187.470000,1189.980000,1184.380000,1185.740000,8845,5.600000,0.294351,1181.944000,1177.274000,1179.386000,1179.764644,0.305399,55.171569,0,train
AMZN,240,2017-12-28,17:30:00,2017-12-28T17:30:00+00:00,1185.770000,1186.420000,1184.380000,1185.000000,6880,2.040000,-0.062408,1183.694000,1178.296000,1179.086000,1180.716527,0.308785,70.102772,1,train
AMZN,240,2017-12-28,21:30:00,2017-12-28T21:30:00+00:00,1184.970000,1185.500000,1184.970000,1185.100000,12,0.530000,0.008439,1184.072000,1179.829000,1178.812000,1181.513522,0.254225,67.892977,0,train
AMZN,240,2017-12-29,13:30:00,2017-12-29T13:30:00+00:00,1181.640000,1183.800000,1177.200000,1178.300000,10115,6.600000,-0.573791,1183.280000,1180.838000,1178.603500,1180.929245,0.331452,53.448765,0,train
AMZN,240,2017-12-29,17:30:00,2017-12-29T17:30:00+00:00,1178.300000,1178.690000,1168.970000,1169.470000,8846,9.720000,-0.749385,1180.722000,1180.368000,1177.772500,1178.845746,0.387208,44.077715,1,train
AMZN,240,2018-01-02,13:30:00,2018-01-02T13:30:00+00:00,1172.810000,1187.890000,1170.500000,1187.160000,10878,17.390000,1.512651,1181.006000,1181.475000,1177.809000,1180.357429,0.626730,60.289229,0,train
AMZN,240,2018-01-02,17:30:00,2018-01-02T17:30:00+00:00,1187.160000,1189.750000,1183.070000,1185.600000,9888,6.680000,-0.131406,1181.126000,1182.410000,1178.013000,1181.310624,0.630501,63.956974,1,train
AMZN,240,2018-01-02,21:30:00,2018-01-02T21:30:00+00:00,1185.600000,1186.000000,1185.270000,1186.000000,50,0.730000,0.033738,1181.306000,1182.689000,1178.708500,1182.163237,0.604432,66.012601,1,train
AMZN,240,2018-01-03,13:30:00,2018-01-03T13:30:00+00:00,1186.600000,1200.750000,1186.470000,1200.340000,10521,14.280000,1.209106,1185.714000,1184.497000,1180.005500,1185.468103,0.708074,70.467699,1,train
AMZN,240,2018-01-03,17:30:00,2018-01-03T17:30:00+00:00,1200.360000,1204.800000,1199.820000,1201.450000,10088,4.980000,0.092474,1192.110000,1186.416000,1181.284500,1188.373903,0.706439,70.088720,0,train
AMZN,240,2018-01-03,21:30:00,2018-01-03T21:30:00+00:00,1201.450000,1201.920000,1201.280000,1201.290000,9,0.640000,-0.013317,1194.936000,1187.971000,1182.622500,1190.722284,0.706801,69.835234,1,train
AMZN,240,2018-01-04,13:30:00,2018-01-04T13:30:00+00:00,1207.030000,1215.740000,1204.970000,1208.020000,12797,10.770000,0.560231,1199.420000,1190.273000,1184.284500,1193.867323,0.715089,69.724917,1,train
AMZN,240,2018-01-04,17:30:00,2018-01-04T17:30:00+00:00,1207.990000,1210.510000,1204.660000,1209.460000,9684,5.850000,0.119203,1204.112000,1192.709000,1186.269000,1196.702355,0.712734,71.457873,1,train
AMZN,240,2018-01-04,21:30:00,2018-01-04T21:30:00+00:00,1209.480000,1209.670000,1209.460000,1209.490000,40,0.210000,0.002480,1205.942000,1195.828000,1188.333000,1199.027382,0.664338,71.471377,1,train
AMZN,240,2018-01-05,13:30:00,2018-01-05T13:30:00+00:00,1213.970000,1220.500000,1209.970000,1220.010000,12519,10.530000,0.869788,1209.654000,1200.882000,1190.625000,1202.842403,0.582269,74.322214,1,train
AMZN,240,2018-01-05,17:30:00,2018-01-05T17:30:00+00:00,1219.990000,1228.900000,1219.500000,1228.060000,10134,9.400000,0.659831,1215.008000,1204.972000,1193.223500,1207.427421,0.453579,77.687757,1,train
AMZN,240,2018-01-08,13:30:00,2018-01-08T13:30:00+00:00,1230.610000,1252.010000,1229.990000,1244.790000,16140,22.020000,1.362311,1222.362000,1210.891000,1196.650500,1214.220617,0.521829,81.618816,1,train
AMZN,240,2018-01-08,17:30:00,2018-01-08T17:30:00+00:00,1244.820000,1246.690000,1241.710000,1244.970000,11272,4.980000,0.014460,1229.464000,1216.788000,1199.738500,1219.811414,0.523732,87.979948,1,train
AMZN,240,2018-01-08,21:30:00,2018-01-08T21:30:00+00:00,1244.880000,1245.730000,1243.960000,1245.500000,25,1.770000,0.042571,1236.666000,1221.304000,1202.900500,1224.482066,0.472604,97.835661,1,train
AMZN,240,2018-01-09,13:30:00,2018-01-09T13:30:00+00:00,1254.520000,1258.800000,1241.720000,1246.550000,16640,17.080000,0.084303,1241.974000,1225.814000,1206.115000,1228.494418,0.473146,97.262454,1,train
AMZN,240,2018-01-09,17:30:00,2018-01-09T17:30:00+00:00,1246.560000,1255.090000,1246.380000,1252.000000,11440,8.710000,0.437207,1246.762000,1230.885000,1209.428000,1232.768160,0.453618,99.760192,0,train
AMZN,240,2018-01-09,21:30:00,2018-01-09T21:30:00+00:00,1252.400000,1252.700000,1251.480000,1251.480000,21,1.220000,-0.041534,1248.100000,1235.231000,1212.752000,1236.170313,0.471796,98.982645,0,train
AMZN,240,2018-01-10,13:30:00,2018-01-10T13:30:00+00:00,1244.460000,1252.490000,1237.120000,1247.300000,11842,15.370000,-0.334005,1248.566000,1239.015000,1215.862000,1238.193892,0.516610,91.425547,1,train
AMZN,240,2018-01-10,17:30:00,2018-01-10T17:30:00+00:00,1247.270000,1254.310000,1247.270000,1253.590000,8901,7.040000,0.504289,1250.184000,1243.425000,1219.626500,1240.993184,0.507743,92.143550,1,train
AMZN,240,2018-01-10,21:30:00,2018-01-10T21:30:00+00:00,1253.710000,1254.650000,1253.710000,1253.730000,58,0.940000,0.011168,1251.620000,1246.797000,1223.839500,1243.308969,0.483985,92.399741,1,train
AMZN,240,2018-01-11,13:30:00,2018-01-11T13:30:00+00:00,1260.010000,1266.300000,1256.310000,1265.810000,13325,9.990000,0.963525,1254.382000,1250.572000,1227.772000,1247.400066,0.519133,93.004911,1,train
AMZN,240,2018-01-11,17:30:00,2018-01-11T17:30:00+00:00,1265.820000,1276.980000,1265.600000,1276.830000,10294,11.380000,0.870589,1259.452000,1253.776000,1232.333500,1252.750963,0.421997,93.877817,0,train
AMZN,240,2018-01-11,21:30:00,2018-01-11T21:30:00+00:00,1276.850000,1276.950000,1276.480000,1276.480000,41,0.470000,-0.027412,1265.288000,1256.927000,1236.857500,1257.065333,0.424850,93.449215,1,train
AMZN,240,2018-01-12,13:30:00,2018-01-12T13:30:00+00:00,1282.000000,1301.820000,1271.970000,1299.560000,18181,29.850000,1.808097,1274.482000,1262.333000,1241.818500,1264.791636,0.640627,94.366983,1,train
AMZN,240,2018-01-12,17:30:00,2018-01-12T17:30:00+00:00,1299.570000,1305.500000,1299.470000,1304.840000,13053,6.030000,0.406291,1284.704000,1268.162000,1246.988000,1272.073157,0.629449,94.187385,1,train
AMZN,240,2018-01-16,13:30:00,2018-01-16T13:30:00+00:00,1319.100000,1339.400000,1317.250000,1319.910000,23111,22.150000,1.154931,1295.524000,1274.953000,1252.919000,1280.770765,0.666417,94.074161,0,train
AMZN,240,2018-01-16,17:30:00,2018-01-16T17:30:00+00:00,1319.910000,1321.380000,1292.280000,1305.770000,23400,29.100000,-1.071285,1301.312000,1280.382000,1257.806500,1285.316080,0.825410,80.651341,1,train
AMZN,240,2018-01-16,21:30:00,2018-01-16T21:30:00+00:00,1305.780000,1306.540000,1305.750000,1306.270000,52,0.790000,0.038292,1307.270000,1286.279000,1262.647000,1289.125884,0.795027,80.645487,0,train
AMZN,240,2018-01-17,13:30:00,2018-01-17T13:30:00+00:00,1310.550000,1315.800000,1280.720000,1291.440000,19663,35.080000,-1.135294,1305.646000,1290.064000,1266.744500,1289.546632,0.941746,69.875144,1,train
AMZN,240,2018-01-17,17:30:00,2018-01-17T17:30:00+00:00,1291.460000,1299.860000,1291.060000,1295.390000,14831,8.800000,0.305860,1303.756000,1294.230000,1270.513500,1290.609063,0.936232,69.469622,0,train
AMZN,240,2018-01-17,21:30:00,2018-01-17T21:30:00+00:00,1295.270000,1295.270000,1294.630000,1294.900000,32,0.640000,-0.037826,1298.754000,1297.139000,1273.855500,1291.389233,0.914402,69.488330,1,train
AMZN,240,2018-01-18,13:30:00,2018-01-18T13:30:00+00:00,1294.000000,1304.410000,1283.990000,1302.570000,16650,20.420000,0.592324,1298.114000,1299.713000,1276.744500,1293.422100,0.896849,74.053442,0,train
AMZN,240,2018-01-18,17:30:00,2018-01-18T17:30:00+00:00,1302.580000,1303.710000,1290.840000,1292.100000,10842,12.870000,-0.803796,1295.280000,1301.275000,1279.101000,1293.181718,0.951018,66.171160,0,train
AMZN,240,2018-01-18,21:30:00,2018-01-18T21:30:00+00:00,1292.100000,1292.100000,1290.970000,1291.000000,41,1.130000,-0.085133,1295.192000,1300.419000,1281.376000,1292.785042,0.745036,65.525285,1,train
AMZN,240,2018-01-19,13:30:00,2018-01-19T13:30:00+00:00,1297.000000,1318.280000,1293.470000,1296.220000,16205,24.810000,0.404338,1295.358000,1299.557000,1283.859500,1293.409580,0.744899,63.435539,0,train
AMZN,240,2018-01-19,17:30:00,2018-01-19T17:30:00+00:00,1296.220000,1302.690000,1292.960000,1294.010000,10074,9.730000,-0.170496,1295.180000,1296.967000,1285.960000,1293.518747,0.609589,58.231123,1,train
AMZN,240,2018-01-22,13:30:00,2018-01-22T13:30:00+00:00,1295.000000,1317.380000,1294.320000,1316.250000,15028,23.060000,1.718688,1297.916000,1298.015000,1289.198500,1297.651702,0.779429,65.750495,1,train
AMZN,240,2018-01-22,17:30:00,2018-01-22T17:30:00+00:00,1316.230000,1334.000000,1314.470000,1333.020000,12000,19.530000,1.274074,1306.100000,1300.690000,1293.484500,1304.082302,0.864888,63.948641,1,train
AMZN,240,2018-01-22,21:30:00,2018-01-22T21:30:00+00:00,1333.680000,1337.000000,1331.670000,1335.000000,177,5.330000,0.148535,1314.900000,1305.046000,1297.555000,1309.703701,0.728086,62.928669,1,train
AMZN,240,2018-01-23,13:30:00,2018-01-23T13:30:00+00:00,1334.790000,1353.000000,1333.820000,1349.090000,19200,19.180000,1.055431,1325.474000,1310.416000,1302.323000,1316.864847,0.762561,62.614560,1,train
AMZN,240,2018-01-23,17:30:00,2018-01-23T17:30:00+00:00,1349.060000,1365.850000,1347.600000,1362.980000,15527,18.250000,1.029583,1339.268000,1317.224000,1307.181500,1325.249420,0.767659,74.785547,0,train
AMZN,240,2018-01-23,21:30:00,2018-01-23T21:30:00+00:00,1363.000000,1363.000000,1359.470000,1360.370000,107,3.530000,-0.191492,1348.092000,1323.004000,1311.358500,1331.634980,0.798439,73.017359,0,train
AMZN,240,2018-01-24,13:30:00,2018-01-24T13:30:00+00:00,1374.220000,1386.820000,1351.590000,1354.970000,23519,35.230000,-0.396951,1352.482000,1329.291000,1315.283000,1335.877711,0.736063,79.387547,1,train
AMZN,240,2018-01-24,17:30:00,2018-01-24T17:30:00+00:00,1355.350000,1368.000000,1337.970000,1357.800000,22177,30.030000,0.208861,1357.042000,1335.971000,1318.195000,1339.863582,0.716658,79.171730,0,train
AMZN,240,2018-01-24,21:30:00,2018-01-24T21:30:00+00:00,1357.600000,1358.000000,1357.180000,1357.190000,41,0.820000,-0.044926,1358.662000,1342.068000,1320.812500,1343.013840,0.737657,79.083014,1,train
AMZN,240,2018-01-25,13:30:00,2018-01-25T13:30:00+00:00,1370.410000,1373.530000,1357.580000,1370.410000,16597,15.950000,0.974071,1360.148000,1349.708000,1323.337500,1347.994960,0.716924,80.113636,1,train
AMZN,240,2018-01-25,17:30:00,2018-01-25T17:30:00+00:00,1370.440000,1378.270000,1363.280000,1375.700000,16424,14.990000,0.386016,1363.214000,1355.653000,1326.834000,1353.032240,0.594680,88.898195,1,train
AMZN,240,2018-01-25,21:30:00,2018-01-25T21:30:00+00:00,1375.700000,1376.750000,1374.980000,1376.240000,75,1.770000,0.039253,1367.468000,1359.975000,1330.332500,1357.251832,0.527669,89.869036,1,train
AMZN,240,2018-01-26,13:30:00,2018-01-26T13:30:00+00:00,1389.050000,1399.920000,1380.990000,1397.100000,18784,18.930000,1.515724,1375.328000,1366.185000,1335.615500,1364.496954,0.642656,91.162070,1,train
AMZN,240,2018-01-26,17:30:00,2018-01-26T17:30:00+00:00,1397.070000,1402.500000,1393.520000,1401.180000,12428,8.980000,0.292033,1384.126000,1371.394000,1340.905000,1371.166599,0.608160,93.071297,1,train
AMZN,240,2018-01-29,13:30:00,2018-01-29T13:30:00+00:00,1407.500000,1420.180000,1400.180000,1419.250000,21393,20.000000,1.289627,1393.894000,1377.021000,1347.122500,1379.909035,0.643497,92.831005,0,train
AMZN,240,2018-01-29,17:30:00,2018-01-29T17:30:00+00:00,1419.260000,1430.740000,1410.970000,1417.300000,20057,19.770000,-0.137397,1402.214000,1382.714000,1352.859000,1386.707392,0.638109,89.973440,0,train
AMZN,240,2018-01-29,21:30:00,2018-01-29T21:30:00+00:00,1417.300000,1417.680000,1416.170000,1416.970000,73,1.510000,-0.023284,1410.360000,1388.914000,1359.102500,1392.209685,0.594912,89.496001,1,train
AMZN,240,2018-01-30,13:30:00,2018-01-30T13:30:00+00:00,1412.990000,1432.040000,1391.970000,1425.470000,24858,40.070000,0.599872,1416.034000,1395.681000,1365.826000,1398.257015,0.590133,88.897943,1,train
AMZN,240,2018-01-30,17:30:00,2018-01-30T17:30:00+00:00,1425.500000,1439.080000,1415.980000,1436.990000,19022,23.100000,0.808155,1423.196000,1403.661000,1372.864500,1405.299376,0.565504,88.623317,1,train
AMZN,240,2018-01-30,21:30:00,2018-01-30T21:30:00+00:00,1436.980000,1437.500000,1436.970000,1437.100000,94,0.530000,0.007655,1426.766000,1410.330000,1380.019000,1411.081307,0.572153,91.115636,1,train
AMZN,240,2018-01-31,13:30:00,2018-01-31T13:30:00+00:00,1450.990000,1464.600000,1449.970000,1461.820000,17942,14.630000,1.720131,1435.670000,1418.942000,1387.297500,1420.306524,0.691480,97.434076,0,train
AMZN,240,2018-01-31,17:30:00,2018-01-31T17:30:00+00:00,1461.840000,1472.490000,1447.060000,1451.510000,19624,25.430000,-0.705285,1442.578000,1426.469000,1393.222000,1425.979883,0.792593,89.010074,0,train
AMZN,240,2018-01-31,21:30:00,2018-01-31T21:30:00+00:00,1451.510000,1452.000000,1444.380000,1447.000000,353,7.620000,-0.310711,1446.884000,1431.459000,1398.822000,1429.801723,0.751292,86.210789,0,train
AMZN,240,2018-02-01,13:30:00,2018-02-01T13:30:00+00:00,1456.110000,1459.500000,1422.010000,1431.070000,21354,37.490000,-1.100898,1445.700000,1434.448000,1402.921000,1430.032319,0.881857,73.934659,1,train
AMZN,240,2018-02-01,17:30:00,2018-02-01T17:30:00+00:00,1431.090000,1456.000000,1380.280000,1455.970000,24932,75.720000,1.739957,1449.474000,1438.120000,1407.570500,1434.748261,0.951585,77.427732,1,train
AMZN,240,2018-02-01,21:30:00,2018-02-01T21:30:00+00:00,1455.000000,1481.910000,1454.970000,1469.970000,2103,26.940000,0.961558,1451.104000,1443.387000,1413.050500,1441.152213,0.963991,79.329119,0,train
AMZN,240,2018-02-02,13:30:00,2018-02-02T13:30:00+00:00,1466.630000,1497.610000,1434.310000,1468.220000,26435,63.300000,-0.119050,1454.446000,1448.512000,1418.713000,1446.073629,0.968793,75.277225,0,train
AMZN,240,2018-02-02,17:30:00,2018-02-02T17:30:00+00:00,1468.230000,1472.660000,1413.980000,1429.840000,23786,58.680000,-2.614050,1451.014000,1448.949000,1422.315000,1443.122060,1.341741,58.189507,1,train
AMZN,240,2018-02-05,13:30:00,2018-02-05T13:30:00+00:00,1402.000000,1458.370000,1387.210000,1442.480000,25677,71.160000,0.884015,1453.296000,1449.498000,1426.579500,1443.005322,1.346780,56.850487,0,train
AMZN,240,2018-02-05,17:30:00,2018-02-05T17:30:00+00:00,1442.500000,1451.550000,1320.390000,1380.970000,26818,131.160000,-4.264184,1438.296000,1443.885000,1427.107500,1431.726173,1.917131,42.071494,1,train
AMZN,240,2018-02-05,21:30:00,2018-02-05T21:30:00+00:00,1381.000000,1383.770000,1377.520000,1381.110000,407,6.250000,0.010138,1420.524000,1435.814000,1427.378000,1422.523232,1.780289,42.167569,1,train
AMZN,240,2018-02-06,13:30:00,2018-02-06T13:30:00+00:00,1358.000000,1423.780000,1351.660000,1414.900000,27859,72.120000,2.446583,1409.860000,1432.153000,1429.311000,1421.137190,2.013800,47.921010,1,train
AMZN,240,2018-02-06,17:30:00,2018-02-06T17:30:00+00:00,1414.880000,1444.170000,1401.470000,1440.000000,25607,42.700000,1.773977,1411.892000,1431.453000,1431.456000,1424.566792,2.110848,50.562008,0,train
AMZN,240,2018-02-06,21:30:00,2018-02-06T21:30:00+00:00,1440.000000,1441.000000,1433.040000,1433.990000,183,7.960000,-0.417361,1410.194000,1431.745000,1433.096500,1426.280102,2.083137,49.431839,1,train
AMZN,240,2018-02-07,13:30:00,2018-02-07T13:30:00+00:00,1442.990000,1460.000000,1438.070000,1448.480000,21679,21.930000,1.010467,1423.696000,1430.996000,1434.558000,1430.316447,2.029070,47.468306,0,train
AMZN,240,2018-02-07,17:30:00,2018-02-07T17:30:00+00:00,1448.450000,1450.280000,1413.970000,1414.880000,22717,36.310000,-2.319673,1430.450000,1425.487000,1434.437000,1427.509821,2.113937,43.612903,0,train
AMZN,240,2018-02-07,21:30:00,2018-02-07T21:30:00+00:00,1413.980000,1414.000000,1407.970000,1409.500000,266,6.030000,-0.380244,1429.370000,1419.615000,1434.063500,1424.235308,2.112230,43.480982,0,train
AMZN,240,2018-02-08,13:30:00,2018-02-08T13:30:00+00:00,1434.480000,1436.300000,1381.020000,1387.240000,23381,55.280000,-1.579283,1418.818000,1415.355000,1432.152000,1417.508888,2.014073,42.544650,0,train
AMZN,240,2018-02-08,17:30:00,2018-02-08T17:30:00+00:00,1387.260000,1392.890000,1348.970000,1352.500000,26192,43.920000,-2.504253,1402.520000,1406.357000,1427.927500,1405.689090,2.079761,32.970144,0,train
AMZN,240,2018-02-08,21:30:00,2018-02-08T21:30:00+00:00,1352.500000,1352.500000,1348.010000,1348.350000,351,4.490000,-0.306839,1382.494000,1403.095000,1423.490000,1395.263801,1.639764,29.312105,0,train
AMZN,240,2018-02-09,13:30:00,2018-02-09T13:30:00+00:00,1369.200000,1383.000000,1281.030000,1284.040000,22563,101.970000,-4.769533,1356.326000,1393.388000,1414.601000,1375.041292,2.172982,24.168303,1,train
AMZN,240,2018-02-09,17:30:00,2018-02-09T17:30:00+00:00,1284.020000,1348.330000,1265.860000,1338.470000,23373,82.470000,4.238965,1342.120000,1385.745000,1408.949000,1368.391966,2.509633,37.737216,1,train
AMZN,240,2018-02-12,13:30:00,2018-02-12T13:30:00+00:00,1363.510000,1386.600000,1343.970000,1380.580000,24715,42.630000,3.146130,1340.788000,1379.803000,1405.628000,1370.607972,2.680982,42.301378,1,train
AMZN,240,2018-02-12,17:30:00,2018-02-12T17:30:00+00:00,1380.610000,1393.380000,1374.220000,1387.400000,20839,19.160000,0.493995,1347.768000,1375.144000,1403.444500,1373.661068,2.695331,50.925633,1,train
AMZN,240,2018-02-12,21:30:00,2018-02-12T21:30:00+00:00,1387.410000,1389.000000,1387.280000,1388.220000,80,1.720000,0.059103,1355.742000,1369.118000,1400.057000,1376.308147,2.660619,51.021522,1,train
AMZN,240,2018-02-13,13:30:00,2018-02-13T13:30:00+00:00,1385.990000,1419.430000,1383.420000,1404.460000,21348,36.010000,1.169843,1379.826000,1368.076000,1396.781500,1381.426665,2.608042,48.420384,1,train
AMZN,240,2018-02-13,17:30:00,2018-02-13T17:30:00+00:00,1404.010000,1417.570000,1398.970000,1414.090000,17083,18.600000,0.685673,1394.950000,1368.535000,1394.075000,1387.365454,2.614511,45.887171,1,train
AMZN,240,2018-02-13,21:30:00,2018-02-13T21:30:00+00:00,1414.100000,1414.980000,1413.980000,1414.420000,79,1.000000,0.023337,1401.718000,1371.253000,1393.304000,1392.284462,2.550979,46.836507,1,train
AMZN,240,2018-02-14,13:30:00,2018-02-14T13:30:00+00:00,1421.910000,1442.000000,1399.970000,1436.970000,23101,42.030000,1.594293,1411.632000,1379.700000,1393.028500,1400.409105,2.388046,48.186659,1,train
AMZN,240,2018-02-14,17:30:00,2018-02-14T17:30:00+00:00,1436.920000,1451.960000,1436.150000,1448.790000,16607,15.810000,0.822564,1423.746000,1389.744000,1396.419500,1409.205632,2.365231,55.735986,1,train
AMZN,240,2018-02-14,21:30:00,2018-02-14T21:30:00+00:00,1449.000000,1450.130000,1448.790000,1449.000000,79,1.340000,0.014495,1432.654000,1406.240000,1399.814000,1416.440971,1.420875,56.800496,1,train
AMZN,240,2018-02-15,13:30:00,2018-02-15T13:30:00+00:00,1461.000000,1468.370000,1436.700000,1459.440000,21451,31.670000,0.720497,1441.724000,1418.337000,1402.041000,1424.258977,0.948767,62.957645,1,train
AMZN,240,2018-02-15,17:30:00,2018-02-15T17:30:00+00:00,1459.470000,1465.010000,1456.250000,1462.000000,15182,8.760000,0.175410,1451.240000,1426.479000,1403.141000,1431.120981,0.531076,72.218164,0,train
AMZN,240,2018-02-15,21:30:00,2018-02-15T21:30:00+00:00,1462.000000,1463.280000,1461.490000,1462.000000,80,1.790000,0.000000,1456.246000,1433.939000,1404.541500,1436.735348,0.561639,73.455236,0,train
AMZN,240,2018-02-16,13:30:00,2018-02-16T13:30:00+00:00,1460.000000,1465.580000,1453.700000,1458.900000,15915,11.880000,-0.212038,1458.268000,1441.007000,1405.062500,1440.765285,0.592414,98.287860,0,train
AMZN,240,2018-02-16,17:30:00,2018-02-16T17:30:00+00:00,1458.910000,1460.990000,1446.630000,1448.580000,18216,14.360000,-0.707382,1458.184000,1445.419000,1406.747500,1442.186142,0.650901,90.200803,1,train
AMZN,240,2018-02-20,13:30:00,2018-02-20T13:30:00+00:00,1443.000000,1479.850000,1442.970000,1477.800000,16762,36.880000,2.017148,1461.856000,1451.790000,1410.162500,1448.661389,0.843570,89.182654,0,train
AMZN,240,2018-02-20,17:30:00,2018-02-20T17:30:00+00:00,1477.800000,1488.500000,1453.970000,1468.350000,17633,34.530000,-0.639464,1463.126000,1457.183000,1414.218000,1452.241136,0.904225,81.948062,1,train
AMZN,240,2018-02-20,21:30:00,2018-02-20T21:30:00+00:00,1468.350000,1470.000000,1467.990000,1468.970000,54,2.010000,0.042224,1464.520000,1460.383000,1420.041500,1455.282748,0.799500,81.919519,1,train
AMZN,240,2018-02-21,13:30:00,2018-02-21T13:30:00+00:00,1482.970000,1497.720000,1478.710000,1490.120000,18410,19.010000,1.439784,1470.764000,1464.516000,1427.130000,1461.616794,0.871485,82.595129,0,train
AMZN,240,2018-02-21,17:30:00,2018-02-21T17:30:00+00:00,1490.140000,1503.160000,1477.810000,1481.000000,19757,25.350000,-0.612031,1477.248000,1467.716000,1436.978000,1465.141013,0.914555,75.559630,1,train
AMZN,240,2018-02-21,21:30:00,2018-02-21T21:30:00+00:00,1481.050000,1482.250000,1480.970000,1481.210000,136,1.280000,0.014180,1477.930000,1469.893000,1444.115000,1468.062647,0.898955,75.537203,1,train
AMZN,240,2018-02-22,13:30:00,2018-02-22T13:30:00+00:00,1491.210000,1502.250000,1485.480000,1491.830000,16628,16.770000,0.716981,1482.626000,1472.876000,1449.677500,1472.383984,0.916675,73.081454,0,train
AMZN,240,2018-02-22,17:30:00,2018-02-22T17:30:00+00:00,1491.840000,1492.440000,1475.620000,1487.470000,17602,16.820000,-0.292259,1486.326000,1475.423000,1454.681000,1475.126896,0.928553,67.363979,1,train
AMZN,240,2018-02-22,21:30:00,2018-02-22T21:30:00+00:00,1487.700000,1488.100000,1486.970000,1487.510000,117,1.130000,0.002689,1485.804000,1478.284000,1459.645500,1477.378369,0.921016,67.314090,1,train
AMZN,240,2018-02-23,13:30:00,2018-02-23T13:30:00+00:00,1496.000000,1496.300000,1486.470000,1490.070000,14549,9.830000,0.172100,1487.618000,1482.433000,1463.926000,1479.685939,0.865237,64.821446,1,train
AMZN,240,2018-02-23,17:30:00,2018-02-23T17:30:00+00:00,1490.100000,1499.990000,1488.560000,1499.910000,13837,11.430000,0.660372,1491.358000,1484.644000,1468.217000,1483.363041,0.640944,67.136787,1,train
AMZN,240,2018-02-26,13:30:00,2018-02-26T13:30:00+00:00,1512.470000,1522.480000,1506.980000,1518.010000,18510,15.500000,1.206739,1496.594000,1489.610000,1473.396500,1489.662488,0.653893,71.758216,1,train
AMZN,240,2018-02-26,17:30:00,2018-02-26T17:30:00+00:00,1517.980000,1522.800000,1512.720000,1521.980000,13679,10.080000,0.261527,1503.496000,1494.911000,1477.647000,1495.538399,0.646617,74.340176,1,train
AMZN,240,2018-02-26,21:30:00,2018-02-26T21:30:00+00:00,1522.000000,1524.400000,1521.970000,1523.530000,94,2.430000,0.101841,1510.700000,1498.252000,1481.384000,1500.627781,0.524587,81.019783,0,train
AMZN,240,2018-02-27,13:30:00,2018-02-27T13:30:00+00:00,1523.970000,1526.740000,1507.130000,1512.220000,12147,19.610000,-0.742355,1515.130000,1501.374000,1484.545000,1502.735457,0.548707,66.724976,1,train
AMZN,240,2018-02-27,17:30:00,2018-02-27T17:30:00+00:00,1512.150000,1519.280000,1510.570000,1513.000000,11277,8.710000,0.051580,1517.748000,1504.553000,1487.223000,1504.601738,0.547348,73.692030,1,train
AMZN,240,2018-02-27,21:30:00,2018-02-27T21:30:00+00:00,1512.980000,1514.250000,1512.970000,1513.740000,105,1.280000,0.048909,1516.894000,1506.744000,1489.810000,1506.263240,0.519170,73.725490,1,train
AMZN,240,2018-02-28,13:30:00,2018-02-28T13:30:00+00:00,1518.990000,1528.700000,1514.070000,1518.020000,11045,14.630000,0.282743,1516.102000,1509.799000,1492.611000,1508.400833,0.496445,68.004646,0,train
AMZN,240,2018-02-28,17:30:00,2018-02-28T17:30:00+00:00,1518.020000,1526.310000,1511.990000,1512.510000,11449,14.320000,-0.362973,1513.898000,1512.299000,1495.291500,1509.147954,0.525582,71.328009,1,train
AMZN,240,2018-02-28,21:30:00,2018-02-28T21:30:00+00:00,1512.490000,1513.430000,1512.480000,1512.850000,49,0.950000,0.022479,1514.024000,1514.577000,1498.505000,1509.821053,0.527580,71.378378,0,train
AMZN,240,2018-03-01,13:30:00,2018-03-01T13:30:00+00:00,1510.850000,1518.800000,1494.970000,1501.470000,13850,23.830000,-0.752223,1511.718000,1514.733000,1499.688500,1508.302680,0.564483,56.447298,0,train
AMZN,240,2018-03-01,17:30:00,2018-03-01T17:30:00+00:00,1501.390000,1501.450000,1464.970000,1494.370000,16133,36.480000,-0.472870,1507.844000,1512.369000,1500.989500,1505.769465,0.393386,54.451613,0,train
AMZN,240,2018-03-01,21:30:00,2018-03-01T21:30:00+00:00,1494.100000,1494.600000,1492.700000,1494.020000,88,1.900000,-0.023421,1503.044000,1509.573000,1502.242000,1503.633199,0.369358,54.183267,0,train
AMZN,240,2018-03-02,13:30:00,2018-03-02T13:30:00+00:00,1470.500000,1490.650000,1455.000000,1488.010000,16576,35.650000,-0.402270,1498.144000,1506.021000,1502.136500,1500.792617,0.360203,48.732464,1,train
AMZN,240,2018-03-02,17:30:00,2018-03-02T17:30:00+00:00,1488.030000,1500.390000,1477.970000,1499.500000,12819,22.420000,0.772172,1495.474000,1504.749000,1503.061500,1500.557596,0.434031,49.752744,1,train
AMZN,240,2018-03-05,13:30:00,2018-03-05T13:30:00+00:00,1502.620000,1519.690000,1481.000000,1514.990000,12512,38.690000,1.033011,1498.178000,1504.948000,1504.750500,1503.181669,0.560520,48.119552,1,train
AMZN,240,2018-03-05,17:30:00,2018-03-05T17:30:00+00:00,1515.580000,1524.750000,1513.500000,1522.490000,10734,11.250000,0.495053,1503.802000,1505.823000,1506.283500,1506.692275,0.580942,50.304187,0,train
AMZN,240,2018-03-05,21:30:00,2018-03-05T21:30:00+00:00,1522.550000,1522.870000,1522.070000,1522.080000,55,0.800000,-0.026930,1509.414000,1506.229000,1508.014000,1509.490043,0.575932,49.123231,1,train
AMZN,240,2018-03-06,13:30:00,2018-03-06T13:30:00+00:00,1530.990000,1542.000000,1527.970000,1534.350000,12224,14.030000,0.806134,1518.682000,1508.413000,1510.356000,1514.010035,0.605599,63.227735,1,train
AMZN,240,2018-03-06,17:30:00,2018-03-06T17:30:00+00:00,1534.350000,1539.720000,1532.990000,1536.620000,11182,6.730000,0.147945,1526.106000,1510.790000,1512.683500,1518.120938,0.604074,63.871271,1,train
AMZN,240,2018-03-06,21:30:00,2018-03-06T21:30:00+00:00,1536.640000,1537.000000,1536.610000,1536.680000,17,0.390000,0.003905,1530.444000,1514.311000,1514.522000,1521.495313,0.518838,63.580393,0,train
AMZN,240,2018-03-07,13:30:00,2018-03-07T13:30:00+00:00,1528.780000,1541.480000,1522.190000,1531.620000,11463,19.290000,-0.329281,1532.270000,1518.036000,1515.202500,1523.336165,0.498721,57.977475,1,train
AMZN,240,2018-03-07,17:30:00,2018-03-07T17:30:00+00:00,1531.630000,1545.230000,1529.270000,1544.470000,11058,15.960000,0.838981,1536.748000,1523.081000,1516.327000,1527.178681,0.520721,67.260747,0,train
AMZN,240,2018-03-07,21:30:00,2018-03-07T21:30:00+00:00,1544.480000,1544.600000,1544.130000,1544.130000,44,0.470000,-0.022014,1538.704000,1528.693000,1517.357000,1530.260739,0.472657,66.893498,1,train
AMZN,240,2018-03-08,13:30:00,2018-03-08T13:30:00+00:00,1551.470000,1554.490000,1546.500000,1550.600000,9986,7.990000,0.419006,1541.500000,1533.803000,1519.276000,1533.958786,0.452176,78.019847,1,train
AMZN,240,2018-03-08,17:30:00,2018-03-08T17:30:00+00:00,1550.570000,1553.380000,1545.510000,1551.170000,9366,7.870000,0.036760,1544.398000,1537.421000,1521.184500,1537.088098,0.386694,85.001232,0,train
AMZN,240,2018-03-08,21:30:00,2018-03-08T21:30:00+00:00,1551.040000,1551.330000,1550.200000,1550.200000,51,1.130000,-0.062533,1548.114000,1540.192000,1523.007500,1539.472080,0.385542,84.356654,1,train
AMZN,240,2018-03-09,13:30:00,2018-03-09T13:30:00+00:00,1554.500000,1571.150000,1553.050000,1568.010000,12702,18.100000,1.148884,1552.822000,1544.785000,1525.507000,1544.660793,0.482198,92.753313,1,train
AMZN,240,2018-03-09,17:30:00,2018-03-09T17:30:00+00:00,1568.010000,1578.490000,1568.010000,1578.260000,11147,10.480000,0.653695,1559.648000,1549.176000,1528.794500,1550.769739,0.466531,92.655979,1,train
AMZN,240,2018-03-12,12:30:00,2018-03-12T12:30:00+00:00,1588.010000,1605.180000,1586.640000,1601.650000,9422,18.540000,1.482012,1569.858000,1555.679000,1533.234500,1560.020696,0.596178,93.234883,0,train
AMZN,240,2018-03-12,16:30:00,2018-03-12T16:30:00+00:00,1601.660000,1603.980000,1594.970000,1599.000000,11017,9.010000,-0.165454,1579.424000,1561.911000,1538.111000,1567.107842,0.611425,90.112195,0,train
AMZN,240,2018-03-12,20:30:00,2018-03-12T20:30:00+00:00,1598.990000,1599.830000,1598.380000,1598.600000,56,1.450000,-0.025016,1589.104000,1568.609000,1543.322500,1572.833689,0.577744,90.121644,0,train
AMZN,240,2018-03-13,12:30:00,2018-03-13T12:30:00+00:00,1606.980000,1616.740000,1577.990000,1584.340000,17566,38.750000,-0.892031,1592.370000,1572.596000,1547.838500,1574.925746,0.690125,75.675398,1,train
AMZN,240,2018-03-13,16:30:00,2018-03-13T16:30:00+00:00,1584.350000,1603.040000,1584.320000,1588.700000,16911,18.720000,0.275193,1594.458000,1577.053000,1552.873000,1577.430155,0.683122,76.186645,0,train
AMZN,240,2018-03-13,20:30:00,2018-03-13T20:30:00+00:00,1588.680000,1588.710000,1587.290000,1587.500000,59,1.420000,-0.075533,1591.628000,1580.743000,1557.273000,1579.261036,0.690370,75.263472,1,train
AMZN,240,2018-03-14,12:30:00,2018-03-14T12:30:00+00:00,1597.000000,1606.200000,1591.220000,1597.600000,11951,14.980000,0.636220,1591.348000,1585.386000,1561.403500,1582.595393,0.696988,81.234615,0,train
AMZN,240,2018-03-14,16:30:00,2018-03-14T16:30:00+00:00,1597.690000,1601.980000,1590.510000,1591.240000,11005,11.470000,-0.398097,1589.876000,1589.490000,1564.841000,1584.167140,0.723812,73.590235,1,train
AMZN,240,2018-03-14,20:30:00,2018-03-14T20:30:00+00:00,1591.240000,1592.940000,1591.000000,1592.090000,74,1.940000,0.053417,1591.426000,1591.898000,1568.341500,1585.607660,0.654593,74.066640,0,train
AMZN,240,2018-03-15,12:30:00,2018-03-15T12:30:00+00:00,1592.970000,1597.000000,1578.070000,1584.230000,10868,18.930000,-0.493691,1590.532000,1592.495000,1570.835500,1585.357176,0.657909,66.643571,0,train
AMZN,240,2018-03-15,16:30:00,2018-03-15T16:30:00+00:00,1584.230000,1587.030000,1578.220000,1583.050000,8947,8.810000,-0.074484,1589.642000,1590.635000,1573.157000,1584.937690,0.419803,65.682802,1,train
AMZN,240,2018-03-15,20:30:00,2018-03-15T20:30:00+00:00,1583.220000,1584.250000,1583.020000,1583.720000,62,1.230000,0.042323,1586.866000,1589.107000,1575.509000,1584.716292,0.422215,66.538386,0,train
AMZN,240,2018-03-16,12:30:00,2018-03-16T12:30:00+00:00,1585.000000,1589.140000,1569.920000,1573.490000,10479,19.220000,-0.645948,1583.316000,1586.596000,1577.602500,1582.675148,0.455127,52.922355,0,train
AMZN,240,2018-03-16,16:30:00,2018-03-16T16:30:00+00:00,1573.490000,1574.600000,1567.580000,1568.640000,9079,7.020000,-0.308232,1578.626000,1585.026000,1578.811000,1580.123303,0.381968,44.556360,0,train
AMZN,240,2018-03-19,12:30:00,2018-03-19T12:30:00+00:00,1555.100000,1561.360000,1525.330000,1540.050000,13864,36.030000,-1.822598,1569.790000,1580.161000,1578.607000,1572.837248,0.641550,17.079949,1,train
AMZN,240,2018-03-19,16:30:00,2018-03-19T16:30:00+00:00,1540.040000,1547.870000,1529.680000,1546.570000,14870,18.190000,0.423363,1562.494000,1576.068000,1578.405500,1568.061384,0.679943,23.093503,1,train
AMZN,240,2018-03-19,20:30:00,2018-03-19T20:30:00+00:00,1546.590000,1548.180000,1546.570000,1547.500000,103,1.610000,0.060133,1555.250000,1571.058000,1578.222000,1564.322951,0.617198,23.917926,1,train
AMZN,240,2018-03-20,12:30:00,2018-03-20T12:30:00+00:00,1552.500000,1575.400000,1542.300000,1574.970000,12814,33.100000,1.775121,1555.546000,1569.431000,1579.460500,1566.258778,0.902085,45.785734,1,train
AMZN,240,2018-03-20,16:30:00,2018-03-20T16:30:00+00:00,1574.740000,1588.030000,1568.990000,1587.200000,10479,19.040000,0.776523,1559.258000,1568.942000,1580.420000,1570.066273,0.943688,49.369960,1,train
AMZN,240,2018-03-20,20:30:00,2018-03-20T20:30:00+00:00,1587.190000,1588.980000,1587.190000,1588.000000,98,1.790000,0.050403,1568.848000,1569.319000,1580.907000,1573.326951,0.929351,50.210722,0,train
AMZN,240,2018-03-21,12:30:00,2018-03-21T12:30:00+00:00,1585.500000,1589.640000,1572.170000,1584.120000,10757,17.470000,-0.244332,1576.358000,1569.426000,1580.030500,1575.289323,0.932970,44.004626,0,train
AMZN,240,2018-03-21,16:30:00,2018-03-21T16:30:00+00:00,1584.130000,1588.280000,1563.160000,1579.890000,12336,25.120000,-0.267025,1582.836000,1569.043000,1579.075000,1576.125810,0.936925,44.854475,0,train
AMZN,240,2018-03-21,20:30:00,2018-03-21T20:30:00+00:00,1579.880000,1580.100000,1577.240000,1578.500000,110,2.860000,-0.087981,1583.542000,1569.544000,1578.070000,1576.557481,0.911800,43.868989,0,train
AMZN,240,2018-03-22,12:30:00,2018-03-22T12:30:00+00:00,1571.680000,1573.200000,1544.800000,1553.760000,14438,28.400000,-1.567311,1576.854000,1568.056000,1576.541000,1572.412484,1.042158,38.070629,0,train
AMZN,240,2018-03-22,16:30:00,2018-03-22T16:30:00+00:00,1553.500000,1565.400000,1540.470000,1541.480000,13585,24.930000,-0.790341,1567.550000,1568.199000,1574.180000,1566.788396,0.891791,35.026295,1,train
AMZN,240,2018-03-22,20:30:00,2018-03-22T20:30:00+00:00,1541.480000,1543.970000,1540.970000,1541.500000,153,3.000000,0.001297,1559.026000,1567.692000,1571.880000,1562.190506,0.880115,34.720614,0,train
AMZN,240,2018-03-23,12:30:00,2018-03-23T12:30:00+00:00,1543.150000,1548.990000,1516.970000,1523.200000,14930,32.020000,-1.187155,1547.688000,1565.262000,1568.160000,1555.101323,0.951511,32.804486,0,train
AMZN,240,2018-03-23,16:30:00,2018-03-23T16:30:00+00:00,1523.260000,1530.340000,1495.350000,1495.800000,16467,34.990000,-1.798845,1531.148000,1557.345000,1563.388000,1544.319264,0.806534,28.421614,1,train
AMZN,240,2018-03-26,12:30:00,2018-03-26T12:30:00+00:00,1528.000000,1539.000000,1498.970000,1520.990000,14230,40.030000,1.684049,1524.594000,1550.724000,1559.833000,1540.077580,0.996299,44.237514,1,train
AMZN,240,2018-03-26,16:30:00,2018-03-26T16:30:00+00:00,1521.010000,1556.890000,1518.980000,1554.560000,12941,37.910000,2.207115,1527.210000,1547.380000,1558.349500,1542.710747,1.297516,52.076080,1,train
AMZN,240,2018-03-26,20:30:00,2018-03-26T20:30:00+00:00,1555.170000,1555.860000,1554.550000,1554.970000,88,1.310000,0.026374,1529.904000,1544.465000,1556.945500,1544.939702,1.299428,51.946225,1,train
AMZN,240,2018-03-27,12:30:00,2018-03-27T12:30:00+00:00,1568.100000,1575.640000,1561.250000,1561.260000,13683,14.390000,0.404509,1537.516000,1542.602000,1555.822500,1547.907029,1.311610,45.984888,0,train
AMZN,240,2018-03-27,16:30:00,2018-03-27T16:30:00+00:00,1561.270000,1565.360000,1481.990000,1498.300000,17102,83.370000,-4.032640,1538.016000,1534.582000,1552.063000,1538.887569,1.804530,29.928655,1,train
AMZN,240,2018-03-27,20:30:00,2018-03-27T20:30:00+00:00,1497.980000,1498.350000,1495.460000,1498.340000,154,2.890000,0.002670,1533.486000,1529.040000,1548.548000,1531.515284,1.769828,29.687358,0,train
AMZN,240,2018-03-28,12:30:00,2018-03-28T12:30:00+00:00,1485.000000,1487.010000,1386.310000,1441.310000,25049,100.700000,-3.806212,1510.836000,1519.023000,1543.611000,1515.114323,2.082809,23.925507,0,train
AMZN,240,2018-03-28,16:30:00,2018-03-28T16:30:00+00:00,1441.640000,1446.470000,1412.990000,1431.420000,17646,33.480000,-0.686181,1486.126000,1508.015000,1537.853500,1499.897174,2.070235,23.441022,1,train
AMZN,240,2018-03-28,20:30:00,2018-03-28T20:30:00+00:00,1431.400000,1434.000000,1431.390000,1432.000000,130,2.610000,0.040519,1460.274000,1498.895000,1532.078500,1487.552233,2.075758,23.717259,0,train
AMZN,240,2018-03-29,12:30:00,2018-03-29T12:30:00+00:00,1425.980000,1434.000000,1365.240000,1416.040000,21577,68.760000,-1.114525,1443.822000,1490.919000,1524.132000,1474.550009,2.042709,24.488737,1,train
AMZN,240,2018-03-29,16:30:00,2018-03-29T16:30:00+00:00,1416.160000,1454.790000,1403.450000,1444.000000,17816,51.340000,1.974520,1432.954000,1483.220000,1516.972000,1468.995462,2.079386,32.934174,0,train
AMZN,240,2018-03-29,20:30:00,2018-03-29T20:30:00+00:00,1444.010000,1445.000000,1440.970000,1443.970000,162,4.030000,-0.002078,1433.486000,1472.161000,1509.770500,1464.445378,1.866463,32.926018,0,train
AMZN,240,2018-04-02,12:30:00,2018-04-02T12:30:00+00:00,1424.000000,1425.250000,1360.970000,1384.000000,18695,64.280000,-4.153133,1424.002000,1455.064000,1499.764500,1449.818945,2.130245,28.733806,0,train
AMZN,240,2018-04-02,16:30:00,2018-04-02T16:30:00+00:00,1383.190000,1391.690000,1354.980000,1370.620000,17456,36.710000,-0.966763,1411.726000,1436.000000,1489.301000,1435.419137,2.063047,30.019792,1,train
AMZN,240,2018-04-02,20:30:00,2018-04-02T20:30:00+00:00,1370.620000,1371.660000,1370.590000,1371.500000,113,1.070000,0.064205,1402.818000,1423.320000,1478.951000,1423.797476,1.850252,24.132203,0,train
AMZN,240,2018-04-03,12:30:00,2018-04-03T12:30:00+00:00,1386.980000,1404.990000,1355.060000,1369.460000,18186,49.930000,-0.148742,1387.910000,1410.432000,1469.736000,1413.917935,1.842971,14.047083,1,train
AMZN,240,2018-04-03,16:30:00,2018-04-03T16:30:00+00:00,1369.440000,1413.440000,1361.190000,1393.300000,16743,52.250000,1.740832,1377.776000,1405.631000,1462.327000,1410.169219,1.692997,21.217732,1,train
AMZN,240,2018-04-03,20:30:00,2018-04-03T20:30:00+00:00,1393.300000,1393.980000,1393.230000,1393.360000,63,0.750000,0.004306,1379.648000,1401.825000,1454.920000,1407.112998,1.690715,19.430486,1,train
AMZN,240,2018-04-04,12:30:00,2018-04-04T12:30:00+00:00,1357.970000,1396.950000,1352.850000,1395.630000,15876,44.100000,0.162916,1384.650000,1398.188000,1448.541500,1405.025180,1.693541,26.003833,1,train
AMZN,240,2018-04-04,16:30:00,2018-04-04T16:30:00+00:00,1395.760000,1415.230000,1373.080000,1409.420000,14150,42.150000,0.988084,1392.234000,1397.526000,1444.222500,1405.824238,1.703924,30.472593,1,train
AMZN,240,2018-04-04,20:30:00,2018-04-04T20:30:00+00:00,1409.400000,1412.000000,1408.510000,1412.000000,96,3.490000,0.183054,1400.742000,1394.326000,1438.773000,1406.947104,1.557196,41.540149,1,train
AMZN,240,2018-04-05,12:30:00,2018-04-05T12:30:00+00:00,1433.000000,1454.000000,1426.980000,1448.520000,15892,27.020000,2.586402,1411.786000,1394.781000,1433.471000,1414.505812,1.793336,54.277995,1,train
AMZN,240,2018-04-05,16:30:00,2018-04-05T16:30:00+00:00,1448.120000,1459.510000,1436.980000,1450.730000,14087,22.530000,0.152570,1423.260000,1401.454000,1428.259000,1421.092028,1.025682,54.647873,0,train
AMZN,240,2018-04-05,20:30:00,2018-04-05T20:30:00+00:00,1450.750000,1450.750000,1446.050000,1447.520000,142,4.700000,-0.221268,1433.638000,1409.144000,1422.572000,1425.897114,0.931917,58.339515,0,train
AMZN,240,2018-04-06,12:30:00,2018-04-06T12:30:00+00:00,1433.000000,1451.970000,1426.430000,1426.450000,13306,25.540000,-1.455593,1437.044000,1414.639000,1418.979500,1425.997639,1.124248,45.174594,0,train
AMZN,240,2018-04-06,16:30:00,2018-04-06T16:30:00+00:00,1426.420000,1436.700000,1400.190000,1406.570000,14457,36.510000,-1.393670,1435.958000,1418.350000,1414.391000,1422.465341,1.253205,40.728805,1,train
AMZN,240,2018-04-09,12:30:00,2018-04-09T12:30:00+00:00,1422.500000,1437.820000,1416.470000,1432.850000,11510,21.350000,1.868375,1432.824000,1422.305000,1413.968000,1424.353461,1.270316,64.537825,0,train
AMZN,240,2018-04-09,16:30:00,2018-04-09T16:30:00+00:00,1432.820000,1433.500000,1400.980000,1405.480000,10134,32.520000,-1.910179,1423.774000,1423.517000,1412.671000,1420.921922,1.449385,59.576923,0,train
AMZN,240,2018-04-09,20:30:00,2018-04-09T20:30:00+00:00,1405.500000,1406.170000,1403.150000,1405.020000,123,3.020000,-0.032729,1415.274000,1424.456000,1411.322000,1418.030664,1.449703,59.230091,1,train
AMZN,240,2018-04-10,12:30:00,2018-04-10T12:30:00+00:00,1430.370000,1433.160000,1415.520000,1421.470000,11549,17.640000,1.170802,1414.278000,1425.661000,1411.593500,1418.655998,1.463554,63.268534,1,train
AMZN,240,2018-04-10,16:30:00,2018-04-10T16:30:00+00:00,1421.490000,1438.160000,1420.470000,1435.080000,12022,17.690000,0.957460,1419.980000,1427.969000,1411.147500,1421.642180,1.489011,61.245693,0,train
AMZN,240,2018-04-10,20:30:00,2018-04-10T20:30:00+00:00,1435.500000,1435.520000,1435.070000,1435.080000,37,0.450000,0.000000,1420.426000,1426.625000,1410.703000,1424.085420,1.224146,61.233172,1,train
AMZN,240,2018-04-11,12:30:00,2018-04-11T12:30:00+00:00,1427.000000,1448.050000,1424.980000,1442.900000,10122,23.070000,0.544917,1427.910000,1425.842000,1413.648000,1427.506253,1.238856,62.358170,0,train
AMZN,240,2018-04-11,16:30:00,2018-04-11T16:30:00+00:00,1443.000000,1444.010000,1424.740000,1426.750000,9229,19.270000,-1.119274,1432.256000,1423.765000,1416.454500,1427.368752,1.284579,54.475492,0,train
AMZN,240,2018-04-11,20:30:00,2018-04-11T20:30:00+00:00,1426.740000,1426.750000,1425.230000,1425.260000,72,1.520000,-0.104433,1433.014000,1423.646000,1419.142500,1426.985343,1.198660,53.443798,1,train
AMZN,240,2018-04-12,12:30:00,2018-04-12T12:30:00+00:00,1439.650000,1451.330000,1435.080000,1446.250000,9341,16.250000,1.472714,1435.248000,1427.614000,1422.982000,1430.488008,1.171266,49.358721,1,train
AMZN,240,2018-04-12,16:30:00,2018-04-12T16:30:00+00:00,1445.980000,1451.880000,1440.450000,1447.440000,8842,11.430000,0.082282,1437.720000,1429.073000,1425.689000,1433.570188,1.030692,49.065182,1,train
AMZN,240,2018-04-12,20:30:00,2018-04-12T20:30:00+00:00,1447.460000,1448.730000,1446.980000,1448.530000,75,1.750000,0.075305,1438.846000,1433.378000,1428.447500,1436.290154,0.752925,50.290480,0,train
AMZN,240,2018-04-13,12:30:00,2018-04-13T12:30:00+00:00,1450.010000,1459.380000,1439.520000,1442.950000,10210,19.860000,-0.385218,1442.086000,1437.171000,1430.813500,1437.501035,0.778301,55.209649,0,train
AMZN,240,2018-04-13,16:30:00,2018-04-13T16:30:00+00:00,1442.960000,1445.700000,1424.490000,1430.600000,9609,21.210000,-0.855886,1443.154000,1438.084000,1431.872500,1436.246301,0.781380,57.965922,1,train
AMZN,240,2018-04-16,12:30:00,2018-04-16T12:30:00+00:00,1442.300000,1445.840000,1427.240000,1438.890000,8937,18.600000,0.579477,1441.682000,1438.465000,1433.217000,1436.726974,0.741640,52.273412,1,train
AMZN,240,2018-04-16,16:30:00,2018-04-16T16:30:00+00:00,1438.890000,1449.150000,1435.170000,1449.000000,9445,13.980000,0.702625,1441.994000,1439.857000,1433.241000,1438.958433,0.771279,68.826787,0,train
AMZN,240,2018-04-16,20:30:00,2018-04-16T20:30:00+00:00,1449.000000,1449.810000,1446.020000,1446.050000,153,3.790000,-0.203589,1441.498000,1440.172000,1433.007000,1440.247809,0.759452,67.375286,1,train
AMZN,240,2018-04-17,12:30:00,2018-04-17T12:30:00+00:00,1458.150000,1486.640000,1455.470000,1486.000000,10771,31.170000,2.762698,1450.108000,1446.097000,1434.931000,1448.566389,1.047443,72.790846,1,train
AMZN,240,2018-04-17,16:30:00,2018-04-17T16:30:00+00:00,1486.000000,1506.880000,1484.500000,1504.700000,12848,22.380000,1.258412,1464.928000,1454.041000,1438.843500,1458.772500,1.061266,73.735170,1,train
AMZN,240,2018-04-17,20:30:00,2018-04-17T20:30:00+00:00,1504.700000,1505.860000,1504.570000,1504.860000,109,1.290000,0.010633,1478.122000,1459.902000,1443.758000,1467.152046,1.019752,73.763792,1,train
AMZN,240,2018-04-18,12:30:00,2018-04-18T12:30:00+00:00,1516.440000,1533.160000,1504.080000,1531.400000,14486,29.080000,1.763619,1494.602000,1468.298000,1448.685500,1478.833492,1.096757,76.730700,0,train
AMZN,240,2018-04-18,16:30:00,2018-04-18T16:30:00+00:00,1531.430000,1533.530000,1523.100000,1529.770000,12601,10.430000,-0.106439,1511.346000,1476.422000,1454.900000,1488.094675,1.107335,84.108065,1,train
AMZN,240,2018-04-18,20:30:00,2018-04-18T20:30:00+00:00,1528.540000,1530.690000,1528.520000,1530.090000,73,2.170000,0.020918,1520.164000,1485.136000,1461.153500,1495.730189,1.076124,84.978312,1,train
AMZN,240,2018-04-19,12:30:00,2018-04-19T12:30:00+00:00,1557.490000,1568.260000,1539.050000,1553.480000,15626,29.210000,1.528668,1529.920000,1497.424000,1467.754000,1506.230154,0.979160,85.215107,1,train
AMZN,240,2018-04-19,16:30:00,2018-04-19T16:30:00+00:00,1553.190000,1561.680000,1547.780000,1558.550000,11676,13.900000,0.326364,1540.658000,1509.390000,1473.927500,1515.742854,0.989621,85.582527,0,train
AMZN,240,2018-04-19,20:30:00,2018-04-19T20:30:00+00:00,1558.550000,1559.750000,1557.980000,1557.990000,81,1.770000,-0.035931,1545.976000,1520.289000,1480.073000,1523.424153,1.025147,85.173522,0,train
AMZN,240,2018-04-20,12:30:00,2018-04-20T12:30:00+00:00,1558.000000,1561.570000,1532.310000,1534.200000,14185,29.260000,-1.526967,1546.862000,1529.104000,1484.638000,1525.383398,1.225299,76.249928,0,train
AMZN,240,2018-04-20,16:30:00,2018-04-20T16:30:00+00:00,1534.430000,1540.000000,1516.280000,1527.190000,16708,23.720000,-0.456916,1546.282000,1533.223000,1489.660000,1525.711871,0.995362,78.666825,1,train
AMZN,240,2018-04-23,12:30:00,2018-04-23T12:30:00+00:00,1543.000000,1547.800000,1523.020000,1531.680000,11343,24.780000,0.294004,1541.922000,1535.921000,1494.981000,1526.796985,0.934714,78.174531,0,train
AMZN,240,2018-04-23,16:30:00,2018-04-23T16:30:00+00:00,1531.680000,1532.620000,1503.530000,1517.000000,12143,29.090000,-0.958425,1533.612000,1537.135000,1498.518500,1525.015715,1.002226,70.089813,1,train
AMZN,240,2018-04-23,20:30:00,2018-04-23T20:30:00+00:00,1517.830000,1520.970000,1516.970000,1518.980000,231,4.000000,0.130521,1525.810000,1535.893000,1502.095500,1523.918313,0.813590,71.670530,0,train
AMZN,240,2018-04-24,12:30:00,2018-04-24T12:30:00+00:00,1532.330000,1537.400000,1455.070000,1456.990000,15132,82.330000,-4.081028,1510.368000,1528.615000,1502.518500,1511.749528,1.505461,42.378225,1,train
AMZN,240,2018-04-24,16:30:00,2018-04-24T16:30:00+00:00,1456.980000,1468.970000,1448.220000,1457.970000,16686,20.750000,0.067262,1496.524000,1521.403000,1503.269500,1501.971432,1.507230,36.462136,1,train
AMZN,240,2018-04-24,20:30:00,2018-04-24T20:30:00+00:00,1458.500000,1461.250000,1457.970000,1460.000000,109,3.280000,0.139235,1482.188000,1512.055000,1504.739500,1494.340263,1.359153,37.143185,0,train
AMZN,240,2018-04-25,12:30:00,2018-04-25T12:30:00+00:00,1458.980000,1468.980000,1414.990000,1457.060000,16564,53.990000,-0.201370,1470.200000,1501.906000,1505.648000,1487.562033,1.328651,25.361262,1,train
AMZN,240,2018-04-25,16:30:00,2018-04-25T16:30:00+00:00,1456.990000,1472.800000,1445.010000,1470.120000,11811,27.790000,0.896325,1460.428000,1493.119000,1506.704000,1484.390754,1.407879,31.622404,1,train
AMZN,240,2018-04-25,20:30:00,2018-04-25T20:30:00+00:00,1470.100000,1474.500000,1469.970000,1474.500000,367,4.530000,0.297935,1463.930000,1487.149000,1508.126500,1482.592435,1.388150,33.291253,1,train
AMZN,240,2018-04-26,12:30:00,2018-04-26T12:30:00+00:00,1489.250000,1504.910000,1478.470000,1502.450000,15955,26.440000,1.895558,1472.826000,1484.675000,1508.949000,1486.202902,1.563315,35.071090,1,train
AMZN,240,2018-04-26,16:30:00,2018-04-26T16:30:00+00:00,1502.890000,1640.800000,1500.980000,1612.050000,20191,139.820000,7.294752,1503.236000,1492.712000,1514.316500,1509.084192,2.835287,59.711734,0,train
AMZN,240,2018-04-26,20:30:00,2018-04-26T20:30:00+00:00,1612.050000,1619.010000,1605.970000,1609.980000,1586,13.040000,-0.128408,1533.820000,1502.010000,1519.572500,1527.428885,2.798192,59.386171,0,train
AMZN,240,2018-04-27,12:30:00,2018-04-27T12:30:00+00:00,1639.050000,1664.080000,1571.360000,1588.580000,21276,92.720000,-1.329209,1557.512000,1508.970000,1522.431500,1538.547269,2.864495,59.903118,0,train
AMZN,240,2018-04-27,16:30:00,2018-04-27T16:30:00+00:00,1588.550000,1591.500000,1567.310000,1571.350000,14158,24.190000,-1.084616,1576.882000,1520.406000,1524.510500,1544.511402,2.462261,57.753353,0,train
AMZN,240,2018-04-30,12:30:00,2018-04-30T12:30:00+00:00,1585.350000,1595.830000,1560.940000,1568.090000,16100,34.890000,-0.207465,1590.010000,1531.418000,1526.410500,1548.798420,2.472667,56.420384,0,train
AMZN,240,2018-04-30,16:30:00,2018-04-30T16:30:00+00:00,1568.070000,1576.560000,1564.570000,1567.500000,12966,11.990000,-0.037625,1581.100000,1542.168000,1527.111500,1552.198707,2.478205,59.370593,1,train
AMZN,240,2018-04-30,20:30:00,2018-04-30T20:30:00+00:00,1567.500000,1569.050000,1567.080000,1568.000000,120,1.970000,0.031898,1572.704000,1553.262000,1527.584000,1555.071670,2.469446,59.146205,0,train
AMZN,240,2018-05-01,12:30:00,2018-05-01T12:30:00+00:00,1569.970000,1576.000000,1552.150000,1565.330000,11939,23.850000,-0.170281,1568.054000,1562.783000,1527.951000,1556.936821,2.486022,75.960893,1,train
AMZN,240,2018-05-01,16:30:00,2018-05-01T16:30:00+00:00,1565.030000,1585.970000,1561.220000,1580.970000,11131,24.750000,0.999150,1569.978000,1573.430000,1530.289500,1561.306490,2.484682,77.538958,1,train
AMZN,240,2018-05-01,20:30:00,2018-05-01T20:30:00+00:00,1582.620000,1590.460000,1580.970000,1584.990000,376,9.490000,0.254274,1573.358000,1581.684000,1533.179500,1565.612582,2.452873,77.737340,0,train
AMZN,240,2018-05-02,12:30:00,2018-05-02T12:30:00+00:00,1582.490000,1588.180000,1571.060000,1573.730000,12654,17.120000,-0.710415,1574.604000,1577.852000,1535.282000,1567.088476,0.669500,74.968968,0,train
AMZN,240,2018-05-02,16:30:00,2018-05-02T16:30:00+00:00,1573.750000,1583.510000,1566.500000,1569.000000,12348,17.010000,-0.300560,1574.804000,1573.754000,1537.882000,1567.436026,0.668574,71.944075,0,train
AMZN,240,2018-05-02,20:30:00,2018-05-02T20:30:00+00:00,1569.000000,1569.850000,1567.520000,1567.520000,92,2.330000,-0.094328,1575.242000,1571.648000,1540.309000,1567.451294,0.552118,70.912770,0,train
AMZN,240,2018-05-03,12:30:00,2018-05-03T12:30:00+00:00,1562.980000,1571.500000,1545.980000,1549.030000,14939,25.520000,-1.179570,1568.854000,1569.416000,1544.911000,1564.101968,0.570822,60.937353,1,train
AMZN,240,2018-05-03,16:30:00,2018-05-03T16:30:00+00:00,1549.050000,1574.410000,1548.860000,1573.000000,12729,25.550000,1.547420,1566.456000,1569.907000,1550.662500,1565.719792,0.779790,34.663420,0,train
AMZN,240,2018-05-03,20:30:00,2018-05-03T20:30:00+00:00,1572.970000,1573.440000,1572.250000,1572.650000,77,1.190000,-0.022250,1566.240000,1570.422000,1556.295000,1566.979830,0.779648,35.138148,1,train
AMZN,240,2018-05-04,12:30:00,2018-05-04T12:30:00+00:00,1567.050000,1582.380000,1561.980000,1582.010000,11766,20.400000,0.595174,1568.842000,1571.823000,1562.542500,1569.712588,0.799452,47.107001,0,train
AMZN,240,2018-05-04,16:30:00,2018-05-04T16:30:00+00:00,1582.030000,1584.750000,1577.800000,1580.760000,12737,6.950000,-0.079013,1571.490000,1573.366000,1568.074500,1571.721208,0.796643,54.822179,1,train
AMZN,240,2018-05-07,12:30:00,2018-05-07T12:30:00+00:00,1588.000000,1605.580000,1586.970000,1602.410000,11799,18.610000,1.369594,1582.166000,1575.510000,1574.470000,1577.300989,0.849882,64.798206,0,train
AMZN,240,2018-05-07,16:30:00,2018-05-07T16:30:00+00:00,1602.380000,1603.630000,1589.980000,1599.100000,9489,13.650000,-0.206564,1587.386000,1576.921000,1579.302500,1581.264445,0.855356,63.313111,0,train
AMZN,240,2018-05-07,20:30:00,2018-05-07T20:30:00+00:00,1599.100000,1599.100000,1598.620000,1599.010000,32,0.480000,-0.005628,1592.658000,1579.449000,1578.650500,1584.490910,0.809716,63.109833,0,train
AMZN,240,2018-05-08,12:30:00,2018-05-08T12:30:00+00:00,1595.970000,1598.120000,1585.150000,1589.550000,9749,12.970000,-0.591616,1594.166000,1581.504000,1577.629000,1585.410744,0.833101,59.683352,1,train
AMZN,240,2018-05-08,16:30:00,2018-05-08T16:30:00+00:00,1589.550000,1593.000000,1582.420000,1593.000000,9455,10.580000,0.217043,1596.614000,1584.052000,1577.850000,1586.790609,0.829458,55.329140,0,train
AMZN,240,2018-05-08,20:30:00,2018-05-08T20:30:00+00:00,1591.990000,1593.000000,1591.970000,1592.470000,34,1.030000,-0.033271,1594.626000,1588.396000,1578.906000,1587.823226,0.690675,53.419272,1,train
AMZN,240,2018-05-09,12:30:00,2018-05-09T12:30:00+00:00,1602.170000,1605.900000,1591.970000,1602.000000,10474,13.930000,0.598441,1595.206000,1591.296000,1580.601500,1590.400821,0.547373,63.130516,1,train
AMZN,240,2018-05-09,16:30:00,2018-05-09T16:30:00+00:00,1602.000000,1607.990000,1601.140000,1607.190000,10901,6.850000,0.323970,1596.842000,1594.750000,1582.586000,1593.453399,0.543802,67.662566,1,train
AMZN,240,2018-05-09,20:30:00,2018-05-09T20:30:00+00:00,1607.210000,1607.800000,1607.210000,1607.330000,24,0.590000,0.008711,1600.398000,1597.282000,1584.552500,1595.976417,0.530156,68.642877,0,train
AMZN,240,2018-05-10,12:30:00,2018-05-10T12:30:00+00:00,1607.900000,1614.610000,1603.360000,1606.270000,10290,11.250000,-0.065948,1603.052000,1599.833000,1586.599500,1597.847978,0.529517,82.034923,1,train
AMZN,240,2018-05-10,16:30:00,2018-05-10T16:30:00+00:00,1606.270000,1609.990000,1605.030000,1608.830000,9073,4.960000,0.159375,1606.324000,1600.475000,1587.992500,1599.844709,0.319283,76.372737,0,train
AMZN,240,2018-05-10,20:30:00,2018-05-10T20:30:00+00:00,1608.830000,1608.830000,1607.100000,1607.110000,23,1.730000,-0.106910,1607.346000,1601.276000,1589.098500,1601.165671,0.312193,74.862915,0,train
AMZN,240,2018-05-11,12:30:00,2018-05-11T12:30:00+00:00,1609.730000,1611.000000,1601.180000,1601.840000,8244,9.820000,-0.327918,1606.276000,1601.559000,1590.504000,1601.288276,0.334463,65.204723,1,train
AMZN,240,2018-05-11,16:30:00,2018-05-11T16:30:00+00:00,1601.820000,1604.920000,1597.690000,1602.770000,8435,7.230000,0.058058,1605.364000,1602.881000,1592.192500,1601.557681,0.256972,66.959470,1,train
AMZN,240,2018-05-14,12:30:00,2018-05-14T12:30:00+00:00,1605.090000,1610.700000,1602.880000,1607.100000,8515,7.820000,0.270157,1605.530000,1604.291000,1594.171500,1602.565375,0.260571,54.929577,0,train
AMZN,240,2018-05-14,16:30:00,2018-05-14T16:30:00+00:00,1607.090000,1607.520000,1600.020000,1601.000000,8112,7.500000,-0.379566,1603.964000,1605.144000,1596.770000,1602.280761,0.298760,51.886418,0,train
AMZN,240,2018-05-14,20:30:00,2018-05-14T20:30:00+00:00,1600.580000,1600.980000,1600.470000,1600.500000,14,0.510000,-0.031230,1602.642000,1604.994000,1598.145000,1601.956987,0.229567,51.467402,0,train
AMZN,240,2018-05-15,12:30:00,2018-05-15T12:30:00+00:00,1595.970000,1595.970000,1565.200000,1569.520000,15242,30.770000,-1.935645,1596.178000,1601.227000,1597.988500,1596.059353,0.629305,36.146078,1,train
AMZN,240,2018-05-15,16:30:00,2018-05-15T16:30:00+00:00,1569.710000,1578.860000,1567.400000,1575.980000,10412,11.460000,0.411591,1590.820000,1598.092000,1597.687000,1592.408561,0.658850,38.698539,1,train
AMZN,240,2018-05-15,20:30:00,2018-05-15T20:30:00+00:00,1577.250000,1577.790000,1575.980000,1577.470000,39,1.810000,0.094544,1584.894000,1595.212000,1597.522500,1589.692459,0.664271,40.165224,1,train
AMZN,240,2018-05-16,12:30:00,2018-05-16T12:30:00+00:00,1577.000000,1592.220000,1572.000000,1591.780000,10233,20.220000,0.907149,1583.050000,1593.507000,1596.991000,1590.072012,0.743881,43.694472,0,train
AMZN,240,2018-05-16,16:30:00,2018-05-16T16:30:00+00:00,1591.780000,1594.150000,1582.440000,1586.000000,9796,11.710000,-0.363116,1580.150000,1591.396000,1596.336000,1589.331646,0.748392,37.020703,1,train
AMZN,240,2018-05-16,20:30:00,2018-05-16T20:30:00+00:00,1586.000000,1587.370000,1585.980000,1586.020000,22,1.390000,0.001261,1583.450000,1589.814000,1595.686500,1588.729529,0.745935,36.927984,1,train
AMZN,240,2018-05-17,12:30:00,2018-05-17T12:30:00+00:00,1583.770000,1593.960000,1579.810000,1589.290000,9247,14.150000,0.206176,1586.112000,1588.466000,1595.673500,1588.831433,0.750804,39.859054,0,train
AMZN,240,2018-05-17,16:30:00,2018-05-17T16:30:00+00:00,1589.290000,1589.460000,1572.970000,1580.330000,8876,16.490000,-0.563774,1586.684000,1585.789000,1595.040000,1587.285718,0.753667,34.187750,1,train
AMZN,240,2018-05-17,20:30:00,2018-05-17T20:30:00+00:00,1580.360000,1581.450000,1580.260000,1580.630000,27,1.190000,0.018983,1584.454000,1583.752000,1594.448000,1586.075587,0.751610,35.073281,0,train
AMZN,240,2018-05-18,12:30:00,2018-05-18T12:30:00+00:00,1582.190000,1583.550000,1572.470000,1576.470000,10842,11.080000,-0.263186,1582.548000,1581.349000,1593.171500,1584.329117,0.751960,35.517753,0,train
AMZN,240,2018-05-18,16:30:00,2018-05-18T16:30:00+00:00,1576.450000,1580.170000,1571.990000,1574.200000,10110,8.180000,-0.143993,1580.184000,1581.817000,1591.522000,1582.487459,0.418262,33.936804,1,train
AMZN,240,2018-05-21,12:30:00,2018-05-21T12:30:00+00:00,1587.240000,1591.820000,1575.090000,1581.490000,13599,16.730000,0.463092,1578.624000,1582.368000,1590.230000,1582.306103,0.423756,36.064860,1,train
AMZN,240,2018-05-21,16:30:00,2018-05-21T16:30:00+00:00,1581.470000,1585.660000,1576.500000,1584.000000,9165,9.160000,0.158711,1579.358000,1583.021000,1589.116500,1582.614084,0.425229,40.373726,0,train
AMZN,240,2018-05-21,20:30:00,2018-05-21T20:30:00+00:00,1584.000000,1584.000000,1583.970000,1584.000000,8,0.030000,0.000000,1580.032000,1582.243000,1587.875000,1582.866069,0.297882,40.603645,0,train
AMZN,240,2018-05-22,12:30:00,2018-05-22T12:30:00+00:00,1589.000000,1589.800000,1575.070000,1580.620000,8336,14.730000,-0.213384,1580.862000,1581.705000,1586.550500,1582.457693,0.283743,59.219269,1,train
AMZN,240,2018-05-22,16:30:00,2018-05-22T16:30:00+00:00,1580.650000,1585.910000,1578.470000,1581.100000,7743,7.440000,0.030368,1582.242000,1581.213000,1585.513500,1582.210840,0.284289,54.721505,0,train
AMZN,240,2018-05-22,20:30:00,2018-05-22T20:30:00+00:00,1581.260000,1582.100000,1580.740000,1580.750000,19,1.360000,-0.022136,1582.094000,1580.359000,1584.412500,1581.945232,0.272057,53.089676,0,train
AMZN,240,2018-05-23,12:30:00,2018-05-23T12:30:00+00:00,1570.090000,1584.020000,1566.300000,1580.290000,10839,17.720000,-0.029100,1581.352000,1580.355000,1583.072000,1581.644281,0.204884,35.355595,1,train
AMZN,240,2018-05-23,16:30:00,2018-05-23T16:30:00+00:00,1580.500000,1601.990000,1580.470000,1601.170000,11149,21.520000,1.321276,1584.786000,1582.409000,1583.080500,1585.194412,0.465925,63.960979,0,train
AMZN,240,2018-05-23,20:30:00,2018-05-23T20:30:00+00:00,1601.180000,1601.570000,1599.970000,1600.500000,76,1.600000,-0.041844,1588.762000,1584.812000,1583.080500,1587.977246,0.450153,63.168425,1,train
AMZN,240,2018-05-24,12:30:00,2018-05-24T12:30:00+00:00,1598.100000,1604.440000,1588.290000,1603.420000,10222,16.150000,0.182443,1593.226000,1587.734000,1584.775500,1590.785019,0.437950,62.932455,0,train
AMZN,240,2018-05-24,16:30:00,2018-05-24T16:30:00+00:00,1603.440000,1608.110000,1598.320000,1602.960000,10391,9.790000,-0.028689,1597.668000,1589.881000,1586.124500,1592.998652,0.430799,74.528506,0,train
AMZN,240,2018-05-24,20:30:00,2018-05-24T20:30:00+00:00,1602.750000,1603.000000,1602.720000,1602.730000,9,0.280000,-0.014348,1602.156000,1591.754000,1587.387500,1594.767988,0.433244,73.990447,1,train
AMZN,240,2018-05-25,12:30:00,2018-05-25T12:30:00+00:00,1601.890000,1613.880000,1599.910000,1610.990000,13770,13.970000,0.515371,1604.120000,1594.453000,1588.348000,1597.717445,0.447989,84.409888,0,train
AMZN,240,2018-05-25,16:30:00,2018-05-25T16:30:00+00:00,1610.890000,1612.740000,1607.320000,1609.390000,9849,5.420000,-0.099318,1605.898000,1597.330000,1589.517500,1599.839728,0.438495,85.552637,1,train
AMZN,240,2018-05-29,12:30:00,2018-05-29T12:30:00+00:00,1605.100000,1621.470000,1600.010000,1612.000000,13157,21.460000,0.162173,1607.614000,1600.420000,1590.816500,1602.050686,0.435421,84.043740,1,train
AMZN,240,2018-05-29,16:30:00,2018-05-29T16:30:00+00:00,1612.000000,1616.240000,1603.020000,1613.250000,9824,13.220000,0.077543,1609.672000,1603.670000,1592.014500,1604.086925,0.431027,83.582090,0,train
AMZN,240,2018-05-29,20:30:00,2018-05-29T20:30:00+00:00,1613.240000,1613.980000,1613.020000,1613.020000,24,0.960000,-0.014257,1611.730000,1606.943000,1593.649000,1605.711121,0.430158,83.142988,1,train
AMZN,240,2018-05-30,12:30:00,2018-05-30T12:30:00+00:00,1620.500000,1625.250000,1610.830000,1624.250000,9635,14.420000,0.696210,1614.382000,1609.251000,1595.830000,1609.081826,0.263050,92.252566,1,train
AMZN,240,2018-05-30,16:30:00,2018-05-30T16:30:00+00:00,1624.270000,1625.980000,1619.560000,1624.290000,8875,6.420000,0.002463,1617.362000,1611.630000,1598.221000,1611.846948,0.259935,92.185974,0,train
AMZN,240,2018-05-30,20:30:00,2018-05-30T20:30:00+00:00,1623.570000,1625.100000,1623.570000,1623.580000,16,1.530000,-0.043711,1619.678000,1613.646000,1600.690000,1613.980231,0.266360,91.542192,1,train
AMZN,240,2018-05-31,12:30:00,2018-05-31T12:30:00+00:00,1624.190000,1634.960000,1621.270000,1629.660000,12663,13.690000,0.374481,1622.960000,1616.316000,1603.098500,1616.831098,0.270928,93.178240,1,train
AMZN,240,2018-05-31,16:30:00,2018-05-31T16:30:00+00:00,1629.670000,1632.680000,1625.690000,1630.000000,10446,6.990000,0.020863,1626.356000,1619.043000,1605.398500,1619.225444,0.268547,89.352989,1,train
AMZN,240,2018-05-31,20:30:00,2018-05-31T20:30:00+00:00,1629.970000,1630.700000,1628.500000,1630.700000,45,2.200000,0.042945,1627.646000,1621.014000,1607.733500,1621.311727,0.241023,91.189307,1,train
AMZN,240,2018-06-01,12:30:00,2018-06-01T12:30:00+00:00,1635.300000,1646.500000,1634.970000,1645.220000,12703,11.530000,0.890415,1631.832000,1624.597000,1610.963500,1625.658685,0.327698,93.307087,0,train
AMZN,240,2018-06-01,16:30:00,2018-06-01T16:30:00+00:00,1645.230000,1645.830000,1638.970000,1641.700000,13410,6.860000,-0.213953,1635.456000,1627.567000,1613.993500,1628.575288,0.355588,87.743570,1,train
AMZN,240,2018-06-04,12:30:00,2018-06-04T12:30:00+00:00,1647.470000,1654.360000,1645.470000,1653.470000,11725,8.890000,0.716940,1640.218000,1631.589000,1617.629500,1633.101599,0.390255,90.359529,1,train
AMZN,240,2018-06-04,16:30:00,2018-06-04T16:30:00+00:00,1653.490000,1665.950000,1652.840000,1664.990000,14703,13.110000,0.696717,1647.216000,1636.786000,1621.864500,1638.899490,0.401911,90.834846,1,train
AMZN,240,2018-06-04,20:30:00,2018-06-04T20:30:00+00:00,1665.000000,1665.840000,1664.970000,1665.560000,34,0.870000,0.034234,1654.188000,1640.917000,1625.084000,1643.746856,0.386996,93.147949,1,train
AMZN,240,2018-06-05,12:30:00,2018-06-05T12:30:00+00:00,1672.490000,1686.910000,1670.170000,1682.430000,14003,16.740000,1.012873,1661.630000,1646.731000,1629.180500,1650.780155,0.442490,94.379332,1,train
AMZN,240,2018-06-05,16:30:00,2018-06-05T16:30:00+00:00,1682.460000,1698.860000,1681.090000,1695.790000,16318,17.770000,0.794090,1672.448000,1653.952000,1633.799000,1658.963763,0.438288,95.123551,0,train
AMZN,240,2018-06-05,20:30:00,2018-06-05T20:30:00+00:00,1695.770000,1696.600000,1693.220000,1694.130000,85,3.380000,-0.097889,1680.580000,1660.399000,1638.357500,1665.357624,0.470072,93.659167,1,train
AMZN,240,2018-06-06,12:30:00,2018-06-06T12:30:00+00:00,1705.280000,1714.180000,1686.050000,1700.370000,16034,28.130000,0.368331,1687.656000,1667.436000,1643.239500,1671.723511,0.452283,93.299204,0,train
AMZN,240,2018-06-06,16:30:00,2018-06-06T16:30:00+00:00,1700.210000,1701.140000,1689.090000,1695.010000,12418,12.050000,-0.315226,1693.546000,1673.867000,1647.440500,1675.957418,0.497750,87.931774,1,train
AMZN,240,2018-06-06,20:30:00,2018-06-06T20:30:00+00:00,1695.230000,1696.750000,1694.980000,1695.490000,44,1.770000,0.028318,1696.158000,1678.894000,1651.745500,1679.508796,0.475342,88.665448,0,train
AMZN,240,2018-06-07,12:30:00,2018-06-07T12:30:00+00:00,1697.090000,1699.790000,1675.970000,1692.000000,13638,23.820000,-0.205840,1695.400000,1683.924000,1655.745500,1681.779924,0.474369,84.480088,0,train
AMZN,240,2018-06-07,16:30:00,2018-06-07T16:30:00+00:00,1691.990000,1692.370000,1679.180000,1687.970000,10690,13.190000,-0.238180,1694.168000,1687.374000,1659.481500,1682.905393,0.477961,80.805612,1,train
AMZN,240,2018-06-07,20:30:00,2018-06-07T20:30:00+00:00,1687.980000,1688.500000,1687.970000,1688.280000,24,0.530000,0.018365,1691.750000,1689.703000,1663.244500,1683.882594,0.448054,80.725720,0,train
AMZN,240,2018-06-08,12:30:00,2018-06-08T12:30:00+00:00,1679.500000,1688.860000,1673.010000,1687.000000,11951,15.850000,-0.075817,1690.148000,1691.847000,1666.382000,1684.449395,0.452270,75.963212,0,test
AMZN,240,2018-06-08,16:30:00,2018-06-08T16:30:00+00:00,1687.170000,1689.290000,1681.770000,1682.310000,9847,7.520000,-0.278008,1687.512000,1691.835000,1669.283000,1684.060414,0.342940,74.874433,1,test
AMZN,240,2018-06-11,12:30:00,2018-06-11T12:30:00+00:00,1679.570000,1694.200000,1677.970000,1692.750000,9367,16.230000,0.620575,1687.662000,1691.531000,1672.741500,1685.640339,0.299987,74.458281,0,test
AMZN,240,2018-06-11,16:30:00,2018-06-11T16:30:00+00:00,1692.730000,1693.830000,1686.970000,1688.320000,6961,6.860000,-0.261704,1687.732000,1690.950000,1675.674500,1686.127550,0.309194,65.933616,1,test
AMZN,240,2018-06-11,20:30:00,2018-06-11T20:30:00+00:00,1688.340000,1689.250000,1687.000000,1689.250000,16,2.250000,0.055084,1687.926000,1689.838000,1678.637000,1686.695268,0.278231,66.100313,1,test
AMZN,240,2018-06-12,12:30:00,2018-06-12T12:30:00+00:00,1692.090000,1699.410000,1690.970000,1696.510000,8386,8.440000,0.429777,1689.828000,1689.988000,1681.927500,1688.479765,0.302538,61.006879,1,test
AMZN,240,2018-06-12,16:30:00,2018-06-12T16:30:00+00:00,1696.510000,1698.967000,1691.500000,1697.050000,8434,7.467000,0.031830,1692.776000,1690.144000,1684.519000,1690.037989,0.302565,51.231912,1,test
AMZN,240,2018-06-12,20:30:00,2018-06-12T20:30:00+00:00,1697.280000,1698.620000,1697.020000,1698.000000,24,1.600000,0.055979,1693.826000,1690.744000,1687.334000,1691.485628,0.293028,53.837002,1,test
AMZN,240,2018-06-13,12:30:00,2018-06-13T12:30:00+00:00,1703.520000,1713.740000,1700.980000,1712.080000,9423,12.760000,0.829211,1698.578000,1693.155000,1690.264500,1695.230059,0.367168,60.048052,0,test
AMZN,240,2018-06-13,16:30:00,2018-06-13T16:30:00+00:00,1711.950000,1712.753000,1700.030000,1703.100000,10321,12.723000,-0.524508,1701.348000,1694.637000,1692.170000,1696.660957,0.423394,56.535789,1,test
AMZN,240,2018-06-13,20:30:00,2018-06-13T20:30:00+00:00,1703.100000,1703.500000,1702.070000,1703.490000,29,1.430000,0.022899,1702.744000,1696.286000,1694.066500,1697.902602,0.420283,56.472492,1,test
AMZN,240,2018-06-14,12:30:00,2018-06-14T12:30:00+00:00,1710.000000,1719.630000,1708.490000,1717.180000,10335,11.140000,0.803644,1706.770000,1699.773000,1695.804000,1701.407583,0.450808,67.486111,1,test
AMZN,240,2018-06-14,16:30:00,2018-06-14T16:30:00+00:00,1717.190000,1724.950000,1716.220000,1723.500000,9805,8.730000,0.368045,1711.870000,1702.848000,1697.189500,1705.424386,0.431689,73.913043,1,test
AMZN,240,2018-06-14,20:30:00,2018-06-14T20:30:00+00:00,1723.480000,1724.430000,1723.470000,1723.970000,24,0.960000,0.027270,1714.248000,1706.413000,1698.681500,1708.796316,0.407769,73.969107,0,test
AMZN,240,2018-06-15,12:30:00,2018-06-15T12:30:00+00:00,1719.040000,1720.210000,1708.180000,1717.670000,10813,12.030000,-0.365436,1717.162000,1709.255000,1699.546500,1710.409713,0.445454,69.296590,0,test
AMZN,240,2018-06-15,16:30:00,2018-06-15T16:30:00+00:00,1717.660000,1719.050000,1712.530000,1715.930000,9308,6.520000,-0.101300,1719.650000,1711.197000,1700.592500,1711.413402,0.442407,71.968113,1,test
AMZN,240,2018-06-18,12:30:00,2018-06-18T12:30:00+00:00,1703.860000,1726.395000,1702.930000,1721.500000,9497,23.465000,0.324605,1720.514000,1713.642000,1701.893000,1713.247329,0.445982,70.062805,1,test
AMZN,240,2018-06-18,16:30:00,2018-06-18T16:30:00+00:00,1721.410000,1726.000000,1718.200000,1723.190000,6517,7.800000,0.098170,1720.452000,1716.161000,1703.452500,1715.055087,0.445255,75.301117,0,test
AMZN,240,2018-06-18,20:30:00,2018-06-18T20:30:00+00:00,1723.180000,1724.920000,1723.170000,1723.170000,29,1.750000,-0.001161,1720.292000,1717.270000,1705.212500,1716.530526,0.376231,74.941176,0,test
AMZN,240,2018-06-19,12:30:00,2018-06-19T12:30:00+00:00,1705.500000,1717.575000,1700.280000,1714.420000,12774,17.295000,-0.507785,1719.642000,1718.402000,1706.519500,1716.146794,0.373345,62.886746,1,test
AMZN,240,2018-06-19,16:30:00,2018-06-19T16:30:00+00:00,1714.420000,1736.000000,1711.630000,1733.700000,11164,24.370000,1.124579,1723.196000,1721.423000,1708.854500,1719.338286,0.499985,70.769580,1,test
AMZN,240,2018-06-19,20:30:00,2018-06-19T20:30:00+00:00,1733.670000,1734.180000,1733.330000,1734.000000,32,0.850000,0.017304,1725.696000,1723.105000,1711.439000,1722.004052,0.449809,70.552638,1,test
AMZN,240,2018-06-20,12:30:00,2018-06-20T12:30:00+00:00,1743.470000,1760.250000,1740.970000,1760.250000,12812,19.280000,1.513841,1733.108000,1726.780000,1714.814000,1728.957861,0.634242,74.145363,0,test
AMZN,240,2018-06-20,16:30:00,2018-06-20T16:30:00+00:00,1759.550000,1762.930000,1747.090000,1750.270000,12601,15.840000,-0.566965,1738.528000,1729.410000,1717.911500,1732.832795,0.679780,73.409429,0,test
AMZN,240,2018-06-20,20:30:00,2018-06-20T20:30:00+00:00,1750.580000,1750.580000,1749.560000,1749.560000,5,1.020000,-0.040565,1745.556000,1732.599000,1720.927000,1735.874105,0.659686,72.791135,0,test
AMZN,240,2018-06-21,12:30:00,2018-06-21T12:30:00+00:00,1755.470000,1762.460000,1717.420000,1734.500000,14129,45.040000,-0.860788,1745.716000,1734.456000,1722.826500,1735.624268,0.735778,58.453729,0,test
AMZN,240,2018-06-21,16:30:00,2018-06-21T16:30:00+00:00,1734.470000,1739.320000,1726.770000,1728.970000,10762,12.550000,-0.318824,1744.710000,1735.203000,1724.422500,1734.414401,0.743035,52.690605,0,test
AMZN,240,2018-06-21,20:30:00,2018-06-21T20:30:00+00:00,1728.970000,1729.330000,1727.990000,1728.250000,33,1.340000,-0.041643,1738.310000,1735.709000,1725.935000,1733.293601,0.743256,52.100098,1,test
AMZN,240,2018-06-22,12:30:00,2018-06-22T12:30:00+00:00,1738.880000,1744.000000,1719.390000,1730.200000,11267,24.610000,0.112831,1734.296000,1736.412000,1726.841000,1732.731128,0.743568,56.422348,0,test
AMZN,240,2018-06-22,16:30:00,2018-06-22T16:30:00+00:00,1730.230000,1731.090000,1711.990000,1715.060000,10335,19.100000,-0.875043,1727.396000,1736.476000,1727.439000,1729.518196,0.781888,49.607932,0,test
AMZN,240,2018-06-25,12:30:00,2018-06-25T12:30:00+00:00,1704.500000,1705.730000,1651.150000,1662.720000,17250,54.580000,-3.051788,1713.040000,1729.378000,1725.400500,1717.373069,1.147980,31.365711,1,test
AMZN,240,2018-06-25,16:30:00,2018-06-25T16:30:00+00:00,1662.720000,1665.915000,1646.170000,1663.190000,14765,19.745000,0.028267,1699.884000,1722.297000,1722.701000,1707.521602,1.148440,30.830671,0,test
AMZN,240,2018-06-25,20:30:00,2018-06-25T20:30:00+00:00,1663.200000,1665.020000,1661.970000,1661.980000,68,3.050000,-0.072752,1686.630000,1712.470000,1719.625000,1699.241311,0.944626,30.598009,1,test
AMZN,240,2018-06-26,12:30:00,2018-06-26T12:30:00+00:00,1672.500000,1689.780000,1663.270000,1687.710000,12858,26.510000,1.548153,1678.132000,1706.214000,1717.812000,1697.144709,1.157808,42.354154,1,test
AMZN,240,2018-06-26,16:30:00,2018-06-26T16:30:00+00:00,1687.850000,1701.450000,1686.980000,1691.500000,11501,14.470000,0.224565,1673.420000,1700.408000,1716.503500,1696.118398,1.168848,36.744566,0,test
AMZN,240,2018-06-26,20:30:00,2018-06-26T20:30:00+00:00,1691.910000,1691.910000,1689.980000,1690.000000,39,1.930000,-0.088679,1678.876000,1695.958000,1715.207000,1695.005962,1.155365,36.282579,1,test
AMZN,240,2018-06-27,12:30:00,2018-06-27T12:30:00+00:00,1696.990000,1711.930000,1689.980000,1693.650000,13356,21.950000,0.215976,1684.968000,1692.426000,1713.814500,1694.759424,1.164347,25.831035,0,test
AMZN,240,2018-06-27,16:30:00,2018-06-27T16:30:00+00:00,1693.650000,1694.256000,1657.970000,1660.590000,14861,36.286000,-1.951997,1684.690000,1685.660000,1710.684500,1688.546801,1.285853,22.124829,1,test
AMZN,240,2018-06-27,20:30:00,2018-06-27T20:30:00+00:00,1660.600000,1661.500000,1659.270000,1660.990000,69,2.230000,0.024088,1679.346000,1678.739000,1707.575500,1683.536474,1.282291,22.416693,1,test
AMZN,240,2018-06-28,12:30:00,2018-06-28T12:30:00+00:00,1657.290000,1698.480000,1656.560000,1688.980000,15007,41.920000,1.685140,1678.842000,1676.131000,1706.303500,1684.526206,1.424574,36.880332,1,test
AMZN,240,2018-06-28,16:30:00,2018-06-28T16:30:00+00:00,1688.970000,1705.360000,1686.080000,1701.460000,13668,19.280000,0.738908,1681.134000,1680.005000,1704.691500,1687.605077,1.008372,42.376545,0,test
AMZN,240,2018-06-28,20:30:00,2018-06-28T20:30:00+00:00,1701.460000,1702.050000,1700.300000,1700.300000,36,1.750000,-0.068177,1682.464000,1683.716000,1703.006500,1689.913245,1.011029,42.273456,1,test
AMZN,240,2018-06-29,12:30:00,2018-06-29T12:30:00+00:00,1715.000000,1723.220000,1700.970000,1701.420000,14784,22.250000,0.065871,1690.630000,1687.660000,1700.065000,1692.005382,1.007428,42.007332,0,test
AMZN,240,2018-06-29,16:30:00,2018-06-29T16:30:00+00:00,1701.430000,1711.260000,1694.200000,1698.760000,12825,17.060000,-0.156340,1698.184000,1688.765000,1697.489500,1693.233495,0.899840,45.136071,0,test
AMZN,240,2018-07-02,12:30:00,2018-07-02T12:30:00+00:00,1685.220000,1702.870000,1677.010000,1693.000000,10341,25.860000,-0.339071,1698.988000,1688.915000,1694.661500,1693.191041,0.906635,62.514465,1,test
AMZN,240,2018-07-02,16:30:00,2018-07-02T16:30:00+00:00,1692.970000,1713.710000,1688.380000,1713.260000,9820,25.330000,1.196692,1701.348000,1691.241000,1693.599500,1696.839943,0.978920,67.784329,0,test
AMZN,240,2018-07-02,20:30:00,2018-07-02T20:30:00+00:00,1713.460000,1713.640000,1713.020000,1713.030000,23,0.620000,-0.013425,1703.894000,1693.179000,1692.802500,1699.783589,0.979658,68.259532,0,test
AMZN,240,2018-07-03,12:30:00,2018-07-03T12:30:00+00:00,1722.990000,1724.880000,1698.210000,1702.190000,13559,26.670000,-0.632797,1704.048000,1697.339000,1691.499500,1700.221119,0.725863,55.796637,0,test
AMZN,240,2018-07-03,16:30:00,2018-07-03T16:30:00+00:00,1702.210000,1703.280000,1692.350000,1693.600000,2518,10.930000,-0.504644,1703.016000,1700.600000,1689.669500,1699.017279,0.762488,50.809561,1,test
AMZN,240,2018-07-05,12:30:00,2018-07-05T12:30:00+00:00,1707.870000,1710.210000,1682.120000,1699.050000,13354,28.090000,0.321800,1704.226000,1701.607000,1688.869000,1699.023228,0.562556,53.385709,1,test
AMZN,240,2018-07-05,16:30:00,2018-07-05T16:30:00+00:00,1699.070000,1704.170000,1693.770000,1699.100000,10949,10.400000,0.002943,1701.394000,1701.371000,1690.688000,1699.037187,0.509651,52.095348,1,test
AMZN,240,2018-07-05,20:30:00,2018-07-05T20:30:00+00:00,1699.170000,1699.250000,1698.520000,1699.230000,28,0.730000,0.007651,1698.634000,1701.264000,1692.490000,1699.072244,0.509298,69.892916,1,test
AMZN,240,2018-07-06,12:30:00,2018-07-06T12:30:00+00:00,1696.280000,1714.530000,1691.060000,1714.170000,13152,23.470000,0.879222,1701.030000,1702.539000,1695.099500,1701.817290,0.581697,73.813362,0,test
AMZN,240,2018-07-06,16:30:00,2018-07-06T16:30:00+00:00,1714.110000,1715.220000,1707.470000,1710.350000,12933,7.750000,-0.222848,1704.380000,1703.698000,1696.231500,1703.368692,0.585022,62.212824,1,test
AMZN,240,2018-07-09,12:30:00,2018-07-09T12:30:00+00:00,1720.280000,1731.650000,1716.180000,1726.590000,12555,15.470000,0.949513,1709.888000,1707.057000,1697.986000,1707.590748,0.625528,63.769863,1,test
AMZN,240,2018-07-09,16:30:00,2018-07-09T16:30:00+00:00,1726.600000,1739.230000,1723.570000,1738.020000,11818,15.660000,0.661999,1717.672000,1709.533000,1700.387000,1713.123339,0.548871,68.577620,1,test
AMZN,240,2018-07-09,20:30:00,2018-07-09T20:30:00+00:00,1738.690000,1739.240000,1737.990000,1738.980000,41,1.250000,0.055235,1725.622000,1712.128000,1702.653500,1717.824550,0.547096,68.528019,1,test
AMZN,240,2018-07-10,12:30:00,2018-07-10T12:30:00+00:00,1738.300000,1749.780000,1731.010000,1745.880000,12977,18.770000,0.396784,1731.964000,1716.497000,1706.918000,1722.925541,0.475188,72.310606,0,test
AMZN,240,2018-07-10,16:30:00,2018-07-10T16:30:00+00:00,1745.860000,1747.000000,1732.130000,1742.850000,12088,14.870000,-0.173551,1738.464000,1721.422000,1711.011000,1726.548170,0.425313,74.229610,0,test
AMZN,240,2018-07-10,20:30:00,2018-07-10T20:30:00+00:00,1742.870000,1743.000000,1737.970000,1738.000000,60,5.030000,-0.278280,1740.746000,1725.317000,1713.462000,1728.630321,0.460844,64.143609,1,test
AMZN,240,2018-07-11,12:30:00,2018-07-11T12:30:00+00:00,1734.680000,1752.000000,1730.970000,1746.800000,15185,21.030000,0.506329,1742.502000,1730.087000,1715.729000,1731.933899,0.461038,67.583047,1,test
AMZN,240,2018-07-11,16:30:00,2018-07-11T16:30:00+00:00,1746.780000,1756.730000,1745.320000,1753.030000,12567,11.410000,0.356652,1745.312000,1735.467000,1718.365500,1735.769554,0.451390,77.805732,0,test
AMZN,240,2018-07-11,20:30:00,2018-07-11T20:30:00+00:00,1753.030000,1755.470000,1753.000000,1753.000000,32,2.470000,-0.001711,1746.736000,1739.350000,1720.944500,1738.902362,0.412956,85.843592,1,test
AMZN,240,2018-07-12,12:30:00,2018-07-12T12:30:00+00:00,1762.900000,1786.820000,1762.240000,1786.000000,16526,24.580000,1.882487,1755.366000,1746.915000,1725.306500,1747.465569,0.635802,89.375962,1,test
AMZN,240,2018-07-12,16:30:00,2018-07-12T16:30:00+00:00,1786.000000,1797.780000,1785.180000,1796.970000,18571,12.600000,0.614222,1767.160000,1753.953000,1730.505000,1756.466375,0.614159,90.332152,0,test
AMZN,240,2018-07-12,20:30:00,2018-07-12T20:30:00+00:00,1796.990000,1797.200000,1796.490000,1796.770000,31,0.710000,-0.011130,1777.154000,1759.828000,1734.680500,1763.794307,0.619364,90.172982,1,test
AMZN,240,2018-07-13,12:30:00,2018-07-13T12:30:00+00:00,1804.480000,1815.190000,1795.470000,1812.480000,15675,19.720000,0.874347,1789.044000,1767.178000,1739.653000,1772.646251,0.632326,90.234919,1,test
AMZN,240,2018-07-13,16:30:00,2018-07-13T16:30:00+00:00,1812.500000,1814.550000,1805.140000,1812.560000,12441,9.410000,0.004414,1800.956000,1773.846000,1745.171500,1779.903296,0.645725,93.152073,1,test
AMZN,240,2018-07-16,12:30:00,2018-07-16T12:30:00+00:00,1817.970000,1833.310000,1816.620000,1832.690000,14846,16.690000,1.110584,1810.294000,1782.830000,1752.126000,1789.500879,0.651649,93.369850,0,test
AMZN,240,2018-07-16,16:30:00,2018-07-16T16:30:00+00:00,1832.970000,1841.660000,1789.970000,1798.830000,16973,51.690000,-1.847557,1810.666000,1788.913000,1757.115000,1791.197083,0.971770,71.005181,0,test
AMZN,240,2018-07-16,20:30:00,2018-07-16T20:30:00+00:00,1798.850000,1800.470000,1792.970000,1795.980000,559,7.500000,-0.158436,1810.508000,1793.831000,1761.959000,1792.066704,0.982480,69.435352,1,test
AMZN,240,2018-07-17,12:30:00,2018-07-17T12:30:00+00:00,1810.470000,1850.970000,1797.530000,1849.560000,15540,53.440000,2.983329,1817.924000,1803.484000,1769.475500,1802.520030,1.303288,76.815642,0,test
AMZN,240,2018-07-17,16:30:00,2018-07-17T16:30:00+00:00,1849.590000,1851.240000,1840.180000,1845.750000,12907,11.060000,-0.205995,1824.562000,1812.759000,1776.054500,1810.380025,1.314364,76.506955,1,test
AMZN,240,2018-07-17,20:30:00,2018-07-17T20:30:00+00:00,1845.830000,1847.520000,1845.830000,1846.600000,42,1.690000,0.046052,1827.344000,1818.819000,1782.867000,1816.965475,1.229091,78.563914,0,test
AMZN,240,2018-07-18,12:30:00,2018-07-18T12:30:00+00:00,1844.150000,1858.530000,1831.240000,1840.620000,13337,27.290000,-0.323838,1835.702000,1823.184000,1788.568500,1821.266298,1.241653,75.048056,0,test
AMZN,240,2018-07-18,16:30:00,2018-07-18T16:30:00+00:00,1840.600000,1845.580000,1839.100000,1840.220000,9675,6.480000,-0.021732,1844.550000,1827.529000,1793.678500,1824.712425,1.241902,74.025902,1,test
AMZN,240,2018-07-18,20:30:00,2018-07-18T20:30:00+00:00,1841.250000,1841.250000,1840.190000,1840.520000,43,1.060000,0.016302,1842.742000,1830.333000,1798.755500,1827.586530,1.223175,74.081004,0,test
AMZN,240,2018-07-19,12:30:00,2018-07-19T12:30:00+00:00,1829.980000,1840.440000,1824.970000,1827.470000,13831,15.470000,-0.709039,1839.086000,1831.824000,1802.835000,1827.565343,1.253704,62.817581,0,test
AMZN,240,2018-07-19,16:30:00,2018-07-19T16:30:00+00:00,1827.750000,1832.490000,1811.240000,1815.680000,14366,21.250000,-0.645154,1832.902000,1830.123000,1806.476500,1825.404371,1.217143,55.753736,0,test
AMZN,240,2018-07-19,20:30:00,2018-07-19T20:30:00+00:00,1815.550000,1816.770000,1814.970000,1814.970000,83,1.800000,-0.039104,1827.772000,1831.737000,1810.325000,1823.507213,1.049190,55.579399,1,test
AMZN,240,2018-07-20,12:30:00,2018-07-20T12:30:00+00:00,1821.580000,1834.590000,1819.220000,1821.180000,13594,15.370000,0.342154,1823.964000,1834.257000,1814.044000,1823.084083,1.047736,52.832031,0,test
AMZN,240,2018-07-20,16:30:00,2018-07-20T16:30:00+00:00,1821.250000,1822.150000,1810.120000,1813.670000,10833,12.030000,-0.412370,1818.594000,1830.668000,1817.076000,1821.372432,0.329386,50.344656,0,test
AMZN,240,2018-07-23,12:30:00,2018-07-23T12:30:00+00:00,1817.000000,1818.500000,1769.800000,1804.050000,12639,48.700000,-0.530416,1813.910000,1826.498000,1819.628500,1818.222899,0.346112,40.486314,1,test
AMZN,240,2018-07-23,16:30:00,2018-07-23T16:30:00+00:00,1804.040000,1816.990000,1797.180000,1812.480000,10720,19.810000,0.467282,1813.270000,1823.086000,1820.952500,1817.178735,0.403935,55.456072,0,test
AMZN,240,2018-07-23,20:30:00,2018-07-23T20:30:00+00:00,1812.070000,1813.500000,1809.970000,1812.000000,206,3.530000,-0.026483,1812.676000,1820.224000,1821.704000,1816.237147,0.403572,56.527053,1,test
AMZN,240,2018-07-24,12:30:00,2018-07-24T12:30:00+00:00,1826.980000,1839.670000,1818.190000,1819.580000,12649,21.480000,0.418322,1812.356000,1818.160000,1822.844500,1816.844938,0.441985,30.461418,1,test
AMZN,240,2018-07-24,16:30:00,2018-07-24T16:30:00+00:00,1819.570000,1830.740000,1809.080000,1828.000000,14611,21.660000,0.462744,1815.222000,1816.908000,1823.620500,1818.873131,0.477489,39.087668,1,test
AMZN,240,2018-07-24,20:30:00,2018-07-24T20:30:00+00:00,1828.980000,1829.080000,1827.990000,1829.000000,18,1.090000,0.054705,1820.212000,1817.061000,1824.442500,1820.714380,0.421181,39.199804,1,test
AMZN,240,2018-07-25,12:30:00,2018-07-25T12:30:00+00:00,1827.000000,1839.800000,1822.980000,1838.110000,10370,16.820000,0.498086,1825.338000,1819.304000,1824.713500,1823.877220,0.376644,48.516724,1,test
AMZN,240,2018-07-25,16:30:00,2018-07-25T16:30:00+00:00,1838.630000,1864.410000,1838.230000,1850.000000,12432,26.180000,0.646860,1832.938000,1822.807000,1827.272000,1828.626817,0.405130,55.088450,0,test
AMZN,240,2018-07-25,20:30:00,2018-07-25T20:30:00+00:00,1850.000000,1852.400000,1848.130000,1848.140000,206,4.270000,-0.100541,1838.650000,1825.503000,1829.880000,1832.174668,0.411053,53.901290,0,test
AMZN,240,2018-07-26,12:30:00,2018-07-26T12:30:00+00:00,1838.680000,1844.110000,1817.990000,1823.030000,18219,26.120000,-1.358663,1837.656000,1826.439000,1828.553500,1830.512001,0.613443,47.976668,1,test
AMZN,240,2018-07-26,16:30:00,2018-07-26T16:30:00+00:00,1822.720000,1891.480000,1704.980000,1834.980000,24290,186.500000,0.655502,1838.852000,1829.532000,1828.015000,1831.324365,0.602620,58.782308,1,test
AMZN,240,2018-07-26,20:30:00,2018-07-26T20:30:00+00:00,1835.050000,1876.230000,1829.990000,1870.560000,2316,46.240000,1.938986,1845.342000,1835.340000,1829.213000,1838.458116,0.822426,69.202073,0,test
AMZN,240,2018-07-27,12:30:00,2018-07-27T12:30:00+00:00,1887.250000,1889.840000,1829.190000,1829.190000,20896,60.650000,-2.211637,1841.180000,1837.059000,1828.641500,1836.773004,1.149615,52.226113,0,test
AMZN,240,2018-07-27,16:30:00,2018-07-27T16:30:00+00:00,1829.210000,1831.040000,1806.390000,1817.380000,17793,24.650000,-0.645641,1835.028000,1836.839000,1827.499500,1833.247004,1.166043,51.007003,0,test
AMZN,240,2018-07-30,12:30:00,2018-07-30T12:30:00+00:00,1826.440000,1829.030000,1781.990000,1786.100000,16200,47.040000,-1.721159,1827.642000,1832.649000,1824.778500,1824.674821,1.268515,45.640453,0,test
AMZN,240,2018-07-30,16:30:00,2018-07-30T16:30:00+00:00,1786.100000,1788.850000,1766.010000,1779.550000,14773,22.840000,-0.366721,1816.556000,1827.704000,1822.382500,1816.470308,1.265211,41.928526,1,test
AMZN,240,2018-07-30,20:30:00,2018-07-30T20:30:00+00:00,1779.520000,1782.000000,1779.520000,1781.300000,65,2.480000,0.098339,1798.704000,1822.023000,1820.663500,1810.075707,1.244515,42.521680,1,test
AMZN,240,2018-07-31,12:30:00,2018-07-31T12:30:00+00:00,1790.080000,1801.030000,1739.300000,1793.100000,16381,61.730000,0.662438,1791.486000,1816.333000,1819.570000,1806.989215,1.245850,43.679588,0,test
AMZN,240,2018-07-31,16:30:00,2018-07-31T16:30:00+00:00,1793.070000,1793.100000,1770.970000,1770.990000,11911,22.130000,-1.233060,1782.208000,1808.618000,1817.060500,1800.443903,1.276311,37.227226,1,test
AMZN,240,2018-07-31,20:30:00,2018-07-31T20:30:00+00:00,1776.850000,1787.580000,1770.970000,1787.380000,316,16.610000,0.925471,1782.464000,1805.053000,1815.746000,1798.068648,1.293565,41.276828,0,test
AMZN,240,2018-08-01,12:30:00,2018-08-01T12:30:00+00:00,1784.330000,1797.000000,1776.020000,1780.690000,14883,20.980000,-0.374291,1782.692000,1799.624000,1814.578000,1794.908894,1.259337,37.841958,1,test
AMZN,240,2018-08-01,16:30:00,2018-08-01T16:30:00+00:00,1780.660000,1798.310000,1776.350000,1796.240000,14644,21.960000,0.873257,1785.680000,1792.192000,1813.766000,1795.150913,1.082115,38.790659,0,test
AMZN,240,2018-08-01,20:30:00,2018-08-01T20:30:00+00:00,1796.450000,1796.450000,1795.170000,1796.140000,38,1.280000,-0.005567,1786.288000,1788.887000,1812.973000,1795.330747,0.877024,39.077466,1,test
AMZN,240,2018-08-02,12:30:00,2018-08-02T12:30:00+00:00,1786.580000,1816.910000,1785.970000,1816.500000,13916,30.940000,1.133542,1795.390000,1788.799000,1812.819000,1799.179702,0.949264,48.600454,1,test
AMZN,240,2018-08-02,16:30:00,2018-08-02T16:30:00+00:00,1816.510000,1836.330000,1814.640000,1834.000000,15032,21.690000,0.963391,1804.714000,1793.589000,1813.119000,1805.510665,0.771660,49.794842,0,test
AMZN,240,2018-08-02,20:30:00,2018-08-02T20:30:00+00:00,1833.990000,1834.950000,1833.970000,1833.980000,39,0.980000,-0.001091,1815.372000,1799.032000,1813.368000,1810.686908,0.746513,41.002558,0,test
AMZN,240,2018-08-03,12:30:00,2018-08-03T12:30:00+00:00,1839.060000,1841.350000,1823.700000,1825.030000,12544,17.650000,-0.488010,1821.130000,1803.405000,1812.714000,1813.294743,0.786442,48.782629,0,test
AMZN,240,2018-08-03,16:30:00,2018-08-03T16:30:00+00:00,1825.000000,1828.640000,1821.540000,1822.940000,10445,7.100000,-0.114519,1826.490000,1806.389000,1811.361000,1815.048426,0.779031,51.725208,1,test
AMZN,240,2018-08-06,12:30:00,2018-08-06T12:30:00+00:00,1825.250000,1841.230000,1818.770000,1836.300000,12682,22.460000,0.732882,1830.450000,1812.920000,1810.769000,1818.912349,0.617520,67.525485,1,test
AMZN,240,2018-08-06,16:30:00,2018-08-06T16:30:00+00:00,1836.330000,1847.900000,1836.330000,1846.010000,11327,11.570000,0.528781,1832.852000,1818.783000,1811.918000,1823.839194,0.589589,72.701189,1,test
AMZN,240,2018-08-06,20:30:00,2018-08-06T20:30:00+00:00,1846.110000,1847.700000,1846.080000,1847.110000,42,1.620000,0.059588,1835.478000,1825.425000,1812.524500,1828.070250,0.546839,72.579428,1,test
AMZN,240,2018-08-07,12:30:00,2018-08-07T12:30:00+00:00,1852.990000,1862.210000,1846.070000,1860.600000,12860,16.140000,0.730330,1842.592000,1831.861000,1812.026500,1833.984750,0.533887,72.893773,1,test
AMZN,240,2018-08-07,16:30:00,2018-08-07T16:30:00+00:00,1860.570000,1869.700000,1859.510000,1861.530000,12983,10.190000,0.049984,1850.310000,1838.400000,1813.643500,1838.992977,0.530005,85.860266,0,test
AMZN,240,2018-08-07,20:30:00,2018-08-07T20:30:00+00:00,1861.730000,1862.220000,1861.470000,1861.480000,46,0.750000,-0.002686,1855.346000,1842.898000,1815.848500,1843.081527,0.463208,83.712466,1,test
AMZN,240,2018-08-08,12:30:00,2018-08-08T12:30:00+00:00,1860.000000,1887.670000,1854.170000,1881.950000,13193,33.500000,1.099663,1862.534000,1847.693000,1820.641000,1850.148522,0.488004,90.936287,1,test
AMZN,240,2018-08-08,16:30:00,2018-08-08T16:30:00+00:00,1881.780000,1891.200000,1881.470000,1885.090000,13287,9.730000,0.166848,1870.130000,1852.804000,1825.918000,1856.501518,0.480877,89.925407,0,test
AMZN,240,2018-08-08,20:30:00,2018-08-08T20:30:00+00:00,1885.090000,1885.740000,1882.970000,1882.980000,94,2.770000,-0.111931,1874.606000,1858.599000,1831.002000,1861.315787,0.426042,88.329802,1,test
AMZN,240,2018-08-09,12:30:00,2018-08-09T12:30:00+00:00,1883.390000,1902.570000,1877.140000,1900.010000,13071,25.430000,0.904417,1882.302000,1866.306000,1836.347500,1868.351099,0.433970,87.976353,0,test
AMZN,240,2018-08-09,16:30:00,2018-08-09T16:30:00+00:00,1900.010000,1914.440000,1895.210000,1896.020000,14527,19.230000,-0.209999,1889.210000,1872.278000,1842.599000,1873.381808,0.459120,82.154708,0,test
AMZN,240,2018-08-09,20:30:00,2018-08-09T20:30:00+00:00,1896.020000,1896.500000,1895.210000,1896.000000,54,1.290000,-0.001055,1892.020000,1877.277000,1848.030000,1877.494207,0.463097,82.154708,0,test
AMZN,240,2018-08-10,12:30:00,2018-08-10T12:30:00+00:00,1891.230000,1898.710000,1884.990000,1893.770000,11277,13.720000,-0.117616,1893.756000,1881.943000,1853.684000,1880.453442,0.475211,88.308070,0,test
AMZN,240,2018-08-10,16:30:00,2018-08-10T16:30:00+00:00,1893.830000,1894.070000,1878.280000,1885.990000,11841,15.790000,-0.410821,1894.358000,1884.482000,1858.171500,1881.460089,0.484194,83.041610,1,test
AMZN,240,2018-08-13,12:30:00,2018-08-13T12:30:00+00:00,1893.470000,1924.760000,1892.070000,1903.100000,14288,32.690000,0.907216,1894.976000,1888.639000,1863.519500,1885.394618,0.539827,83.682937,0,test
AMZN,240,2018-08-13,16:30:00,2018-08-13T16:30:00+00:00,1903.100000,1910.150000,1893.640000,1897.000000,11599,16.510000,-0.320530,1895.172000,1892.191000,1867.544500,1887.504687,0.563395,76.682365,0,test
AMZN,240,2018-08-13,20:30:00,2018-08-13T20:30:00+00:00,1896.990000,1897.040000,1896.850000,1896.990000,32,0.190000,-0.000527,1895.370000,1893.695000,1870.694000,1889.229290,0.464980,76.402710,1,test
AMZN,240,2018-08-14,12:30:00,2018-08-14T12:30:00+00:00,1916.100000,1919.900000,1899.990000,1916.580000,15329,19.910000,1.032689,1899.932000,1896.844000,1874.824000,1894.202146,0.554770,77.834129,1,test
AMZN,240,2018-08-14,16:30:00,2018-08-14T16:30:00+00:00,1916.570000,1921.000000,1912.070000,1920.010000,14215,8.930000,0.178965,1906.736000,1900.547000,1879.573000,1898.894483,0.546067,78.371822,0,test
AMZN,240,2018-08-14,20:30:00,2018-08-14T20:30:00+00:00,1919.240000,1920.810000,1918.980000,1919.650000,47,1.830000,-0.018750,1910.046000,1902.511000,1884.408500,1902.668214,0.487994,78.136790,0,test
AMZN,240,2018-08-15,12:30:00,2018-08-15T12:30:00+00:00,1912.000000,1915.540000,1869.780000,1889.670000,18033,45.760000,-1.561743,1908.580000,1901.876000,1887.077000,1900.304902,0.717752,53.419561,0,test
AMZN,240,2018-08-15,16:30:00,2018-08-15T16:30:00+00:00,1889.650000,1894.630000,1877.130000,1884.500000,13704,17.500000,-0.273593,1906.082000,1900.726000,1889.001500,1897.431283,0.721643,49.743277,0,test
AMZN,240,2018-08-15,20:30:00,2018-08-15T20:30:00+00:00,1884.630000,1884.980000,1882.600000,1883.330000,85,2.380000,-0.062085,1899.432000,1899.682000,1890.812500,1894.867414,0.721351,50.153549,1,test
AMZN,240,2018-08-16,12:30:00,2018-08-16T12:30:00+00:00,1902.880000,1904.740000,1891.030000,1901.670000,11782,13.710000,0.973807,1895.764000,1901.250000,1892.866000,1896.104248,0.775849,50.719986,0,test
AMZN,240,2018-08-16,16:30:00,2018-08-16T16:30:00+00:00,1901.690000,1903.220000,1883.530000,1884.980000,10420,19.690000,-0.877650,1888.830000,1899.438000,1894.038500,1894.081657,0.771110,45.686826,1,test
AMZN,240,2018-08-16,20:30:00,2018-08-16T20:30:00+00:00,1885.170000,1888.590000,1884.970000,1887.350000,88,3.620000,0.125731,1888.366000,1898.473000,1895.332000,1892.857719,0.769387,46.681501,0,test
AMZN,240,2018-08-17,12:30:00,2018-08-17T12:30:00+00:00,1881.110000,1887.360000,1855.440000,1874.050000,13416,31.920000,-0.704692,1886.276000,1896.179000,1894.937000,1889.438134,0.796281,43.026874,1,test
AMZN,240,2018-08-17,16:30:00,2018-08-17T16:30:00+00:00,1874.070000,1882.890000,1867.620000,1881.130000,11941,15.270000,0.377791,1885.836000,1892.634000,1894.739000,1887.927564,0.713711,48.272921,0,test
AMZN,240,2018-08-20,12:30:00,2018-08-20T12:30:00+00:00,1889.140000,1891.000000,1866.050000,1878.070000,11631,24.950000,-0.162668,1881.116000,1888.440000,1894.493500,1886.135280,0.702482,40.118437,0,test
AMZN,240,2018-08-20,16:30:00,2018-08-20T16:30:00+00:00,1878.080000,1883.170000,1874.980000,1876.000000,8665,8.190000,-0.110220,1879.320000,1884.075000,1893.293000,1884.292502,0.700186,41.436960,0,test
AMZN,240,2018-08-20,20:30:00,2018-08-20T20:30:00+00:00,1875.970000,1876.270000,1874.990000,1875.730000,41,1.280000,-0.014392,1876.996000,1882.681000,1892.278500,1882.735683,0.520494,41.349284,1,test
AMZN,240,2018-08-21,12:30:00,2018-08-21T12:30:00+00:00,1881.010000,1897.560000,1874.210000,1897.000000,10503,23.350000,1.133959,1881.586000,1883.931000,1892.328500,1885.329195,0.637359,42.140334,0,test
AMZN,240,2018-08-21,16:30:00,2018-08-21T16:30:00+00:00,1896.980000,1897.370000,1879.490000,1881.710000,9527,17.880000,-0.806009,1881.702000,1883.769000,1891.725500,1884.671160,0.695031,35.962469,0,test
AMZN,240,2018-08-21,20:30:00,2018-08-21T20:30:00+00:00,1881.710000,1882.120000,1870.000000,1870.490000,137,12.120000,-0.596266,1880.186000,1880.651000,1890.950500,1882.092767,0.622551,33.310701,1,test
AMZN,240,2018-08-22,12:30:00,2018-08-22T12:30:00+00:00,1877.750000,1904.140000,1874.970000,1900.010000,11581,29.170000,1.578196,1884.988000,1882.154000,1890.796000,1885.350446,0.775186,53.521319,1,test
AMZN,240,2018-08-22,16:30:00,2018-08-22T16:30:00+00:00,1900.010000,1905.800000,1895.600000,1903.790000,9875,10.200000,0.198946,1890.600000,1883.798000,1891.135500,1888.703092,0.775989,56.632057,0,test
AMZN,240,2018-08-22,20:30:00,2018-08-22T20:30:00+00:00,1904.770000,1905.070000,1903.500000,1903.500000,46,1.570000,-0.015233,1891.900000,1886.743000,1891.461000,1891.393439,0.726649,56.976825,1,test
AMZN,240,2018-08-23,12:30:00,2018-08-23T12:30:00+00:00,1906.970000,1919.390000,1900.690000,1911.310000,12419,18.700000,0.410297,1897.820000,1889.761000,1891.197500,1895.014632,0.727811,53.596478,0,test
AMZN,240,2018-08-23,16:30:00,2018-08-23T16:30:00+00:00,1911.330000,1913.190000,1901.010000,1903.000000,9722,12.180000,-0.434780,1904.322000,1892.254000,1890.347000,1896.466517,0.746140,57.171283,0,test
AMZN,240,2018-08-23,20:30:00,2018-08-23T20:30:00+00:00,1903.000000,1903.000000,1901.720000,1901.750000,39,1.280000,-0.065686,1904.670000,1894.829000,1889.452000,1897.427150,0.744649,55.782204,1,test
AMZN,240,2018-08-24,12:30:00,2018-08-24T12:30:00+00:00,1908.990000,1915.780000,1907.470000,1910.570000,10099,8.310000,0.463783,1906.026000,1898.313000,1890.497000,1899.816759,0.749051,65.211596,0,test
AMZN,240,2018-08-24,16:30:00,2018-08-24T16:30:00+00:00,1910.570000,1910.570000,1902.570000,1905.380000,9072,8.000000,-0.271647,1906.402000,1899.151000,1891.541000,1900.828258,0.680275,60.262378,1,test
AMZN,240,2018-08-27,12:30:00,2018-08-27T12:30:00+00:00,1913.170000,1920.750000,1909.100000,1918.190000,10763,11.650000,0.672307,1907.778000,1902.799000,1893.284000,1903.984938,0.633535,65.684128,1,test
AMZN,240,2018-08-27,16:30:00,2018-08-27T16:30:00+00:00,1918.180000,1928.250000,1917.160000,1927.200000,9051,11.090000,0.469714,1912.618000,1908.470000,1894.560500,1908.205858,0.572536,68.985464,1,test
AMZN,240,2018-08-27,20:30:00,2018-08-27T20:30:00+00:00,1927.970000,1929.400000,1927.170000,1928.830000,130,2.230000,0.084579,1918.034000,1911.352000,1896.753000,1911.955702,0.356132,69.493392,1,test
AMZN,240,2018-08-28,12:30:00,2018-08-28T12:30:00+00:00,1935.410000,1940.020000,1928.600000,1933.700000,10829,11.420000,0.252485,1922.660000,1914.343000,1899.070500,1915.909211,0.357330,65.317195,0,test
AMZN,240,2018-08-28,16:30:00,2018-08-28T16:30:00+00:00,1933.860000,1941.440000,1930.500000,1931.850000,9518,10.940000,-0.095672,1927.954000,1917.178000,1901.960500,1918.807536,0.362495,73.570891,0,test
AMZN,240,2018-08-28,20:30:00,2018-08-28T20:30:00+00:00,1932.800000,1933.680000,1931.830000,1931.830000,23,1.850000,-0.001035,1930.682000,1919.230000,1904.495500,1921.175257,0.352698,82.229929,1,test
AMZN,240,2018-08-29,12:30:00,2018-08-29T12:30:00+00:00,1953.430000,1983.640000,1948.440000,1982.330000,14473,35.200000,2.614102,1941.708000,1927.163000,1909.708500,1932.294301,0.828624,85.439986,1,test
AMZN,240,2018-08-29,16:30:00,2018-08-29T16:30:00+00:00,1982.330000,1998.490000,1977.990000,1998.000000,15733,20.500000,0.790484,1955.542000,1936.788000,1915.808500,1944.240792,0.817912,86.792158,1,test
AMZN,240,2018-08-29,20:30:00,2018-08-29T20:30:00+00:00,1998.000000,1998.890000,1997.670000,1998.500000,91,1.220000,0.025025,1968.502000,1945.581000,1921.947000,1954.106102,0.831600,87.039925,1,test
AMZN,240,2018-08-30,12:30:00,2018-08-30T12:30:00+00:00,1998.870000,2025.370000,1987.200000,2020.550000,17955,38.170000,1.103327,1986.242000,1957.098000,1928.124500,1966.186811,0.811715,88.335205,0,test
AMZN,240,2018-08-30,16:30:00,2018-08-30T16:30:00+00:00,2020.550000,2024.650000,1990.270000,2003.250000,18026,34.380000,-0.856203,2000.526000,1965.604000,1934.201500,1972.925573,0.930096,83.092362,0,test
AMZN,240,2018-08-30,20:30:00,2018-08-30T20:30:00+00:00,2003.750000,2003.890000,2002.980000,2003.010000,78,0.910000,-0.011981,2004.662000,1973.185000,1940.827500,1978.395469,0.940723,83.650140,1,test
AMZN,240,2018-08-31,12:30:00,2018-08-31T12:30:00+00:00,2008.000000,2021.980000,2004.500000,2011.920000,12065,17.480000,0.444831,2007.446000,1981.494000,1946.423000,1984.490838,0.934584,83.659914,1,test
AMZN,240,2018-08-31,16:30:00,2018-08-31T16:30:00+00:00,2011.910000,2013.990000,2004.740000,2013.560000,11141,9.250000,0.081514,2010.458000,1989.480000,1951.911500,1989.776140,0.939672,86.795918,1,test
AMZN,240,2018-09-04,12:30:00,2018-09-04T12:30:00+00:00,2022.990000,2050.170000,2012.970000,2030.280000,17274,37.200000,0.830370,2012.404000,1999.323000,1958.250500,1997.140478,0.929942,87.138029,1,test
AMZN,240,2018-09-04,16:30:00,2018-09-04T16:30:00+00:00,2030.300000,2044.000000,2029.150000,2038.480000,13142,14.850000,0.403885,2019.450000,2009.988000,1964.609000,2004.656755,0.914287,87.068621,0,test
AMZN,240,2018-09-04,20:30:00,2018-09-04T20:30:00+00:00,2038.500000,2040.290000,2038.040000,2038.050000,83,2.250000,-0.021094,2026.458000,2015.560000,1971.361500,2010.728254,0.563240,86.675621,0,test
AMZN,240,2018-09-05,12:30:00,2018-09-05T12:30:00+00:00,2035.980000,2040.610000,1993.200000,2009.000000,21937,47.410000,-1.425382,2025.874000,2016.660000,1976.724000,2010.414026,0.745916,71.752947,0,test
AMZN,240,2018-09-05,16:30:00,2018-09-05T16:30:00+00:00,2009.000000,2014.000000,1989.760000,1995.220000,19165,24.240000,-0.685913,2022.206000,2016.332000,1980.956500,2007.651476,0.782339,67.126101,1,test
AMZN,240,2018-09-05,20:30:00,2018-09-05T20:30:00+00:00,1996.110000,1997.500000,1995.220000,1997.000000,69,2.280000,0.089213,2015.550000,2013.977000,1985.537500,2005.714844,0.680568,67.446592,0,test
AMZN,240,2018-09-06,12:30:00,2018-09-06T12:30:00+00:00,2010.010000,2010.100000,1951.980000,1953.580000,21548,58.120000,-2.174261,1998.570000,2009.010000,1987.307000,1996.235781,0.924109,42.000111,1,test
AMZN,240,2018-09-06,16:30:00,2018-09-06T16:30:00+00:00,1953.500000,1964.330000,1935.170000,1956.080000,19636,29.160000,0.127970,1982.176000,2004.317000,1988.751000,1988.934730,0.929108,37.412923,0,test
AMZN,240,2018-09-06,20:30:00,2018-09-06T20:30:00+00:00,1956.070000,1956.470000,1954.220000,1954.500000,124,2.250000,-0.080774,1971.276000,1998.575000,1990.034500,1982.673870,0.900949,36.873508,1,test
AMZN,240,2018-09-07,12:30:00,2018-09-07T12:30:00+00:00,1944.970000,1975.030000,1934.970000,1958.280000,19305,40.060000,0.193400,1963.888000,1993.047000,1991.263500,1978.238621,0.906689,29.150204,0,test
AMZN,240,2018-09-07,16:30:00,2018-09-07T16:30:00+00:00,1958.280000,1965.600000,1951.970000,1952.200000,15110,13.630000,-0.310477,1954.928000,1985.239000,1992.281000,1973.504326,0.819873,31.518355,0,test
AMZN,240,2018-09-10,12:30:00,2018-09-10T12:30:00+00:00,1968.000000,1972.520000,1931.570000,1937.600000,15842,40.950000,-0.747874,1951.732000,1975.151000,1992.569500,1966.976267,0.775937,28.549879,1,test
AMZN,240,2018-09-10,16:30:00,2018-09-10T16:30:00+00:00,1937.630000,1942.800000,1931.970000,1938.390000,13367,10.830000,0.040772,1948.194000,1965.185000,1990.372500,1961.778764,0.780445,24.530655,1,test
AMZN,240,2018-09-10,20:30:00,2018-09-10T20:30:00+00:00,1939.490000,1940.000000,1938.400000,1939.390000,92,1.600000,0.051589,1945.172000,1958.224000,1987.442000,1957.708080,0.722937,24.194558,1,test
AMZN,240,2018-09-11,12:30:00,2018-09-11T12:30:00+00:00,1931.980000,1973.470000,1916.520000,1967.750000,17542,56.950000,1.462315,1947.066000,1955.477000,1985.904500,1959.533883,0.907520,29.874477,1,test
AMZN,240,2018-09-11,16:30:00,2018-09-11T16:30:00+00:00,1967.720000,1988.530000,1961.990000,1986.010000,15521,26.540000,0.927963,1953.828000,1954.378000,1984.177500,1964.347723,0.967315,34.139411,1,test
AMZN,240,2018-09-11,20:30:00,2018-09-11T20:30:00+00:00,1986.000000,1986.600000,1985.870000,1986.490000,63,0.730000,0.024169,1963.606000,1957.669000,1983.339500,1968.373591,0.617802,34.419195,0,test
AMZN,240,2018-09-12,12:30:00,2018-09-12T12:30:00+00:00,1993.000000,1999.460000,1962.250000,1984.230000,16850,37.210000,-0.113769,1972.774000,1960.484000,1982.400500,1971.256575,0.624277,41.068724,1,test
AMZN,240,2018-09-12,16:30:00,2018-09-12T16:30:00+00:00,1984.260000,1991.330000,1976.620000,1989.970000,12025,14.710000,0.289281,1982.890000,1964.031000,1981.303000,1974.659016,0.620381,47.990508,1,test
AMZN,240,2018-09-12,20:30:00,2018-09-12T20:30:00+00:00,1990.220000,1990.420000,1989.970000,1989.980000,42,0.450000,0.000503,1987.336000,1967.201000,1980.124000,1977.444649,0.622971,47.276114,1,test
AMZN,240,2018-09-13,12:30:00,2018-09-13T12:30:00+00:00,1991.000000,2008.570000,1990.300000,1994.110000,14660,18.270000,0.207540,1988.956000,1971.392000,1978.315500,1980.474713,0.600405,72.624763,0,test
AMZN,240,2018-09-13,16:30:00,2018-09-13T16:30:00+00:00,1993.990000,1996.000000,1981.870000,1989.050000,12926,14.130000,-0.253747,1989.468000,1976.537000,1975.844000,1982.033856,0.528447,67.893194,0,test
AMZN,240,2018-09-13,20:30:00,2018-09-13T20:30:00+00:00,1989.640000,1989.640000,1988.970000,1989.000000,31,0.670000,-0.002514,1990.422000,1981.598000,1973.391500,1983.300428,0.530648,69.039735,0,test
AMZN,240,2018-09-14,12:30:00,2018-09-14T12:30:00+00:00,1994.970000,1995.480000,1961.770000,1965.230000,15107,33.710000,-1.195073,1985.474000,1984.182000,1971.203000,1980.014895,0.703247,53.142237,1,test
AMZN,240,2018-09-14,16:30:00,2018-09-14T16:30:00+00:00,1965.240000,1972.120000,1959.080000,1968.190000,14013,13.040000,0.150619,1981.116000,1984.226000,1969.851500,1977.864914,0.528789,57.439285,0,test
AMZN,240,2018-09-17,12:30:00,2018-09-17T12:30:00+00:00,1956.970000,1957.800000,1887.320000,1929.540000,20109,70.480000,-1.963733,1968.202000,1978.579000,1966.478500,1969.078566,0.722321,46.935827,0,test
AMZN,240,2018-09-17,16:30:00,2018-09-17T16:30:00+00:00,1930.070000,1930.630000,1904.610000,1908.480000,17357,26.020000,-1.091452,1952.088000,1970.778000,1964.223500,1958.060645,0.754582,40.147572,0,test
AMZN,240,2018-09-17,20:30:00,2018-09-17T20:30:00+00:00,1908.500000,1909.070000,1908.070000,1908.070000,93,1.000000,-0.021483,1935.902000,1963.162000,1961.823000,1948.971437,0.758985,39.642857,1,test
AMZN,240,2018-09-18,12:30:00,2018-09-18T12:30:00+00:00,1921.100000,1957.840000,1915.970000,1948.250000,17339,41.870000,2.105793,1932.506000,1958.990000,1961.510500,1948.840267,1.086016,44.019139,0,test
AMZN,240,2018-09-18,16:30:00,2018-09-18T16:30:00+00:00,1948.240000,1951.000000,1928.880000,1941.000000,13514,22.120000,-0.372129,1927.068000,1954.092000,1960.646500,1947.414764,1.084521,35.195053,0,test
AMZN,240,2018-09-18,20:30:00,2018-09-18T20:30:00+00:00,1940.980000,1941.270000,1939.470000,1939.500000,55,1.800000,-0.077280,1929.060000,1948.631000,1960.011500,1945.975716,1.075055,34.646801,0,test
AMZN,240,2018-09-19,12:30:00,2018-09-19T12:30:00+00:00,1935.000000,1941.880000,1904.210000,1912.600000,17383,37.670000,-1.386955,1929.884000,1940.986000,1958.761500,1939.907404,1.131166,29.841842,1,test
AMZN,240,2018-09-19,16:30:00,2018-09-19T16:30:00+00:00,1912.600000,1930.420000,1908.120000,1925.530000,17633,22.300000,0.676043,1933.376000,1934.639000,1958.118500,1937.293330,1.176146,32.570594,0,test
AMZN,240,2018-09-19,20:30:00,2018-09-19T20:30:00+00:00,1926.070000,1926.270000,1924.970000,1924.970000,78,1.300000,-0.029083,1928.720000,1930.613000,1957.397500,1935.052725,1.136619,32.468583,1,test
AMZN,240,2018-09-20,12:30:00,2018-09-20T12:30:00+00:00,1936.980000,1954.560000,1932.230000,1946.830000,15812,22.330000,1.135602,1929.886000,1928.477000,1956.351500,1937.194048,1.210735,38.362706,0,test
AMZN,240,2018-09-20,16:30:00,2018-09-20T16:30:00+00:00,1946.650000,1949.910000,1941.970000,1945.950000,13351,7.940000,-0.045202,1931.176000,1930.118000,1954.348500,1938.786039,1.020011,39.168677,0,test
AMZN,240,2018-09-20,20:30:00,2018-09-20T20:30:00+00:00,1942.600000,1946.590000,1942.570000,1945.490000,60,4.020000,-0.023639,1937.754000,1933.819000,1952.298500,1940.004941,0.935009,39.088128,0,test
AMZN,240,2018-09-21,12:30:00,2018-09-21T12:30:00+00:00,1950.000000,1958.000000,1924.450000,1931.650000,15452,33.550000,-0.711389,1938.978000,1936.177000,1949.669500,1938.485861,0.977347,41.137035,0,test
AMZN,240,2018-09-21,16:30:00,2018-09-21T16:30:00+00:00,1931.650000,1932.210000,1910.610000,1915.190000,15814,21.600000,-0.852121,1937.022000,1932.871000,1945.930500,1934.250250,0.727709,36.941953,0,test
AMZN,240,2018-09-24,12:30:00,2018-09-24T12:30:00+00:00,1901.250000,1923.330000,1864.990000,1914.000000,15707,58.340000,-0.062135,1930.456000,1930.171000,1942.131500,1930.568386,0.724673,45.304569,1,test
AMZN,240,2018-09-24,16:30:00,2018-09-24T16:30:00+00:00,1914.000000,1936.430000,1913.130000,1934.000000,14272,23.300000,1.044932,1928.066000,1929.621000,1939.126000,1931.192316,0.816170,57.760613,1,test
AMZN,240,2018-09-24,20:30:00,2018-09-24T20:30:00+00:00,1933.990000,1935.950000,1933.180000,1934.080000,81,2.770000,0.004137,1925.784000,1931.769000,1936.377500,1931.717349,0.662379,57.925529,1,test
AMZN,240,2018-09-25,12:30:00,2018-09-25T12:30:00+00:00,1945.230000,1957.370000,1938.980000,1955.220000,15144,18.390000,1.093026,1930.498000,1934.738000,1934.688500,1935.990559,0.712910,52.402620,1,test
AMZN,240,2018-09-25,16:30:00,2018-09-25T16:30:00+00:00,1955.200000,1975.750000,1951.660000,1974.470000,15803,24.090000,0.984544,1942.354000,1939.688000,1935.150500,1942.986821,0.754603,60.655842,0,test
AMZN,240,2018-09-25,20:30:00,2018-09-25T20:30:00+00:00,1974.690000,1974.690000,1972.970000,1972.970000,77,1.720000,-0.075970,1954.148000,1942.302000,1935.389500,1948.438308,0.692534,60.655842,1,test
AMZN,240,2018-09-26,12:30:00,2018-09-26T12:30:00+00:00,1976.990000,1991.800000,1961.460000,1987.330000,15954,30.340000,0.727837,1964.814000,1946.440000,1938.279000,1955.509525,0.712951,75.856342,0,test
AMZN,240,2018-09-26,16:30:00,2018-09-26T16:30:00+00:00,1987.310000,1995.000000,1970.470000,1975.970000,16374,24.530000,-0.571621,1973.192000,1949.488000,1941.653500,1959.229611,0.753084,67.643767,0,test
AMZN,240,2018-09-26,20:30:00,2018-09-26T20:30:00+00:00,1976.000000,1977.030000,1974.970000,1975.750000,78,2.060000,-0.011134,1977.298000,1953.898000,1945.037500,1962.233318,0.693444,67.805049,1,test
AMZN,240,2018-09-27,12:30:00,2018-09-27T12:30:00+00:00,1989.310000,2011.910000,1986.720000,2011.110000,17184,25.190000,1.789700,1984.626000,1963.490000,1948.180500,1971.119988,0.737963,70.589366,1,test
AMZN,240,2018-09-27,16:30:00,2018-09-27T16:30:00+00:00,2011.100000,2015.690000,2007.260000,2012.000000,16487,8.430000,0.044254,1992.432000,1973.290000,1951.730500,1978.552717,0.729803,71.154955,1,test
AMZN,240,2018-09-27,20:30:00,2018-09-27T20:30:00+00:00,2011.260000,2013.250000,2010.980000,2012.060000,120,2.270000,0.002982,1997.378000,1981.096000,1955.358500,1984.644950,0.718116,71.376276,0,test
AMZN,240,2018-09-28,12:30:00,2018-09-28T12:30:00+00:00,2001.000000,2026.250000,1996.010000,2009.980000,15926,30.240000,-0.103377,2004.180000,1988.686000,1960.227500,1989.251323,0.725448,77.207364,0,test
AMZN,240,2018-09-28,16:30:00,2018-09-28T16:30:00+00:00,2010.000000,2014.540000,1999.970000,2002.680000,13979,14.570000,-0.363188,2009.566000,1993.432000,1964.085000,1991.692901,0.714276,82.454188,1,test
AMZN,240,2018-10-01,12:30:00,2018-10-01T12:30:00+00:00,2023.480000,2033.190000,2018.170000,2021.860000,14999,15.020000,0.957717,2011.716000,1998.171000,1968.929500,1997.177828,0.711223,85.299123,0,test
AMZN,240,2018-10-01,16:30:00,2018-10-01T16:30:00+00:00,2021.870000,2022.840000,2003.500000,2004.280000,13715,19.340000,-0.869496,2010.172000,2001.302000,1971.802000,1998.469132,0.790237,73.370577,1,test
AMZN,240,2018-10-01,20:30:00,2018-10-01T20:30:00+00:00,2004.290000,2005.450000,2004.260000,2004.970000,74,1.190000,0.034426,2008.754000,2003.066000,1974.753000,1999.651108,0.764928,73.478174,1,test
AMZN,240,2018-10-02,12:30:00,2018-10-02T12:30:00+00:00,2005.000000,2013.030000,1978.970000,2006.200000,17075,34.060000,0.061348,2007.998000,2006.089000,1977.788500,2000.841816,0.729364,69.449107,0,test
AMZN,240,2018-10-02,16:30:00,2018-10-02T16:30:00+00:00,2006.220000,2007.190000,1965.520000,1971.930000,19693,41.670000,-1.708205,2001.848000,2005.707000,1979.802500,1995.585122,0.939348,49.130613,1,test
AMZN,240,2018-10-02,20:30:00,2018-10-02T20:30:00+00:00,1971.910000,1974.170000,1971.900000,1974.000000,94,2.270000,0.104973,1992.276000,2001.996000,1982.743000,1991.660554,0.700294,50.351176,0,test
AMZN,240,2018-10-03,12:30:00,2018-10-03T12:30:00+00:00,1983.500000,1989.310000,1949.620000,1959.710000,18773,39.690000,-0.723911,1983.362000,1996.767000,1985.028500,1985.851363,0.714479,40.578524,0,test
AMZN,240,2018-10-03,16:30:00,2018-10-03T16:30:00+00:00,1959.700000,1968.670000,1952.100000,1953.480000,18090,16.570000,-0.317904,1973.064000,1990.909000,1986.002500,1979.965660,0.708503,42.050194,0,test
AMZN,240,2018-10-03,20:30:00,2018-10-03T20:30:00+00:00,1953.480000,1954.000000,1951.110000,1951.110000,135,2.890000,-0.121322,1962.046000,1985.022000,1986.854000,1974.719177,0.707992,41.420613,0,test
AMZN,240,2018-10-04,12:30:00,2018-10-04T12:30:00+00:00,1944.750000,1954.850000,1898.850000,1906.100000,23837,56.000000,-2.306892,1948.880000,1975.364000,1984.398000,1962.242963,0.953255,15.738989,1,test
AMZN,240,2018-10-04,16:30:00,2018-10-04T16:30:00+00:00,1906.100000,1916.690000,1896.470000,1909.990000,23199,20.220000,0.204082,1936.078000,1964.177000,1981.174000,1952.742424,0.850421,17.356800,1,test
AMZN,240,2018-10-04,20:30:00,2018-10-04T20:30:00+00:00,1910.220000,1911.540000,1909.970000,1910.350000,75,1.570000,0.018848,1926.206000,1954.784000,1978.043000,1945.034711,0.861325,17.515171,0,test
AMZN,240,2018-10-05,12:30:00,2018-10-05T12:30:00+00:00,1903.470000,1928.880000,1872.090000,1878.480000,23473,56.790000,-1.668281,1911.206000,1942.135000,1972.600500,1932.933854,0.915901,14.715037,1,test
AMZN,240,2018-10-05,16:30:00,2018-10-05T16:30:00+00:00,1878.500000,1902.510000,1862.840000,1889.560000,25285,39.670000,0.589839,1898.896000,1930.471000,1968.280000,1925.047699,0.974600,20.250368,0,test
AMZN,240,2018-10-08,12:30:00,2018-10-08T12:30:00+00:00,1880.740000,1901.540000,1833.520000,1850.600000,21824,68.020000,-2.061856,1887.796000,1918.338000,1962.022500,1911.511754,1.024697,9.204383,1,test
AMZN,240,2018-10-08,16:30:00,2018-10-08T16:30:00+00:00,1850.580000,1878.050000,1830.630000,1866.490000,20824,47.420000,0.858640,1879.096000,1907.587000,1954.791500,1903.325980,1.108876,16.910811,1,test
AMZN,240,2018-10-08,20:30:00,2018-10-08T20:30:00+00:00,1868.560000,1869.480000,1866.460000,1868.750000,94,3.020000,0.121083,1870.776000,1898.491000,1947.629000,1897.039438,1.126451,17.532653,1,test
AMZN,240,2018-10-09,12:30:00,2018-10-09T12:30:00+00:00,1852.000000,1896.430000,1851.970000,1879.970000,19612,44.460000,0.600401,1871.074000,1891.140000,1941.024500,1893.935904,1.176404,21.281340,0,test
AMZN,240,2018-10-09,16:30:00,2018-10-09T16:30:00+00:00,1879.980000,1881.690000,1856.990000,1869.890000,17531,24.700000,-0.536179,1867.140000,1883.018000,1934.020000,1889.563922,1.173715,23.913488,1,test
AMZN,240,2018-10-09,20:30:00,2018-10-09T20:30:00+00:00,1870.170000,1871.230000,1869.870000,1870.730000,50,1.360000,0.044922,1871.166000,1879.481000,1927.422500,1886.139572,0.971362,23.431953,0,test
AMZN,240,2018-10-10,12:30:00,2018-10-10T12:30:00+00:00,1863.050000,1863.390000,1792.600000,1811.980000,26853,70.790000,-3.140485,1860.264000,1869.680000,1916.928500,1872.656014,1.332132,19.069553,0,test
AMZN,240,2018-10-10,16:30:00,2018-10-10T16:30:00+00:00,1811.970000,1820.000000,1739.970000,1740.120000,27714,80.030000,-3.965827,1834.538000,1852.657000,1903.720500,1848.558557,1.699289,14.958613,0,test
AMZN,240,2018-10-10,20:30:00,2018-10-10T20:30:00+00:00,1741.470000,1743.010000,1733.970000,1735.000000,687,9.040000,-0.294233,1805.544000,1838.309000,1890.222000,1827.911546,1.687190,14.824701,0,test
AMZN,240,2018-10-11,12:30:00,2018-10-11T12:30:00+00:00,1722.730000,1754.000000,1685.980000,1729.660000,27184,68.020000,-0.307781,1777.498000,1822.319000,1876.395000,1810.047629,1.629191,17.023026,0,test
AMZN,240,2018-10-11,16:30:00,2018-10-11T16:30:00+00:00,1729.640000,1738.390000,1685.070000,1726.610000,26222,53.320000,-0.176335,1748.674000,1809.920000,1864.129000,1794.877151,1.584174,15.617969,1,test
AMZN,240,2018-10-11,20:30:00,2018-10-11T20:30:00+00:00,1728.490000,1733.000000,1726.590000,1730.980000,236,6.410000,0.253097,1732.474000,1796.369000,1851.978000,1783.259487,1.529472,16.868004,1,test
AMZN,240,2018-10-12,12:30:00,2018-10-12T12:30:00+00:00,1789.980000,1808.080000,1755.120000,1760.020000,24348,52.960000,1.677662,1736.454000,1785.496000,1841.993500,1779.034126,1.696903,27.887703,1,test
AMZN,240,2018-10-12,16:30:00,2018-10-12T16:30:00+00:00,1760.140000,1792.030000,1742.060000,1788.560000,23865,49.970000,1.621572,1747.166000,1776.355000,1833.747500,1780.766103,1.803507,32.300575,0,test
AMZN,240,2018-10-15,12:30:00,2018-10-15T12:30:00+00:00,1795.280000,1799.140000,1733.170000,1761.380000,17686,65.970000,-1.519658,1753.510000,1765.504000,1824.261000,1777.241357,1.833337,33.691599,0,test
AMZN,240,2018-10-15,16:30:00,2018-10-15T16:30:00+00:00,1761.380000,1781.080000,1753.980000,1756.860000,17148,27.100000,-0.256617,1759.560000,1754.117000,1816.799000,1773.535656,1.824361,29.091811,0,test
AMZN,240,2018-10-15,20:30:00,2018-10-15T20:30:00+00:00,1758.540000,1758.540000,1754.020000,1754.990000,111,4.520000,-0.106440,1764.362000,1748.418000,1809.049000,1770.163718,1.594767,28.271831,1,test
AMZN,240,2018-10-16,12:30:00,2018-10-16T12:30:00+00:00,1778.970000,1791.000000,1761.690000,1786.570000,18475,29.310000,1.799440,1769.672000,1753.063000,1802.860000,1773.146679,1.086331,33.447934,1,test
AMZN,240,2018-10-16,16:30:00,2018-10-16T16:30:00+00:00,1786.600000,1847.470000,1784.970000,1835.000000,19460,62.500000,2.710781,1778.960000,1763.063000,1800.686000,1784.392737,1.306508,44.556772,1,test
AMZN,240,2018-10-16,20:30:00,2018-10-16T20:30:00+00:00,1834.990000,1841.250000,1834.980000,1841.250000,246,6.270000,0.340599,1794.934000,1774.222000,1798.270500,1794.730421,1.273809,45.477140,0,test
AMZN,240,2018-10-17,12:30:00,2018-10-17T12:30:00+00:00,1831.110000,1844.440000,1806.970000,1826.730000,18672,37.470000,-0.788595,1808.908000,1784.234000,1797.077000,1800.548526,1.330558,52.618312,1,test
AMZN,240,2018-10-17,16:30:00,2018-10-17T16:30:00+00:00,1826.730000,1835.520000,1812.980000,1831.490000,16046,22.540000,0.260575,1824.208000,1794.285000,1795.327000,1806.174249,1.330360,71.291420,1,test
AMZN,240,2018-10-17,20:30:00,2018-10-17T20:30:00+00:00,1831.480000,1833.880000,1831.480000,1831.500000,47,2.400000,0.000546,1833.194000,1801.433000,1793.464500,1810.778931,1.280538,73.035424,0,test
AMZN,240,2018-10-18,12:30:00,2018-10-18T12:30:00+00:00,1818.850000,1829.120000,1782.740000,1794.630000,16391,46.380000,-2.013104,1825.120000,1802.040000,1789.197500,1807.842762,1.406847,63.479812,0,test
AMZN,240,2018-10-18,16:30:00,2018-10-18T16:30:00+00:00,1794.640000,1798.050000,1767.790000,1772.900000,19135,30.260000,-1.210835,1811.450000,1803.192000,1784.348000,1801.489532,1.371689,58.913236,0,test
AMZN,240,2018-10-18,20:30:00,2018-10-18T20:30:00+00:00,1772.900000,1773.720000,1770.370000,1770.980000,160,3.350000,-0.108297,1800.300000,1804.604000,1779.360500,1795.942345,1.368519,57.775445,0,test
AMZN,240,2018-10-19,12:30:00,2018-10-19T12:30:00+00:00,1786.000000,1808.980000,1758.230000,1766.730000,18209,50.750000,-0.239980,1787.348000,1805.778000,1777.098000,1790.631009,1.371281,51.443445,0,test
AMZN,240,2018-10-19,16:30:00,2018-10-19T16:30:00+00:00,1766.750000,1773.890000,1752.990000,1763.070000,19433,20.900000,-0.207162,1773.662000,1803.428000,1778.245500,1785.619917,1.230512,43.859311,1,test
AMZN,240,2018-10-22,12:30:00,2018-10-22T12:30:00+00:00,1783.740000,1809.000000,1755.470000,1788.880000,16713,53.530000,1.463924,1772.512000,1798.816000,1780.939500,1786.212659,0.940073,56.668930,1,test
AMZN,240,2018-10-22,16:30:00,2018-10-22T16:30:00+00:00,1789.220000,1802.870000,1779.980000,1790.940000,15637,22.890000,0.115156,1776.120000,1793.785000,1784.003500,1787.072176,0.926941,58.364422,1,test
AMZN,240,2018-10-22,20:30:00,2018-10-22T20:30:00+00:00,1790.950000,1792.150000,1790.530000,1790.970000,38,1.620000,0.001675,1780.118000,1790.209000,1787.221500,1787.780871,0.911640,58.911234,0,test
AMZN,240,2018-10-23,12:30:00,2018-10-23T12:30:00+00:00,1751.970000,1756.950000,1713.970000,1737.900000,19693,42.980000,-2.963199,1774.352000,1780.850000,1787.567500,1778.711622,1.242933,39.105520,1,test
AMZN,240,2018-10-23,16:30:00,2018-10-23T16:30:00+00:00,1738.080000,1775.800000,1731.140000,1771.470000,17407,44.660000,1.931642,1776.032000,1774.847000,1788.140000,1777.394963,1.462709,34.765719,0,test
AMZN,240,2018-10-23,20:30:00,2018-10-23T20:30:00+00:00,1771.480000,1771.500000,1767.970000,1767.980000,85,3.530000,-0.197012,1771.852000,1772.182000,1787.111000,1775.683152,1.336884,32.194411,0,test
AMZN,240,2018-10-24,12:30:00,2018-10-24T12:30:00+00:00,1778.350000,1779.310000,1729.940000,1736.690000,16314,49.370000,-1.769816,1761.002000,1768.561000,1785.876500,1768.593488,1.396906,29.768111,0,test
AMZN,240,2018-10-24,16:30:00,2018-10-24T16:30:00+00:00,1736.690000,1741.130000,1656.200000,1683.000000,22986,84.930000,-3.091513,1739.408000,1759.763000,1782.183500,1753.031035,1.668022,22.648738,1,test
AMZN,240,2018-10-24,20:30:00,2018-10-24T20:30:00+00:00,1683.470000,1691.500000,1675.970000,1690.980000,523,15.530000,0.474153,1730.024000,1752.188000,1778.983000,1741.749029,1.695248,24.855057,1,test
AMZN,240,2018-10-25,12:30:00,2018-10-25T12:30:00+00:00,1702.060000,1760.200000,1690.990000,1750.920000,18496,69.210000,3.544690,1725.914000,1750.973000,1777.200500,1743.416478,2.112456,42.774968,0,test
AMZN,240,2018-10-25,16:30:00,2018-10-25T16:30:00+00:00,1750.930000,1794.080000,1661.970000,1683.970000,24176,132.110000,-3.823704,1709.112000,1740.482000,1769.649000,1732.608028,2.341070,37.212045,0,test
AMZN,240,2018-10-25,20:30:00,2018-10-25T20:30:00+00:00,1683.990000,1691.480000,1647.970000,1653.680000,2318,43.510000,-1.798726,1692.510000,1726.756000,1760.270500,1718.257477,2.356308,34.404914,0,test
AMZN,240,2018-10-26,12:30:00,2018-10-26T12:30:00+00:00,1631.100000,1668.080000,1602.980000,1651.000000,26124,65.100000,-0.162063,1686.110000,1712.759000,1751.484000,1706.028845,2.350919,34.549144,0,test
AMZN,240,2018-10-26,16:30:00,2018-10-26T16:30:00+00:00,1651.000000,1697.660000,1627.980000,1639.100000,26073,69.680000,-0.720775,1675.734000,1702.879000,1741.864500,1693.859964,2.223626,33.805356,0,test
AMZN,240,2018-10-29,12:30:00,2018-10-29T12:30:00+00:00,1666.000000,1668.210000,1549.970000,1553.600000,25254,118.240000,-5.216277,1636.270000,1681.092000,1727.969500,1668.358152,2.468585,23.411084,0,test
AMZN,240,2018-10-29,16:30:00,2018-10-29T16:30:00+00:00,1553.600000,1583.280000,1494.970000,1536.210000,30320,88.310000,-1.119336,1606.718000,1657.915000,1715.048500,1644.331216,2.440862,22.177076,0,test
AMZN,240,2018-10-29,20:30:00,2018-10-29T20:30:00+00:00,1536.210000,1537.000000,1529.970000,1529.970000,238,7.030000,-0.406194,1581.976000,1637.243000,1702.902000,1623.538267,2.453996,21.873788,0,test
AMZN,240,2018-10-30,12:30:00,2018-10-30T12:30:00+00:00,1524.990000,1539.990000,1476.220000,1523.990000,26335,63.770000,-0.390857,1556.574000,1621.342000,1690.552500,1605.438582,2.373911,24.344551,1,test
AMZN,240,2018-10-30,16:30:00,2018-10-30T16:30:00+00:00,1524.010000,1542.900000,1484.030000,1540.000000,25308,58.870000,1.050532,1536.754000,1606.244000,1679.216000,1593.540658,2.419217,21.017705,0,test
AMZN,240,2018-10-30,20:30:00,2018-10-30T20:30:00+00:00,1540.000000,1550.000000,1536.480000,1540.000000,485,13.520000,0.000000,1534.034000,1585.152000,1668.062500,1583.805993,1.898581,21.203011,1,test
AMZN,240,2018-10-31,12:30:00,2018-10-31T12:30:00+00:00,1560.480000,1623.450000,1559.370000,1590.520000,22549,64.080000,3.280519,1544.896000,1575.807000,1658.144500,1585.026722,2.145287,32.392127,1,test
AMZN,240,2018-10-31,16:30:00,2018-10-31T16:30:00+00:00,1590.700000,1614.500000,1590.030000,1598.000000,21692,24.470000,0.470286,1558.502000,1570.239000,1648.497500,1587.385500,2.118163,38.478013,1,test
AMZN,240,2018-10-31,20:30:00,2018-10-31T20:30:00+00:00,1599.250000,1600.130000,1597.970000,1599.480000,78,2.160000,0.092616,1573.600000,1565.087000,1638.923000,1589.584500,2.121819,37.374434,1,test
AMZN,240,2018-11-01,12:30:00,2018-11-01T12:30:00+00:00,1622.600000,1630.180000,1598.200000,1626.000000,19832,31.980000,1.658039,1590.800000,1563.777000,1633.328000,1596.205500,2.200777,31.011735,1,test
AMZN,240,2018-11-01,16:30:00,2018-11-01T16:30:00+00:00,1625.970000,1670.000000,1624.140000,1661.490000,21603,45.860000,2.182657,1615.098000,1574.566000,1627.829000,1608.075409,1.355239,46.221595,0,test
AMZN,240,2018-11-01,20:30:00,2018-11-01T20:30:00+00:00,1661.520000,1661.520000,1641.970000,1649.550000,660,19.550000,-0.718632,1626.904000,1585.900000,1621.907500,1615.616244,1.300902,49.260201,1,test
AMZN,240,2018-11-02,12:30:00,2018-11-02T12:30:00+00:00,1683.700000,1696.890000,1654.130000,1670.160000,20636,42.760000,1.249432,1641.336000,1599.919000,1618.581000,1625.533290,1.245557,53.224938,0,test
AMZN,240,2018-11-02,16:30:00,2018-11-02T16:30:00+00:00,1670.160000,1671.610000,1651.680000,1665.420000,18371,19.930000,-0.283805,1654.524000,1614.062000,1617.702000,1632.785419,1.233753,54.539496,0,test
AMZN,240,2018-11-05,13:30:00,2018-11-05T13:30:00+00:00,1654.970000,1660.240000,1596.200000,1609.260000,16533,64.040000,-3.372122,1651.176000,1620.988000,1613.616000,1628.508070,1.824386,60.680841,1,test
AMZN,240,2018-11-05,17:30:00,2018-11-05T17:30:00+00:00,1609.240000,1636.110000,1603.020000,1626.500000,15458,33.090000,1.071300,1644.178000,1629.638000,1607.395000,1628.142967,1.826094,67.336124,0,test
AMZN,240,2018-11-05,21:30:00,2018-11-05T21:30:00+00:00,1626.500000,1627.000000,1624.970000,1625.370000,43,2.030000,-0.069474,1639.342000,1633.123000,1604.465000,1627.638791,1.560079,68.683901,1,test
AMZN,240,2018-11-06,13:30:00,2018-11-06T13:30:00+00:00,1616.470000,1664.470000,1614.520000,1649.320000,16581,49.950000,1.473511,1635.174000,1638.255000,1604.247000,1631.580829,1.608882,72.931533,0,test
AMZN,240,2018-11-06,17:30:00,2018-11-06T17:30:00+00:00,1649.420000,1654.850000,1620.120000,1645.000000,14985,34.730000,-0.261926,1631.090000,1642.807000,1603.947000,1634.020678,1.618532,70.070342,0,test
AMZN,240,2018-11-06,21:30:00,2018-11-06T21:30:00+00:00,1645.240000,1645.570000,1644.960000,1645.000000,39,0.610000,0.000000,1638.238000,1644.707000,1604.242000,1636.016919,1.546468,70.070342,1,test
AMZN,240,2018-11-07,13:30:00,2018-11-07T13:30:00+00:00,1667.980000,1734.680000,1662.970000,1727.510000,19568,71.710000,5.015805,1658.440000,1651.309000,1612.937500,1652.652024,2.118584,73.331744,1,test
AMZN,240,2018-11-07,17:30:00,2018-11-07T17:30:00+00:00,1727.520000,1760.000000,1727.000000,1756.000000,17721,33.000000,1.649195,1684.566000,1661.954000,1623.927000,1671.442565,2.110681,75.112849,0,test
AMZN,240,2018-11-07,21:30:00,2018-11-07T21:30:00+00:00,1756.000000,1756.990000,1754.970000,1754.970000,351,2.020000,-0.058656,1705.696000,1670.435000,1635.177000,1686.629372,2.109744,74.749308,1,test
AMZN,240,2018-11-08,13:30:00,2018-11-08T13:30:00+00:00,1752.770000,1783.800000,1724.980000,1763.630000,18199,58.820000,0.493456,1729.422000,1680.256000,1647.159000,1700.629486,2.091225,73.227124,0,test
AMZN,240,2018-11-08,17:30:00,2018-11-08T17:30:00+00:00,1763.620000,1770.250000,1740.790000,1754.240000,19882,29.460000,-0.532425,1751.270000,1694.754000,1657.871000,1710.376852,1.636076,67.165118,0,test
AMZN,240,2018-11-08,21:30:00,2018-11-08T21:30:00+00:00,1754.050000,1754.050000,1752.070000,1752.540000,50,1.980000,-0.096908,1756.276000,1707.358000,1668.498000,1718.042879,1.662244,69.811103,0,test
AMZN,240,2018-11-09,13:30:00,2018-11-09T13:30:00+00:00,1737.470000,1742.660000,1707.470000,1712.570000,19569,35.190000,-2.280690,1747.590000,1716.078000,1674.600500,1717.047810,1.913167,57.592467,0,test
AMZN,240,2018-11-09,17:30:00,2018-11-09T17:30:00+00:00,1712.570000,1721.870000,1701.720000,1712.000000,20097,20.150000,-0.033283,1738.996000,1722.346000,1680.300500,1716.130026,1.890692,58.465397,0,test
AMZN,240,2018-11-12,13:30:00,2018-11-12T13:30:00+00:00,1691.500000,1707.660000,1630.020000,1650.200000,20932,77.640000,-3.609813,1716.310000,1722.866000,1682.836500,1704.142749,2.275997,57.290925,0,test
AMZN,240,2018-11-12,17:30:00,2018-11-12T17:30:00+00:00,1650.220000,1662.290000,1630.180000,1631.740000,19773,32.110000,-1.118652,1691.810000,1721.540000,1683.123500,1690.978613,2.306272,50.929144,1,test
AMZN,240,2018-11-12,21:30:00,2018-11-12T21:30:00+00:00,1631.750000,1634.000000,1630.970000,1633.120000,133,3.030000,0.084572,1667.926000,1712.101000,1681.705000,1680.458865,1.480355,51.372994,1,test
AMZN,240,2018-11-13,13:30:00,2018-11-13T13:30:00+00:00,1650.000000,1676.940000,1613.720000,1649.000000,19346,63.220000,0.972372,1655.212000,1701.401000,1681.677500,1674.739071,1.380740,49.941640,0,test
AMZN,240,2018-11-13,17:30:00,2018-11-13T17:30:00+00:00,1649.020000,1655.100000,1623.640000,1631.480000,19109,31.460000,-1.062462,1639.108000,1689.052000,1679.743500,1666.873786,1.372018,47.647550,1,test
AMZN,240,2018-11-13,21:30:00,2018-11-13T21:30:00+00:00,1632.480000,1637.000000,1631.460000,1635.000000,114,5.540000,0.215755,1636.068000,1676.189000,1678.222500,1661.078552,1.347353,48.281078,0,test
AMZN,240,2018-11-14,13:30:00,2018-11-14T13:30:00+00:00,1644.220000,1671.800000,1614.420000,1625.220000,19680,57.380000,-0.598165,1634.764000,1663.287000,1679.020500,1654.558815,1.346354,26.555123,0,test
AMZN,240,2018-11-14,17:30:00,2018-11-14T17:30:00+00:00,1625.220000,1625.720000,1590.970000,1594.490000,23663,34.750000,-1.890821,1627.038000,1647.482000,1677.420000,1643.637212,1.368591,13.358138,1,test
AMZN,240,2018-11-14,21:30:00,2018-11-14T21:30:00+00:00,1595.770000,1598.780000,1594.480000,1597.380000,207,4.300000,0.181249,1616.714000,1635.963000,1676.020500,1635.226810,1.319605,14.546682,0,test
AMZN,240,2018-11-15,13:30:00,2018-11-15T13:30:00+00:00,1590.000000,1594.740000,1546.250000,1577.510000,21773,48.490000,-1.243912,1605.920000,1622.514000,1672.430000,1624.732845,1.308564,10.138782,1,test
AMZN,240,2018-11-15,17:30:00,2018-11-15T17:30:00+00:00,1577.650000,1624.880000,1567.630000,1610.040000,22373,57.250000,2.062111,1600.928000,1618.498000,1670.682000,1622.061418,1.181801,21.901793,0,test
AMZN,240,2018-11-15,21:30:00,2018-11-15T21:30:00+00:00,1611.020000,1614.500000,1610.010000,1610.020000,258,4.490000,-0.001242,1597.888000,1616.326000,1668.933000,1619.872070,1.141613,22.046132,0,test
AMZN,240,2018-11-16,13:30:00,2018-11-16T13:30:00+00:00,1588.000000,1613.950000,1573.500000,1582.180000,19932,40.450000,-1.729171,1595.426000,1611.232000,1661.666500,1613.018966,1.243603,23.147576,1,test
AMZN,240,2018-11-16,17:30:00,2018-11-16T17:30:00+00:00,1582.150000,1606.490000,1579.640000,1593.560000,19472,26.850000,0.719261,1594.662000,1605.688000,1653.544500,1609.480972,1.216905,26.648265,0,test
AMZN,240,2018-11-19,13:30:00,2018-11-19T13:30:00+00:00,1591.140000,1591.140000,1519.980000,1525.000000,19976,71.160000,-4.302317,1584.160000,1595.040000,1642.046000,1594.120795,1.747701,25.956368,0,test
AMZN,240,2018-11-19,17:30:00,2018-11-19T17:30:00+00:00,1525.000000,1537.080000,1503.350000,1511.460000,21184,33.730000,-0.887869,1564.444000,1582.686000,1629.437500,1579.091560,1.720986,26.456311,1,test
AMZN,240,2018-11-19,21:30:00,2018-11-19T21:30:00+00:00,1512.140000,1514.000000,1511.030000,1512.500000,132,2.970000,0.068808,1544.940000,1571.414000,1617.350500,1566.984004,1.741152,26.358291,1,test
AMZN,240,2018-11-20,13:30:00,2018-11-20T13:30:00+00:00,1459.970000,1534.180000,1419.990000,1526.000000,25640,114.190000,0.892562,1533.704000,1564.565000,1606.023500,1559.532367,1.752499,25.664767,0,test
AMZN,240,2018-11-20,17:30:00,2018-11-20T17:30:00+00:00,1525.970000,1528.350000,1489.380000,1496.000000,21308,38.970000,-1.965924,1514.192000,1554.427000,1595.195000,1547.981027,1.800963,24.457014,0,test
AMZN,240,2018-11-20,21:30:00,2018-11-20T21:30:00+00:00,1496.000000,1496.620000,1495.000000,1495.100000,115,1.620000,-0.060160,1508.212000,1546.186000,1584.350000,1538.366295,1.795664,23.360500,1,test
AMZN,240,2018-11-21,13:30:00,2018-11-21T13:30:00+00:00,1533.470000,1549.620000,1517.470000,1531.510000,18468,32.150000,2.435289,1512.222000,1538.333000,1578.415500,1537.119696,1.858090,33.798970,0,test
AMZN,240,2018-11-21,17:30:00,2018-11-21T17:30:00+00:00,1531.500000,1534.070000,1512.480000,1512.500000,14941,21.590000,-1.241259,1512.222000,1528.581000,1572.453500,1532.643388,1.863730,35.226495,1,test
AMZN,240,2018-11-21,21:30:00,2018-11-21T21:30:00+00:00,1512.510000,1513.630000,1512.100000,1513.510000,69,1.530000,0.066777,1509.724000,1521.714000,1566.473000,1529.164590,1.829810,34.784659,0,test
AMZN,240,2018-11-23,13:30:00,2018-11-23T13:30:00+00:00,1518.010000,1535.760000,1506.970000,1512.660000,16682,28.790000,-0.056161,1513.056000,1513.624000,1559.656000,1526.163755,1.791851,37.363108,0,test
AMZN,240,2018-11-23,17:30:00,2018-11-23T17:30:00+00:00,1512.770000,1512.780000,1501.160000,1501.160000,3268,11.620000,-0.760250,1514.268000,1511.240000,1553.140000,1521.617618,1.215075,26.889115,1,test
AMZN,240,2018-11-26,13:30:00,2018-11-26T13:30:00+00:00,1533.000000,1568.410000,1524.170000,1552.990000,19632,44.240000,3.452663,1518.564000,1515.393000,1549.039500,1527.321687,1.627728,40.077252,1,test
AMZN,240,2018-11-26,17:30:00,2018-11-26T17:30:00+00:00,1552.990000,1584.240000,1540.830000,1569.090000,20172,43.410000,1.036710,1529.882000,1521.052000,1546.233000,1534.915926,1.642273,47.625440,0,test
AMZN,240,2018-11-26,21:30:00,2018-11-26T21:30:00+00:00,1569.700000,1570.000000,1566.050000,1566.080000,228,3.950000,-0.191831,1540.396000,1525.060000,1544.812500,1540.582121,1.640470,44.858939,1,test
AMZN,240,2018-11-27,13:30:00,2018-11-27T13:30:00+00:00,1567.500000,1596.980000,1557.970000,1576.960000,18893,39.010000,0.694728,1553.256000,1533.156000,1543.791500,1547.196281,1.440871,62.396221,1,test
AMZN,240,2018-11-27,17:30:00,2018-11-27T17:30:00+00:00,1577.150000,1593.280000,1572.680000,1583.390000,18794,20.600000,0.407747,1569.702000,1541.985000,1544.085500,1553.776957,1.426830,67.763125,1,test
AMZN,240,2018-11-27,21:30:00,2018-11-27T21:30:00+00:00,1583.380000,1584.980000,1582.140000,1584.570000,109,2.840000,0.074524,1576.018000,1547.291000,1542.812000,1559.375692,1.273649,67.785401,1,test
AMZN,240,2018-11-28,13:30:00,2018-11-28T13:30:00+00:00,1608.600000,1644.000000,1601.230000,1642.870000,20099,42.770000,3.679232,1590.774000,1560.328000,1544.454500,1574.556476,1.518270,73.618690,1,test
AMZN,240,2018-11-28,17:30:00,2018-11-28T17:30:00+00:00,1642.860000,1681.380000,1634.380000,1676.000000,25433,47.000000,2.016593,1612.758000,1576.577000,1549.145500,1593.000753,1.533007,85.922408,1,test
AMZN,240,2018-11-28,21:30:00,2018-11-28T21:30:00+00:00,1676.520000,1677.120000,1675.970000,1676.100000,108,1.150000,0.005967,1632.586000,1592.921000,1553.272500,1608.109707,1.528210,86.237687,1,test
AMZN,240,2018-11-29,13:30:00,2018-11-29T13:30:00+00:00,1669.080000,1681.000000,1652.240000,1676.990000,20486,28.760000,0.053099,1651.306000,1610.504000,1560.872000,1620.633396,1.440800,83.955746,0,test
AMZN,240,2018-11-29,17:30:00,2018-11-29T17:30:00+00:00,1676.970000,1689.750000,1670.000000,1670.130000,21649,19.750000,-0.409066,1668.418000,1622.218000,1568.805500,1629.632779,1.252167,89.003811,1,test
AMZN,240,2018-11-29,21:30:00,2018-11-29T21:30:00+00:00,1670.150000,1673.260000,1669.020000,1671.790000,85,4.240000,0.099393,1674.202000,1632.488000,1576.770000,1637.297728,1.262261,89.039069,1,test
AMZN,240,2018-11-30,13:30:00,2018-11-30T13:30:00+00:00,1675.000000,1695.000000,1666.930000,1683.980000,18245,28.070000,0.729159,1675.798000,1644.278000,1584.669000,1645.785414,1.227704,90.016818,1,test
AMZN,240,2018-11-30,17:30:00,2018-11-30T17:30:00+00:00,1683.990000,1695.830000,1676.560000,1691.160000,22577,19.270000,0.426371,1678.810000,1655.698000,1594.427000,1654.035339,1.231612,95.294174,1,test
AMZN,240,2018-12-03,13:30:00,2018-12-03T13:30:00+00:00,1769.000000,1778.040000,1748.270000,1764.450000,22066,29.770000,4.333712,1696.302000,1673.804000,1607.894500,1674.110732,1.672117,95.730969,1,test
AMZN,240,2018-12-03,17:30:00,2018-12-03T17:30:00+00:00,1764.440000,1773.040000,1755.740000,1770.490000,23791,17.300000,0.342316,1716.374000,1692.396000,1619.843500,1691.634235,1.655919,95.536764,1,test
AMZN,240,2018-12-03,21:30:00,2018-12-03T21:30:00+00:00,1770.500000,1771.400000,1769.970000,1770.510000,104,1.430000,0.001130,1736.118000,1705.160000,1632.744000,1705.975283,1.417527,96.855375,0,test
AMZN,240,2018-12-04,13:30:00,2018-12-04T13:30:00+00:00,1765.970000,1769.910000,1707.800000,1708.100000,20066,62.110000,-3.524973,1740.942000,1708.370000,1642.473500,1706.361595,1.879540,74.314002,0,test
AMZN,240,2018-12-04,17:30:00,2018-12-04T17:30:00+00:00,1707.990000,1714.380000,1664.970000,1670.580000,26023,49.410000,-2.196593,1736.826000,1707.818000,1650.369500,1699.855851,2.028685,64.494464,0,test
AMZN,240,2018-12-04,21:30:00,2018-12-04T21:30:00+00:00,1670.490000,1671.010000,1667.990000,1670.000000,151,3.020000,-0.034718,1717.936000,1707.119000,1658.811500,1694.427514,2.028550,64.230270,1,test
AMZN,240,2018-12-06,13:30:00,2018-12-06T13:30:00+00:00,1631.980000,1680.220000,1609.770000,1679.680000,22975,70.450000,0.579641,1699.774000,1708.074000,1665.146000,1691.746148,2.031752,57.316637,1,test
AMZN,240,2018-12-06,17:30:00,2018-12-06T17:30:00+00:00,1679.680000,1702.970000,1657.340000,1698.990000,22814,45.630000,1.149624,1685.470000,1710.794000,1671.641000,1693.063212,2.060068,54.835317,1,test
AMZN,240,2018-12-06,21:30:00,2018-12-06T21:30:00+00:00,1700.250000,1702.000000,1698.980000,1700.030000,103,3.020000,0.061213,1683.856000,1712.399000,1678.338500,1694.329901,2.051114,55.013198,0,test
AMZN,240,2018-12-07,13:30:00,2018-12-07T13:30:00+00:00,1705.970000,1718.500000,1652.440000,1659.120000,21370,66.060000,-2.406428,1681.564000,1709.195000,1682.446500,1687.928101,2.193800,46.793929,0,test
AMZN,240,2018-12-07,17:30:00,2018-12-07T17:30:00+00:00,1659.090000,1669.700000,1625.520000,1628.440000,22523,44.180000,-1.849173,1673.252000,1695.594000,1684.699000,1677.112082,1.564691,43.109319,0,test
AMZN,240,2018-12-10,13:30:00,2018-12-10T13:30:00+00:00,1628.980000,1657.220000,1590.220000,1601.360000,20329,67.000000,-1.662941,1657.588000,1678.681000,1685.538500,1663.338976,1.531917,39.261428,1,test
AMZN,240,2018-12-10,17:30:00,2018-12-10T17:30:00+00:00,1601.220000,1648.450000,1600.320000,1642.450000,20267,48.130000,2.565944,1646.280000,1665.875000,1685.517500,1659.540981,1.889059,44.180702,0,test
AMZN,240,2018-12-10,21:30:00,2018-12-10T21:30:00+00:00,1642.450000,1642.500000,1641.000000,1641.030000,53,1.500000,-0.086456,1634.480000,1659.168000,1683.769000,1656.175348,1.617594,42.860398,0,test
AMZN,240,2018-12-11,13:30:00,2018-12-11T13:30:00+00:00,1670.000000,1682.990000,1632.290000,1639.510000,20422,50.700000,-0.092625,1630.558000,1656.061000,1681.939500,1653.145285,1.487840,27.633369,1,test
AMZN,240,2018-12-11,17:30:00,2018-12-11T17:30:00+00:00,1639.510000,1660.350000,1619.610000,1642.030000,20394,40.740000,0.153704,1633.276000,1653.264000,1680.191500,1651.124324,1.491040,26.709696,0,test
AMZN,240,2018-12-11,21:30:00,2018-12-11T21:30:00+00:00,1642.050000,1642.050000,1631.970000,1631.970000,152,10.080000,-0.612656,1639.398000,1648.493000,1678.283500,1647.641719,1.472996,25.764467,1,test
AMZN,240,2018-12-12,13:30:00,2018-12-12T13:30:00+00:00,1663.000000,1703.570000,1660.070000,1699.490000,22961,43.500000,4.137331,1650.806000,1648.543000,1679.668500,1657.068680,2.002547,48.520263,0,test
AMZN,240,2018-12-12,17:30:00,2018-12-12T17:30:00+00:00,1699.480000,1704.930000,1660.990000,1669.260000,23165,43.940000,-1.778769,1656.452000,1645.466000,1678.932500,1659.285283,2.081398,49.767311,0,test
AMZN,240,2018-12-12,21:30:00,2018-12-12T21:30:00+00:00,1669.270000,1669.270000,1665.500000,1669.000000,116,3.770000,-0.015576,1662.350000,1646.454000,1677.824500,1661.051595,1.926658,49.823521,0,test
AMZN,240,2018-12-13,13:30:00,2018-12-13T13:30:00+00:00,1683.790000,1691.330000,1642.470000,1644.970000,22521,48.860000,-1.439784,1662.938000,1648.107000,1671.850500,1658.127669,1.885110,44.169718,1,test
AMZN,240,2018-12-13,17:30:00,2018-12-13T17:30:00+00:00,1644.990000,1659.600000,1641.490000,1656.980000,22333,18.110000,0.730105,1667.940000,1653.669000,1666.175000,1657.919002,1.783214,42.766126,0,test
AMZN,240,2018-12-13,21:30:00,2018-12-13T21:30:00+00:00,1657.000000,1657.740000,1654.000000,1655.500000,74,3.740000,-0.089319,1659.142000,1654.974000,1660.424500,1657.479183,1.606540,42.343798,0,test
AMZN,240,2018-12-14,13:30:00,2018-12-14T13:30:00+00:00,1633.000000,1642.050000,1616.530000,1622.140000,21170,25.520000,-2.015101,1649.718000,1653.085000,1656.126500,1651.053877,1.740350,43.472428,0,test
AMZN,240,2018-12-14,17:30:00,2018-12-14T17:30:00+00:00,1622.120000,1626.360000,1584.980000,1591.560000,23893,41.380000,-1.885164,1634.230000,1648.290000,1652.175500,1640.236809,1.829289,43.487781,0,test
AMZN,240,2018-12-17,13:30:00,2018-12-17T13:30:00+00:00,1574.970000,1577.000000,1526.300000,1559.210000,21924,50.700000,-2.032597,1617.078000,1640.008000,1646.636000,1625.504662,1.900746,42.693201,0,test
AMZN,240,2018-12-17,17:30:00,2018-12-17T17:30:00+00:00,1559.620000,1559.620000,1504.980000,1526.500000,26658,54.640000,-2.097857,1590.982000,1629.461000,1638.977000,1607.503814,1.967371,29.298340,0,test
AMZN,240,2018-12-17,21:30:00,2018-12-17T21:30:00+00:00,1526.500000,1526.500000,1522.970000,1523.780000,159,3.530000,-0.178185,1564.638000,1611.890000,1630.216500,1592.281302,1.069169,29.162964,1,test
AMZN,240,2018-12-18,13:30:00,2018-12-18T13:30:00+00:00,1541.000000,1553.780000,1525.950000,1549.490000,21425,27.830000,1.687251,1550.108000,1599.913000,1622.689500,1584.501066,1.344029,35.268705,0,test
AMZN,240,2018-12-18,17:30:00,2018-12-18T17:30:00+00:00,1549.520000,1567.310000,1523.470000,1537.000000,26024,43.840000,-0.806072,1539.196000,1586.713000,1616.583500,1575.864508,1.320139,33.355520,0,test
AMZN,240,2018-12-18,21:30:00,2018-12-18T21:30:00+00:00,1537.000000,1537.000000,1532.000000,1532.000000,222,5.000000,-0.325309,1533.754000,1575.416000,1611.761500,1567.889143,1.308304,33.899179,1,test
AMZN,240,2018-12-19,13:30:00,2018-12-19T13:30:00+00:00,1549.330000,1577.010000,1537.000000,1574.500000,18367,40.010000,2.774151,1543.354000,1567.168000,1610.418500,1569.091117,1.667222,28.104964,0,test
AMZN,240,2018-12-19,17:30:00,2018-12-19T17:30:00+00:00,1574.470000,1582.680000,1484.150000,1495.090000,26950,98.530000,-5.043506,1537.616000,1551.127000,1603.050500,1555.636369,2.187555,23.974179,0,test
AMZN,240,2018-12-19,21:30:00,2018-12-19T21:30:00+00:00,1495.100000,1496.500000,1489.970000,1494.970000,249,6.530000,-0.008026,1526.712000,1538.410000,1595.747500,1544.606120,2.175320,23.984214,0,test
AMZN,240,2018-12-20,13:30:00,2018-12-20T13:30:00+00:00,1492.000000,1508.650000,1432.490000,1461.160000,24140,76.160000,-2.261584,1511.544000,1525.370000,1586.830000,1529.434098,2.199470,23.302832,1,test
AMZN,240,2018-12-20,17:30:00,2018-12-20T17:30:00+00:00,1461.150000,1475.190000,1433.970000,1470.220000,29953,41.220000,0.620055,1499.188000,1516.471000,1578.239500,1518.667898,2.198166,22.639906,1,test
AMZN,240,2018-12-20,21:30:00,2018-12-20T21:30:00+00:00,1471.600000,1478.500000,1468.410000,1478.500000,201,10.090000,0.563181,1479.988000,1511.671000,1570.566000,1511.364644,2.152430,24.576271,0,test
AMZN,240,2018-12-21,13:30:00,2018-12-21T13:30:00+00:00,1473.100000,1485.500000,1381.230000,1384.820000,24204,104.270000,-6.336152,1457.934000,1497.775000,1554.832500,1488.356527,2.874251,20.946575,0,test
AMZN,240,2018-12-21,17:30:00,2018-12-21T17:30:00+00:00,1384.560000,1406.200000,1364.350000,1377.540000,28412,41.850000,-0.525700,1434.448000,1480.580000,1540.246500,1468.208068,2.733500,22.213855,0,test
AMZN,240,2018-12-24,13:30:00,2018-12-24T13:30:00+00:00,1346.580000,1395.220000,1306.770000,1345.350000,22076,88.450000,-2.336774,1411.286000,1461.415000,1524.064000,1445.870237,2.755808,22.223088,0,test
AMZN,240,2018-12-24,17:30:00,2018-12-24T17:30:00+00:00,1345.320000,1355.630000,1339.560000,1342.730000,3628,16.070000,-0.194745,1385.788000,1442.488000,1508.952000,1427.117467,2.761179,24.107420,1,test
AMZN,240,2018-12-26,13:30:00,2018-12-26T13:30:00+00:00,1374.350000,1425.310000,1363.460000,1412.900000,21295,61.850000,5.225920,1372.668000,1426.328000,1496.748000,1424.532473,3.229754,36.872514,1,test
AMZN,240,2018-12-26,17:30:00,2018-12-26T17:30:00+00:00,1413.170000,1472.980000,1411.500000,1468.980000,26453,61.480000,3.969141,1389.500000,1423.717000,1487.422000,1432.613841,3.242725,41.107601,1,test
AMZN,240,2018-12-26,21:30:00,2018-12-26T21:30:00+00:00,1469.000000,1471.280000,1468.470000,1469.100000,208,2.810000,0.008169,1407.812000,1421.130000,1479.770000,1439.247688,3.242796,42.289698,0,test
AMZN,240,2018-12-27,13:30:00,2018-12-27T13:30:00+00:00,1450.280000,1460.940000,1403.410000,1406.650000,22920,57.530000,-4.250902,1420.072000,1415.679000,1470.524500,1433.320836,3.443133,37.408843,1,test
AMZN,240,2018-12-27,17:30:00,2018-12-27T17:30:00+00:00,1406.650000,1466.470000,1390.220000,1461.300000,27460,76.250000,3.885117,1443.786000,1414.787000,1465.629000,1438.407957,3.688834,38.900220,0,test
AMZN,240,2018-12-27,21:30:00,2018-12-27T21:30:00+00:00,1461.420000,1461.420000,1454.980000,1457.860000,205,6.440000,-0.235407,1452.778000,1412.723000,1462.197000,1441.944692,3.683946,45.710335,1,test
AMZN,240,2018-12-28,13:30:00,2018-12-28T13:30:00+00:00,1469.970000,1488.900000,1448.970000,1484.480000,23478,39.930000,1.825964,1455.878000,1422.689000,1460.232000,1449.678384,2.980682,48.860897,0,test
AMZN,240,2018-12-28,17:30:00,2018-12-28T17:30:00+00:00,1484.620000,1513.240000,1472.480000,1477.950000,28041,40.760000,-0.439885,1457.648000,1432.730000,1456.655000,1454.818678,2.976764,51.938038,1,test
AMZN,240,2018-12-31,13:30:00,2018-12-31T13:30:00+00:00,1508.550000,1520.140000,1487.190000,1512.640000,19238,32.950000,2.347170,1478.846000,1449.459000,1455.437000,1465.331646,2.801182,54.622929,0,test
AMZN,240,2018-12-31,17:30:00,2018-12-31T17:30:00+00:00,1512.610000,1520.140000,1491.430000,1503.370000,21455,28.710000,-0.612836,1487.260000,1465.523000,1454.005500,1472.247710,2.827542,52.704496,1,test
AMZN,240,2019-01-02,13:30:00,2019-01-02T13:30:00+00:00,1467.540000,1530.880000,1460.770000,1523.980000,22103,70.110000,1.370920,1500.484000,1476.631000,1451.479500,1481.653581,2.451214,67.992346,1,test
AMZN,240,2019-01-02,17:30:00,2019-01-02T17:30:00+00:00,1523.850000,1553.040000,1523.850000,1535.990000,25862,29.190000,0.788068,1510.786000,1483.332000,1453.524500,1491.532930,2.184197,70.238856,0,test
AMZN,240,2019-01-02,21:30:00,2019-01-02T21:30:00+00:00,1535.980000,1537.210000,1502.970000,1505.000000,704,34.240000,-2.017591,1516.196000,1486.922000,1454.026000,1493.981488,2.321288,70.454837,1,test
AMZN,240,2019-01-03,13:30:00,2019-01-03T13:30:00+00:00,1522.340000,1536.920000,1502.110000,1524.290000,21827,34.810000,1.281728,1518.526000,1498.686000,1457.182500,1499.492127,1.701732,72.309053,0,test
AMZN,240,2019-01-03,17:30:00,2019-01-03T17:30:00+00:00,1524.430000,1529.250000,1497.100000,1500.120000,23665,32.150000,-1.585656,1517.876000,1502.568000,1458.677500,1499.606285,1.470258,62.083010,1,test
AMZN,240,2019-01-03,21:30:00,2019-01-03T21:30:00+00:00,1499.980000,1501.680000,1499.980000,1500.530000,107,1.700000,0.027331,1513.186000,1506.835000,1459.779000,1499.774234,1.462505,55.167895,1,test
AMZN,240,2019-01-04,13:30:00,2019-01-04T13:30:00+00:00,1517.970000,1578.800000,1514.990000,1574.660000,23025,63.810000,4.940254,1520.920000,1515.853000,1469.271000,1513.389827,2.041051,63.916574,1,test
AMZN,240,2019-01-04,17:30:00,2019-01-04T17:30:00+00:00,1574.840000,1593.790000,1567.610000,1575.660000,25743,26.180000,0.063506,1535.052000,1525.624000,1479.177000,1524.711677,2.018364,76.589786,1,test
AMZN,240,2019-01-07,13:30:00,2019-01-07T13:30:00+00:00,1598.260000,1628.460000,1589.220000,1623.000000,21150,39.240000,3.004455,1554.794000,1536.660000,1493.059500,1542.582281,2.088872,76.038647,1,test
AMZN,240,2019-01-07,17:30:00,2019-01-07T17:30:00+00:00,1623.000000,1634.140000,1617.260000,1627.970000,21713,16.880000,0.306223,1580.364000,1549.120000,1507.321500,1558.107321,2.043138,77.258597,1,test
AMZN,240,2019-01-07,21:30:00,2019-01-07T21:30:00+00:00,1628.790000,1629.250000,1627.970000,1629.030000,86,1.280000,0.065112,1606.064000,1559.625000,1518.128000,1571.002354,2.045594,75.229518,1,test
AMZN,240,2019-01-08,13:30:00,2019-01-08T13:30:00+00:00,1656.000000,1675.310000,1616.570000,1655.500000,24207,58.740000,1.624893,1622.232000,1571.576000,1527.454000,1586.365562,2.067176,78.972618,0,test
AMZN,240,2019-01-08,17:30:00,2019-01-08T17:30:00+00:00,1655.330000,1663.760000,1645.270000,1655.500000,20867,18.490000,0.000000,1638.200000,1586.626000,1536.774000,1598.935460,1.852025,76.288091,0,test
AMZN,240,2019-01-08,21:30:00,2019-01-08T21:30:00+00:00,1655.500000,1655.570000,1652.970000,1653.000000,74,2.600000,-0.151012,1644.200000,1599.497000,1549.091500,1608.765376,1.880667,78.237403,1,test
AMZN,240,2019-01-09,13:30:00,2019-01-09T13:30:00+00:00,1667.080000,1669.320000,1641.370000,1660.230000,19532,27.950000,0.437387,1650.652000,1615.508000,1559.038000,1618.122581,1.691273,77.079938,0,test
AMZN,240,2019-01-09,17:30:00,2019-01-09T17:30:00+00:00,1660.240000,1666.840000,1651.970000,1658.000000,22027,14.870000,-0.134319,1656.446000,1631.255000,1569.045000,1625.373020,1.702674,75.230572,0,test
AMZN,240,2019-01-09,21:30:00,2019-01-09T21:30:00+00:00,1657.980000,1658.000000,1654.970000,1656.600000,86,3.030000,-0.084439,1656.666000,1639.449000,1577.651000,1631.050653,1.020611,85.721018,0,test
AMZN,240,2019-01-10,13:30:00,2019-01-10T13:30:00+00:00,1644.200000,1659.540000,1621.840000,1654.060000,18572,37.700000,-0.153326,1656.378000,1647.289000,1586.456500,1635.234171,1.033448,83.197749,1,test
AMZN,240,2019-01-10,17:30:00,2019-01-10T17:30:00+00:00,1654.040000,1662.970000,1640.470000,1654.500000,20205,22.500000,0.026601,1656.678000,1650.439000,1593.549500,1638.737049,0.540221,94.951083,0,test
AMZN,240,2019-01-10,21:30:00,2019-01-10T21:30:00+00:00,1653.130000,1655.470000,1653.100000,1654.500000,58,2.370000,0.000000,1655.532000,1653.092000,1601.106000,1641.603040,0.541811,94.938999,0,test
AMZN,240,2019-01-11,13:30:00,2019-01-11T13:30:00+00:00,1643.000000,1659.620000,1636.130000,1645.660000,19068,23.490000,-0.534300,1653.064000,1654.755000,1607.190000,1642.340669,0.585269,83.484248,0,test
AMZN,240,2019-01-11,17:30:00,2019-01-11T17:30:00+00:00,1645.650000,1647.930000,1636.580000,1640.080000,20817,11.350000,-0.339074,1649.760000,1653.213000,1612.394500,1641.929638,0.253201,79.122966,0,test
AMZN,240,2019-01-14,13:30:00,2019-01-14T13:30:00+00:00,1614.000000,1647.680000,1595.150000,1635.980000,18427,52.530000,-0.249988,1646.144000,1651.261000,1618.943500,1640.847886,0.255303,59.634798,0,test
AMZN,240,2019-01-14,17:30:00,2019-01-14T17:30:00+00:00,1635.980000,1637.570000,1614.970000,1617.480000,18680,22.600000,-1.130821,1638.740000,1647.709000,1623.603000,1636.599179,0.410264,43.515886,1,test
AMZN,240,2019-01-14,21:30:00,2019-01-14T21:30:00+00:00,1616.910000,1619.000000,1616.910000,1618.000000,78,2.090000,0.032149,1631.440000,1643.486000,1629.497000,1633.217510,0.354793,43.136279,1,test
AMZN,240,2019-01-15,13:30:00,2019-01-15T13:30:00+00:00,1629.000000,1667.360000,1626.120000,1662.400000,19273,41.240000,2.744129,1634.788000,1643.926000,1637.590500,1638.523418,1.016238,53.510379,1,test
AMZN,240,2019-01-15,17:30:00,2019-01-15T17:30:00+00:00,1662.430000,1676.670000,1649.970000,1676.000000,19142,26.700000,0.818094,1641.972000,1645.866000,1642.657500,1645.337342,1.044521,59.161602,0,test
AMZN,240,2019-01-15,21:30:00,2019-01-15T21:30:00+00:00,1676.460000,1676.510000,1674.970000,1675.980000,159,1.540000,-0.001193,1649.972000,1648.058000,1647.673500,1650.908734,1.041179,60.502742,1,test
AMZN,240,2019-01-16,13:30:00,2019-01-16T13:30:00+00:00,1683.090000,1704.370000,1675.480000,1689.160000,20889,28.890000,0.786406,1664.308000,1651.524000,1650.981500,1657.863510,1.059819,62.540095,0,test
AMZN,240,2019-01-16,17:30:00,2019-01-16T17:30:00+00:00,1689.130000,1696.770000,1675.970000,1679.500000,20594,20.800000,-0.571882,1676.608000,1654.024000,1653.558000,1661.797417,1.087627,58.755498,0,test
AMZN,240,2019-01-16,21:30:00,2019-01-16T21:30:00+00:00,1680.000000,1680.280000,1677.970000,1678.020000,85,2.310000,-0.088121,1679.732000,1657.260000,1656.007500,1664.746978,1.065111,58.717239,1,test
AMZN,240,2019-01-17,13:30:00,2019-01-17T13:30:00+00:00,1680.890000,1690.540000,1677.300000,1686.050000,16275,13.240000,0.478540,1681.742000,1661.857000,1657.535000,1668.620254,1.050414,62.462018,0,test
AMZN,240,2019-01-17,17:30:00,2019-01-17T17:30:00+00:00,1686.030000,1699.840000,1680.980000,1684.980000,21223,18.860000,-0.063462,1683.542000,1666.757000,1659.009000,1671.594754,1.041542,61.815785,1,test
AMZN,240,2019-01-17,21:30:00,2019-01-17T21:30:00+00:00,1688.380000,1692.100000,1684.980000,1687.020000,163,7.120000,0.121070,1683.114000,1673.711000,1660.710000,1674.399344,0.918354,62.410319,1,test
AMZN,240,2019-01-18,13:30:00,2019-01-18T13:30:00+00:00,1705.970000,1714.860000,1697.280000,1713.200000,20361,17.580000,1.551849,1689.854000,1683.231000,1663.358500,1681.454009,0.970288,72.762200,0,test
AMZN,240,2019-01-18,17:30:00,2019-01-18T17:30:00+00:00,1713.200000,1716.040000,1691.470000,1694.820000,21814,24.570000,-1.072846,1693.214000,1686.473000,1665.199500,1683.884189,0.748769,66.983122,0,test
AMZN,240,2019-01-22,13:30:00,2019-01-22T13:30:00+00:00,1682.770000,1684.560000,1646.080000,1653.000000,18073,38.480000,-2.467519,1686.604000,1684.173000,1665.019500,1678.268882,1.088969,54.278962,0,test
AMZN,240,2019-01-22,17:30:00,2019-01-22T17:30:00+00:00,1653.010000,1657.790000,1609.990000,1636.650000,20410,47.800000,-0.989111,1676.938000,1680.240000,1664.149000,1670.701812,1.120079,54.872160,0,test
AMZN,240,2019-01-22,21:30:00,2019-01-22T21:30:00+00:00,1636.680000,1636.680000,1632.080000,1633.000000,156,4.600000,-0.223017,1666.134000,1674.624000,1663.074000,1663.846937,1.062138,53.752627,0,test
AMZN,240,2019-01-23,13:30:00,2019-01-23T13:30:00+00:00,1649.510000,1656.740000,1611.980000,1619.150000,18241,44.760000,-0.848132,1647.324000,1668.589000,1661.306500,1655.720222,1.072598,37.227571,1,test
AMZN,240,2019-01-23,17:30:00,2019-01-23T17:30:00+00:00,1619.150000,1644.050000,1616.580000,1639.000000,18206,27.470000,1.225952,1636.160000,1664.687000,1660.973500,1652.680181,1.184297,39.462292,1,test
AMZN,240,2019-01-23,21:30:00,2019-01-23T21:30:00+00:00,1639.560000,1642.120000,1636.480000,1642.100000,56,5.640000,0.189140,1633.980000,1660.292000,1661.074500,1650.756512,1.168526,40.517241,1,test
AMZN,240,2019-01-24,13:30:00,2019-01-24T13:30:00+00:00,1647.350000,1652.610000,1631.420000,1646.270000,16262,21.190000,0.253943,1635.904000,1656.421000,1661.589000,1649.940782,1.178653,37.357779,1,test
AMZN,240,2019-01-24,17:30:00,2019-01-24T17:30:00+00:00,1646.290000,1656.980000,1636.730000,1649.000000,16291,20.250000,0.165829,1639.104000,1652.619000,1663.165000,1649.769731,1.180201,40.626921,1,test
AMZN,240,2019-01-24,21:30:00,2019-01-24T21:30:00+00:00,1649.720000,1649.990000,1648.850000,1649.990000,125,1.140000,0.060036,1645.272000,1646.298000,1664.764500,1649.809780,1.013692,41.359965,1,test
AMZN,240,2019-01-25,13:30:00,2019-01-25T13:30:00+00:00,1666.100000,1683.000000,1661.500000,1670.400000,18943,21.500000,1.236977,1651.552000,1643.856000,1665.164500,1653.553456,1.095731,45.518071,1,test
AMZN,240,2019-01-25,17:30:00,2019-01-25T17:30:00+00:00,1670.370000,1676.210000,1666.290000,1670.810000,19059,9.920000,0.024545,1657.294000,1645.637000,1664.905000,1656.691010,0.729710,45.926522,0,test
AMZN,240,2019-01-28,13:30:00,2019-01-28T13:30:00+00:00,1656.960000,1662.250000,1614.070000,1621.230000,22469,48.180000,-2.967423,1652.286000,1644.095000,1662.167500,1650.243553,1.186118,35.146973,1,test
AMZN,240,2019-01-28,17:30:00,2019-01-28T17:30:00+00:00,1621.230000,1638.350000,1618.080000,1634.500000,19332,20.270000,0.818514,1649.386000,1644.245000,1659.434500,1647.381089,1.218259,31.132528,0,test
AMZN,240,2019-01-28,21:30:00,2019-01-28T21:30:00+00:00,1634.500000,1634.990000,1633.480000,1633.730000,77,1.510000,-0.047109,1646.134000,1645.703000,1657.146000,1644.899073,1.180893,34.003666,0,test
AMZN,240,2019-01-29,13:30:00,2019-01-29T13:30:00+00:00,1638.230000,1639.420000,1593.580000,1603.990000,19492,45.840000,-1.820374,1632.852000,1642.202000,1653.444500,1637.461060,1.248044,36.300106,0,test
AMZN,240,2019-01-29,17:30:00,2019-01-29T17:30:00+00:00,1604.020000,1604.190000,1590.690000,1593.480000,18642,13.500000,-0.655241,1617.386000,1637.340000,1648.816000,1629.464503,1.246708,37.525285,1,test
AMZN,240,2019-01-29,21:30:00,2019-01-29T21:30:00+00:00,1593.500000,1617.200000,1584.970000,1612.870000,1002,32.230000,1.216834,1615.714000,1634.000000,1645.210500,1626.447321,1.328170,44.668115,1,test
AMZN,240,2019-01-30,13:30:00,2019-01-30T13:30:00+00:00,1616.530000,1656.800000,1616.530000,1652.980000,19829,40.270000,2.486871,1619.410000,1634.398000,1643.508500,1631.271444,1.577900,57.866344,1,test
AMZN,240,2019-01-30,17:30:00,2019-01-30T17:30:00+00:00,1653.130000,1681.250000,1649.300000,1678.230000,19440,31.950000,1.527544,1628.310000,1637.222000,1641.760000,1639.809364,1.647171,58.898517,1,test
AMZN,240,2019-01-30,21:30:00,2019-01-30T21:30:00+00:00,1678.250000,1685.610000,1677.970000,1684.040000,383,7.640000,0.346198,1644.320000,1638.586000,1641.221000,1647.851298,1.607392,59.397688,1,test
AMZN,240,2019-01-31,13:30:00,2019-01-31T13:30:00+00:00,1703.570000,1729.240000,1679.380000,1727.260000,22517,49.860000,2.566447,1671.076000,1644.231000,1644.934000,1662.289243,1.786379,65.444906,0,test
AMZN,240,2019-01-31,17:30:00,2019-01-31T17:30:00+00:00,1727.250000,1776.990000,1670.010000,1680.000000,27169,106.980000,-2.736125,1684.502000,1650.108000,1647.101500,1665.509381,1.739577,55.053469,1,test
AMZN,240,2019-01-31,21:30:00,2019-01-31T21:30:00+00:00,1679.990000,1720.480000,1670.090000,1709.980000,2267,50.390000,1.784524,1695.902000,1657.656000,1650.950500,1673.594948,1.793223,58.934795,0,test
AMZN,240,2019-02-01,13:30:00,2019-02-01T13:30:00+00:00,1638.980000,1672.000000,1627.100000,1649.280000,22184,44.900000,-3.549749,1690.112000,1659.211000,1652.457000,1669.174048,2.200598,47.191489,0,test
AMZN,240,2019-02-01,17:30:00,2019-02-01T17:30:00+00:00,1649.250000,1649.920000,1624.340000,1624.610000,18783,25.580000,-1.495804,1678.226000,1661.273000,1651.737500,1661.071494,2.171048,44.228751,,test
